id,tenant_domain,market_id,title,description,url,content,file_url,file_type,file_size,category_id,status,captured_via_extension,created_by,created_at,updated_at,ai_summary,lead_image_url,extraction_status,product_ids,tags,asset_type,seo_title,meta_description,seo_slug,seo_keywords,seo_optimized_at,repurposed_from_asset_id,repurpose_meta,subtitle,overview,post_tags,asset_date,is_external,website_post_id,website_post_slug,website_post_status,website_scheduled_for,source_brief_id,website_excerpt,website_author_id,website_category_ids,website_tag_ids
f846a476-a780-4e4c-80b4-6e3c99f41e4a,synozur.com,137db123-4906-4e61-af99-f0d23d86a622,Synozur,,https://www.synozur.com,,,,,,active,f,116500d0-357e-4ace-a7af-7264ed58e22a,2026-03-22 20:10:11.622603,2026-03-22 20:10:11.622603,,,none,,,other,,,,,,,,,,,,f,,,,,,,,,
c273a2f8-4151-4d78-a313-db8560c6158e,synozur.com,137db123-4906-4e61-af99-f0d23d86a622,Synozur,"Synozur is the transformation company — a woman-owned advisory firm helping organizations find their North Star through AI strategy, leadership, and Microsoft 365.",https://www.synozur.com,,,,,26fb2332-40e6-4dcc-bb95-15ef13cf2fb1,active,f,116500d0-357e-4ace-a7af-7264ed58e22a,2026-03-22 22:37:34.951799,2026-03-22 22:37:34.951799,,"https://static.wixstatic.com/media/b805ce_53dcd08840e343b18f38c04258086404%7Emv2.png/v1/fit/w_2500,h_1330,al_c/b805ce_53dcd08840e343b18f38c04258086404%7Emv2.png",captured,,,other,,,,,,,,,,,,f,,,,,,,,,
3ff87a44-657a-42e9-b5a5-3c7f1055641d,synozur.com,137db123-4906-4e61-af99-f0d23d86a622,Orion AI Maturity Assessments | The Synozur Alliance,Science-backed digital transformation assessments trusted by leading enterprises. Assess your organization's maturity across multiple dimensions.,https://orion.synozur.com/ai-maturity,,,,,d0e213be-7825-40a8-8174-f847692ffe4f,active,f,116500d0-357e-4ace-a7af-7264ed58e22a,2026-03-22 22:37:36.132617,2026-03-22 22:37:36.132617,,https://models.synozur.com/og-image.jpg,captured,,,other,,,,,,,,,,,,f,,,,,,,,,
5cb30d54-ec2f-4d85-a515-0af5183ed924,synozur.com,137db123-4906-4e61-af99-f0d23d86a622,Orbit Competitive Market Analysis | The Synozur Alliance,AI-driven marketing intelligence platform for The Synozur Alliance LLC.,https://orbit.synozur.com/,,,,,251de541-90d6-4fed-b370-c318e7e37080,active,f,116500d0-357e-4ace-a7af-7264ed58e22a,2026-03-22 22:37:36.825244,2026-03-22 22:37:36.825244,,https://synozur-orbit-prod.replit.app/opengraph.jpg,captured,,,other,,,,,,,,,,,,f,,,,,,,,,
4e66f7e9-0186-4d02-a7b3-677eb6b28551,synozur.com,137db123-4906-4e61-af99-f0d23d86a622,Orion Digital Transformation Assessments | The Synozur Alliance,Science-backed digital transformation assessments trusted by leading enterprises. Assess your organization's maturity across multiple dimensions.,https://orion.synozur.com/,,,,,251de541-90d6-4fed-b370-c318e7e37080,active,f,116500d0-357e-4ace-a7af-7264ed58e22a,2026-03-22 22:37:37.506652,2026-03-22 22:37:37.506652,,https://models.synozur.com/og-image.jpg,captured,,,other,,,,,,,,,,,,f,,,,,,,,,
d9326962-fb55-42e3-821e-cd7c560e4bef,synozur.com,137db123-4906-4e61-af99-f0d23d86a622,Vega - The Synozur Alliance Company OS,Vega delivers the ultimate Company Operating System experience. Designed by former Microsoft Viva product leadership.,https://vega.synozur.com/,,,,,251de541-90d6-4fed-b370-c318e7e37080,active,f,116500d0-357e-4ace-a7af-7264ed58e22a,2026-03-22 22:37:38.12503,2026-03-22 22:37:38.12503,,https://vega.synozur.com/og-image.png?v=2,captured,,,other,,,,,,,,,,,,f,,,,,,,,,
ef3bc94c-a6d6-46f8-9fb4-c74c410fe655,synozur.com,137db123-4906-4e61-af99-f0d23d86a622,Transform Your Business with The Synozur Alliance | Strategic Advisory Services,"Synozur is the transformation company — a woman-owned advisory firm helping organizations find their North Star through AI strategy, leadership, and Microsoft 365.",https://www.synozur.com/,,,,,20fe20d9-1e62-4bae-bad7-43f37f47a394,active,f,116500d0-357e-4ace-a7af-7264ed58e22a,2026-03-22 22:37:38.74759,2026-03-22 22:37:38.74759,,"https://static.wixstatic.com/media/b805ce_53dcd08840e343b18f38c04258086404%7Emv2.png/v1/fit/w_2500,h_1330,al_c/b805ce_53dcd08840e343b18f38c04258086404%7Emv2.png",captured,,,other,,,,,,,,,,,,f,,,,,,,,,
fb09f357-2dd5-49c6-82eb-8fd0ba2bbdec,synozur.com,137db123-4906-4e61-af99-f0d23d86a622,Constellation | The Synozur Alliance,"Constellation is Synozur’s AI‑powered Consulting Delivery Platform, purpose-built for professional services organizations and designed to improve execution quality, delivery confidence, and leadership decision‑making across engagements. By unifying project delivery, financials, and operational data inside the Microsoft 365 ecosystem, Constellation gives leaders a real‑time, trustworthy view of status, deliverables, risks, issues, and costs—without relying on manual reporting or disconnected tools. 

AI capabilities built on Microsoft AI Foundry continuously synthesize live system data to generate clear status reports, highlight delivery risk, surface emerging issues, and produce executive‑ready narratives and artifacts stored directly in SharePoint Embedded and accessible through Teams. Constellation tracks deliverables end‑to‑end, links work progress to financial performance, and makes accountability explicit—so teams spend less time assembling updates and more time addressing what matters. Tasks are synchronized to Outlook and Planner, and Constellation's AI agent integrates directly into M365 Copilot for ease of use.

With deep Microsoft alignment, CRM integration, and Copilot‑ready data access, Constellation turns delivery operations into a predictable, transparent system that helps organizations stay on track, manage risk proactively, and keep execution aligned to strategy as work unfolds.",https://www.synozur.com/applications/constellation,,,,,251de541-90d6-4fed-b370-c318e7e37080,active,f,116500d0-357e-4ace-a7af-7264ed58e22a,2026-03-22 22:37:39.37574,2026-03-22 22:37:39.37574,,"https://static.wixstatic.com/media/b805ce_f13ce62d083e4111a33c355746cb292b~mv2.jpeg/v1/fill/w_4679,h_3120,al_c,q_90/AdobeStock_244105520.jpeg",captured,,,other,,,,,,,,,,,,f,,,,,,,,,
bd8b5218-bc46-407b-ada9-00ceac431361,synozur.com,137db123-4906-4e61-af99-f0d23d86a622,Holidays and Birthdays Web Part | The Synozur Alliance,"Project Comet is a small but meaningful way to make work more human. It brings holidays and birthdays into everyday view across SharePoint and Viva Connections—helping organizations pause, rest, and celebrate the people who make the work possible. Designed to deploy in minutes and managed entirely through standard SharePoint lists and permissions, Project Comet removes friction for administrators while creating moments of recognition and connection for employees. Built as an open, community‑first solution and shared freely with no licensing or paywalls, Project Comet is our gift back to the SharePoint community—a reminder that great digital workplaces don’t just help us work better, they help us care for one another too.",https://www.synozur.com/applications/holidays-and-birthdays-web-part,,,,,251de541-90d6-4fed-b370-c318e7e37080,active,f,116500d0-357e-4ace-a7af-7264ed58e22a,2026-03-22 22:37:40.012528,2026-03-22 22:37:40.012528,,"https://static.wixstatic.com/media/b805ce_a49c1db64df24772bd68da04fc5c540c~mv2.jpg/v1/fill/w_144,h_144,al_c,q_80/default-holiday_a6565966acb6a0ae2a6593819479c31f.jpg",captured,,,other,,,,,,,,,,,,f,,,,,,,,,
fd2e83c6-87ed-4fc4-b45e-0663b037b2eb,synozur.com,137db123-4906-4e61-af99-f0d23d86a622,AI & Governance Acceleration for Private Equity | The Synozur Alliance,"A private equity firm partnered with Synozur to rapidly accelerate AI readiness while strengthening governance, security, and executive alignment.",https://www.synozur.com/case-studies/ai-%26-governance-acceleration-for-private-equity,,,,,b5e0bd0f-1532-4700-97ba-02b14c8faea5,archived,f,116500d0-357e-4ace-a7af-7264ed58e22a,2026-03-22 22:37:44.852625,2026-03-25 00:02:11.753,,"https://static.wixstatic.com/media/b805ce_a67e17e43687429ebb2e6bffe60af815~mv2.jpeg/v1/fill/w_6627,h_4418,al_c,q_90/AdobeStock_502007078.jpeg",captured,,,other,,,,,,,,,,,,f,,,,,,,,,
cbcbfdcb-8826-4ca1-8b5c-0b0f4f295865,synozur.com,137db123-4906-4e61-af99-f0d23d86a622,Nebula | The Synozur Alliance,"Nebula is Synozur's collaborative envisioning platform — built for facilitators who need to do more than just run a workshop. Bring together teams, customers, or stakeholders in structured real-time sessions where ideas are surfaced, categorized by AI, and prioritized through voting, ranking, and visual frameworks like the 2×2 priority matrix. Whether you're shaping a product strategy, exploring transformation priorities, or building shared direction across an organization, Nebula turns group input into clear, AI-generated insights and personalized results that participants can act on long after the session ends.",https://www.synozur.com/applications/nebula,,,,,251de541-90d6-4fed-b370-c318e7e37080,active,f,116500d0-357e-4ace-a7af-7264ed58e22a,2026-03-22 22:37:40.685529,2026-03-22 22:37:40.685529,,"https://static.wixstatic.com/media/b805ce_79a13b0c9bda4d6bb2018308edd7449d~mv2.jpg/v1/fill/w_2406,h_2411,al_c,q_90/aldebaran-s-uXchDIKs4qI-unsplash.jpg",captured,,,other,,,,,,,,,,,,f,,,,,,,,,
0e040fcd-b723-48bd-9902-afa529c0d540,synozur.com,137db123-4906-4e61-af99-f0d23d86a622,Orbit | The Synozur Alliance,"Orbit is Synozur’s go‑to‑market intelligence platform that turns competitive insight into ready‑to‑use execution assets. Orbit continuously monitors market signals, competitor positioning, news, and messaging shifts—then automatically generates and refreshes GTM outputs such as Messaging & Positioning Frameworks (MPFs), one‑sheet sell sheets, and sales battlecards aligned to what’s happening in the market right now. Instead of static research or outdated decks, Orbit gives teams a living GTM system—combining ongoing competitive intelligence with auto‑generated, execution‑ready materials that help marketing, product, and sales adapt faster, sharpen differentiation, and win with confidence.",https://www.synozur.com/applications/orbit,,,,,251de541-90d6-4fed-b370-c318e7e37080,active,f,116500d0-357e-4ace-a7af-7264ed58e22a,2026-03-22 22:37:41.347872,2026-03-22 22:37:41.347872,,"https://static.wixstatic.com/media/b805ce_450e05c49ec64b23aa6f554f9a294071~mv2.jpg/v1/fill/w_1920,h_1080,al_c,q_90/IMG_7169.JPG",captured,,,other,,,,,,,,,,,,f,,,,,,,,,
17e615a4-abc2-41e1-9928-032af996e85e,synozur.com,137db123-4906-4e61-af99-f0d23d86a622,Orion | The Synozur Alliance,"Transformation is hard.

Most organizations know their ambitions, but the journey from today’s reality to tomorrow’s outcomes is complex, uncertain, and often overwhelming. Orion is built to bridge that gap — giving you clarity, confidence, and a path forward that’s tailored to your unique context. Measurement and benchmarking are crucial.

Orion is Synozur’s AI‑powered transformation platform that applies our deep expertise—frameworks, research, and real‑world advisory experience—at scale. Rather than delivering generic assessments, Orion integrates AI to interpret your organization’s unique context, synthesizing your data with Synozur’s proven models to produce personalized results you can trust. 

It translates insight into a tailored view of your current state, then delivers role‑specific recommendations, prioritized actions, and curated resources aligned to your industry, maturity, and goals. By combining human expertise with AI‑driven analysis, Orion moves organizations beyond static reports—providing clear guidance, practical next steps, and the confidence to act with clarity as transformation unfolds.",https://www.synozur.com/applications/orion,,,,,251de541-90d6-4fed-b370-c318e7e37080,active,f,116500d0-357e-4ace-a7af-7264ed58e22a,2026-03-22 22:37:41.954759,2026-03-22 22:37:41.954759,,"https://static.wixstatic.com/media/b805ce_577b66e3923b4a86b84f77fd4f591078~mv2.jpg/v1/fill/w_1280,h_720,al_c,q_85/Orion%20Wide.jpg",captured,,,other,,,,,,,,,,,,f,,,,,,,,,
9fde2d20-e252-4923-9312-75acf1a13e36,synozur.com,137db123-4906-4e61-af99-f0d23d86a622,Vega | The Synozur Alliance,"Vega is your AI-powered Company Operating System that turns strategy into action every day. It unifies mission, priorities, OKRs, and meetings into a single operating rhythm—bringing clarity, cadence, and accountability to your organization. With seamless Microsoft 365 integration, enterprise-grade security, and intelligent AI guidance that augments human judgment, Vega helps leaders align teams, track progress, and accelerate outcomes without the chaos of disconnected tools.",https://www.synozur.com/applications/vega,,,,,251de541-90d6-4fed-b370-c318e7e37080,active,f,116500d0-357e-4ace-a7af-7264ed58e22a,2026-03-22 22:37:42.615655,2026-03-22 22:37:42.615655,,"https://static.wixstatic.com/media/b805ce_4161e81837b14710ad0874cb7f91bbba~mv2.png/v1/fill/w_1500,h_1500,al_c/VegaTight.png",captured,,,other,,,,,,,,,,,,f,,,,,,,,,
68900450-0498-48ba-90fd-ac6657c42087,synozur.com,137db123-4906-4e61-af99-f0d23d86a622,Zenith | The Synozur Alliance,"Zenith is Synozur’s centralized governance control plane for Microsoft 365, built for IT leaders, governance teams, and managed service providers operating complex, multi‑tenant environments. It unifies workspace visibility, automated policy evaluation, sensitivity and retention alignment, and Copilot readiness tracking into a single, secure system—eliminating reliance on scripts, manual audits, and fragmented tools. 

Zenith integrates with Microsoft Entra ID for tenant‑isolated identity, multi‑factor authentication, and granular role‑based access control, ensuring the right users have the right visibility at the right time. Governance decisions are written directly back into SharePoint so Microsoft Purview can enforce policies natively, creating a closed loop between governance intent and day‑to‑day operations. 

Hosted in SOC 2 Type II–certified data centers and designed for enterprise‑grade security and auditability, Zenith helps organizations govern at scale, reduce risk, and confidently prepare their Microsoft 365 environments for Copilot and future AI adoption.",https://www.synozur.com/applications/zenith,,,,,251de541-90d6-4fed-b370-c318e7e37080,active,f,116500d0-357e-4ace-a7af-7264ed58e22a,2026-03-22 22:37:43.326316,2026-03-22 22:37:43.326316,,"https://static.wixstatic.com/media/b805ce_64ac1f32ded24141bf2b8136c6e64780~mv2.jpeg/v1/fill/w_6000,h_3301,al_c,q_90/AdobeStock_382432785.jpeg",captured,,,other,,,,,,,,,,,,f,,,,,,,,,
c413f5ae-8835-4223-8a2f-939c3e3f576b,synozur.com,137db123-4906-4e61-af99-f0d23d86a622,Microsoft Solved AI Access. The Next Advantage Is Proving ROI.,"Microsoft’s Build 2026 signals that AI access is solved; now leaders need governance, workflow ownership, and measurable ROI.",,"# Microsoft Solved AI Access. The Next Advantage Is Proving ROI.

For the last two years, most executive AI conversations have centered on access.

Which model should we use? Which platform will win? Are we locked into one vendor? Are we behind?

After Build 2026, that conversation changed.

Microsoft’s latest announcements matter, but not for the reason most headlines suggested. Yes, there were new agents. Yes, there was plenty of excitement around autonomy. But the real shift is simpler and more important for CEOs, CIOs, and transformation leaders: access is no longer the bottleneck.

Now the harder question shows up in full view: can your organization turn AI access into measurable business results?

That is where many teams are still stuck. They have licenses, pilots, and enthusiasm, but they do not yet have clear ownership, budget discipline, or a practical path from AI-ready to AI-first.

## Microsoft’s real move was optionality, not just innovation

The most important Build 2026 announcement was Microsoft’s launch of its in-house MAI model family.

Why does that matter to business leaders? Because it changes Microsoft’s role in the market. Instead of depending primarily on one AI partner story, Microsoft is increasingly positioned as a provider of multiple model options across enterprise workloads.

That creates leverage.

If you are leading an AI program, leverage matters more than novelty. It means you can start matching engines to use cases, cost targets, governance requirements, and workflow needs without assuming one model must do everything. It also gives you a stronger response to pricing pressure as model, compute, and distribution markets continue to consolidate.

In practical terms, this gives leadership teams more room to ask the right question:

**What is the best-fit engine for this workflow, at this quality level, for this cost?**

That is a much healthier decision framework than chasing whichever model is getting the most attention this quarter.

Microsoft also emphasized enterprise-grade data lineage and tuning options that keep model adaptation closer to your environment and your operating context. For organizations trying to protect institutional knowledge while improving output quality, that is not a minor feature. It is part of the path toward an AI operating model that is both useful and governable.

## Autonomous agents are moving from demo to operating reality

The second big signal from Build was Microsoft Scout, an always-on autonomous agent in Microsoft’s new “Autopilot” category.

This is a meaningful shift.

An assistant waits for prompts. An autonomous worker can carry out tasks on your behalf, operate with a defined identity, and continue executing against priorities without constant supervision.

That opens real opportunity. It also raises real risk.

The organizations that benefit most from autonomous agents will not be the ones that deploy them fastest with the fewest controls. They will be the ones that introduce them with governed identities, scoped permissions, clear auditability, and human review where the stakes are high.

That is why Microsoft’s governance wrapper matters as much as the autonomy itself. If your employees want agentic tools, and they will, the leadership question is not whether demand will appear. It is whether your organization provides a governed path before shadow AI fills the gap.

This is where we encourage leaders to stay calm and practical. AI accelerates; experts decide. The goal is not to shut down experimentation. The goal is to create conditions where experimentation leads to repeatable value instead of unmanaged risk.

## Most organizations do not have an access problem. They have an execution problem.

In our experience, many companies are farther along in AI access than they are in AI execution.

They have chat tools. They have broad awareness. Some have even purchased premium licenses across parts of the business.

But when you ask a more serious set of questions, the gaps become obvious:

- Which workflows are producing measurable value?
- Who owns each use case?
- How is variable AI spend being monitored?
- Where does human review sit in the process?
- What operating structure helps the business learn and scale?

Those are not technology questions. They are operating model questions.

And that is where many AI efforts stall.

A published acceptable use policy is helpful, but it is not a transformation model. A help desk can support tools, but it cannot redesign how finance closes the books, how operations triages exceptions, or how sales managers use AI to improve forecast quality.

Organizations become AI-first when they move beyond tool rollout and build the scaffolding around it: governance, ownership, role clarity, measurement, training, and decision cadence.

That is the difference between being AI-enabled and actually becoming AI-first.

## The next value is hiding in workflows, not licenses

Many leadership teams still talk about AI in terms of access counts: who has Copilot, who has chat, who has pilot permissions.

That is understandable, but it is not where the return lives.

The return lives in workflows.

If you want a more useful executive scorecard, start with two or three workflows that matter to the business. Then track them against outcomes leaders care about: time saved, cycle time reduced, error rates lowered, forecast accuracy improved, revenue influenced, or cost avoided.

If your CFO cannot see what changed, your AI program will eventually feel discretionary.

A better approach is simple:

1. **Choose a workflow with visible business friction.**
2. **Define the baseline before AI touches it.**
3. **Assign a human owner for output quality and continuous improvement.**
4. **Track both outcome and cost, including variable usage.**
5. **Review and refine before scaling further.**

This is not glamorous. It is how transformation actually sticks.

We often tell clients to resist the urge to boil the ocean. One measurable win in a core workflow does more for internal momentum than ten loosely governed experiments.

## Four moves to make this month

If Build 2026 clarified anything, it is this: leaders now have more AI options than ever. That makes discipline more important, not less.

Here are four practical moves to make now:

### 1. Measure something real
Pick two business workflows and track time, cost, and output quality. If possible, tie at least one to revenue, margin, or operating efficiency.

### 2. Put controls on variable spend
License costs are visible. Usage-based costs often are not. Set workflow-level budgets, alerts, and ownership before spend surprises your finance team.

### 3. Build a real operating layer
Move beyond tool support. Establish a cross-functional structure, whether that is a Center of Excellence or another clear governance model, to guide prioritization, standards, and adoption.

### 4. Test your model options
Do not assume one model is right for every task. Run practical bake-offs across supported options and let quality, speed, governance fit, and cost guide the decision.

## Access is no longer the win

The companies that will pull ahead are not the ones with the most licenses or the most AI headlines in their board deck.

They are the ones that can answer three questions with confidence:

- What did AI improve?
- What did it cost?
- Who owns making it better?

That is the shift from scattered ambition to an AI-first operating model.

If your organization has solved access but not yet solved value, this is the moment to close the gap. Start with measurable workflows. Put governance where it belongs. Keep humans in the loop. Then scale what works.

If you want to see where your organization stands today, Synozur’s AI Maturity Model is open and free.",,,,,active,f,116500d0-357e-4ace-a7af-7264ed58e22a,2026-06-26 19:15:50.334697,2026-07-02 19:44:14.184,"Microsoft’s Build 2026 signals that AI access is solved; now leaders need governance, workflow ownership, and measurable ROI.",/public-objects/conference-images/0d971042-32da-44e7-9cd7-7e8445865f79.png,none,,,blog_post,AI ROI After Build 2026: Prove Business Value,"Microsoft solved AI access. Learn how CEOs can prove AI ROI with governance, workflow ownership, and a practical operating model.",ai-roi-after-build-2026-prove-business-value,"{""AI ROI"",""Microsoft AI ROI"",""Build 2026 AI"",""AI operating model"",""AI governance"",""Copilot ROI"",""enterprise AI strategy"",""AI transformation"",""autonomous agents governance"",""workflow automation ROI"",""AI value realization"",""AI maturity model""}",2026-06-26 19:18:05.28,35004a06-1839-49dc-aaf7-5f53e2949ee6,,,,,,f,45b7edec-0dd5-42b2-8074-5bb601beeed9,microsoft-solved-ai-access-the-next-advantage-is-proving-roi,draft,,33480557-8784-4501-bcf1-eff0dae441e5,,,,
b3cad57d-3229-4897-9eeb-c5a4723a829b,synozur.com,137db123-4906-4e61-af99-f0d23d86a622,AI and Knowledge Transformation at a Strategic Communications Firm | The Synozur Alliance,"A fast‑growing strategic communications firm partnered with Synozur to define an AI strategy and modernize knowledge workflows—without disrupting creative teams or compromising trust with clients. The goal was not AI for AI’s sake, but a people‑first approach that made work easier, faster, and more consistent.",https://www.synozur.com/case-studies/ai-and-knowledge-transformation-at-a-strategic-communications-firm,,,,,b5e0bd0f-1532-4700-97ba-02b14c8faea5,archived,f,116500d0-357e-4ace-a7af-7264ed58e22a,2026-03-22 22:37:45.49211,2026-03-25 00:34:40.886,,"https://static.wixstatic.com/media/b805ce_f65fdc00c3454ea18cd14419a17d0de7~mv2.jpeg/v1/fill/w_7928,h_4899,al_c,q_90/AdobeStock_525215214.jpeg",captured,,,other,,,,,,,,,,,,f,,,,,,,,,
7fdd779b-7229-40d2-a498-7a0cd21fccbf,synozur.com,137db123-4906-4e61-af99-f0d23d86a622,Why official Copilot estimates break once scheduled automations start running,Official Copilot estimates miss scheduled automations. Learn how PE leaders should budget AI usage with better governance and cost control.,,"AI budget conversations usually start in the same place: seats, licenses, and a neat estimate from the vendor.

That works right up until the first recurring automation goes live.

For a portfolio CTO overseeing AI governance across industrial businesses, that distinction matters more than it sounds. A user-based estimate tells you what happens when a person opens the tool. It does not fully tell you what happens when workflows are scheduled, triggered, and left to run on their own across plants, shared mailboxes, finance queues, service operations, or reporting cycles.

That is where budgets drift. Quietly at first, then all at once.

If you are building a **private equity AI strategy**, this is one of the easiest blind spots to miss. It is also one of the fastest ways to lose confidence from operators, CFOs, and deal teams who were promised a controlled path to value.

**The estimator prices people. Your spend may come from processes.**

Most official Copilot calculators are built around a simple framing: how many users, what kind of license, what broad usage assumptions.

That framing is useful. It is not complete.

Once scheduled automations enter the picture, your spend profile changes from human-driven to process-driven. A planner, analyst, or plant manager may set up the workflow once. After that, the workflow can continue generating activity whether that person is online or not.

In industrial and PE-backed environments, this often shows up in a few common ways:

- daily operations summaries generated before shift start
- exception reports built and routed every morning
- invoice, order, or service-case triage running on a schedule
- document classification and extraction on recurring batches
- forecasting or replenishment workflows triggered by system events
- multi-step approval and notification chains that call AI repeatedly

None of those are exotic. They are exactly the kinds of practical use cases leaders should want.

The problem is budgeting them like they are occasional user actions.

That distinction sounds small. It isn't.

**Scheduled automation changes the unit economics**

A human pauses. A scheduled process does not, unless someone designs, monitors, and governs it that way.

That means your cost model needs at least four layers that many top-line estimates miss:

- **run frequency**, how often the automation executes
- **step count**, how many AI-dependent actions happen in each run
- **exception volume**, what happens when low-confidence outputs trigger retries or reviews
- **spread across the portfolio**, how quickly one useful workflow gets copied into five business units

The last one catches PE firms all the time. A workflow that looks cheap in one company can become meaningful spend when replicated across twelve operating businesses, each with different data quality, process maturity, and control requirements.

This is why a serious private equity AI strategy cannot stop at ""what is the license cost?"" It has to ask, ""what work are we authorizing the system to perform every day, every week, and every month?""

That is a better governance question. It is also a better operating question.

[VISUAL: side-by-side budgeting graphic showing “seat-based estimate” versus “seat plus recurring automation volume,” with examples like daily summaries, invoice triage, and batch document processing across multiple portfolio companies]

**Why this matters more in industrial portfolios**

In software businesses, overages can hide inside digital workflows for a while. In industrial portfolios, they tend to surface faster because the processes are tied to real operating rhythms.

Think about the environments you are governing:

- plants running shift-based reporting
- procurement teams handling repetitive document flows
- field service organizations processing work orders and technician notes
- finance teams closing books across multiple entities
- supply chain groups responding to demand or inventory variance

These teams are not asking for novelty. They are asking for throughput, fewer manual touches, and faster decisions.

So the instinct is reasonable: automate the repeatable work.

The issue is that unattended recurring automations can multiply before the governance model catches up. One business unit schedules a daily report. Another adds vendor invoice extraction. A third starts exception handling in customer service. Soon the portfolio is consuming AI not just through named users, but through always-on operational routines.

This is where AI governance either becomes real or stays theoretical.

If your budgeting process treats all AI activity as interactive usage, your forecast will be wrong. If your approval process does not distinguish between attended and unattended automation, your controls will be weak. If your value model does not tie recurring automation to measurable outcomes, your operators will see AI as overhead instead of a force multiplier.

**What to budget instead**

You do not need a perfect forecasting model on day one. You do need one that reflects how work actually happens.

A more grounded cost review usually includes:

- **user layer**: who needs direct access, by role and use case
- **automation layer**: which workflows run on a schedule or trigger automatically
- **volume layer**: estimated runs per day, week, and month
- **portfolio layer**: where replication is likely across business units
- **control layer**: who reviews outputs, exceptions, and policy compliance
- **value layer**: what metric each automation is supposed to move

At Synozur, our bias is simple: **AI accelerates, experts decide**.

So we do not treat scheduled automation as a technical footnote. We treat it as an operating model choice. Every recurring AI process should have an owner, a review motion, and a reason to exist. ASK. REVIEW. EDIT. REPEAT.

That is not about slowing adoption down. It is about making adoption stick.

It also helps address a common concern in private equity. Leaders want speed, but they do not want surprise spend, weak controls, or pilots that never connect to EBITDA, productivity, or cycle-time improvement. A cost model that includes unattended automation is one of the fastest ways to separate serious programs from AI theater.

**The practical test for portfolio CTOs**

Here is the test we use in working sessions: do you know which automations will still be consuming budget after the person who built them logs off?

If the answer is no, your estimate is probably incomplete.

If the answer is sort of, you have a governance issue, not just a finance issue.

And if the answer is yes, with run rates, owners, and expected business impact by company, you are much closer to an AI-first operating model than most firms.

This is the shift. AI budgeting is no longer just procurement math. It is portfolio governance.

The firms that get this right will not necessarily spend less. They will spend with intent. That is the north star.

**Conclusion**

Official calculators are a starting point. They are not a portfolio operating model.

Once scheduled automations start running, the real budgeting work begins. For PE-backed industrial businesses, that means modeling unattended usage, assigning ownership, and tying recurring AI activity to measurable outcomes before the spend scales across the portfolio.

If you need a clearer view of where your Copilot or Cowork budget will actually go, request the **Copilot Cowork cost review session**. We will map the hidden cost drivers, pressure-test your assumptions, and give you a budgeting frame your operators can trust.",,,,,active,f,116500d0-357e-4ace-a7af-7264ed58e22a,2026-07-02 19:52:13.294672,2026-07-02 19:53:05.359,,/public-objects/conference-images/4fa188d5-13df-40eb-ba90-48a225af48d8.png,none,,,blog_post,,,,,,,,"The vendor calculator may price the license, but it usually misses the unattended work that keeps spending after your team signs off for the day.","Many AI budgets look reasonable until scheduled automations start firing in the background. That is where official Copilot estimates often break. For private equity leaders building a practical AI strategy, the real cost question is not just who uses the tool, but what keeps running when nobody is watching.","private equity AI strategy, Copilot budgeting, AI governance, scheduled automations, portfolio operations",,f,470b5c7a-00b5-454e-8ca6-4664c0d2280d,why-official-copilot-estimates-break-once-scheduled-automations-start-running,draft,,93355e51-125c-4acd-b808-4b5c5956c781,,8a305c5d-1047-4822-86f8-da4b69cd6a4b,{64abffb9-efb0-4bff-a804-5a654e026183},
a7e86451-cde2-49d8-91ba-1397c9584d6c,synozur.com,137db123-4906-4e61-af99-f0d23d86a622,Synozur AI Maturity Model,"Evaluate your organization's AI readiness and maturity across key dimensions including strategy, infrastructure, talent, and implementation capabilities.",https://www.synozur.com/models/ai-maturity-model,,,,,d0e213be-7825-40a8-8174-f847692ffe4f,active,f,116500d0-357e-4ace-a7af-7264ed58e22a,2026-03-22 22:37:35.549053,2026-03-22 22:42:05.499,,"https://static.wixstatic.com/media/b805ce_9027f93fb21340c1b3f7a9e25b1f832b~mv2.jpeg/v1/fill/w_4624,h_2589,al_c,q_90/AdobeStock_1238508882.jpeg",captured,{77b7513c-c26c-4950-a83a-728c8090d505},,other,,,,,,,,,,,,f,,,,,,,,,
968cb5bc-5fc1-4551-84b8-2040c11cd240,synozur.com,137db123-4906-4e61-af99-f0d23d86a622,Synozur,"Synozur is the transformation company — a woman-owned advisory firm helping organizations find their North Star through AI strategy, leadership, and Microsoft 365.",https://www.synozur.com,,,,,26fb2332-40e6-4dcc-bb95-15ef13cf2fb1,active,f,116500d0-357e-4ace-a7af-7264ed58e22a,2026-03-22 22:44:25.004959,2026-03-22 22:44:25.004959,,"https://static.wixstatic.com/media/b805ce_53dcd08840e343b18f38c04258086404%7Emv2.png/v1/fit/w_2500,h_1330,al_c/b805ce_53dcd08840e343b18f38c04258086404%7Emv2.png",captured,,,other,,,,,,,,,,,,f,,,,,,,,,
3e489162-817b-4401-a12b-06f58a3ca401,synozur.com,137db123-4906-4e61-af99-f0d23d86a622,Synozur AI Maturity Model,"Evaluate your organization's AI readiness and maturity across key dimensions including strategy, infrastructure, talent, and implementation capabilities.",https://www.synozur.com/models/ai-maturity-model,,,,,d0e213be-7825-40a8-8174-f847692ffe4f,active,f,116500d0-357e-4ace-a7af-7264ed58e22a,2026-03-22 22:44:25.999768,2026-03-22 22:44:25.999768,,"https://static.wixstatic.com/media/b805ce_9027f93fb21340c1b3f7a9e25b1f832b~mv2.jpeg/v1/fill/w_4624,h_2589,al_c,q_90/AdobeStock_1238508882.jpeg",captured,,,other,,,,,,,,,,,,f,,,,,,,,,
47fa8019-bc06-4b91-a56d-28c9cadbcfb4,synozur.com,137db123-4906-4e61-af99-f0d23d86a622,Orion AI Maturity Assessments | The Synozur Alliance,Science-backed digital transformation assessments trusted by leading enterprises. Assess your organization's maturity across multiple dimensions.,https://orion.synozur.com/ai-maturity,,,,,d0e213be-7825-40a8-8174-f847692ffe4f,active,f,116500d0-357e-4ace-a7af-7264ed58e22a,2026-03-22 22:44:27.042435,2026-03-22 22:44:27.042435,,https://models.synozur.com/og-image.jpg,captured,,,other,,,,,,,,,,,,f,,,,,,,,,
67f2ed85-a485-4db7-8c98-8aea5a171548,synozur.com,137db123-4906-4e61-af99-f0d23d86a622,Orbit Competitive Market Analysis | The Synozur Alliance,AI-driven marketing intelligence platform for The Synozur Alliance LLC.,https://orbit.synozur.com/,,,,,251de541-90d6-4fed-b370-c318e7e37080,active,f,116500d0-357e-4ace-a7af-7264ed58e22a,2026-03-22 22:44:27.868358,2026-03-22 22:44:27.868358,,https://synozur-orbit-prod.replit.app/opengraph.jpg,captured,,,other,,,,,,,,,,,,f,,,,,,,,,
c9975c82-0b9b-493b-bbec-742a9595144f,synozur.com,137db123-4906-4e61-af99-f0d23d86a622,Orion Digital Transformation Assessments | The Synozur Alliance,Science-backed digital transformation assessments trusted by leading enterprises. Assess your organization's maturity across multiple dimensions.,https://orion.synozur.com/,,,,,251de541-90d6-4fed-b370-c318e7e37080,active,f,116500d0-357e-4ace-a7af-7264ed58e22a,2026-03-22 22:44:28.863019,2026-03-22 22:44:28.863019,,https://models.synozur.com/og-image.jpg,captured,,,other,,,,,,,,,,,,f,,,,,,,,,
4d991ef6-e05e-4cbe-8cf6-e13357e99a3b,synozur.com,137db123-4906-4e61-af99-f0d23d86a622,Vega - The Synozur Alliance Company OS,Vega delivers the ultimate Company Operating System experience. Designed by former Microsoft Viva product leadership.,https://vega.synozur.com/,,,,,251de541-90d6-4fed-b370-c318e7e37080,active,f,116500d0-357e-4ace-a7af-7264ed58e22a,2026-03-22 22:44:29.617816,2026-03-22 22:44:29.617816,,https://vega.synozur.com/og-image.png?v=2,captured,,,other,,,,,,,,,,,,f,,,,,,,,,
a838f1de-2cd2-4de8-a873-1f1f709c1b40,synozur.com,137db123-4906-4e61-af99-f0d23d86a622,Transform Your Business with The Synozur Alliance | Strategic Advisory Services,"Synozur is the transformation company — a woman-owned advisory firm helping organizations find their North Star through AI strategy, leadership, and Microsoft 365.",https://www.synozur.com/,,,,,20fe20d9-1e62-4bae-bad7-43f37f47a394,active,f,116500d0-357e-4ace-a7af-7264ed58e22a,2026-03-22 22:44:30.445289,2026-03-22 22:44:30.445289,,"https://static.wixstatic.com/media/b805ce_53dcd08840e343b18f38c04258086404%7Emv2.png/v1/fit/w_2500,h_1330,al_c/b805ce_53dcd08840e343b18f38c04258086404%7Emv2.png",captured,,,other,,,,,,,,,,,,f,,,,,,,,,
5972fe69-9e54-4fc6-978a-0fafedec08d5,synozur.com,137db123-4906-4e61-af99-f0d23d86a622,Energy company reinvents employee experience and effectiveness | The Synozur Alliance,"A North American energy company, facing substantial challenges in employee engagement and communication for their 12,000+ employees, engaged Synozur to revamp their approach. Synozur conducted detailed employee journey mapping and developed personalized, relevant tools and information to improve user experience, addressing issues with the outdated intranet and poor engagement tools. As a result, they saw an estimated $2.0M–$6.0M in annual productivity gains, based on reduced information‑search time, streamlined internal communications, and improved employee engagement across a 12,000+ employee workforce.",https://www.synozur.com/case-studies/energy-company-reinvents-employee-expereince-and-effectiveness,,,,,b5e0bd0f-1532-4700-97ba-02b14c8faea5,archived,f,116500d0-357e-4ace-a7af-7264ed58e22a,2026-03-22 22:37:46.755055,2026-03-25 00:35:05.728,,"https://static.wixstatic.com/media/b805ce_d48bad9f6faa40e58e764f1ead186a5a~mv2.jpg/v1/fill/w_2000,h_1333,al_c,q_90/Ofc17_Truck_Sonia_001.jpg",captured,,,other,,,,,,,,,,,,f,,,,,,,,,
0c781a18-6ab1-456c-b5b5-8ca9b77970ec,synozur.com,137db123-4906-4e61-af99-f0d23d86a622,AI Transformation at a Private Equity Portfolio Company | The Synozur Alliance,"A financial‑services portfolio company of a leading private equity firm engaged Synozur to shift from scattered AI experiments to governed, measurable outcomes at enterprise scale. Building on patterns we’ve proven in similar programs, we turned real documents and workflows into a prioritized use‑case backlog, stood up a practical governance model, and upskilled leaders and makers through a multi‑tool curriculum. As a result, they achieved an estimated $250K–$500K annual cost savings and $500K–$1.0M+ EBITDA uplift, driven by faster decision‑making, reduced duplicated analysis, and improved execution discipline across leadership and operations.",https://www.synozur.com/case-studies/ai-transformation-at-a-private-equity-portfolio-company,,,,,b5e0bd0f-1532-4700-97ba-02b14c8faea5,archived,f,116500d0-357e-4ace-a7af-7264ed58e22a,2026-03-22 22:37:46.126411,2026-03-25 00:35:00.269,,"https://static.wixstatic.com/media/b805ce_216de3dbbef94823a2eecb2d3a72bf2b~mv2.jpg/v1/fill/w_2172,h_1313,al_c,q_90/AdobeStock_151524961Small.jpg",captured,,,other,,,,,,,,,,,,f,,,,,,,,,
7213119a-dba3-4c54-b081-e1edf5935932,synozur.com,137db123-4906-4e61-af99-f0d23d86a622,Constellation | The Synozur Alliance,"Constellation is Synozur’s AI‑powered Consulting Delivery Platform, purpose-built for professional services organizations and designed to improve execution quality, delivery confidence, and leadership decision‑making across engagements. By unifying project delivery, financials, and operational data inside the Microsoft 365 ecosystem, Constellation gives leaders a real‑time, trustworthy view of status, deliverables, risks, issues, and costs—without relying on manual reporting or disconnected tools. 

AI capabilities built on Microsoft AI Foundry continuously synthesize live system data to generate clear status reports, highlight delivery risk, surface emerging issues, and produce executive‑ready narratives and artifacts stored directly in SharePoint Embedded and accessible through Teams. Constellation tracks deliverables end‑to‑end, links work progress to financial performance, and makes accountability explicit—so teams spend less time assembling updates and more time addressing what matters. Tasks are synchronized to Outlook and Planner, and Constellation's AI agent integrates directly into M365 Copilot for ease of use.

With deep Microsoft alignment, CRM integration, and Copilot‑ready data access, Constellation turns delivery operations into a predictable, transparent system that helps organizations stay on track, manage risk proactively, and keep execution aligned to strategy as work unfolds.",https://www.synozur.com/applications/constellation,,,,,251de541-90d6-4fed-b370-c318e7e37080,active,f,116500d0-357e-4ace-a7af-7264ed58e22a,2026-03-22 22:44:31.450701,2026-03-22 22:44:31.450701,,"https://static.wixstatic.com/media/b805ce_f13ce62d083e4111a33c355746cb292b~mv2.jpeg/v1/fill/w_4679,h_3120,al_c,q_90/AdobeStock_244105520.jpeg",captured,,,other,,,,,,,,,,,,f,,,,,,,,,
9394aecd-49fe-4810-93d4-82e82263a3c7,synozur.com,137db123-4906-4e61-af99-f0d23d86a622,Holidays and Birthdays Web Part | The Synozur Alliance,"Project Comet is a small but meaningful way to make work more human. It brings holidays and birthdays into everyday view across SharePoint and Viva Connections—helping organizations pause, rest, and celebrate the people who make the work possible. Designed to deploy in minutes and managed entirely through standard SharePoint lists and permissions, Project Comet removes friction for administrators while creating moments of recognition and connection for employees. Built as an open, community‑first solution and shared freely with no licensing or paywalls, Project Comet is our gift back to the SharePoint community—a reminder that great digital workplaces don’t just help us work better, they help us care for one another too.",https://www.synozur.com/applications/holidays-and-birthdays-web-part,,,,,251de541-90d6-4fed-b370-c318e7e37080,active,f,116500d0-357e-4ace-a7af-7264ed58e22a,2026-03-22 22:44:32.189865,2026-03-22 22:44:32.189865,,"https://static.wixstatic.com/media/b805ce_a49c1db64df24772bd68da04fc5c540c~mv2.jpg/v1/fill/w_144,h_144,al_c,q_80/default-holiday_a6565966acb6a0ae2a6593819479c31f.jpg",captured,,,other,,,,,,,,,,,,f,,,,,,,,,
7007a396-69de-4466-b7f7-5c0e5165b9a5,synozur.com,137db123-4906-4e61-af99-f0d23d86a622,Nebula | The Synozur Alliance,"Nebula is Synozur's collaborative envisioning platform — built for facilitators who need to do more than just run a workshop. Bring together teams, customers, or stakeholders in structured real-time sessions where ideas are surfaced, categorized by AI, and prioritized through voting, ranking, and visual frameworks like the 2×2 priority matrix. Whether you're shaping a product strategy, exploring transformation priorities, or building shared direction across an organization, Nebula turns group input into clear, AI-generated insights and personalized results that participants can act on long after the session ends.",https://www.synozur.com/applications/nebula,,,,,251de541-90d6-4fed-b370-c318e7e37080,active,f,116500d0-357e-4ace-a7af-7264ed58e22a,2026-03-22 22:44:33.013785,2026-03-22 22:44:33.013785,,"https://static.wixstatic.com/media/b805ce_79a13b0c9bda4d6bb2018308edd7449d~mv2.jpg/v1/fill/w_2406,h_2411,al_c,q_90/aldebaran-s-uXchDIKs4qI-unsplash.jpg",captured,,,other,,,,,,,,,,,,f,,,,,,,,,
a319af87-ba13-4842-a9e4-6718495e9efb,synozur.com,137db123-4906-4e61-af99-f0d23d86a622,Orbit | The Synozur Alliance,"Orbit is Synozur’s go‑to‑market intelligence platform that turns competitive insight into ready‑to‑use execution assets. Orbit continuously monitors market signals, competitor positioning, news, and messaging shifts—then automatically generates and refreshes GTM outputs such as Messaging & Positioning Frameworks (MPFs), one‑sheet sell sheets, and sales battlecards aligned to what’s happening in the market right now. Instead of static research or outdated decks, Orbit gives teams a living GTM system—combining ongoing competitive intelligence with auto‑generated, execution‑ready materials that help marketing, product, and sales adapt faster, sharpen differentiation, and win with confidence.",https://www.synozur.com/applications/orbit,,,,,251de541-90d6-4fed-b370-c318e7e37080,active,f,116500d0-357e-4ace-a7af-7264ed58e22a,2026-03-22 22:44:33.943748,2026-03-22 22:44:33.943748,,"https://static.wixstatic.com/media/b805ce_450e05c49ec64b23aa6f554f9a294071~mv2.jpg/v1/fill/w_1920,h_1080,al_c,q_90/IMG_7169.JPG",captured,,,other,,,,,,,,,,,,f,,,,,,,,,
7d1a1a58-72ed-46c5-b87b-8e3f2bd78e0d,synozur.com,137db123-4906-4e61-af99-f0d23d86a622,Orion | The Synozur Alliance,"Transformation is hard.

Most organizations know their ambitions, but the journey from today’s reality to tomorrow’s outcomes is complex, uncertain, and often overwhelming. Orion is built to bridge that gap — giving you clarity, confidence, and a path forward that’s tailored to your unique context. Measurement and benchmarking are crucial.

Orion is Synozur’s AI‑powered transformation platform that applies our deep expertise—frameworks, research, and real‑world advisory experience—at scale. Rather than delivering generic assessments, Orion integrates AI to interpret your organization’s unique context, synthesizing your data with Synozur’s proven models to produce personalized results you can trust. 

It translates insight into a tailored view of your current state, then delivers role‑specific recommendations, prioritized actions, and curated resources aligned to your industry, maturity, and goals. By combining human expertise with AI‑driven analysis, Orion moves organizations beyond static reports—providing clear guidance, practical next steps, and the confidence to act with clarity as transformation unfolds.",https://www.synozur.com/applications/orion,,,,,251de541-90d6-4fed-b370-c318e7e37080,active,f,116500d0-357e-4ace-a7af-7264ed58e22a,2026-03-22 22:44:34.936679,2026-03-22 22:44:34.936679,,"https://static.wixstatic.com/media/b805ce_577b66e3923b4a86b84f77fd4f591078~mv2.jpg/v1/fill/w_1280,h_720,al_c,q_85/Orion%20Wide.jpg",captured,,,other,,,,,,,,,,,,f,,,,,,,,,
70ae719c-a8b2-493a-a8bd-120274a49f26,synozur.com,137db123-4906-4e61-af99-f0d23d86a622,Vega | The Synozur Alliance,"Vega is your AI-powered Company Operating System that turns strategy into action every day. It unifies mission, priorities, OKRs, and meetings into a single operating rhythm—bringing clarity, cadence, and accountability to your organization. With seamless Microsoft 365 integration, enterprise-grade security, and intelligent AI guidance that augments human judgment, Vega helps leaders align teams, track progress, and accelerate outcomes without the chaos of disconnected tools.",https://www.synozur.com/applications/vega,,,,,251de541-90d6-4fed-b370-c318e7e37080,active,f,116500d0-357e-4ace-a7af-7264ed58e22a,2026-03-22 22:44:35.668662,2026-03-22 22:44:35.668662,,"https://static.wixstatic.com/media/b805ce_4161e81837b14710ad0874cb7f91bbba~mv2.png/v1/fill/w_1500,h_1500,al_c/VegaTight.png",captured,,,other,,,,,,,,,,,,f,,,,,,,,,
9643db0e-b261-44fe-9062-6053bfe16517,synozur.com,137db123-4906-4e61-af99-f0d23d86a622,Why most AI transformation fails before the first pilot,"Why AI transformation stalls, and how CEOs can build an AI-first operating model that delivers measurable results.",,"The pressure to “do something with AI” is real. Boards are asking. Teams are experimenting. Vendors are flooding the market with demos that look easy.

And yet, many companies are spending money on AI without a clear return, without clear roles, and without a realistic plan for adoption.

That distinction sounds small. It isn’t.

Most AI transformation does not fail because the technology is weak. It fails because the business treats AI like a tool rollout instead of an operating model shift. If you are a founder-led or PE-backed CEO, that mistake gets expensive fast. You do not just lose time. You create scattered bets, confused teams, and a growing fear that your company is falling behind.

The fix is not more activity. The fix is better framing.

## **AI investment is rising, but readiness is not**

The market is moving quickly. So is the labor conversation around it. In June 2026, major AI companies and Microsoft backed a $500 million worker retraining push through RAISE US, a broader $1 billion nonprofit effort to prepare people for the AI economy. That matters for one reason: serious players now assume AI adoption is as much a workforce issue as a technology issue.

At the same time, model competition is making AI cheaper and more accessible. [The New York Times reported](https://www.nytimes.com/) that newer Chinese models are gaining traction because they perform near top-tier US models at lower cost. In plain English, access to capable AI is becoming less of a moat.

So where does that leave the mid-market CEO?

With a harder truth. The advantage will not come from buying access to AI. It will come from building an organization that can use it well, safely, and repeatedly.

That is the real work of AI transformation.

## **Random pilots are not a strategy**

A lot of companies are stuck in what looks like progress.

- A few teams are testing copilots
- Someone in operations is trying automation
- Marketing is using AI for content drafts
- IT is fielding governance concerns after the fact

This is movement. It is not transformation.

Without a shared North Star, AI efforts turn into isolated experiments. Without defined decision rights, nobody knows who owns risk, value, adoption, or scale. Without a measurable business case, every pilot feels interesting right up until budget scrutiny hits.

This is where many firms sound helpful and become vague. They talk about innovation. They run workshops. They leave behind a slide deck full of opportunities.

Leaders need more than that. They need a practical way to connect markets to products, strategy to operations, and AI ambition to measurable outcomes.

An AI-first operating model does that. It answers five basic questions:

- What business outcome are we trying to improve first
- Which workflows matter enough to redesign
- Who owns governance, adoption, and value realization
- What human review standard applies to every AI-generated artifact
- How will we measure progress at 30, 60, and 90 days

If those answers are missing, the pilot is early, even if the demo is impressive.

## **AI-first does not mean AI-only**

One of the fastest ways to lose trust is to make AI feel like a mandate from above.

Most organizations do not need more AI theater. They need a path. We think about that path as a ladder: AI-ready, AI-enabled, AI-first.

AI-ready means your data, workflows, security posture, and leadership alignment are good enough to begin responsibly.

AI-enabled means teams are using AI in defined ways that save time, improve decisions, or reduce friction.

AI-first means AI is built into how work gets done, how decisions get made, and how value is measured, without removing human judgment.

That last part matters. A lot.

At Synozur, our view is simple: AI accelerates, experts decide. Nothing goes to a client without human review. No actual impersonation of a person, ever. Our internal guardrail is publishable because it is practical: ASK → REVIEW → EDIT → REPEAT.

That approach sounds less flashy than “full automation.” Good. Flash is not the goal. Trust is.

[VISUAL: A simple three-rung ladder graphic labeled AI-ready, AI-enabled, and AI-first, with side callouts for governance, role clarity, adoption, and measurable outcomes at each stage.]

## **The operating model is the product**

This is the reframe most leadership teams miss.

They think the product they are buying is an AI tool, a pilot, or a roadmap. It is not. The real product is the operating model that lets the company use AI repeatedly, with discipline.

That includes:

- Clear executive ownership
- Defined AI roles and governance
- Workflow prioritization tied to business value
- Human-centered adoption, training, and change management
- Measurable value realization over time

This is also where Synozur has to be clear about what we are, and what we are not.

We are not a giant systems integrator trying to force every client into the same platform story. We are also not a software-only shortcut that assumes the tool will solve the strategy problem by itself.

We help leaders design the North Star, align the operating model, and create execution momentum that sticks. When implementation is required, that work needs explicit accountability, not hand-waving. Strategy without a path to delivery is just organized postponement.

That is one reason boutique firms can matter here. Not because smaller is automatically better. It is not. But when AI transformation touches culture, decision rights, governance, and operating cadence, leaders need specificity and partnership, not bureaucracy.

## **What CEOs should do next**

If your company is investing in AI but cannot yet show where value will come from, start there.

Not with another tool evaluation. Not with another brainstorm.

Start with a short operating model review:

- Identify the top three business outcomes AI should improve this year
- Map the workflows connected to those outcomes
- Assign named owners for governance, adoption, and ROI
- Set a human review standard for every customer-facing or decision-shaping output
- Define 30, 60, and 90-day milestones before approving the next pilot

This is calmer than the market. That is the point.

Urgency matters. Panic does not.

The companies that become AI-first will not be the ones that experimented the most. They will be the ones that built the discipline to turn AI into a repeatable management system.

If your AI efforts feel scattered, your problem is probably not capability. It is operating model design.

Synozur helps founder-led and PE-backed CEOs turn scattered AI ambition into measurable, human-centered execution. If that is the work in front of you, book a strategy session and we will map your path from AI-ready to AI-first.",,,,,active,f,116500d0-357e-4ace-a7af-7264ed58e22a,2026-07-02 20:00:04.314485,2026-07-02 20:00:30.114,,/public-objects/conference-images/6faa4acd-5ec7-4916-bfed-ef78030ea2b3.png,none,,,blog_post,,,,,,,,"The problem usually is not the model, it is the operating model around it.","Many CEOs are not behind on AI because they lack tools. They are behind because they lack a clear operating model, defined ownership, and a practical path from ambition to measurable outcomes. This post explains why random pilots stall, what an AI-first operating model actually requires, and how to move from AI-ready to AI-first without creating chaos.","AI transformation, AI-first operating model, digital transformation, CEO strategy, change management",,f,,,,,,,,,
fb4a9f43-8a20-4b34-a623-81a2b9c3e02b,synozur.com,137db123-4906-4e61-af99-f0d23d86a622,Energy company reinvents employee experience and effectiveness | The Synozur Alliance,"A North American energy company, facing substantial challenges in employee engagement and communication for their 12,000+ employees, engaged Synozur to revamp their approach. Synozur conducted detailed employee journey mapping and developed personalized, relevant tools and information to improve user experience, addressing issues with the outdated intranet and poor engagement tools. As a result, they saw an estimated $2.0M–$6.0M in annual productivity gains, based on reduced information‑search time, streamlined internal communications, and improved employee engagement across a 12,000+ employee workforce.",https://www.synozur.com/case-studies/energy-company-reinvents-employee-expereince-and-effectiveness,,,,,b5e0bd0f-1532-4700-97ba-02b14c8faea5,active,f,116500d0-357e-4ace-a7af-7264ed58e22a,2026-03-22 22:44:41.014113,2026-03-23 00:07:18,,"https://static.wixstatic.com/media/b805ce_d48bad9f6faa40e58e764f1ead186a5a~mv2.jpg/v1/fill/w_2000,h_1333,al_c,q_90/Ofc17_Truck_Sonia_001.jpg",captured,,,other,,,,,,,,,,,,f,,,,,,,,,
0a1d1f26-4f04-4542-9de2-ef6e62c39029,synozur.com,137db123-4906-4e61-af99-f0d23d86a622,AI Transformation at a Private Equity Portfolio Company | The Synozur Alliance,"A financial‑services portfolio company of a leading private equity firm engaged Synozur to shift from scattered AI experiments to governed, measurable outcomes at enterprise scale. Building on patterns we’ve proven in similar programs, we turned real documents and workflows into a prioritized use‑case backlog, stood up a practical governance model, and upskilled leaders and makers through a multi‑tool curriculum. As a result, they achieved an estimated $250K–$500K annual cost savings and $500K–$1.0M+ EBITDA uplift, driven by faster decision‑making, reduced duplicated analysis, and improved execution discipline across leadership and operations.",https://www.synozur.com/case-studies/ai-transformation-at-a-private-equity-portfolio-company,,,,,b5e0bd0f-1532-4700-97ba-02b14c8faea5,active,f,116500d0-357e-4ace-a7af-7264ed58e22a,2026-03-22 22:44:40.026257,2026-03-23 00:07:37.776,,"https://static.wixstatic.com/media/b805ce_216de3dbbef94823a2eecb2d3a72bf2b~mv2.jpg/v1/fill/w_2172,h_1313,al_c,q_90/AdobeStock_151524961Small.jpg",captured,,,other,,,,,,,,,,,,f,,,,,,,,,
2302634f-e347-45fd-b098-ad6c80a5121e,synozur.com,137db123-4906-4e61-af99-f0d23d86a622,AI & Governance Acceleration for Private Equity | The Synozur Alliance,"A private equity firm partnered with Synozur to rapidly accelerate AI readiness while strengthening governance, security, and executive alignment.",https://www.synozur.com/case-studies/ai-%26-governance-acceleration-for-private-equity,,,,,b5e0bd0f-1532-4700-97ba-02b14c8faea5,active,f,116500d0-357e-4ace-a7af-7264ed58e22a,2026-03-22 22:44:38.234491,2026-03-23 00:09:07.982,,"https://static.wixstatic.com/media/b805ce_a67e17e43687429ebb2e6bffe60af815~mv2.jpeg/v1/fill/w_6627,h_4418,al_c,q_90/AdobeStock_502007078.jpeg",captured,,,other,,,,,,,,,,,,f,,,,,,,,,
3c229f4e-24bc-4845-8093-5cc35ec85ac1,synozur.com,137db123-4906-4e61-af99-f0d23d86a622,Accelerating Go-To-Market for a leading AI ISV | The Synozur Alliance,"Our client, a leading independent software vendor (ISV), developed an app for generative AI systems like Microsoft Copilot to integrate disconnected content. Synozur was engaged for fractional product and marketing leadership to drive mew messaging, new app designs, and strategic go-to-market plans, recruiting sales leaders and mentoring staff to drive a successful product launch. As a result they achieved an estimated $0.8M–$1.2M incremental revenue over 12–24 months and $250K–$500K in cost avoidance, enabled by accelerated go‑to‑market execution, clearer positioning, and higher early‑stage conversion.",https://www.synozur.com/case-studies/accelerating-go-to-market-for-a-leading-ai-isv,,,,,b5e0bd0f-1532-4700-97ba-02b14c8faea5,active,f,116500d0-357e-4ace-a7af-7264ed58e22a,2026-03-22 22:44:37.495233,2026-03-23 00:12:12.359,,"https://static.wixstatic.com/media/b805ce_03dd23de63224d67a613ec1398ab3143~mv2.jpeg/v1/fill/w_6720,h_4480,al_c,q_90/AdobeStock_456986840.jpeg",captured,,,other,,,,,,,,,,,,f,,,,,,,,,
dcc07fdb-57c5-4173-b321-05cccae27afa,synozur.com,137db123-4906-4e61-af99-f0d23d86a622,Stop Buying AI. Start Building Value.,,https://www.synozur.com/insights/stop-buying-ai-start-building-value,,,,,,archived,f,116500d0-357e-4ace-a7af-7264ed58e22a,2026-07-03 00:47:26.509416,2026-07-03 14:40:38.161,,,none,,,blog_post,,,,,,,,,,,,t,,stop-buying-ai-start-building-value,published,,a938bc69-5dc8-4560-a4ba-561e92b69041,,,,
017aacc5-dfa7-4d34-8ec7-d2fad1a81201,synozur.com,137db123-4906-4e61-af99-f0d23d86a622,Zenith,"Zenith is Synozur’s centralized governance control plane for Microsoft 365, built for IT leaders, governance teams, and managed service providers operating complex, multi‑tenant environments. It unifies workspace visibility, automated policy evaluation, sensitivity and retention alignment, and Copilot readiness tracking into a single, secure system—eliminating reliance on scripts, manual audits, and fragmented tools. 

Zenith integrates with Microsoft Entra ID for tenant‑isolated identity, multi‑factor authentication, and granular role‑based access control, ensuring the right users have the right visibility at the right time. Governance decisions are written directly back into SharePoint so Microsoft Purview can enforce policies natively, creating a closed loop between governance intent and day‑to‑day operations. 

Hosted in SOC 2 Type II–certified data centers and designed for enterprise‑grade security and auditability, Zenith helps organizations govern at scale, reduce risk, and confidently prepare their Microsoft 365 environments for Copilot and future AI adoption.",https://www.synozur.com/applications/zenith,,,,,251de541-90d6-4fed-b370-c318e7e37080,active,f,116500d0-357e-4ace-a7af-7264ed58e22a,2026-03-22 22:44:36.521179,2026-03-24 13:02:56.073,"Manual governance audits across hundreds of Microsoft 365 sites don't scale—and they definitely don't prepare you for Copilot.

Zenith is a centralized control plane that unifies workspace visibility, automated policy checks, and sensitivity alignment in one secure system. It writes governance decisions directly back into SharePoint so Microsoft Purview enforces them natively—no scripts, no spreadsheets, no gaps.

Built for IT leaders and MSPs managing multi-tenant environments, Zenith integrates with Entra ID for tenant-isolated access and role-based controls. Hosted in SOC 2 Type II–certified data centers, it's designed for enterprise-grade security and auditability at scale.

If you're preparing for AI adoption or just trying to govern what you already have, this is the kind of tooling that turns compliance from a bottleneck into a foundation.","https://static.wixstatic.com/media/b805ce_64ac1f32ded24141bf2b8136c6e64780~mv2.jpeg/v1/fill/w_6000,h_3301,al_c,q_90/AdobeStock_382432785.jpeg",captured,,,other,,,,,,,,,,,,f,,,,,,,,,
c6e622f0-8f87-416c-a940-11c2e2361bd8,synozur.com,137db123-4906-4e61-af99-f0d23d86a622,Synozur 2026 AI Report | The Synozur Alliance,"The Synozur 2026 AI Report gives leaders a grounded view of AI's trajectory — from a $453B market today to $923B by 2030. Drawing on 120 maturity assessments, it reveals why most organizations stall at adoption, not tools. Plus three predictions shaping 2026: Microsoft's first-party LLM, the Agent Boss era, and industry-led governance standards. Cut through the hype at synozur.com.",https://www.synozur.com/items/2026-ai-report,,,,,168e4eb1-65aa-4aed-886e-518e20c1db05,active,f,116500d0-357e-4ace-a7af-7264ed58e22a,2026-03-22 22:44:46.113145,2026-03-22 22:44:46.113145,,"https://static.wixstatic.com/media/b805ce_597f693b52f940b388ea2e3af675c3ed~mv2.jpeg/v1/fill/w_5110,h_2555,al_c,q_90/AdobeStock_307252854.jpeg",captured,,,other,,,,,,,,,,,,f,,,,,,,,,
d4f77ee2-db3f-476a-a4ba-32ded03e28e9,synozur.com,137db123-4906-4e61-af99-f0d23d86a622,CARE-RAFT Prompting - Industry Examples | The Synozur Alliance,"The CARE and RAFT frameworks are designed to enhance prompt engineering for generative AI. CARE helps define the situation, clarify the intended action, outline rules for output, and provide concrete examples. RAFT, on the other hand, ensures the AI understands its role, audience, output format, and the specific task required. Both frameworks empower users to create clearer, more effective prompts.",https://www.synozur.com/items/care-raft-prompting-industry-examples,,,,,168e4eb1-65aa-4aed-886e-518e20c1db05,active,f,116500d0-357e-4ace-a7af-7264ed58e22a,2026-03-22 22:44:47.085534,2026-03-22 22:44:47.085534,,"https://static.wixstatic.com/media/b805ce_09efecc1c63b4e3b99d791bcbb81331d~mv2.jpg/v1/fill/w_1536,h_1024,al_c,q_85/CARE-RAFT.jpg",captured,,,other,,,,,,,,,,,,f,,,,,,,,,
d9095a0b-65a9-4958-823f-036a7e2ad85b,synozur.com,137db123-4906-4e61-af99-f0d23d86a622,Navigating the AI Stratosphere | The Synozur Alliance,"Worried about crashing your AI project? Get the altitude you need to fly over storms and reach new business heights with AI! Based on research from Microsoft and Synozur, and decades of consulting expertise, we'll show you how to prepare and execute your GenAI flight plan. We review findings from the 2024 Microsoft WTI and our own research.",https://www.synozur.com/items/navigating-ai-stratosphere,,,,,168e4eb1-65aa-4aed-886e-518e20c1db05,active,f,116500d0-357e-4ace-a7af-7264ed58e22a,2026-03-22 22:44:47.815479,2026-03-22 22:44:47.815479,,"https://static.wixstatic.com/media/b805ce_c70a4176862e49efa027e2945a7b2973~mv2.png/v1/fill/w_1792,h_1024,al_c/FlyingOutOfStorm.png",captured,,,other,,,,,,,,,,,,f,,,,,,,,,
7ce7b472-bf44-4e3e-8aa7-c5aacfa0a3ed,synozur.com,137db123-4906-4e61-af99-f0d23d86a622,Succeeding with Your Copilot Rollout | The Synozur Alliance,"In February, Chris McNulty led a comprehensive webinar titled “How to Succeed with Your Copilot Deployment."" The session provided invaluable insights and practical steps for effectively deploying Microsoft's Copilot within organizations. Attendees were guided through the current state of AI, common deployment mistakes, and a five-step plan for successful Copilot integration.",https://www.synozur.com/items/succeeding-with-copilot,,,,,168e4eb1-65aa-4aed-886e-518e20c1db05,active,f,116500d0-357e-4ace-a7af-7264ed58e22a,2026-03-22 22:44:48.71898,2026-03-22 22:44:48.71898,,"https://static.wixstatic.com/media/b805ce_dbe6b0efcca946d7aad7ec510864b2d5~mv2.jpeg/v1/fill/w_2688,h_1536,al_c,q_90/Firefly_219baa39-8237-499a-8c56-b2dba071fbc5.jpeg",captured,,,other,,,,,,,,,,,,f,,,,,,,,,
191d2860-590b-403f-b002-f802b04dbe0e,synozur.com,137db123-4906-4e61-af99-f0d23d86a622,Transforming management frameworks at Microsoft | The Synozur Alliance,"When one of Microsoft’s marketing teams sought to reinvent their annual planning “offsite” to establish new goals and a more dynamic and efficient management framework, they turned to Synozur, a leader in strategic consulting. Synozur’s expertise played a pivotal role in revolutionizing Microsoft’s management processes, enhancing team productivity, and fostering innovation. As a result, Microsoft saw an estimated $0.5M–$1.0M in annual productivity cost avoidance, with additional multi‑million‑dollar revenue influence, resulting from improved planning cadence, cross‑team alignment, and faster marketing execution.",https://www.synozur.com/case-studies/transforming-management-frameworks-at-microsoft,,,,,b5e0bd0f-1532-4700-97ba-02b14c8faea5,active,f,116500d0-357e-4ace-a7af-7264ed58e22a,2026-03-22 22:44:45.162403,2026-03-23 00:06:19.77,,"https://static.wixstatic.com/media/b805ce_759217ee0d84438089805ae72a743c3a~mv2.jpg/v1/fill/w_2000,h_1333,al_c,q_90/Win16a_BCN_Students2_Table_HPSpectrex360_01416.jpg",captured,,,other,,,,,,,,,,,,f,,,,,,,,,
23c355f8-d0be-48a4-a934-6e35cb19961a,synozur.com,137db123-4906-4e61-af99-f0d23d86a622,Story Cellars and Synozur - Craft and Culture | The Synozur Alliance,"Story Cellars was founded in 2016 by Tim Oas. Tim is a pioneer in crafting Washington state wines from their winery in Woodinville, Washington. We chose to partner with Story Cellars because we believe in Tim and love his approach to winemaking. The Velvet Vega Zin has been a labor of love for Tim and a great partnership for us.",https://www.synozur.com/case-studies/story-cellars,,,,,b5e0bd0f-1532-4700-97ba-02b14c8faea5,active,f,116500d0-357e-4ace-a7af-7264ed58e22a,2026-03-22 22:44:44.25395,2026-03-23 00:06:30.31,,"https://static.wixstatic.com/media/b805ce_7aa5db4e2dbc41eeb703c838bb75db8f~mv2.png/v1/fill/w_1500,h_970,al_c/IMG_4464.PNG",captured,,,other,,,,,,,,,,,,f,,,,,,,,,
1e1b9ee1-bd84-4743-94f7-70090bcf4a50,synozur.com,137db123-4906-4e61-af99-f0d23d86a622,Management Makeover at a Luxury Brand | The Synozur Alliance,"In a strategic effort to overhaul the management framework of a thriving North American luxury manufacturer, Synozur spearheaded a digital transformation initiative in 2023. The project's primary objective was to implement a robust Company Operating System (Company OS) to support the company's rapid growth and scalability. This case study delves into the challenges faced, the solutions introduced by Synozur, and the positive outcomes for leadership effectiveness. As a result, our client saw an estimated $0.6–$1.3MM annual cost savings and $500K–$1.5M+ in revenue enablement, driven by reduced internal friction and faster execution of commercial and operational initiatives.",https://www.synozur.com/case-studies/management-makeover-at-a-luxury-brand,,,,,b5e0bd0f-1532-4700-97ba-02b14c8faea5,active,f,116500d0-357e-4ace-a7af-7264ed58e22a,2026-03-22 22:44:43.456645,2026-03-23 00:06:42.241,,"https://static.wixstatic.com/media/b805ce_3367a960d2474a518ab816eacdff0891~mv2.jpg/v1/fill/w_1067,h_760,al_c,q_85/CLO17_corporateOffice_021%20-cropped.jpg",captured,,,other,,,,,,,,,,,,f,,,,,,,,,
a8fd6d25-13ef-4883-8667-b576e9ada912,synozur.com,137db123-4906-4e61-af99-f0d23d86a622,AI-first transformation is not a tool rollout,"AI-first transformation starts with the operating model, not the tools. Learn how to move from AI-ready to AI-first with measurable outcomes.",,"The pattern is getting hard to ignore.

A leadership team approves an AI budget. A few tools get piloted. Someone drafts a use case list. The board hears that progress is underway.

Six months later, very little has changed.

The problem usually is not effort. It is framing. Too many companies treat AI as a technology deployment when it is really an operating model decision. They buy tools before defining ownership. They ask for productivity gains before setting a baseline. They push experimentation without governance, and then act surprised when adoption stalls.

That distinction sounds small. It isn't.

If you are a mid-market CEO or PE-backed leader, the real risk is not that your company is behind on AI headlines. The risk is that your business becomes irrelevant while your teams are still running disconnected experiments. AI-first transformation is not about looking innovative. It is about building a company that can make better decisions, move faster, and produce measurable outcomes before disruption decides the timeline for you.

## **Most AI strategies fail before the first pilot**

The obvious view is that AI efforts fail because the technology is immature or the data is messy.

Sometimes that is true. More often, the breakdown happens earlier.

Companies start with ambition, not accountability. They launch with enthusiasm, not role clarity. They treat AI like a side project owned by IT instead of a cross-functional shift in how work gets done.

This is where a lot of consulting advice falls apart too. Large firms often arrive with a platform bias, a standard methodology, or a delivery machine built to scale implementation. That can help when the destination is already clear. It helps less when the leadership team is still trying to answer a simpler question: what, exactly, should AI change in this business over the next 90 days, 12 months, and 24 months?

An AI-first business needs more than a vendor roadmap. It needs a North Star.

That means:
- a clear value thesis tied to revenue, EBITDA, productivity, or time-to-decision
- defined AI roles, governance, and decision rights
- a practical sequence from readiness to adoption to scale
- human review and judgment at every meaningful step

We use a simple principle because it holds up under pressure: **AI accelerates, experts decide**.

That is not anti-technology. It is how you avoid shipping AI slop, creating internal distrust, or mistaking activity for progress.

## **AI-ready, AI-enabled, AI-first: the ladder matters**

One of the biggest mistakes leaders make is trying to jump straight to AI-first.

It sounds ambitious. It usually creates confusion.

Most organizations need to move up the ladder in order.

**AI-ready** means you understand the current state. Your leadership team has aligned on the business problems worth solving. You have a working view of data quality, governance, security, and change readiness. You know where AI should help, and where it should stay out of the way.

**AI-enabled** means you have live use cases producing visible value. Teams are using AI in specific workflows. Roles are clearer. Governance exists. You can point to measurable improvements, not just internal demos.

**AI-first** means AI is part of how the company operates by design. Planning, execution, reporting, decision support, and knowledge flows all reflect that reality. Human judgment still matters, a lot, but the business no longer treats AI as a novelty or sidecar.

The ladder matters because maturity matters. A company that skips the AI-ready stage often creates expensive noise. A company that never leaves AI-enabled gets trapped in pilot purgatory.

Progress needs sequence. Sequence creates traction.

## **The operating model is the product**

This is the part many leaders underestimate.

AI transformation is not complete when a model works. It is complete when the organization works differently because of it.

That means your operating model has to change.

## **What has to be defined**
- who owns AI priorities
- how use cases get selected
- what review process governs outputs
- where human approval is required
- how value is measured at 30, 60, and 90 days
- how teams are trained without shame or theater

A lot of firms stop at strategy, or disappear into implementation mechanics. The better path sits between those extremes. Design the operating model. Stay accountable for value realization. Bring in the right implementation partners when needed. Keep one team responsible for the frame.

That hybrid approach matters, especially for founder-led and PE-backed companies. You need speed, but not chaos. You need measurable progress, but not a bloated transformation program that burns a year before showing evidence.

[VISUAL: A simple three-stage ladder graphic showing AI-ready, AI-enabled, and AI-first, with side columns for governance, adoption, and measurable 30/60/90-day outcomes]

This is also where human-centered transformation stops sounding soft and starts sounding practical. If people do not trust the outputs, understand the guardrails, or see how the work helps them, adoption will fail. Quietly, then completely.

Our rule is publishable because it is usable: **ASK → REVIEW → EDIT → REPEAT**.

Nothing goes to a client without human review. No actual impersonation of a person, ever. Those guardrails are not decoration. They are what make responsible scale possible.

## **Why urgency is real, but panic is useless**

There is a lot of noise in the market right now. Some of it is useful. Much of it is not.

In June, major AI companies including OpenAI, Anthropic, Amazon, and Microsoft backed a $500 million worker retraining push reported by [TNW](https://thenextweb.com/). Around the same time, [The New York Times](https://www.nytimes.com/) reported that lower-cost Chinese AI models were gaining ground on leading U.S. providers.

You do not need to overreact to every headline. You do need to see the pattern.

Capability is spreading. Cost is dropping. Expectations are rising.

That means the window for casual experimentation is closing. Leaders now need a point of view on where AI creates advantage, what operating changes it requires, and how the organization will adopt it without breaking trust.

Urgency with calm beats panic with budget every time.

The companies that win this phase will not be the ones that bought the most tools. They will be the ones that connected markets to products, strategy to execution, and AI ambition to measurable operating change.

## **What leaders should do next**

If your AI work feels scattered, the answer is usually not another pilot.

Start here:
- define the business outcomes you expect AI to move
- assign ownership for governance, adoption, and measurement
- identify 2 to 3 workflows where value can be proven quickly
- set 30, 60, and 90-day milestones before spending more
- establish human review guardrails that your team can actually follow

This is slower than hype. It is faster than rework.

AI-first transformation is not a race to install software. It is a calculated risk to redesign how the business runs, while there is still time to do it deliberately.

If you want a practical read on where your company sits today, and what the next 90 days should look like, talk to Synozur about an AI-first operating model assessment. Bring your bottlenecks, your skepticism, and your current pilot list. We will help you sort signal from noise, then build the next step on purpose.",,,,,active,f,116500d0-357e-4ace-a7af-7264ed58e22a,2026-07-03 00:26:26.2017,2026-07-03 00:26:26.2017,,,none,,,blog_post,,,,,,,,"Mid-market leaders do not lose to AI because they moved too slowly on software, they lose because they never changed how the business decides, operates, and adopts.","Many companies are buying AI without changing the operating model around it. That is why pilots stall, ROI stays fuzzy, and teams resist the work. This post lays out a calmer, more practical path from AI-ready to AI-enabled to AI-first, with clear governance, measurable outcomes, and human-centered adoption that sticks.","AI-first transformation, operating model, AI strategy, change management, mid-market leadership",,f,,,,,,,,,
30ebf982-6543-4b0c-b1d1-412d66c31ff5,synozur.com,137db123-4906-4e61-af99-f0d23d86a622,Upgrading your Company Operating System (Updated) | The Synozur Alliance,"Strong strategy fails without a system. The 2026 edition of Upgrading Your Company Operating System shows modern organizations how to scale with clarity and discipline — turning ambitions into executable goals, preventing execution drift, and building a management cadence that lasts. Includes a practical maturity model and a look at Vega, Synozur's AI-augmented Company Operating System. Try Vega free at vega.synozur.com",https://www.synozur.com/items/upgrading-your-company-operating-system-2026,,,,,168e4eb1-65aa-4aed-886e-518e20c1db05,active,f,116500d0-357e-4ace-a7af-7264ed58e22a,2026-03-22 22:44:49.489209,2026-03-22 22:44:49.489209,,"https://static.wixstatic.com/media/b805ce_daeba1847b08463bbc13e4eeb1bd5345~mv2.jpeg/v1/fill/w_4100,h_2733,al_c,q_90/AdobeStock_299078039.jpeg",captured,,,other,,,,,,,,,,,,f,,,,,,,,,
eb960e6d-1643-416a-bc0b-092441b882e2,synozur.com,137db123-4906-4e61-af99-f0d23d86a622,Content Management Maturity Model | The Synozur Alliance,"Evaluate your organization's content and document management maturity across leadership, people, technology, processes, GRC, and AI capabilities. Platform-agnostic framework with Microsoft 365 examples.",https://www.synozur.com/models/content-management-maturity-model,,,,,b685471d-516c-414a-8a3b-612134579c46,active,f,116500d0-357e-4ace-a7af-7264ed58e22a,2026-03-22 22:44:50.385837,2026-03-22 22:44:50.385837,,"https://static.wixstatic.com/media/b805ce_9a2084eef48c4f90ba8406b5c809eff7~mv2.jpeg/v1/fill/w_2688,h_1536,al_c,q_90/Firefly_5c02a715-05d7-48e2-91d7-99c03988b690.jpeg",captured,,,other,,,,,,,,,,,,f,,,,,,,,,
84ed8ef3-1bd8-4310-aad7-e25506ab6845,synozur.com,137db123-4906-4e61-af99-f0d23d86a622,GTM Maturity Model | The Synozur Alliance,"The Go-To-Market (GTM) Maturity model measures how ready your organization is to scale by evaluating its approach to launching and selling products—covering market fit, brand clarity, pricing strategy, demand generation, sales enablement, and collateral effectiveness.",https://www.synozur.com/models/gtm-maturity-model,,,,,b685471d-516c-414a-8a3b-612134579c46,active,f,116500d0-357e-4ace-a7af-7264ed58e22a,2026-03-22 22:44:51.301892,2026-03-22 22:44:51.301892,,"https://static.wixstatic.com/media/b805ce_610645951fa747adaad22b93eb3c8dd9~mv2.png/v1/fill/w_614,h_409,al_c/GTMNight.png",captured,,,other,,,,,,,,,,,,f,,,,,,,,,
908f5868-ac69-4d4b-b683-490c3a4776d7,synozur.com,137db123-4906-4e61-af99-f0d23d86a622,Knowledge Management Maturity Model | The Synozur Alliance,"Assess your organization's knowledge management maturity across leadership, culture, processes, technology, risk/compliance, and use of AI. This model is aligned with industry best practices (APQC, CMMI, ISO 30401) and provides a 5-level maturity evaluation.",https://www.synozur.com/models/knowledge-management-maturity-model,,,,,b685471d-516c-414a-8a3b-612134579c46,active,f,116500d0-357e-4ace-a7af-7264ed58e22a,2026-03-22 22:44:52.31192,2026-03-22 22:44:52.31192,,"https://static.wixstatic.com/media/b805ce_c47dfecd3ac74431be4ec2e9b2e234ea~mv2.jpeg/v1/fill/w_2500,h_1667,al_c,q_90/AdobeStock_371497878.jpeg",captured,,,other,,,,,,,,,,,,f,,,,,,,,,
4a4f9e04-de0e-441c-b0ab-6e2cd55fa14f,synozur.com,137db123-4906-4e61-af99-f0d23d86a622,Management and Company OS | The Synozur Alliance,"Evaluate how effectively your organization runs — from mission and goals to strategy, management rhythm, and execution. A fast, structured assessment that shows you where your Company Operating System stands and where to go next.",https://www.synozur.com/models/management-and-company-os,,,,,b685471d-516c-414a-8a3b-612134579c46,active,f,116500d0-357e-4ace-a7af-7264ed58e22a,2026-03-22 22:44:53.049808,2026-03-22 22:44:53.049808,,"https://static.wixstatic.com/media/b805ce_ce184f8f253d449998f9017fec96d76c~mv2.png/v1/fill/w_1456,h_816,al_c/u8445749678_To_promote_Synozurs_podcast_show_a_photorealistic_2c893074-08b9-47a6-89b8-237fdc7b230d_3.png",captured,,,other,,,,,,,,,,,,f,,,,,,,,,
69a515ff-4ce7-4a57-8780-e3754c831037,synozur.com,137db123-4906-4e61-af99-f0d23d86a622,Claude Comes Inside the Microsoft 365 Boundary,"Anthropic’s Claude AI is now an official Microsoft data processor, enabling secure integration within the Microsoft 365 trust boundary. Business users gain access to Claude’s advanced reasoning and coding capabilities directly in Word, Excel, Teams, and more—without new contracts or compliance hurdles.",https://www.synozur.com/post/claude-comes-inside-the-microsoft-365-boundary,,,,,de9f9358-81f0-47ea-8c20-41d57a2ca5f4,active,f,116500d0-357e-4ace-a7af-7264ed58e22a,2026-03-22 22:44:56.263022,2026-03-24 15:18:49.807,,"https://static.wixstatic.com/media/b805ce_b27009136574436f884e939e282b3286~mv2.jpg/v1/fill/w_1000,h_667,al_c,q_85,usm_0.66_1.00_0.01/b805ce_b27009136574436f884e939e282b3286~mv2.jpg",captured,,,other,,,,,,,,,,,,f,,,,,,,,,
40904388-c5fb-4d00-8294-260e4c5f5738,synozur.com,137db123-4906-4e61-af99-f0d23d86a622,AI in 2026: The Market Is Big. The Gap Is Bigger.,"AI is past experimentation—and the gap between leaders and laggards is widening. The Synozur 2026 AI Report delivers a clear view of AI market growth from $453B in 2026 to ~$923B by 2030, insights from 120 maturity assessments showing a 250+ point gap, and three practical predictions shaping 2026 around models, agents, and standards.",https://www.synozur.com/post/ai-in-2026-the-market-is-big-the-gap-is-bigger,,,,,de9f9358-81f0-47ea-8c20-41d57a2ca5f4,active,f,116500d0-357e-4ace-a7af-7264ed58e22a,2026-03-22 22:44:53.8028,2026-03-24 15:18:57.554,,"https://static.wixstatic.com/media/b805ce_17d6e552966f4a03b382c3da21b732d7~mv2.png/v1/fill/w_1000,h_667,al_c,q_90,usm_0.66_1.00_0.01/b805ce_17d6e552966f4a03b382c3da21b732d7~mv2.png",captured,,,other,,,,,,,,,,,,f,,,,,,,,,
1ade23eb-e282-4004-b7e7-4baec2aa6547,synozur.com,137db123-4906-4e61-af99-f0d23d86a622,Transform Your Business with The Synozur Alliance,"Strategy, AI, and Microsoft 365 advisory from The Synozur Alliance — practical guidance for leaders shaping the modern workplace.",https://www.synozur.com/events/the-agentic-gtm-stack-how-we-turn-claude-cowork-skills-into-client-revenue,,,,,f4cfaa7f-8591-4566-84ce-dfebdc123444,archived,f,116500d0-357e-4ace-a7af-7264ed58e22a,2026-07-03 00:50:44.562239,2026-07-03 14:40:28.329,"Most AI efforts don’t fail because the tools are weak—they fail because the path from capability to client value is unclear.

The real opportunity in an agentic go-to-market motion is not adding more prompts, more platforms, or more noise. It’s building a practical system that turns AI skills into repeatable revenue: clearer positioning, faster content creation, better sales enablement, and stronger alignment between strategy and execution.

If your team is experimenting with tools like Claude or copilots but still struggling to connect that work to pipeline, adoption, or measurable outcomes, that gap matters. The organizations pulling ahead are the ones treating AI as part of a disciplined go-to-market stack—grounded in business goals, shaped around how people actually work, and designed to make the desirable achievable.",https://www.synozur.com/opengraph.jpg,extracted,,,other,,,,,,,,,,,,f,,,,,,,,,
94ea856d-b329-45ad-9400-8af5e1052719,synozur.com,137db123-4906-4e61-af99-f0d23d86a622,"Ignite Day One: Work IQ, Agent 365, and the Next Wave of Copilot","Today’s announcements at Microsoft Ignite push Copilot from “smart assistant” to an operating layer for how work actually gets done. Microsoft introduced Work IQ, Agent 365, dedicated Office app agents, new Outlook voice and scheduling, expanded Copilot voice, Sora 2 for enterprise video, and an autonomous Sales Development Agent—with a pragmatic model and content strategy to match. Here’s what matters, why it’s different, and how to act this quarter.",https://www.synozur.com/post/ignite-day-one-work-iq-agent-365-and-the-next-wave-of-copilot,,,,,de9f9358-81f0-47ea-8c20-41d57a2ca5f4,active,f,116500d0-357e-4ace-a7af-7264ed58e22a,2026-03-22 22:45:01.202797,2026-03-24 15:18:24.677,,"https://static.wixstatic.com/media/b805ce_8d2d9a5b69574f5daf0091e11e1b20a8~mv2.jpeg/v1/fill/w_1000,h_667,al_c,q_85,usm_0.66_1.00_0.01/b805ce_8d2d9a5b69574f5daf0091e11e1b20a8~mv2.jpeg",captured,,,other,,,,,,,,,,,,f,,,,,,,,,
88e52434-15cf-4ff6-977f-84c78637ffff,synozur.com,137db123-4906-4e61-af99-f0d23d86a622,Polaris - 2025 In Review,"Four Synozur leaders - Michelle Boyd, Michelle Caldwell, Joshua Christensen & Shari Oswald – joing Chris McNulty on a special holiday edition of Polaris to reflect on 2025's seismic shifts in AI, the gap between technology and organizational maturity, and why 2026 will separate those who merely adopted tools from those who fundamentally transformed how work gets done.",https://www.synozur.com/post/copilot-culture-the-cloud-2025-at-synozur,,,,,4f916b55-054e-4ebb-a1b3-1ac224f06ae7,active,f,116500d0-357e-4ace-a7af-7264ed58e22a,2026-03-22 22:44:57.965296,2026-03-24 15:16:36.686,"2026 won’t reward the companies that merely adopted AI — it will reward the ones that changed how work actually gets done.

The real gap isn’t access to tools. It’s organizational maturity: leadership alignment, clear operating rhythms, responsible adoption, and a culture that knows how to turn experimentation into measurable outcomes.

That’s the lesson many teams learned in 2025. New technology created momentum, but momentum alone didn’t create transformation. The organizations pulling ahead are the ones connecting AI, culture, cloud, and decision-making into one practical strategy instead of treating them like separate initiatives.

If you’re planning for the year ahead, this is the question worth asking now: are you adding more tools, or are you building a business that can truly absorb change and turn it into growth?","https://static.wixstatic.com/media/b805ce_fca6d956096a49d3a2642a761ba34b4b~mv2.jpg/v1/fill/w_1000,h_563,al_c,q_85,usm_0.66_1.00_0.01/b805ce_fca6d956096a49d3a2642a761ba34b4b~mv2.jpg",captured,,,other,,,,,,,,,,,,f,,,,,,,,,
88fff2e5-8b6e-49dd-af71-296aabf592f1,synozur.com,137db123-4906-4e61-af99-f0d23d86a622,Ignite 2025: SharePoint Steps Up as Copilot's Knowledge Platform,All the SharePoint AI news from Microsoft Ignite 2025 - from using SharePoint metadata and the SharePoint Admin agent.,https://www.synozur.com/post/ignite-2025-sharepoint-steps-up-as-copilots-knowledge-platform,,,,,de9f9358-81f0-47ea-8c20-41d57a2ca5f4,active,f,116500d0-357e-4ace-a7af-7264ed58e22a,2026-03-22 22:45:00.452761,2026-03-24 15:18:33.213,,"https://static.wixstatic.com/media/b805ce_b2373c0a5ac94723a11d5f155bc89ede~mv2.jpeg/v1/fill/w_1000,h_667,al_c,q_85,usm_0.66_1.00_0.01/b805ce_b2373c0a5ac94723a11d5f155bc89ede~mv2.jpeg",captured,,,other,,,,,,,,,,,,f,,,,,,,,,
4776fe4d-6598-46f6-918a-5b2a03246e6c,synozur.com,137db123-4906-4e61-af99-f0d23d86a622,GPT-5.2 Arrives in M365 Copilot,GPT 5.2 has areived - and it’s available in M365 Copilot,https://www.synozur.com/post/gpt-5-2-arrives-in-m365-copilot,,,,,de9f9358-81f0-47ea-8c20-41d57a2ca5f4,active,f,116500d0-357e-4ace-a7af-7264ed58e22a,2026-03-22 22:44:58.72221,2026-03-24 15:23:03.524,"A model upgrade can quietly change how work gets done across your entire organization—and GPT-5.2 landing in Microsoft 365 Copilot is one of those moments.

If your teams already live in Word, Excel, PowerPoint, Outlook, and Teams, this is more than a feature update. It has the potential to improve how people draft, summarize, analyze, and move from scattered information to faster, clearer decisions—without forcing them into yet another tool.

The real opportunity is not “using AI” for the sake of it. It’s helping your people spend less time wrestling with content and more time on judgment, collaboration, and outcomes that actually move the business forward.

The organizations that benefit most will be the ones that treat this as a strategy question, not just a software announcement: where can better prompting, stronger governance, and smarter adoption create measurable gains in productivity, quality, and focus?","https://static.wixstatic.com/media/b805ce_7120b02e213240f596cabf8e845d38c5~mv2.png/v1/fill/w_1000,h_667,al_c,q_90,usm_0.66_1.00_0.01/b805ce_7120b02e213240f596cabf8e845d38c5~mv2.png",captured,,,other,,,,,,,,,,,,f,,,,,,,,,
244b661f-3410-4a3f-93d6-4cf1cf0354fd,synozur.com,137db123-4906-4e61-af99-f0d23d86a622,Go-to-Market Transformation for a Microsoft-Aligned Software Company | The Synozur Alliance,"A Microsoft‑aligned software company partnered with Synozur to clarify its go‑to‑market strategy, sharpen messaging, align to Microsoft, and strengthen partner engagement.",https://www.synozur.com/case-studies/go%E2%80%91to%E2%80%91market-transformation-for-a-microsoft%E2%80%91aligned-software-company,,,,,b5e0bd0f-1532-4700-97ba-02b14c8faea5,active,f,116500d0-357e-4ace-a7af-7264ed58e22a,2026-03-22 22:44:42.685554,2026-03-23 00:06:52.445,,"https://static.wixstatic.com/media/b805ce_03ce5f0a768b4717b69e003ba4760efa~mv2.jpeg/v1/fill/w_6240,h_4160,al_c,q_90/AdobeStock_249826261.jpeg",captured,,,other,,,,,,,,,,,,f,,,,,,,,,
d9b30629-da53-425a-9752-a10f8a77520a,synozur.com,137db123-4906-4e61-af99-f0d23d86a622,The Wonderful World of Mark Kashman,"Join us as we explore ""The Wonderful World of Mark Kashman"" with Mark Kashman, delving into the vibrant Microsoft 365 community and its upcoming conference.",https://www.synozur.com/post/the-wonderful-world-of-mark-kashman,,,,,4f916b55-054e-4ebb-a1b3-1ac224f06ae7,active,f,116500d0-357e-4ace-a7af-7264ed58e22a,2026-03-22 22:45:10.381342,2026-03-24 15:11:26.851,,"https://static.wixstatic.com/media/b805ce_cd5dc976cd414b769421435208bcd72f~mv2.jpg/v1/fill/w_1000,h_563,al_c,q_85,usm_0.66_1.00_0.01/b805ce_cd5dc976cd414b769421435208bcd72f~mv2.jpg",captured,,,other,,,,,,,,,,,,f,,,,,,,,,
d2b867b1-41b9-483e-80dc-ed9a5472da8c,synozur.com,137db123-4906-4e61-af99-f0d23d86a622,"Tarmacs, Tariffs, and Transformation","A practical conversation with Synozur’s transformation leader Rob Asen on why transformation offices succeed where traditional PMOs stall, how AI changes leadership reach, and the five lenses that put strategy into motion: vision, leadership, impact, capacity, and measurement.",https://www.synozur.com/post/tarmacs-tariffs-and-transformation,,,,,4f916b55-054e-4ebb-a1b3-1ac224f06ae7,active,f,116500d0-357e-4ace-a7af-7264ed58e22a,2026-03-22 22:45:08.64567,2026-03-24 15:11:37.004,,"https://static.wixstatic.com/media/b805ce_86142b133bb14b86b1a71b47f58cd15b~mv2.jpg/v1/fill/w_1000,h_563,al_c,q_85,usm_0.66_1.00_0.01/b805ce_86142b133bb14b86b1a71b47f58cd15b~mv2.jpg",captured,,,other,,,,,,,,,,,,f,,,,,,,,,
fefd58b3-2fd3-4f61-8186-2634632a7343,synozur.com,137db123-4906-4e61-af99-f0d23d86a622,Polaris: Walk the Project Runway with Michelle Boyd,"In this episode of Polaris, Chris McNulty and Michelle Boyd discuss the importance of delivery excellence in project management.",https://www.synozur.com/post/polaris-walk-the-project-runway-with-michelle-boyd,,,,,4f916b55-054e-4ebb-a1b3-1ac224f06ae7,active,f,116500d0-357e-4ace-a7af-7264ed58e22a,2026-03-22 22:45:05.276165,2026-03-24 15:13:48.031,,"https://static.wixstatic.com/media/b805ce_d3021ab0f7404f22a1cc27a03a82d4c0~mv2.jpg/v1/fill/w_1000,h_563,al_c,q_85,usm_0.66_1.00_0.01/b805ce_d3021ab0f7404f22a1cc27a03a82d4c0~mv2.jpg",captured,,,other,,,,,,,,,,,,f,,,,,,,,,
25549766-48a6-4abf-a7ee-d0ca5935d85f,synozur.com,137db123-4906-4e61-af99-f0d23d86a622,Upgrading Your Company Operating System (2026): From Ambition to Execution,"The 2026 edition of Upgrading Your Company Operating System explains why strategy alone isn’t enough—and how durable execution requires a system. This update introduces ambitions as long term north stars, reframes annual goals as executable objectives, and shows how a clear cascade from ambition to action prevents drift. It also introduces Vega, an AI augmented Company OS built to make strategy operational.",https://www.synozur.com/post/upgrading-your-company-operating-system-2026-from-ambition-to-execution,,,,,de9f9358-81f0-47ea-8c20-41d57a2ca5f4,active,f,116500d0-357e-4ace-a7af-7264ed58e22a,2026-03-22 22:45:11.3466,2026-03-24 15:18:08.976,,"https://static.wixstatic.com/media/b805ce_daeba1847b08463bbc13e4eeb1bd5345~mv2.jpeg/v1/fill/w_1000,h_667,al_c,q_85,usm_0.66_1.00_0.01/b805ce_daeba1847b08463bbc13e4eeb1bd5345~mv2.jpeg",captured,,,other,,,,,,,,,,,,f,,,,,,,,,
e319b783-4cea-40e3-8a1f-bdfe13b99c65,synozur.com,137db123-4906-4e61-af99-f0d23d86a622,The King of Data Migration Magic with Jordan (Uytterhagen),Free your data from legacy systems and learn how to prepare for an AI‑driven future in this Polaris episode featuring Cadence Solutions CEO Jordan Utytterhagen.,https://www.synozur.com/post/the-king-of-data-migration-magic-with-jordan-uytterhagen,,,,,4f916b55-054e-4ebb-a1b3-1ac224f06ae7,active,f,116500d0-357e-4ace-a7af-7264ed58e22a,2026-03-22 22:45:09.413956,2026-03-24 15:14:08.81,"Most AI strategies fail before they start because the data is still trapped in legacy systems. If your content is locked in old platforms, scattered across repositories, or missing the structure AI needs, you are not building an AI-ready business—you are building on friction.

The real opportunity is not just migration. It is freeing your data so your teams can find it, trust it, govern it, and actually use it to improve decisions, automate work, and create better experiences.

A smart data migration strategy does more than move files from one place to another. It helps you reduce risk, strengthen readiness, and create a clearer path to the outcomes leadership actually cares about: efficiency, adoption, and measurable business value.","https://static.wixstatic.com/media/b805ce_69e1742e21ca4513b66f3961b43c3130~mv2.jpg/v1/fill/w_1000,h_563,al_c,q_85,usm_0.66_1.00_0.01/b805ce_69e1742e21ca4513b66f3961b43c3130~mv2.jpg",captured,,,other,,,,,,,,,,,,f,,,,,,,,,
189d115d-2a77-485a-ab56-998abe751948,synozur.com,137db123-4906-4e61-af99-f0d23d86a622,Summer of Copilot - Endless Summer,"In our “Summer of Copilot – Endless Summer” finale, we recap how Microsoft’s AI assistant has reshaped work in 2025 and what’s next. From ubiquitous presence in Office apps to specialized agents like Researcher and Analyst, Copilot became a true digital colleague. We highlight major use cases (creative content, sales proposals, knowledge support) delivering real ROI, and how Synozur guides businesses in adopting Copilot responsibly. Plus, a look at Copilot’s place in the broader AI ecosystem",https://www.synozur.com/post/summer-of-copilot-endless-summer,,,,,de9f9358-81f0-47ea-8c20-41d57a2ca5f4,active,f,116500d0-357e-4ace-a7af-7264ed58e22a,2026-03-22 22:45:07.486894,2026-03-24 15:18:17.699,,"https://static.wixstatic.com/media/b805ce_484614fbe030417cabc2d2d4f8328702~mv2.jpeg/v1/fill/w_1000,h_667,al_c,q_85,usm_0.66_1.00_0.01/b805ce_484614fbe030417cabc2d2d4f8328702~mv2.jpeg",captured,,,other,,,,,,,,,,,,f,,,,,,,,,
2f348856-e9b7-4b85-8962-06efb5f5ee4b,synozur.com,137db123-4906-4e61-af99-f0d23d86a622,Executive AI Readiness at a Leading Education Technology Company | The Synozur Alliance,"A leading education technology organization partnered with Synozur to assess AI readiness, align leadership, and define a practical roadmap for responsible AI adoption.",https://www.synozur.com/case-studies/executive-ai-readiness-at-a-leading-education-technology-company,,,,,b5e0bd0f-1532-4700-97ba-02b14c8faea5,active,f,116500d0-357e-4ace-a7af-7264ed58e22a,2026-03-22 22:44:41.930924,2026-03-23 00:07:04.328,,"https://static.wixstatic.com/media/b805ce_3c46f10e30d6494f9961c3c265212750~mv2.jpeg/v1/fill/w_5472,h_3204,al_c,q_90/AdobeStock_670678012.jpeg",captured,,,other,,,,,,,,,,,,f,,,,,,,,,
0c80b977-e463-412c-bc49-ec30a18c453a,synozur.com,137db123-4906-4e61-af99-f0d23d86a622,Company OS,,https://www.synozur.com/solutions/company-os,,,,,26fb2332-40e6-4dcc-bb95-15ef13cf2fb1,active,f,116500d0-357e-4ace-a7af-7264ed58e22a,2026-03-24 03:51:33.654763,2026-03-24 03:51:33.654763,"More than 60% of strategic initiatives fail—not because they're wrong, but because leadership teams can't turn talk into action.

Most executives spend hours in meetings that feel productive but produce nothing. That's not a discipline problem. It's an operating system problem.

The most effective leaders don't just set goals—they build a repeatable cadence that moves from vision to execution without losing momentum. They define foundations, align on strategy, and create accountability rhythms that actually stick.

If your leadership team has clarity on the destination but keeps drifting off course, you don't need more planning sessions. You need a structure that turns strategy into everyday behavior—and makes execution as natural as breathing.","https://static.wixstatic.com/media/b805ce_53dcd08840e343b18f38c04258086404%7Emv2.png/v1/fit/w_2500,h_1330,al_c/b805ce_53dcd08840e343b18f38c04258086404%7Emv2.png",extracted,,"{""topics"": [""Customer Success"", ""Leadership""], ""seasons"": []}",other,,,,,,,,,,,,f,,,,,,,,,
30e74a13-0a16-421b-b23d-30e005f0b712,synozur.com,137db123-4906-4e61-af99-f0d23d86a622,The Agentic GTM Stack: How We Turn Claude Cowork Skills Into Client Revenue | The Synozur Alliance,"Not just drafting with AI — running the whole motion. A live, demo-first session for revenue and product leaders.",https://www.synozur.com/events/the-agentic-gtm-stack-how-we-turn-claude-cowork-skills-into-client-revenue,"Salesforce and HubSpot are racing to sell you AI agents. The harder question for go-to-market teams: who actually makes agentic GTM work — on your data, in your voice, inside your Microsoft stack? Join Synozur CTO and former Microsoft 365 leader Chris McNulty for a working session on the agentic GTM stack. We’ll start with a quick overview of the rapidly evolving world of agents and skills for GTM automation. Next, we’ll walk through the GTM fundamentals: Messaging and Positioning Framework (MPF) & Brand Voice Ideal Customer Profile (ICP) Competitive Intelligence (CI) Then we’ll look at the burgeoning world of MCP servers and Cowork skills — repeatable, on-brand, compliant units of work — and how we adapt the same skills to run seamlessly across Claude and Microsoft environments. Finally, we’ll look at how we extend our client GTM platform, Orbit, with Cowork skills and run it with clients every day. Then we’ll take you through one continuous showcase. What you’ll see live — in four arcs - Market Research — a competitor teardown turned into a branded intelligence report in minutes. - Marketing — one insight becomes a week of on-brand campaign assets, in your voice. - Sales — an ICP becomes named, verified prospects, pushed straight to your CRM — with tailored battlecards to help shape your customer conversation. - Product Management — that same intelligence shapes the roadmap — and proves we build, not just pitch. Who should attend CROs, VPs of Sales and Marketing, GTM and RevOps leaders, and product leaders — especially at Microsoft partners scaling go-to-market without scaling headcount. Bonus for attendees Every attendee gets a free copy of Chris’ upcoming book, “Marketing in the AI Multiverse,” when it publishes later in 2026.",,,,f4cfaa7f-8591-4566-84ce-dfebdc123444,active,f,116500d0-357e-4ace-a7af-7264ed58e22a,2026-07-03 01:19:18.746912,2026-07-03 01:19:18.746912,"Most GTM teams don’t need more AI demos—they need a system that actually turns insight into revenue inside the tools they already use.

The real advantage isn’t “having AI.” It’s having repeatable, on-brand, compliant units of work that move from market research to campaign creation, from ICP definition to named prospects in CRM, and from competitive intelligence to sharper product decisions without adding headcount.

That’s the shift: one strong insight shouldn’t die in a notes app or slide deck. It should become a branded intelligence report, a week of campaign assets in your voice, tailored sales battlecards, and roadmap guidance your product team can actually use.

If your revenue motion still breaks between marketing, sales, and product, the opportunity isn’t another point tool. It’s building an agentic GTM stack that works on your data, in your voice, and across the environments your team already depends on.",https://www.synozur.com/api/storage/objects/uploads/7d673576-f798-4744-afd9-0c5e76754298?w=1200&fmt=jpeg,extracted,,,other,,,,,,,,,,,,f,,,,,,,,,
36583d2f-2f72-4291-9ff5-580c88f0b8c7,synozur.com,137db123-4906-4e61-af99-f0d23d86a622,Accelerating Go-To-Market for a leading AI ISV | The Synozur Alliance,"Our client, a leading independent software vendor (ISV), developed an app for generative AI systems like Microsoft Copilot to integrate disconnected content. Synozur was engaged for fractional product and marketing leadership to drive mew messaging, new app designs, and strategic go-to-market plans, recruiting sales leaders and mentoring staff to drive a successful product launch. As a result they achieved an estimated $0.8M–$1.2M incremental revenue over 12–24 months and $250K–$500K in cost avoidance, enabled by accelerated go‑to‑market execution, clearer positioning, and higher early‑stage conversion.",https://www.synozur.com/case-studies/accelerating-go-to-market-for-a-leading-ai-isv,,,,,b5e0bd0f-1532-4700-97ba-02b14c8faea5,archived,f,116500d0-357e-4ace-a7af-7264ed58e22a,2026-03-22 22:37:44.227561,2026-03-25 00:34:51.244,,"https://static.wixstatic.com/media/b805ce_03dd23de63224d67a613ec1398ab3143~mv2.jpeg/v1/fill/w_6720,h_4480,al_c,q_90/AdobeStock_456986840.jpeg",captured,,,other,,,,,,,,,,,,f,,,,,,,,,
bc5789f8-503c-4d95-a2ed-6d419ec47f2f,synozur.com,137db123-4906-4e61-af99-f0d23d86a622,Polaris: Fractional CxOs Get Our Undivided Attention,"Our latest episode of our Polaris podcast, “Fractional CxOs Get Our Undivided Attention"" dives into the evolving role of fractional leaders.",https://www.synozur.com/post/polaris-podcast-fractional-cxos-get-our-undivided-attention,,,,,4f916b55-054e-4ebb-a1b3-1ac224f06ae7,active,f,116500d0-357e-4ace-a7af-7264ed58e22a,2026-03-22 22:45:03.492415,2026-03-24 15:14:27.216,"Most companies hire full-time executives they don't need full-time—and pay the price in rigidity, overhead, and misalignment.

Fractional CxOs flip that model. They bring Fortune 500 expertise, strategic firepower, and execution discipline—without the baggage of politics, long ramp-ups, or inflated payroll. They're not placeholders. They're transformation catalysts who come in, solve the problem, build the system, and leave you better than they found you.

The real shift? Organizations are finally realizing that leadership doesn't have to be all-or-nothing. You can get undivided attention without full-time commitment. You can access top-tier talent exactly when and where you need it. And you can move faster, with less risk, than the traditional playbook ever allowed.

If your business is scaling, transforming, or stuck—fractional leadership might be the unlock you didn't know you needed.","https://static.wixstatic.com/media/b805ce_f8380800e4974a1295c2a2e2feed1f91~mv2.png/v1/fill/w_1000,h_563,al_c,q_90,usm_0.66_1.00_0.01/b805ce_f8380800e4974a1295c2a2e2feed1f91~mv2.png",captured,,,other,,,,,,,,,,,,f,,,,,,,,,
1ca59918-5d7d-497e-877b-216c061cd17c,synozur.com,137db123-4906-4e61-af99-f0d23d86a622,AI Strategy and Design,,https://www.synozur.com/solutions/ai-strategy-and-design,,,,,26fb2332-40e6-4dcc-bb95-15ef13cf2fb1,archived,f,116500d0-357e-4ace-a7af-7264ed58e22a,2026-03-24 11:12:56.513032,2026-03-24 15:21:44.129,"Most AI strategies fail before they begin—not because the technology isn't ready, but because organizations skip the hard work of alignment, governance, and design.

AI isn't a tool you deploy. It's a capability you design into your business—anchored in real outcomes, grounded in your people's workflows, and governed from day one. Without that foundation, you're not transforming. You're just experimenting with expensive software.

The best AI strategies start with three questions: What problem are we actually solving? Who needs to trust this to do their job? And what does success look like in 90 days? Answer those first, and you're already ahead of most organizations chasing the hype.

If you're building AI strategy right now, start with clarity—not complexity. The companies that win with AI aren't the ones with the fanciest models. They're the ones who know exactly why they're building, who it's for, and how to measure what matters.",,manual,,,other,,,,,,,,,,,,f,,,,,,,,,
d6a554b1-cc05-4ca8-9991-9c25fe253b5d,synozur.com,137db123-4906-4e61-af99-f0d23d86a622,Why AI-first efforts stall without an operating model,"AI-first transformation only works when companies build operating discipline around workflows, governance, adoption, and measurable outcomes.",,"# Why AI-first efforts stall without an operating model

Most AI initiatives do not fail because the models are weak. They fail because the organization has not decided how AI work will be owned, reviewed, measured, and adopted. If leadership cannot name the workflow, the decision rights, and the 30, 60, and 90-day outcomes that matter, the company does not have an AI strategy yet. It has a pilot with good branding.

## Start with work, not tools
Show why tooling-first transformation creates motion without progress. Ground the section in a simple idea. If the workflow is broken, AI just helps you break it faster.

## Define governance that makes AI usable
Frame governance as practical operating discipline, not bureaucracy. Cover ownership for prompts, approvals, data handling, exceptions, and human review so AI can scale without creating noise or risk.

## Build the operating cadence around measurable outcomes
Explain how leaders move from scattered ambition to an AI-first model by setting a North Star, clarifying roles, and tracking outcomes people can feel in productivity, decision speed, adoption, revenue, or EBITDA.

## Make human-centered adoption part of the design
Argue that adoption is not a soft side topic. It is the difference between a slick strategy deck and real behavior change on Monday morning. Include the value of clear guardrails and plain communication that do not make teams feel behind.

## Close the gap between strategy and execution
Show how strategy survives contact with the real org chart, budget cycle, and weekly leadership rhythm. This is where advisory work earns trust. Not by becoming a giant implementation shop, but by creating a model leaders can actually run.",,,,,draft,f,116500d0-357e-4ace-a7af-7264ed58e22a,2026-06-26 16:24:10.161825,2026-06-26 16:24:10.161825,"AI-first transformation only works when companies build operating discipline around workflows, governance, adoption, and measurable outcomes.",,none,,,blog_post,,,,,,35004a06-1839-49dc-aaf7-5f53e2949ee6,"{""cta"": ""If your team is investing in AI without clear ownership, governance, or measurable value, let’s compare notes on what an AI-first operating model should look like."", ""format"": ""Blog post snippet"", ""coreIdea"": ""AI-first transformation only works when companies build operating discipline around workflows, governance, adoption, and measurable outcomes."", ""platform"": ""Blog"", ""bestPostingWindow"": ""Tuesday morning""}",,,,,f,,,,,,,,,
27c09f6b-ab1e-4f2f-8d16-07b415cdb92d,synozur.com,137db123-4906-4e61-af99-f0d23d86a622,M365 Community Conference 2026 | The Synozur Alliance,"Network with professionals, attend exclusive sessions, and gain actionable knowledge to accelerate your digital transformation journey.",https://www.synozur.com/event-details/m365-community-conference-2026,"Event DetailsM365 Community Conference 2026Tue, Apr 21 | Loews Sapphire FallsNetwork with professionals, attend exclusive sessions, and gain actionable knowledge to accelerate your digital transformation journey.RSVPTime & LocationApr 21, 2026, 9:00 AM EDT – Apr 23, 2026, 5:00 PM EDTLoews Sapphire Falls, 6300 Hollywood Wy, Orlando, FL 32819, USAAbout the eventGet ready for the M365 Community Conference 2026, the premier gathering for Microsoft 365 professionals and enthusiasts! Join us April 21-23 at Loews Sapphire Falls and Loews Royal Pacific Resorts in Orlando, FL, for three days packed with exclusive sessions, hands-on workshops, and invaluable networking opportunities. Whether you’re looking to accelerate your digital transformation, connect with industry leaders, or gain actionable insights, this event is your gateway to the latest innovations and best practices in Microsoft 365. Don’t miss your chance to be part of this vibrant community—register now and take your organization’s success to the next level!Show MoreSchedule9:00 AM - 4:00 PM7 hoursWorkshop: Empower Your Workforce: Turning Copilot Adoption into Everyday Innovation9:00 AM - 10:00 AM1 hourKeynote: Building for the Future: Microsoft 365, Agents and AI, What's New and What's Next1 more item availableSee AllRSVPShare this event",,,,f4cfaa7f-8591-4566-84ce-dfebdc123444,active,f,116500d0-357e-4ace-a7af-7264ed58e22a,2026-03-24 11:55:58.437537,2026-03-24 11:55:58.437537,"Three days. Hundreds of Microsoft 365 pros. One mission: turn AI and Copilot from buzzwords into real productivity gains.

If your organization is still treating digital transformation like a side project, the M365 Community Conference will change that. April 21-23 in Orlando, you'll get access to exclusive sessions on what's actually working—not theoretical futures, but tactical plays you can roll out Monday morning.

The keynote alone covers the latest on Microsoft 365, AI agents, and what's coming next. But the real value? Workshops designed to move your team from ""we enabled Copilot"" to ""our people use it daily to get work done faster.""

Whether you're navigating governance, adoption, or just trying to justify the investment, this is where you meet the people who've already solved your exact problem. Network with leaders who've been in the trenches. Leave with a roadmap, not just a notebook full of ideas.","https://static.wixstatic.com/media/b805ce_7fd633e35fb5444aabeb84fef616abd4~mv2.jpeg/v1/fill/w_5400,h_3600,al_c,q_90/b805ce_7fd633e35fb5444aabeb84fef616abd4~mv2.jpeg",extracted,,,other,,,,,,,,,,,,f,,,,,,,,,
391346d8-87c4-4565-add6-ce5eacd4466c,synozur.com,137db123-4906-4e61-af99-f0d23d86a622,Building Delight - Inside Microsoft Product Management,"In our latest Polaris episode, I sat down with Sean Squires to demystify what product managers at Microsoft really do. We explored how a product manager blends technical know-how, business strategy, and deep customer empathy to turn ideas into features that millions use and love. Sean is a Principal Product Manager focusing on SharePoint and Content AI at Microsoft, and his insights offered a behind-the-scenes look at how software gets from inspiration to innovation.We kicked off by framing the",https://www.synozur.com/post/building-delight-inside-microsoft-product-management,,,,,4f916b55-054e-4ebb-a1b3-1ac224f06ae7,active,f,116500d0-357e-4ace-a7af-7264ed58e22a,2026-03-22 22:44:55.495912,2026-03-24 15:17:31.181,,"https://static.wixstatic.com/media/b805ce_e9020d5ef95d4d94a0306bfc4c5d7c1e~mv2.jpg/v1/fill/w_1000,h_563,al_c,q_85,usm_0.66_1.00_0.01/b805ce_e9020d5ef95d4d94a0306bfc4c5d7c1e~mv2.jpg",captured,,,other,,,,,,,,,,,,f,,,,,,,,,
dc435e47-da6c-4a57-af18-c9491b7bdd49,synozur.com,137db123-4906-4e61-af99-f0d23d86a622,Microsoft Partner Development | The Synozur Alliance,,https://www.synozur.com/solutions/microsoft-partner-development,"Microsoft Partner Development

If you’re a Microsoft partner, or trying to become one, great. Leveraging our deep ecosystem expertise, we drive Microsoft partner development and engagement. We help you navigate the complexities of partner relationships, aligning with Microsoft sales, marketing and product teams. We also help you find opportunity in Microsoft’s GTM strategy and roadmap, ensuring that you maximize the benefits of your Microsoft partnerships.

Navigating the Microsoft Ecosystem for Growth

As Microsoft itself approaches 50, its ecosystem also approaches colossal scale. According to recent data, the total addressable market (TAM) for Microsoft's ecosystem is projected to reach $661 billion in 2025. Furthermore, IDC established that for every $1 of Microsoft revenue, partners derive a multiple in their own business service-led partners make $7.63, and software-led partners make $10.11.




Key factors contributing to this growth include:

Cloud Computing: Widespread adoption of Microsoft 365 and Azure, making it vital for businesses of all sizes.

Artificial Intelligence: Tools like Azure AI and Copilot, enhancing productivity and driving digital transformation.

Enterprise Solutions: Products like Microsoft Dynamics 365 and Microsoft 365, crucial for efficient business operations.

Imagine navigating the complexities of partner relationships with ease, aligning seamlessly with Microsoft's sales, marketing, and product teams. As a partner in the vast Microsoft ecosystem, you are not merely joining a network; you're stepping into a realm of boundless opportunities, especially with the emergence of generative AI in Copilot and other groundbreaking technologies.




Being a part of this ecosystem means you can tap into a wealth of resources, support, and expertise. Microsoft's GTM strategy and roadmap become your guiding stars, helping you maximize the benefits of your partnership. This alignment ensures that you are always ahead of the curve, ready to seize new opportunities as soon as they arise.




The Microsoft ecosystem is vast and complex, but with the right alignment, you can navigate it effortlessly. You'll find yourself in sync with the latest trends and developments, making sure your offerings are always relevant and competitive. Your partnership is not just about technology; it's about driving meaningful outcomes that align with your business goals.

The Synozur Approach

Our team at Synozur is dedicated to helping you navigate the intricacies of the Microsoft ecosystem and develop a go-to-market (GTM) strategy that aligns perfectly with Microsoft's strategic goals.




Leveraging our deep ecosystem expertise, we ensure that your GTM strategy is in sync with Microsoft's sales, marketing, and product teams and informed by the latest roadmap plans. This alignment keeps ou ahead of the curve, ready to seize new opportunities as soon as they arise. Imagine navigating the complexities of partner relationships with ease, aligning seamlessly with Microsoft's evolving roadmap, especially with the emergence of generative AI in Copilot and other groundbreaking technologies. Our strategic approach ensures that your offerings are always relevant and competitive, driving meaningful outcomes that align with your business goals.




Developing strong relationships with the right stakeholders within Microsoft is crucial for maximizing the benefits of your partnership. Our team, with years of experience running partner programs at Microsoftand being deeply embedded as Microsoft channel partners, Regional Directors (RDs), and Most Valuable Professionals (MVPs), helps you connect directly with key players in Microsoft's field, marketing, and product teams. This direct connection allows you to tap into a wealth of resources, support, and expertise, ensuring that your partnership is empowered and enriched.




Synozur’s extensive experience and deep involvement in the Microsoft ecosystem enable us to connect you to the best partner programs across Microsoft. Whether it’s leveraging the latest trends, accessing exclusive resources, or finding the right opportunities, we ensure that you are well-positioned to make the most of your partnership.




Why Choose Synozur?

Strategic Approach: We align technical solutions with your business goals to drive meaningful outcomes.

Human-Centered Design: Our empathetic approach ensures that our solutions cater to the end-users – your employees.

Continuous Support: We are with you every step of the way, from initial strategy to ongoing optimization and innovation.

Our Methodologies
Partnerships

Synozur specializes in forming strategic partnerships that bolster your presence within the Microsoft ecosystem. Our expertise ensures that you cultivate relationships that are both fruitful and enduring.

Channel Coaching

Our channel coaching services provide you with the guidance and mentorship needed to navigate Microsoft's landscape effectively. We help you understand the ",,,,26fb2332-40e6-4dcc-bb95-15ef13cf2fb1,active,t,116500d0-357e-4ace-a7af-7264ed58e22a,2026-03-24 13:00:33.626058,2026-03-24 14:26:18.541,"For every $1 of Microsoft revenue, partners can generate $7.63 in services-led business or $10.11 in software-led business. The opportunity is real — but only if you know how to align with Microsoft’s sales motions, product priorities, and go-to-market roadmap.

Too many partners stay technically capable but commercially invisible. The real advantage comes from knowing where Microsoft is headed, shaping your story around shared outcomes, and building the right relationships across sales, marketing, and product teams.

When that alignment is in place, the ecosystem gets a lot easier to navigate. You stop chasing scattered opportunities and start moving with a clearer strategy, stronger market relevance, and a better path to growth.","https://static.wixstatic.com/media/b805ce_3c46f10e30d6494f9961c3c265212750~mv2.jpeg/v1/fill/w_5472,h_3204,al_c,q_90/AdobeStock_670678012.jpeg",none,,,other,,,,,,,,,,,,f,,,,,,,,,
fe440867-d8bc-4a29-aa35-adfaac7860ff,synozur.com,137db123-4906-4e61-af99-f0d23d86a622,"AI in Nonprofits: Force Multipliers, Human Values","How AI is reshaping nonprofits—from back office productivity and research “force multipliers” to ethical guardrails, governance, and the human connections that keep members engaged.",https://www.synozur.com/post/ai-in-nonprofits-force-multipliers-human-values,,,,,4f916b55-054e-4ebb-a1b3-1ac224f06ae7,active,f,116500d0-357e-4ace-a7af-7264ed58e22a,2026-03-22 22:44:54.648009,2026-03-24 15:17:43.113,"What if AI’s biggest impact in nonprofits isn’t replacing people—but giving them back time for the work only people can do?

Used well, AI can act as a force multiplier across research, reporting, operations, and content workflows—helping lean teams move faster without losing focus on mission. But speed alone isn’t the win. The real value comes when organizations pair AI with clear guardrails around privacy, governance, accuracy, and human oversight, so efficiency never comes at the expense of trust.

For nonprofit leaders, that creates a more practical path forward: let AI handle repetitive work and pattern-finding, while your team spends more energy on relationships, judgment, empathy, and member engagement. The organizations that get this right won’t be the ones using the most AI—they’ll be the ones using it in ways that strengthen human connection and mission outcomes.","https://static.wixstatic.com/media/b805ce_ed3eb408fc184d7db2ef71de88f92913~mv2.jpg/v1/fill/w_1000,h_563,al_c,q_85,usm_0.66_1.00_0.01/b805ce_ed3eb408fc184d7db2ef71de88f92913~mv2.jpg",captured,,,other,,,,,,,,,,,,f,,,,,,,,,
0b6eecb4-267a-4a0f-b2f1-aac3be871a21,synozur.com,137db123-4906-4e61-af99-f0d23d86a622,Why AI programs stall before they scale,AI programs stall when companies mistake experimentation for an operating model and skip the discipline required to scale with measurable outcomes.,,"# Why AI programs stall before they scale

Most AI programs do not fail because leaders lack ambition. They fail because ambition shows up before operating discipline does. The pattern is familiar. A few promising pilots, a lot of internal noise, unclear ownership, and no shared way to decide what should happen next. If you cannot explain who owns prompts, approvals, data handling, exceptions, and outcomes, you do not have an AI-first operating model yet. You have activity. This is where calm, human-centered discipline matters most.

## Start with work, not tools
Show why AI investments drift when teams begin with platforms, features, or demos instead of the workflow that needs to improve. Ground the section in a simple idea. If the work is broken, AI helps you break it faster.

## Define the operating rules before you scale usage
Lay out the practical guardrails leaders need to make AI usable across the business. Cover decision rights, prompt ownership, approval paths, data handling, and exception management, framed as enablers of adoption rather than bureaucracy.

## Make human review a normal operating behavior
Explain Synozur's point of view that AI accelerates, experts decide. Use ASK → REVIEW → EDIT → REPEAT as the backbone for how teams keep quality high without slowing everything down.

## Tie momentum to 30, 60, and 90-day proof
Show that AI-first transformation only earns trust when leaders can point to changes people can feel. Focus the writer on measurable signals such as productivity, decision speed, adoption, revenue contribution, or EBITDA impact, without overclaiming.

## Build an operating model people will actually use on Monday morning
Close on the human side of transformation. Emphasize that role clarity, operating cadence, and plain communication are not soft extras. They are what help strategy survive contact with the real org chart, the real budget cycle, and the real leadership meeting.",,,,,draft,f,116500d0-357e-4ace-a7af-7264ed58e22a,2026-06-26 17:58:06.987624,2026-06-26 18:07:06.451,AI programs stall when companies mistake experimentation for an operating model and skip the discipline required to scale with measurable outcomes.,,none,,,blog_post,,,,,,35004a06-1839-49dc-aaf7-5f53e2949ee6,"{""cta"": ""If your organization has AI activity but not yet clear ownership, guardrails, and measurable value, let’s compare notes on what an AI-first operating model should change in the next 90 days."", ""format"": ""Blog post snippet"", ""coreIdea"": ""AI programs stall when companies mistake experimentation for an operating model and skip the discipline required to scale with measurable outcomes."", ""platform"": ""Blog"", ""bestPostingWindow"": ""Tuesday morning""}",,,,,f,a7f20624-0bd3-41a5-ab5c-6ad73f68d29d,why-ai-programs-stall-before-they-scale,draft,,,,,,
1315455e-b165-4f13-abdd-57188c51cf4c,synozur.com,137db123-4906-4e61-af99-f0d23d86a622,Microsoft Purview's Adaptive DLP Brings Scalable Control to Copilot,"Microsoft’s new Purview Data Loss Prevention (DLP) adaptive scopes for SharePoint have quietly introduced a pivotal capability for enterprise AI governance.This update – currently in preview (generally available by March 2026) – enables organizations to dynamically and automatically control which SharePoint content Microsoft 365 Copilot can access, based on policy-driven rules rather than static manual lists. It’s a significant shift that empowers business and IT leaders to govern AI at scale, f",https://www.synozur.com/post/microsoft-purview-s-adaptive-dlp-brings-scalable-control-to-copilot,,,,,de9f9358-81f0-47ea-8c20-41d57a2ca5f4,active,f,116500d0-357e-4ace-a7af-7264ed58e22a,2026-03-22 22:45:01.998942,2026-03-24 15:10:05.077,"Most AI governance breaks at scale the moment it depends on manual content lists. That’s why adaptive DLP scopes in Microsoft Purview matter: they let you control what Microsoft 365 Copilot can access in SharePoint based on policy and metadata, not constant hand-curation.

This is a meaningful shift for leaders trying to balance AI adoption with security, privacy, and business speed. Instead of treating governance like a one-time configuration project, you can create a model that adjusts as content, teams, and risk profiles change.

The real value is not tighter control for its own sake. It’s giving your organization a way to move forward with Copilot more confidently, knowing access decisions can scale with the business, reduce administrative overhead, and better align AI use with real governance intent.","https://static.wixstatic.com/media/b805ce_231ea81983db46b7a440d0bc83b1bb96~mv2.png/v1/fill/w_1000,h_667,al_c,q_90,usm_0.66_1.00_0.01/b805ce_231ea81983db46b7a440d0bc83b1bb96~mv2.png",captured,,,other,,,,,,,,,,,,f,,,,,,,,,
33f472fd-5218-43fd-b48c-36e1d3694bc7,synozur.com,137db123-4906-4e61-af99-f0d23d86a622,Zenith,,https://www.synozur.com/applications/zenith,"Zenith
Enterprise Governance for Microsoft 365
Launch

Zenith is Synozur’s centralized governance control plane for Microsoft 365, built for IT leaders, governance teams, and managed service providers operating complex, multi‑tenant environments. It unifies workspace visibility, automated policy evaluation, sensitivity and retention alignment, and Copilot readiness tracking into a single, secure system—eliminating reliance on scripts, manual audits, and fragmented tools. 




Zenith integrates with Microsoft Entra ID for tenant‑isolated identity, multi‑factor authentication, and granular role‑based access control, ensuring the right users have the right visibility at the right time. Governance decisions are written directly back into SharePoint so Microsoft Purview can enforce policies natively, creating a closed loop between governance intent and day‑to‑day operations. 




Hosted in SOC 2 Type II–certified data centers and designed for enterprise‑grade security and auditability, Zenith helps organizations govern at scale, reduce risk, and confidently prepare their Microsoft 365 environments for Copilot and future AI adoption.

User Guide",,,,251de541-90d6-4fed-b370-c318e7e37080,active,t,116500d0-357e-4ace-a7af-7264ed58e22a,2026-03-24 13:01:12.028451,2026-03-25 15:10:42.851,"Most Microsoft 365 governance still depends on a risky mix of scripts, spreadsheets, and manual audits—and that breaks down fast when complexity grows. If your team is managing multiple tenants, preparing for Copilot, or trying to align sensitivity, retention, and workspace policies, fragmented tools create blind spots you can’t afford.

A stronger approach is to bring governance into one secure control plane: one place to see workspace risk, evaluate policies automatically, track Copilot readiness, and apply decisions in a way Microsoft can enforce natively. That means less time chasing inconsistencies, fewer gaps between governance intent and day-to-day operations, and more confidence that the right people have the right access at the right time.

For IT leaders and governance teams, the real win is clarity. When visibility, policy alignment, and auditability work together, you can reduce risk, scale governance more effectively, and move toward AI adoption with a stronger foundation.","https://static.wixstatic.com/media/b805ce_64ac1f32ded24141bf2b8136c6e64780~mv2.jpeg/v1/fill/w_1020,h_627,al_c,q_85,usm_0.66_1.00_0.01,enc_avif,quality_auto/Image-empty-state.jpeg",none,,,other,,,,,,,,,,,,f,,,,,,,,,
f6093fc7-eee8-4b03-91a6-64de9f2d63bc,chrismcnulty.net,08610095-ef99-4205-b5ae-13264021a471,Trulock's 2020 | Chris McNulty,,https://www.chrismcnulty.net/product-page/trulock-s-2020,"In August 2020, I was driving cross country solo. Midafternoon, I pulled off to find gas - and found this station instead. It reminded me of Edward Hopper’s famous “Gas” at the Museum of Modern Art in New York. Also, my father worked for Texaco for almost twenty years.

Trulock's 2020
$99.00
Price
Size*
Select
Quantity*
Add to Cart
Ordering

This image is printed on ChromaLuxe gloss white aluminum. Fabrication and shipping takes 10-14 days. Shipping is included.",,,,,archived,t,cfb63c72-81e0-44ff-9c96-7d6632a72dde,2026-04-10 05:46:35.803515,2026-04-10 05:50:41.331,"One ordinary stop can carry a lifetime of meaning. What looks like a simple gas station scene became something much bigger here: a reminder that the most powerful images are often the ones that connect place, memory, and personal history in a single frame.

That’s the real takeaway—great photography doesn’t just show you what was there. It helps you feel what it meant in the moment, whether that’s the pull of a cross-country drive, the echo of an Edward Hopper painting, or the quiet way family history can resurface when you least expect it.

The result is a piece that invites you to slow down and stay with it. Not because it shouts for attention, but because it rewards a second look—and leaves you with more than a view.",,none,,,other,,,,,,,,,,,,f,,,,,,,,,
d862ed89-e71f-4f1b-88b7-cd858e284302,chrismcnulty.net,08610095-ef99-4205-b5ae-13264021a471,Sequim 2022 | Chris McNulty,"In August 2022, we spent several days staying in Sequim, Washington on the Olympic Peninsula while visiting Olympic National Park. Sequim is one of the sunniest spots on the Pacific Northwest - outside the “rain shadow” of the mountains and known for it’s lavender fields and ocean views. This station sits just east of downtown. And since my father worked for Texaco for almost twenty years, it was an obvious subject.",https://www.chrismcnulty.net/product-page/sequim-2022,"In August 2022, we spent several days staying in Sequim, Washington on the Olympic Peninsula while visiting Olympic National Park. Sequim is one of the sunniest spots on the Pacific Northwest - outside the “rain shadow” of the mountains and known for it’s lavender fields and ocean views. This station sits just east of downtown. And since my father worked for Texaco for almost twenty years, it was an obvious subject. Sequim 2022$200.00PriceSize*SelectQuantity*Add to CartOrderingThis image is printed on ChromaLuxe gloss white aluminum. Fabrication and shipping takes 10-14 days. Shipping is included.",,,,daa2c551-d3ee-4a07-9706-5a010e65ce0e,active,f,116500d0-357e-4ace-a7af-7264ed58e22a,2026-04-10 03:40:06.569951,2026-04-10 20:38:47.222,"Some places in Washington get far more sun than most people expect—and that shift in light changes how you see everything. Sequim, tucked into the Olympic Peninsula’s rain shadow, reminds us that place is never just geography; it’s context, memory, and the stories we carry into a scene.

What makes an image stay with you isn’t only composition. It’s the personal connection behind it—the reason a quiet roadside station becomes meaningful because it echoes family history, travel, and a moment of recognition.

The real takeaway: when you slow down and notice what a place means, not just what it looks like, ordinary subjects start to hold extraordinary weight. That’s where the strongest visual stories begin.","https://static.wixstatic.com/media/cf00bd_e08f4d5be62c40d69ea041d603e57fd2~mv2.jpg/v1/fit/w_500,h_500,q_90/file.jpg",extracted,,,other,,,,,,,,,,,,f,,,,,,,,,
7ca6b1bb-aaf9-4627-932e-e49dfc013bda,synozur.com,137db123-4906-4e61-af99-f0d23d86a622,Polaris: Strategy Unplugged with Dr. John Hillen,"On the latest Polaris episode, unlock the true essence of business strategy with Dr. John Hillen as we delve into the intricacies of strategy, its misconceptions, and how to nurture it as a fundamental strength of your leadership team.",https://www.synozur.com/post/polaris-strategy-unplugged-with-dr-john-hillen,,,,,4f916b55-054e-4ebb-a1b3-1ac224f06ae7,active,f,116500d0-357e-4ace-a7af-7264ed58e22a,2026-03-22 22:45:04.241078,2026-03-24 15:10:49.599,"Most leadership teams say they have a strategy. Far fewer can explain the real choices they’re making—or what they’re saying no to.

One of the clearest reminders from this conversation: strategy is not a plan, a budget, or a long list of initiatives. It’s a disciplined set of choices about where you’ll win, how you’ll win, and what you won’t pursue, even when the distractions look attractive.

When leaders confuse planning with strategy, execution gets noisy fast: meetings fill up, priorities multiply, and teams stay busy without moving the business forward. The real shift happens when strategy becomes a shared leadership muscle—clear enough to guide decisions, strong enough to survive pressure, and practical enough to shape everyday action.

If your team feels stretched but not aligned, this is the work worth slowing down for. Clarity is not a luxury in leadership; it’s the operating system behind meaningful results.","https://static.wixstatic.com/media/b805ce_3664d913e23f4e87856fffedcbbc7079~mv2.jpg/v1/fill/w_1000,h_563,al_c,q_85,usm_0.66_1.00_0.01/b805ce_3664d913e23f4e87856fffedcbbc7079~mv2.jpg",captured,,,other,,,,,,,,,,,,f,,,,,,,,,
cb1519e2-3bea-4581-9f61-53158ff7c2aa,synozur.com,137db123-4906-4e61-af99-f0d23d86a622,SharePoint's Next 25 Years,"On this episode of Polaris, Synozur CTO Chris McNulty welcomes Adam Harmetz, Corporate Vice President for SharePoint at Microsoft, to discuss how SharePoint’s 25-year journey has turned it into a knowledge engine for AI, why empowered metadata is key to modern intranets and how generative AI models like ChatGPT, Sora and Nano Banana signal what’s ahead for enterprise content.",https://www.synozur.com/post/sharepoint-s-next-25-years,,,,,4f916b55-054e-4ebb-a1b3-1ac224f06ae7,active,f,116500d0-357e-4ace-a7af-7264ed58e22a,2026-03-22 22:45:06.24837,2026-03-24 15:12:05.977,"SharePoint at 25 isn’t a legacy story. It’s a preview of how enterprise content becomes the knowledge layer for AI.

The big shift is this: AI is only as useful as the information architecture behind it. When content is organized with strong metadata, governance, and context, SharePoint moves from “document repository” to a system that helps people find answers faster, build better intranets, and make AI outputs more relevant and trustworthy.

That matters because most organizations don’t have an AI problem first. They have a content clarity problem. If your files are scattered, mislabeled, or disconnected from the way people actually work, no model will fix that for you.

The opportunity ahead is practical and strategic at the same time: treat content like a business asset, modernize the employee experience around it, and you create the foundation for better search, stronger collaboration, and more meaningful AI outcomes.","https://static.wixstatic.com/media/b805ce_54e790758cfc4fe0adf30bd5134e9ea5~mv2.jpg/v1/fill/w_1000,h_563,al_c,q_85,usm_0.66_1.00_0.01/b805ce_54e790758cfc4fe0adf30bd5134e9ea5~mv2.jpg",captured,,,other,,,,,,,,,,,,f,,,,,,,,,
4c1dc0ab-bfa1-4abb-8e79-0731dce2acf3,synozur.com,137db123-4906-4e61-af99-f0d23d86a622,SpaceX did not become an AI leader by accident,"Why SpaceX became an AI leader, and what CEOs should learn about building an AI-first operating model before disruption hits.",,"The easy story is that SpaceX expanded beyond rockets and joined the ranks of major AI players because AI got hot.

That is the wrong frame.

SpaceX did not wake up one morning and decide to become an AI company. It built a business where software, autonomy, simulation, and real-time decisioning were already core to how the company operated. In other words, AI was not a marketing layer. It was a natural extension of the operating model.

That distinction sounds small. It isn't.

For CEOs trying to make sense of AI right now, this matters. Most organizations are still treating AI like an innovation program, a lab experiment, or a procurement exercise. They buy tools. They run pilots. They assign someone to ""look into it."" Then they wonder why there is no measurable ROI.

The companies pulling ahead are doing something else. They are becoming AI-first, one operating decision at a time.

## **SpaceX was always more than a hardware company**

If you only look at launches, SpaceX looks like a rocket manufacturer with unusual ambition. If you look at how the company actually works, a different picture emerges.

Rockets, satellites, launch systems, ground operations, communications infrastructure, and manufacturing lines all produce data. At SpaceX scale, that data is not a reporting artifact. It is part of the product and part of the business system. Software is what connects design, testing, operations, and iteration.

That is why the jump to AI is less surprising than it sounds.

The same company building reusable rockets is also solving for:
- autonomous systems
- predictive maintenance
- simulation at high speed
- network optimization
- manufacturing precision
- decision-making in environments where failure is expensive

That is fertile ground for AI. Not because the label is trendy, but because the operating context demands it.

A lot of mid-market firms miss this point. They think AI leadership starts when they adopt the latest model or announce a pilot. In practice, it starts earlier. It starts when leadership decides that data, workflow, and human judgment need to work as one system.

AI accelerates, experts decide.

## **Why SpaceX now belongs in the AI conversation**

SpaceX's inclusion in conversations about the silicon seven last month reflects a broader market shift. Investors and operators are rewarding companies that can connect physical operations, software systems, and machine intelligence into one coherent engine.

That is the real signal.

The market is not only valuing companies that build AI models. It is valuing companies that can apply AI inside complex, high-stakes environments where speed, precision, and iteration matter. SpaceX fits that pattern.

You can see the same shift in the broader market. Major technology firms are now backing large-scale worker retraining for the AI economy. [The Next Web reported](https://thenextweb.com/) that OpenAI, Anthropic, Amazon, and Microsoft are funding RAISE US, a $1 billion nonprofit, with a $500 million push tied to retraining workers. At the same time, model competition is intensifying fast. [The New York Times reported](https://www.nytimes.com/) that Chinese AI models are gaining ground on Anthropic and OpenAI, in some cases at much lower cost.

Two takeaways for business leaders:
- AI capability is becoming cheaper and more accessible
- the advantage is shifting from model access to organizational readiness

That is where many leadership teams get stuck. They assume their AI strategy is about choosing the right toolset. Tool choice matters. But most value is won or lost in governance, operating cadence, role clarity, workflow design, and adoption.

[VISUAL: A simple maturity graphic showing three steps, AI-ready to AI-enabled to AI-first, with SpaceX positioned as an example of AI embedded across operations rather than isolated pilots.]

## **The lesson for CEOs is not “be like SpaceX”**

Most companies do not need rockets, satellite constellations, or elite engineering teams.

They do need a clear North Star.

The practical lesson from SpaceX is that category leadership now comes from integrating AI into the way the business runs. Not into one team. Not into one quarterly experiment. Into the operating model.

For a mid-market CEO, that usually means getting honest about a few things:
- where AI can improve revenue, EBITDA, productivity, or time-to-decision
- which workflows are repeatable enough to redesign
- who owns governance, review, and adoption
- what should be automated, and what should stay firmly human-led

This is where a lot of firms fall into one of two traps.

The first trap is the big-firm path. Expensive assessments, long roadmaps, heavy technical bias, not enough attention to how people actually adopt change.

The second trap is the software-only path. Buy a platform, hope the organization adapts, then discover six months later that scattered ambition is still scattered ambition.

Neither works well if you need transformation that sticks.

An AI-first company is still a human-centered company. Nothing important should go to customers, employees, or the market without human review. That is why the most durable teams use guardrails that people can actually follow: ASK → REVIEW → EDIT → REPEAT.

Plain rule. Good rule.

## **AI-first is an operating model, not a press release**

There is a reason some companies look suddenly ""ahead"" in AI. In most cases, the shift was years in the making.

They built the habits first:
- cleaner decision rights
- tighter feedback loops
- better data discipline
- faster experimentation
- clearer accountability for outcomes

Then AI amplified what was already structurally sound.

That is the part many organizations want to skip. They want the acceleration without the grounding. They want outputs without redesigning how work happens. They want a pilot to compensate for a weak operating model.

It usually does not.

If your leadership team cannot define where AI ownership sits, how outcomes will be measured in 30, 60, and 90 days, or which workflows deserve redesign first, the issue is not model quality. The issue is operating clarity.

This is the calm but urgent point. Disruption does not wait for organizational comfort. Companies become irrelevant slowly, then all at once. AI is speeding up that timeline.

## **What to do next**

SpaceX did not stop being a rocket company. It became a better one by treating intelligence, automation, and iteration as core business infrastructure.

That is the better frame for every CEO watching AI reshape their market.

You do not need to become a famous AI company. You need to become an AI-first version of your company.

Start there:
- identify one business-critical workflow
- define the human review points
- assign ownership
- measure value in 30, 60, and 90 days
- scale only what earns the right to spread

That is how scattered ambition becomes measurable progress.

If your team is still debating where to start, Synozur can help you map the move from AI-ready to AI-enabled to AI-first. Book a working session and leave with a practical operating model, not another pile of AI ideas.",,,,,active,f,116500d0-357e-4ace-a7af-7264ed58e22a,2026-07-03 01:11:49.16128,2026-07-06 05:39:24.24,,/public-objects/conference-images/f2850f6d-da48-407c-87bb-d3ab978d6f4b.png,none,,,blog_post,,,,,,,,"Its move from rockets to the so-called silicon seven says less about hype cycles and more about what happens when a company treats AI as an operating model, not a side project.","SpaceX is still a rocket company. It also became something more valuable: a company that uses software, data, and AI as a force multiplier across the whole business. That shift offers a useful frame for CEOs facing AI-driven disruption. The lesson is not to copy SpaceX. It is to build an AI-first operating model before the market makes the decision for you.","SpaceX, AI transformation, AI-first operating model, CEO strategy, digital transformation",,f,9a63c627-57e0-4d6b-a9d4-7e9d6fb2cab1,spacex-did-not-become-an-ai-leader-by-accident,draft,,a03c8b47-6dd6-4d05-9c7c-044624d85648,,,,
2c9c38aa-c5be-4166-afb2-196ec3eeba8d,synozur.com,137db123-4906-4e61-af99-f0d23d86a622,30/60/90 days from AI sprawl to a value roadmap,A PE-focused 30/60/90 sprint to turn scattered AI bets into a prioritized roadmap with owners.,,"PE firms do not need more AI pilots. They need a 30/60/90 sprint: 30, assess AI readiness and governance. 60, rank use cases by EBITDA and speed-to-value. 90, commit to a portfolio roadmap with owners. See the sprint. Request an executive briefing.",,,,,active,f,116500d0-357e-4ace-a7af-7264ed58e22a,2026-06-11 00:25:49.836938,2026-06-11 00:25:53.047,,/public-objects/conference-images/2deb6db6-df4e-4862-affe-f57eb02d5339.png,none,,,other,,,,,,,,,,,,f,,,,,f9ca5a6c-dc18-4784-a433-8ec3e0ea378a,,,,
a3274385-d157-420f-847b-2d70191be170,synozur.com,137db123-4906-4e61-af99-f0d23d86a622,Humanity as a Strategy: Leadership Lessons from Ed DeAngelis,"Ed DeAngelis, CEO of EDA Contractors and Titan 100 honoree, shares how he transformed a roofing company into an industry leader by embracing servant leadership and making ""humanity as a strategy"" the foundation of his business.",https://www.synozur.com/post/humanity-as-a-strategy-leadership-lessons-from-ed-deangelis,,,,,4f916b55-054e-4ebb-a1b3-1ac224f06ae7,active,f,116500d0-357e-4ace-a7af-7264ed58e22a,2026-03-22 22:44:59.639718,2026-03-24 15:14:54.72,"What if your next growth breakthrough has less to do with process—and more to do with how people feel at work? One of the clearest leadership lessons here is that “humanity as a strategy” is not soft; it is operational. When leaders practice servant leadership, listen closely, and build trust on purpose, they create the conditions for stronger performance, deeper loyalty, and a culture that can actually sustain growth.

That’s the real shift: treating empathy as a business discipline, not a personality trait. Teams respond differently when they feel respected, supported, and connected to something bigger than a checklist. Morale improves, accountability gets stronger, and people are far more willing to bring their best thinking to the table.

If leadership feels stuck, this is a useful reminder: better outcomes often start with better human signals. Strategy matters, but the way you lead people through it may be the difference between compliance and commitment.","https://static.wixstatic.com/media/b805ce_f9e616a33dfb40dfb5bbdcd73a582ce9~mv2.jpg/v1/fill/w_1000,h_563,al_c,q_85,usm_0.66_1.00_0.01/b805ce_f9e616a33dfb40dfb5bbdcd73a582ce9~mv2.jpg",captured,,,other,,,,,,,,,,,,f,,,,,,,,,
7800b1dc-866f-4cf2-9938-19b14cfdab20,synozur.com,137db123-4906-4e61-af99-f0d23d86a622,Content without Compromise - Inside the M-Files & Microsoft Alliance,"In this Polaris episode, Synozur’s CTO Chris McNulty, along with Ryan Barry of M-Files and Ian Story of Microsoft, explores how a first-of-its-kind partnership between M-Files and Microsoft is revolutionizing content management – uniting AI-powered intelligent document workflows with the Microsoft 365 platform to eliminate content silos and unlock new value from enterprise data.",https://www.synozur.com/post/content-without-compromise-inside-the-m-files-microsoft-alliance,,,,,4f916b55-054e-4ebb-a1b3-1ac224f06ae7,active,f,116500d0-357e-4ace-a7af-7264ed58e22a,2026-03-22 22:44:57.050835,2026-03-24 15:16:17.352,"Most organizations don’t have a content problem — they have a context problem. When documents live in too many places, teams waste time searching, decisions slow down, and AI can’t deliver meaningful results because the information behind it is fragmented.

The real opportunity is to connect content workflows to the systems people already use every day. When intelligent document management and Microsoft 365 work together, you reduce silos, improve governance, and make it easier for people to find, trust, and act on the right information at the right time.

That’s the bigger takeaway here: better content strategy is not about storing more files. It’s about creating a connected, people-centered environment where information flows more clearly, work moves faster, and AI can finally support measurable business outcomes.","https://static.wixstatic.com/media/b805ce_6c20258d8f094ab898004ce24868dc6a~mv2.jpg/v1/fill/w_1000,h_563,al_c,q_85,usm_0.66_1.00_0.01/b805ce_6c20258d8f094ab898004ce24868dc6a~mv2.jpg",captured,,,other,,,,,,,,,,,,f,,,,,,,,,
31d330dc-8179-4ef8-9d6f-ecf0c5703cb9,synozur.com,137db123-4906-4e61-af99-f0d23d86a622,"Not Too Big, Not Too Small - TechCon is Just Right","In our latest Polaris episode, we explore how mid-sized tech conferences (like TechCon 365 Seattle – coming up June 27) are closing the AI skills gap and sparking community engagement – with guest David Wilhelm sharing insights on training, diversity, and the unique power of in-person connection.",https://www.synozur.com/post/not-too-big-not-too-small-techcon-is-just-right,,,,,4f916b55-054e-4ebb-a1b3-1ac224f06ae7,active,f,116500d0-357e-4ace-a7af-7264ed58e22a,2026-03-22 22:45:02.754759,2026-03-24 15:16:59.516,"What if the most valuable tech event on your calendar isn’t the biggest one? Mid-sized conferences often create the best conditions for real learning: enough depth to sharpen practical AI skills, enough access to have meaningful conversations, and enough community to turn ideas into action.

That matters because the AI skills gap won’t close through announcements or hype. It closes when people can ask better questions, see real examples, and learn from peers who are working through the same challenges in real time.

There’s also a business lesson here: the right environment drives better adoption. When people feel seen, included, and able to engage directly, they leave with more clarity, more confidence, and a much better chance of putting new ideas to work once they’re back with their teams.","https://static.wixstatic.com/media/b805ce_3c8bc48e7a0443a0b40ec5c9abd6d522~mv2.jpg/v1/fill/w_1000,h_563,al_c,q_85,usm_0.66_1.00_0.01/b805ce_3c8bc48e7a0443a0b40ec5c9abd6d522~mv2.jpg",captured,,,other,,,,,,,,,,,,f,,,,,,,,,
358f3f84-0988-457f-ae4e-cb9899ceb5fb,synozur.com,137db123-4906-4e61-af99-f0d23d86a622,AI+IM Global Summit | The Synozur Alliance,Where information leaders discover how to thrive in the age of AI.,https://www.synozur.com/event-details/ai-im-global-summit,"Event DetailsAI+IM Global SummitTue, Apr 28 | Hyatt Regency Baltimore Inner HarborWhere information leaders discover how to thrive in the age of AI.RSVPTime & LocationApr 28, 2026, 12:00 PM – Apr 30, 2026, 4:00 PMHyatt Regency Baltimore Inner Harbor, 300 Light St, Baltimore, MD 21202, USAAbout the eventJoin us at the AI+IM Global Summit, hosted by AIIM (the Association for Intelligent Information Management), where information leaders like you will discover how to thrive in the age of AI.For over 80 years, AIIM has been at the forefront of helping organizations transform their information management practices. As unstructured data becomes the backbone of AI and automation, this event is designed to help you unlock its potential.Over 2.5 days, you’ll gain practical insights, form valuable industry connections, and explore cutting-edge strategies that blend AI with information management, driving real impact in your organization.Show MoreRSVPShare this event",,,,f4cfaa7f-8591-4566-84ce-dfebdc123444,active,f,116500d0-357e-4ace-a7af-7264ed58e22a,2026-03-24 15:21:30.037934,2026-03-24 15:21:30.037934,"Most AI strategies fail before the model ever runs—because the real bottleneck is messy, unstructured information. If your content, records, and knowledge aren’t governed, usable, and connected, AI will only scale confusion faster.

That’s why the next competitive advantage isn’t just adopting AI. It’s learning how to pair AI with strong information management so your organization can improve decisions, reduce risk, and create workflows people will actually trust and use.

The leaders who move first here will be the ones who turn scattered content into usable insight, connect automation to real business outcomes, and build a foundation that supports growth instead of patching problems later.","https://static.wixstatic.com/media/b805ce_ae7ef96a1a42428887501d2c3b6e39e8~mv2.jpeg/v1/fill/w_3500,h_2333,al_c,q_90/b805ce_ae7ef96a1a42428887501d2c3b6e39e8~mv2.jpeg",extracted,,,other,,,,,,,,,,,,f,,,,,,,,,
e118ce30-765a-4dc4-8eef-4a5a54f83f95,synozur.com,137db123-4906-4e61-af99-f0d23d86a622,AI and Knowledge Transformation at a Strategic Communications Firm | The Synozur Alliance,"A fast‑growing strategic communications firm partnered with Synozur to define an AI strategy and modernize knowledge workflows—without disrupting creative teams or compromising trust with clients. The goal was not AI for AI’s sake, but a people‑first approach that made work easier, faster, and more consistent.",https://www.synozur.com/case-studies/ai-and-knowledge-transformation-at-a-strategic-communications-firm,,,,,b5e0bd0f-1532-4700-97ba-02b14c8faea5,archived,f,116500d0-357e-4ace-a7af-7264ed58e22a,2026-03-22 22:44:39.078775,2026-03-25 00:40:54.581,"AI doesn’t fail because the technology isn’t good enough. It fails when teams force it into the business without protecting trust, workflow, and the way people actually get work done.

The better approach is simpler: start with the real friction. In this case, that meant helping a fast-growing communications firm modernize knowledge work in a way that made creative teams faster, more consistent, and better supported, without disrupting how they deliver for clients.

That’s the difference between AI theater and meaningful transformation. When strategy is people-first, AI stops being a novelty and starts becoming a practical advantage your teams will actually use.","https://static.wixstatic.com/media/b805ce_f65fdc00c3454ea18cd14419a17d0de7~mv2.jpeg/v1/fill/w_7928,h_4899,al_c,q_90/AdobeStock_525215214.jpeg",captured,,,other,,,,,,,,,,,,f,,,,,,,,,
36fed29a-2bbe-4518-8c9e-c1d95b8d3712,synozur.com,137db123-4906-4e61-af99-f0d23d86a622,AI and Knowledge Transformation at a Strategic Communications Firm | The Synozur Alliance,"A fast‑growing strategic communications firm partnered with Synozur to define an AI strategy and modernize knowledge workflows — without disrupting creative teams or compromising trust with clients. The goal was not AI for AI’s sake, but a people‑first approach that made work easier, faster, and more consistent.",https://www.synozur.com/case-studies/ai-and-knowledge-transformation-at-a-strategic-communications-firm,"Case StudiesAt Synozur, we drive impactful change through innovative strategies and cutting-edge solutions. Our team is dedicated to delivering projects that revolutionize businesses and propel them towards success. We pride ourselves on our ability to transform organizations and optimize their performance, ultimately ensuring their long-term growth and sustainability.North American Communications AgencyAI and Knowledge Transformation at a Strategic Communications FirmCompany: North American Communications AgencyEstablished: 2019Industry: Professional ServicesA fast‑growing strategic communications firm partnered with Synozur to define an AI strategy and modernize knowledge workflows—without disrupting creative teams or compromising trust with clients. The goal was not AI for AI’s sake, but a people‑first approach that made work easier, faster, and more consistent.BackgroundAs the firm scaled, leaders saw increasing friction across content creation, research, and internal knowledge sharing. Teams were spending too much time searching for information, recreating work, and navigating disconnected tools. At the same time, leadership wanted to explore AI—but responsibly, with clear governance and adoption in mind.ObjectiveCreate a clear, business‑aligned AI strategy while strengthening knowledge management and collaboration—ensuring AI enhanced human expertise rather than replacing it.ContextOperating in a high‑trust, client‑facing environment, the organization needed to balance innovation with credibility, governance, and cultural fit.MethodologySynozur began by listening—working closely with firm leadership to understand how people actually worked day to day. We then guided the organization through an AI Academy experience, paired with a Microsoft 365 enablement strategy, focused on real workflows and real outcomes. Our work included: Establishing an AI governance model aligned to firm values and client trust Designing practical AI use cases for research, drafting, and knowledge discovery Modernizing collaboration and knowledge management using Microsoft 365 Building confidence and adoption through targeted training and leadership alignment Throughout the engagement, we emphasized a human‑centric, tailored approach, ensuring every recommendation fit the firm’s culture and pace.Results Clear AI strategy grounded in real business needs Improved knowledge sharing and reduced duplicate work Increased team confidence using AI responsibly A scalable foundation for continued innovation ""Synozur helped us move past the hype and focus on what actually matters—our people, our work, and our clients. AI now feels like a support system, not a distraction.""- Senior Partner",,,,b5e0bd0f-1532-4700-97ba-02b14c8faea5,archived,f,116500d0-357e-4ace-a7af-7264ed58e22a,2026-03-25 00:42:51.330548,2026-03-25 00:45:57.195,"AI doesn’t fail because the tools are weak. It fails when the strategy ignores how people actually work.

One fast-growing strategic communications firm faced a common problem: teams were losing time to scattered knowledge, duplicate work, and disconnected tools, while leadership felt real pressure to explore AI without putting client trust or creative culture at risk. Instead of chasing hype, they took a more grounded path—starting with governance, identifying practical use cases for research and drafting, improving knowledge workflows in Microsoft 365, and building confidence through training and leadership alignment.

The result was not “AI for AI’s sake.” It was a clear, business-aligned strategy, stronger knowledge sharing, less friction in daily work, and a foundation the team could actually grow with.

That’s the real opportunity with AI: not replacing expertise, but supporting it in ways people trust, adopt, and use to produce better outcomes.","https://static.wixstatic.com/media/b805ce_f65fdc00c3454ea18cd14419a17d0de7~mv2.jpeg/v1/fill/w_7928,h_4899,al_c,q_90/AdobeStock_525215214.jpeg",extracted,,,other,,,,,,,,,,,,f,,,,,,,,,
3b79716e-f7de-4100-9eb1-d3c905d61804,synozur.com,137db123-4906-4e61-af99-f0d23d86a622,AI and Knowledge Transformation at a Strategic Communications Firm | The Synozur Alliance,"A fast‑growing strategic communications firm partnered with Synozur to define an AI strategy and modernize knowledge workflows - without disrupting creative teams or compromising trust with clients. The goal was not AI for AI’s sake, but a people‑first approach that made work easier, faster, and more consistent.",https://www.synozur.com/case-studies/ai-and-knowledge-transformation-at-a-strategic-communications-firm,"Case StudiesAt Synozur, we drive impactful change through innovative strategies and cutting-edge solutions. Our team is dedicated to delivering projects that revolutionize businesses and propel them towards success. We pride ourselves on our ability to transform organizations and optimize their performance, ultimately ensuring their long-term growth and sustainability.North American Communications AgencyAI and Knowledge Transformation at a Strategic Communications FirmCompany: North American Communications AgencyEstablished: 2019Industry: Professional ServicesA fast‑growing strategic communications firm partnered with Synozur to define an AI strategy and modernize knowledge workflows—without disrupting creative teams or compromising trust with clients. The goal was not AI for AI’s sake, but a people‑first approach that made work easier, faster, and more consistent.BackgroundAs the firm scaled, leaders saw increasing friction across content creation, research, and internal knowledge sharing. Teams were spending too much time searching for information, recreating work, and navigating disconnected tools. At the same time, leadership wanted to explore AI—but responsibly, with clear governance and adoption in mind.ObjectiveCreate a clear, business‑aligned AI strategy while strengthening knowledge management and collaboration—ensuring AI enhanced human expertise rather than replacing it.ContextOperating in a high‑trust, client‑facing environment, the organization needed to balance innovation with credibility, governance, and cultural fit.MethodologySynozur began by listening—working closely with firm leadership to understand how people actually worked day to day. We then guided the organization through an AI Academy experience, paired with a Microsoft 365 enablement strategy, focused on real workflows and real outcomes. Our work included: Establishing an AI governance model aligned to firm values and client trust Designing practical AI use cases for research, drafting, and knowledge discovery Modernizing collaboration and knowledge management using Microsoft 365 Building confidence and adoption through targeted training and leadership alignment Throughout the engagement, we emphasized a human‑centric, tailored approach, ensuring every recommendation fit the firm’s culture and pace.Results Clear AI strategy grounded in real business needs Improved knowledge sharing and reduced duplicate work Increased team confidence using AI responsibly A scalable foundation for continued innovation ""Synozur helped us move past the hype and focus on what actually matters—our people, our work, and our clients. AI now feels like a support system, not a distraction.""- Senior Partner",,,,b5e0bd0f-1532-4700-97ba-02b14c8faea5,active,f,116500d0-357e-4ace-a7af-7264ed58e22a,2026-03-25 00:50:42.007431,2026-03-25 00:50:42.007431,"AI should make work easier—not create more risk, more noise, or more distrust.

That’s the real test for any professional services firm trying to scale knowledge work. In a high-trust, client-facing environment, the winning approach isn’t “AI for AI’s sake.” It’s a clear strategy rooted in real workflows, strong governance, and practical use cases that help people spend less time searching for information, recreating work, and stitching together disconnected tools.

When leaders take a people-first approach, AI becomes a support system instead of a distraction. Teams gain confidence, knowledge flows more easily, duplicate work drops, and innovation feels sustainable because it fits the culture, the pace, and the standards clients already expect.","https://static.wixstatic.com/media/b805ce_ac5ee1b33b6a4b34b7f0e6d0055de8fd~mv2.jpeg/v1/fill/w_6720,h_4480,al_c,q_90/AdobeStock_216576334.jpeg",extracted,,,other,,,,,,,,,,,,f,,,,,,,,,
84d0fa10-b304-4dce-a7b0-bce95ef99805,chrismcnulty.net,08610095-ef99-4205-b5ae-13264021a471,Desert 2025 | Chris McNulty,"I had to get up early to make it to McDowell Mpountain Park to capture the desert sunrise (and before the early September temperature topped 100F.) The trail led me toward Four Peaks, the early sun bringing light to the saguaros and the desert floor.",https://www.chrismcnulty.net/product-page/desert-2025,"I had to get up early to make it to McDowell Mpountain Park to capture the desert sunrise (and before the early September temperature topped 100F.) The trail led me toward Four Peaks, the early sun bringing light to the saguaros and the desert floor. Desert 2025$99.00PriceSize*SelectQuantity*Add to CartOrderingThis image is printed on ChromaLuxe gloss white aluminum. Fabrication and shipping takes 10-14 days. Shipping is included.",,,,205f3f8a-7e1b-4aee-8703-8316f1ea2fb3,active,f,116500d0-357e-4ace-a7af-7264ed58e22a,2026-07-06 17:15:11.352673,2026-07-06 17:15:11.352673,"Before 8 a.m., the desert can teach you more about timing than a full day of meetings. When the temperature is already racing toward 100 degrees, you learn fast that the right moment is not a nice-to-have — it is the difference between missing the story and seeing it clearly.

That is true far beyond photography. The best outcomes often come from showing up early, paying attention to subtle signals, and moving before conditions turn harsh, noisy, or rushed. Strategy works the same way: clarity tends to arrive in the quiet window before complexity takes over.

There is also something grounding about watching first light reach the saguaros and desert floor. It is a reminder that patience, preparation, and perspective still matter — especially when the environment is changing fast around you.","https://static.wixstatic.com/media/b805ce_81dc28cb78b44a8a95e461316ef4e3e9~mv2.jpg/v1/fit/w_500,h_500,q_90/file.jpg",extracted,,,other,,,,,,,,,,,,f,,,,,,,,,
0f53a7e4-c455-4e9c-bf4b-4fd2066fa7bd,synozur.com,137db123-4906-4e61-af99-f0d23d86a622,AI Academy — Immersive AI Leadership Day,"A leadership workshop that demystifies AI, aligns executives, and produces a prioritized AI opportunity blueprint grounded in practical outcomes.",https://www.synozur.com/workshopoffers/ai-academy-%E2%80%94-immersive-ai-leadership-day,"AI Academy — Immersive AI Leadership DayBuild confidence in what AI can do for your organization, then leave with a prioritized set of use cases and next steps — grounded in real business outcomes.Request a Private Workshop Talk with our team CATEGORYAI Strategy & Design DELIVERY FORMATOn-site or Virtual DURATION4–6 hours (one-day session) COSTStarting at $20,000Why this workshop existsAI can create real advantage, but most leadership teams are stuck between hype, risk concerns, and too many tools — making it hard to choose where to start.• Your team is hearing different AI stories, so alignment is low• Use cases are fuzzy, so pilots stall or never launch• Risk and governance questions slow momentumWhat you’re buyingA focused leadership experience that moves from clarity to action: we brief leaders on what matters, show real demonstrations, then co-design and prioritize the AI opportunities most likely to deliver ROI in your environment.• Separate hype from reality with clear examples• Identify the right AI opportunities for your priorities• Define quick wins vs. strategic bets with ownership and next stepsWhat's Included• Executive AI briefing and risk framing• Demonstrations mapped to business scenarios• Facilitated use-case ideation and prioritization• Draft roadmap and recommended next stepsHow it works1. Executive briefing: trends, risks, and opportunity areas2. Demonstrations: modern work scenarios tailored to your context3. Guided exploration (hands-on when feasible)4. Design-thinking workshop to generate candidate use cases5. Prioritization by impact, feasibility, and time-to-value6. Synthesis into an AI Opportunity BlueprintDeliverables Core Solutions• AI Opportunity Blueprint (prioritized use cases + rationale)• Quick wins vs. strategic bets map• Recommended next steps for pilots, governance, and adoption Optional Executive Support• Executive summary memo suitable for leadership alignment Add-On Services• Optional: pilot design sprint• Optional: AI adoption and governance roadmap• Optional: draft internal narrative to align teams on the “why” and the first 90 daysOptional diagnostic module (recommended)Diagnostic ModuleIf helpful, we add a lightweight readiness snapshot to identify the biggest blockers to adoption — so your first pilots are set up to succeed.What We Assess• Data readiness• Security and governance posture• Change and adoption readiness• Operating model considerationsSample Questions​Outcomes• Shared leadership clarity on AI’s real potential• A prioritized set of use cases tied to business outcomes• Momentum to move from curiosity to action with confidenceBefore“We should do something with AI, but we’re not sure where to start.”After“We have a prioritized AI opportunity blueprint, owners, and a practical first-pilot plan.”FAQQ: Is this technical?A: It’s leadership-focused and outcome-driven. We keep the language clear and practical, and we bring in technical depth only when needed.Q: Do we need any tools in place?A: No. W",,,,4e5761ce-1a50-4014-9301-54780d864f67,archived,f,116500d0-357e-4ace-a7af-7264ed58e22a,2026-03-25 00:55:26.671931,2026-03-25 01:05:59.633,"Most AI efforts don’t fail because the technology is weak—they fail because leadership never gets aligned on where AI should create value first.

If your team is hearing different AI stories, debating risk without a clear path forward, or chasing tools before defining outcomes, you’re not behind—you’re facing the same friction most organizations do. The real unlock is getting executives to separate hype from practical opportunity, identify the use cases tied to measurable business results, and agree on what counts as a quick win versus a strategic bet.

When leaders leave with a shared view of AI’s potential, a prioritized set of use cases, and clear next steps for pilots, governance, and adoption, momentum changes fast. AI stops being an abstract initiative and starts becoming a business roadmap your team can actually act on with confidence.",,extracted,{b52269af-cb22-4a15-88ad-69c97a7538a4},"{""topics"": [""AI & Machine Learning""], ""seasons"": []}",other,,,,,,,,,,,,f,,,,,,,,,
6e639bae-6c15-4abb-8dc6-661d5d4f1c10,synozur.com,137db123-4906-4e61-af99-f0d23d86a622,Go-to-Market Proxy Pitch Assessment | The Synozur Alliance,"A premium buyer-style simulation and GTM assessment that delivers a scorecard, persona matrix, and a prioritized plan to sharpen differentiation and improve win rates.",https://www.synozur.com/workshopoffers/go-to-market-proxy-pitch-assessment,"Go-to-Market Proxy Pitch AssessmentSee your pitch the way real buyers do, uncover the blind spots that cost deals, and leave with a prioritized plan to sharpen differentiation and improve win rates.Request a Private Workshop See Sample Deliverables CATEGORYGo-to-Market Transformation DELIVERY FORMATVirtual or On-site DURATIONAssessment + readout (typically over ~2 weeks) COSTStarting at $20,000Why this assessment existsMost teams never hear the honest buyer perspective. Internal rehearsals can’t replicate real committee dynamics — so blind spots persist until they show up as lost deals.• Your value is real, but buyers can’t repeat it back• Differentiation sounds generic under scrutiny• Objections derail conversations because proof points aren’t crispWhat you’re buyingA high-rigor, outside-in assessment that simulates real buying dynamics, evaluates your narrative and positioning, and delivers a prioritized plan to strengthen your pitch and go-to-market execution.• Multi-persona simulation with candid feedback• Competitive and differentiation overlay to pressure-test claims• Actionable recommendations you can implement immediatelyWhat's Included• Intake and context gathering• Buying-committee simulation• Structured debrief• Assessment report with prioritized improvements• Enablement-ready recommendationsHow it works1. Intake: deck, talk track, ICP, competitor set2. Competitive context build to pressure-test differentiation3. Proxy pitch simulation with a realistic buying committee4. Persona-by-persona debrief: what resonated, what confused, what failed5. Recommendations: narrative fixes, proof points, objection handling6. Final report: scoring, priority actions, and next-step planDeliverables Core Solutions• Proxy Pitch Scorecard (clarity, differentiation, credibility, proof)• Persona Response Matrix (what each buyer heard and needed)• Competitive Narrative Overlay (where competitors win the story)• Prioritized Fix List and 30/60/90 plan Optional Executive Support• CEO/COO-ready executive summary memo• Risk and opportunity highlights Add-On Services• Live pitch rehearsal and coaching• Full deck rewrite• Enablement kit refresh (talk tracks, battlecards)• Updated talk tracks and objection responses• Slide/story-beat rewrite recommendationsOptional diagnostic module (recommended)Diagnostic ModuleWhen useful, we add a structured maturity snapshot to identify the GTM capability gaps that are driving pitch friction — and what to fix first.What We Assess• Market fit clarity (ICP, segmentation)• Messaging and positioning consistency• Pricing/packaging discipline• Demand engine and sales enablement maturity• Collateral health and journey mappingSample Questions​Outcomes• A sharper pitch buyers can repeat• Clearer differentiation under executive scrutiny• Persona-specific talk tracks that reduce stalls• A prioritized plan to improve win rates and market tractionBefore“We explain what we do, but buyers still don’t get why we’re different.”After“We have a def",,,,4e5761ce-1a50-4014-9301-54780d864f67,active,f,116500d0-357e-4ace-a7af-7264ed58e22a,2026-03-25 01:08:48.333784,2026-03-25 01:08:48.333784,"Most teams don’t lose deals because the product is weak—they lose because buyers can’t clearly repeat why it matters.

If your pitch sounds strong in an internal rehearsal but falls apart in front of a real buying committee, the problem usually isn’t effort. It’s message clarity, proof, and differentiation under pressure. When value feels generic, objections surface fast, confidence drops, and good opportunities stall.

A stronger go-to-market story starts by seeing your pitch the way real buyers do: what resonated, what confused them, what felt credible, and where competitors might win the narrative. That outside-in view helps teams sharpen proof points, tailor the message by persona, and fix the moments that create hesitation.

The result is simple but powerful: a pitch buyers can actually repeat, clearer differentiation in executive conversations, and a more focused plan to improve win rates.","https://static.wixstatic.com/media/b805ce_264f168011654212ab4edfb1f625778a~mv2.jpeg/v1/fill/w_4608,h_3584,al_c,q_90/AdobeStock_1112700000.jpeg",extracted,,,other,,,,,,,,,,,,f,,,,,,,,,
2f890b3f-dbc1-427d-8c64-a232d2c4943e,synozur.com,137db123-4906-4e61-af99-f0d23d86a622,Fractional Leadership | The Synozur Alliance,"Fractional CxOs bring high-impact leadership when and where it’s needed most. We provide flexible, executive-level guidance that accelerates momentum and bridges capability gaps without long-term overhead.",https://www.synozur.com/solutions/fractional-leadership,"Fractional LeadershipIn today's dynamic business environment, organizations often find themselves in need of expert leadership that can adapt quickly to changing conditions. This is where fractional leadership, particularly fractional CxOs (fCxOs), comes into play. Fractional CxOs are highly experienced executives who join companies on a part-time, temporary, or project basis, providing the strategic guidance and tactical support needed to navigate complex challenges and seize new opportunities.Executive Impact Without Full-Time OverheadCompanies are increasingly turning to fCxOs for several compelling reasons. Fractional leaders bring a wealth of knowledge and diverse industry experience that can inject fresh perspectives and innovative ideas into the organization. They offer a flexible and cost-effective solution, allowing businesses to access top-tier executive talent without the long-term commitment and financial burden of a full-time hire. FCxOs can rapidly integrate into the company, driving immediate impact and ensuring alignment with the company’s strategic goals. The Synozur ApproachOur consultants have years of experience as executives for revenue, operations, AI, marketing, technology, security, finance, creative services, chiefs of staff, boards of directors and more. We can help you short-term or long-term with leadership that fits your needs and your timeframe. Furthermore, our fractional CxOs bring fresh perspective to your organization. As we work with multiple clients across industries, we are well-versed in the latest trends, technologies, and leading practices. This broad experience enables us to stay strategic and develop your competitive edge. Synozur’s approach to fractional CxO engagements is designed to ensure that the transition is smooth, effective, and aligned with the company's strategic objectives. This approach leverages the structured methodologies used in our fCxO engagements and is tailored to support various executive roles.Our MethodologiesAssessment Meet with key stakeholders and management to understand their expectations, business objectives, and current challenges. Evaluate the team’s skills, workflows, and resources to identify gaps and areas for improvement. Gain access to relevant tools, data, and systems for a comprehensive review of current practices and configurations. Analysis & Risk Conduct a thorough analysis of the organization’s current posture, identifying strengths, weaknesses, and potential risks. Create a map of current state using maturity models. Develop a clear picture of the maturity and effectiveness of existing frameworks, policies, and processes. Perform a gap analysis and present findings to management, highlighting areas that need improvement and strategic alignment Prioritization and Planning Define short, mid, and long-term goals using the SMART criteria (Specific, Measurable, Achievable, Relevant, Time-bound). Develop a detailed remediation and work plan, outlining steps, timelines",,,,26fb2332-40e6-4dcc-bb95-15ef13cf2fb1,active,f,116500d0-357e-4ace-a7af-7264ed58e22a,2026-03-25 03:39:47.746534,2026-03-25 03:40:15.286,"Hiring the wrong executive can cost far more than the salary line item — and waiting too long to fill a leadership gap can slow strategy, stall teams, and keep urgent decisions in limbo.

That’s why more organizations are turning to fractional leaders: you get experienced executive guidance when you need it, without taking on full-time overhead before the timing is right. The real value isn’t just cost flexibility. It’s faster momentum, fresh perspective, and leadership that can step in, assess what’s working, identify risk, and help turn broad goals into a clear, practical path forward.

When done well, fractional leadership gives you more than interim coverage. It gives you focused executive capacity: someone who can align stakeholders, prioritize what matters, and help your organization move with more clarity and confidence while you build for the long term.",https://static.wixstatic.com/media/b805ce_48e8ee7a60cd46a7b795e3bf2c830e64~mv2.jpeg,extracted,,,other,,,,,,,,,,,,f,,,,,,,,,
18ab4181-ec00-4e96-b8fb-20807928a1b1,synozur.com,137db123-4906-4e61-af99-f0d23d86a622,Delivery Management | The Synozur Alliance,"We offer seasoned expertise in program delivery, Agile leadership, and PMO development. Our delivery approach keeps strategy on track, teams aligned, and outcomes predictable.",https://www.synozur.com/solutions/delivery-management,"Delivery ManagementWe focus on effective project and product management practices to ensure successful outcomes. Our team can also provide Agile leadership (SCRUM master, product owner), PMO development, project delivery, program management, and leadership coaching to enhance efficiency, collaboration and strategic alignment.Governance and Adoption for Strategic SuccessAdditionally, we can help you create and facilitate executive steering committees, ensuring your initiatives have the guidance and oversight needed to succeed. We also design adoption programs tailored to your organization, focusing on delivering or exceeding expected results. With our support, your transition to more advanced technologies will be smooth and effective.The Synozur ApproachThere are many approaches to organizing projects. Three of the most common are: Agile / SCRUM Agile is an iterative and collaborative approach to project management and software development. It breaks projects into smaller, manageable tasks and shorter time segments called sprints. Agile emphasizes flexibility, continuous improvement, and customer collaboration. Teams reflect and adjust their strategies after each sprint to improve the process for the next one. This methodology is particularly useful for projects where requirements and solutions evolve through the collaborative effort of cross-functional teams. Waterfall Waterfall is a linear and sequential approach to project management. It involves completing each project phase before moving on to the next. The five distinct phases of Waterfall are requirements, design, implementation, verification, and maintenance. This methodology is rigid and relies heavily on thorough planning and documentation before the project begins. It is best suited for projects with well-defined requirements and where changes are minimal during the development process Hybrid (""Wagile"") Hybrid methodology combines elements of both Agile and Waterfall approaches to create a tailored process that fits the specific needs of a project. It uses Waterfall for high-level planning, defining phases, deadlines, and deliverables, while Agile is employed for execution, breaking tasks into sprints and prioritizing backlogs. This approach enhances project efficiency and adaptability, making it suitable for projects that require both predictability and flexibility.Our MethodologiesProject ManagementOur experienced team offers project management coaching and services designed to elevate your project execution. We provide program management and delivery PM training to ensure seamless project delivery.Process ImprovementWe specialize in process improvement, evaluation, and evolution. Through our vendor selection and RFP development expertise, we help you identify the best solutions for your needs.PMO SetupOur PMO services are tailored to establish and support a robust project management office, ensuring consistent alignment with organizational goals and efficient resource management.Reso",,,,26fb2332-40e6-4dcc-bb95-15ef13cf2fb1,active,f,116500d0-357e-4ace-a7af-7264ed58e22a,2026-03-25 13:10:27.65722,2026-03-25 13:10:27.65722,"Most delivery problems aren’t project problems—they’re alignment problems. When strategy, governance, and day-to-day execution drift apart, teams get busy, leaders lose visibility, and outcomes become harder to predict.

The fix usually isn’t adding more meetings or another tool. It’s choosing a delivery approach that fits the work, creating clear decision paths, and building adoption into the plan from the start. Agile works when requirements evolve. Waterfall works when they don’t. Hybrid works when you need both flexibility and structure.

The real advantage comes from matching the method to the moment, then supporting it with strong program leadership, executive steering, and a PMO that keeps priorities connected to business goals. That’s how organizations move from reactive delivery to steady, measurable progress.",,extracted,,,other,,,,,,,,,,,,f,,,,,,,,,
c5b975bc-e537-45dd-bc0b-394c290170da,chrismcnulty.net,08610095-ef99-4205-b5ae-13264021a471,Snoqualmie 2026 | Chris McNulty,"This was my first aerial photo, other than the roof of my house. We launched from about a mile down the Snoqualmie River - my first time navigating over distances. I though I was getting close, and swiveled the camera – and saw Snoqualmie Falls with Mt. Si in the distance and a perfect early spring day.",https://www.chrismcnulty.net/product-page/snoqualmie-2026,"This was my first aerial photo, other than the roof of my house. We launched from about a mile down the Snoqualmie River - my first time navigating over distances. I though I was getting close, and swiveled the camera – and saw Snoqualmie Falls with Mt. Si in the distance and a perfect early spring day. Snoqualmie 2026$99.00PriceSize*SelectQuantity*Add to CartOrderingThis image is printed on ChromaLuxe gloss white aluminum. Fabrication and shipping takes 10-14 days. Shipping is included.",,,,205f3f8a-7e1b-4aee-8703-8316f1ea2fb3,active,f,116500d0-357e-4ace-a7af-7264ed58e22a,2026-07-06 17:15:42.60572,2026-07-06 17:15:42.60572,"Most breakthrough perspectives don’t come from perfect planning—they come from the moment you trust yourself enough to look up. This image captures that kind of shift: a first real attempt at navigating distance from above, followed by the sudden reward of seeing Snoqualmie Falls, Mt. Si, and early spring light come into view all at once.

There’s a reminder here for anyone building, leading, or creating: progress often starts before you feel fully ready. You take the first mile, adjust in motion, and then the bigger picture reveals itself.

That’s what makes this scene resonate. It isn’t just about a beautiful landscape—it’s about the clarity that can appear when you move beyond the familiar and give yourself room to see farther.","https://static.wixstatic.com/media/b805ce_6df9949757564a2b97d971ef7b97e87a~mv2.jpg/v1/fit/w_500,h_500,q_90/file.jpg",extracted,,,other,,,,,,,,,,,,f,,,,,,,,,
33e15520-b296-43d6-a397-418b94ed7b35,synozur.com,137db123-4906-4e61-af99-f0d23d86a622,AI Academy - Immersive AI Leadership Day | The Synozur Alliance,"A leadership workshop that demystifies AI, aligns executives, and produces a prioritized AI opportunity blueprint grounded in practical outcomes.",https://www.synozur.com/workshopoffers/ai-academy-immersive-ai-leadership-day,"AI Academy - Immersive AI Leadership DayBuild confidence in what AI can do for your organization, then leave with a prioritized set of use cases and next steps — grounded in real business outcomes.Request a Private Workshop Talk with our team CATEGORYAI Strategy & Design DELIVERY FORMATOn-site or Virtual DURATION4–6 hours (one-day session) COSTStarting at $20,000Why this workshop existsAI can create real advantage, but most leadership teams are stuck between hype, risk concerns, and too many tools — making it hard to choose where to start.• Your team is hearing different AI stories, so alignment is low• Use cases are fuzzy, so pilots stall or never launch• Risk and governance questions slow momentumWhat you’re buyingA focused leadership experience that moves from clarity to action: we brief leaders on what matters, show real demonstrations, then co-design and prioritize the AI opportunities most likely to deliver ROI in your environment.• Separate hype from reality with clear examples• Identify the right AI opportunities for your priorities• Define quick wins vs. strategic bets with ownership and next stepsWhat's Included• Executive AI briefing and risk framing• Demonstrations mapped to business scenarios• Facilitated use-case ideation and prioritization• Draft roadmap and recommended next stepsHow it works1. Executive briefing: trends, risks, and opportunity areas2. Demonstrations: modern work scenarios tailored to your context3. Guided exploration (hands-on when feasible)4. Design-thinking workshop to generate candidate use cases5. Prioritization by impact, feasibility, and time-to-value6. Synthesis into an AI Opportunity BlueprintDeliverables Core Solutions• AI Opportunity Blueprint (prioritized use cases + rationale)• Quick wins vs. strategic bets map• Recommended next steps for pilots, governance, and adoption Optional Executive Support• Executive summary memo suitable for leadership alignment Add-On Services• Optional: pilot design sprint• Optional: AI adoption and governance roadmap• Optional: draft internal narrative to align teams on the “why” and the first 90 daysOptional diagnostic module (recommended)Diagnostic ModuleIf helpful, we add a lightweight readiness snapshot to identify the biggest blockers to adoption — so your first pilots are set up to succeed.What We Assess• Data readiness• Security and governance posture• Change and adoption readiness• Operating model considerationsSample Questions​Outcomes• Shared leadership clarity on AI’s real potential• A prioritized set of use cases tied to business outcomes• Momentum to move from curiosity to action with confidenceBefore“We should do something with AI, but we’re not sure where to start.”After“We have a prioritized AI opportunity blueprint, owners, and a practical first-pilot plan.”FAQQ: Is this technical?A: It’s leadership-focused and outcome-driven. We keep the language clear and practical, and we bring in technical depth only when needed.Q: Do we need any tools in place?A: No. W",,,,4e5761ce-1a50-4014-9301-54780d864f67,active,f,116500d0-357e-4ace-a7af-7264ed58e22a,2026-03-25 13:12:46.939502,2026-03-25 13:14:10.465,"Most AI efforts don’t fail because the technology is weak—they fail because leadership never gets aligned on where AI should actually create value. If your team is hearing different AI stories, debating risk in the abstract, and launching pilots without clear ownership, that’s not an AI problem; it’s a strategy problem.

The fastest path forward is to separate hype from practical opportunity, identify the use cases tied to real business outcomes, and prioritize them by impact, feasibility, and time-to-value. When leaders do that well, AI stops being a vague ambition and becomes a focused set of decisions: where to start, what to test, how to govern it, and who owns the next move.

The real win isn’t “doing something with AI.” It’s leaving the room with shared clarity, a shortlist of high-value opportunities, and a first-pilot plan your team can actually execute with confidence.",https://static.wixstatic.com/media/b805ce_51eeb46cd67543c7a1502ab8efd51013~mv2.png,extracted,{b52269af-cb22-4a15-88ad-69c97a7538a4},,other,,,,,,,,,,,,f,,,,,,,,,
9d34095f-d99e-4f01-8e57-1bd499417724,synozur.com,137db123-4906-4e61-af99-f0d23d86a622,Company Operating System Bootcamp — Two-Day Leadership Workshop | The Synozur Alliance,A two-day leadership workshop to align culture and strategy and design the operating rhythm and accountability system that makes execution achievable.,https://www.synozur.com/workshopoffers/company-operating-system-bootcamp-%E2%80%94-two-day-leadership-workshop,"Company Operating System Bootcamp — Two-Day Leadership WorkshopDesign the blueprint for how your organization operates — so strategy becomes a living system, not a slide deck.Request a Private Workshop Talk with our team CATEGORYLeadership & Organizational Transformation DELIVERY FORMATOn-site (recommended) or Hybrid DURATION2 days COSTStarting at $20,000Why this workshop existsMany teams have strong intentions but weak operating rhythms — meetings drift, priorities shift, and execution depends on heroics instead of a system.• Too many priorities, not enough focus• Decisions happen inconsistently• Execution rhythms don’t scale with the organizationWhat you’re buyingA two-day facilitated design experience where leadership teams clarify foundations, define priorities, and build a practical operating rhythm — creating the management blueprint for consistent execution.• Align on values, priorities, and decision-making• Define quarterly focus and accountability• Build a cadence that turns leadership time into outcomesWhat's Included• Leadership alignment exercises• Strategy and priority design• Operating rhythm and meeting cadence design• Synthesis into a Company OS BlueprintHow it worksDay 1: Foundations + alignment (values, strategy, goals, rhythms)Day 2: Applied design (priorities, “big rocks,” decision paths, operating cadence)Close: Synthesis and next-step planDeliverables Core Solutions• Company OS Blueprint Report• Draft strategic priorities and quarterly “big rocks”• Operating rhythm (cadence, meetings, decision paths) Optional Executive Support• Executive alignment summary and implementation recommendations Add-On Services• Optional: follow-on engagement to operationalize and refine the Company OS• Optional: metrics and rhythm instrumentation• Optional: internal rollout narrative and leadership communication outlineOptional diagnostic module (recommended)Diagnostic ModuleWe can add a brief leadership and operating maturity snapshot to focus the workshop on the most important execution gaps — quickly.What We Assess• Leadership alignment and decision-making• Goal-setting and accountability• Meeting cadence and operating rhythms• Culture and adoption considerationsSample Questions​Outcomes• Leadership alignment around what matters most• A disciplined operating cadence that scales• Faster decisions and more consistent executionBefore“Leadership time is busy, but outcomes are inconsistent.”After“We have a clear operating rhythm and a blueprint for accountable execution.”FAQQ: Is this a strategy retreat?A: It’s more practical than a retreat. We design the operating system — the rhythms, decisions, and accountability that turn strategy into action.Q: Do you implement the changes?A: We can guide implementation and refinement, working alongside your team or implementation partners.",,,,4e5761ce-1a50-4014-9301-54780d864f67,archived,f,116500d0-357e-4ace-a7af-7264ed58e22a,2026-03-25 13:36:20.011028,2026-03-25 15:09:44.471,"If your strategy only lives in slide decks, it’s already losing to the day-to-day reality of the business.

Most leadership teams don’t have a strategy problem — they have an operating rhythm problem. Priorities multiply, decisions happen unevenly, and execution starts depending on heroics instead of a system. The real shift happens when leaders align on values, clarify what matters most this quarter, and build a cadence for decisions, accountability, and follow-through.

When that happens, leadership time stops feeling busy and starts producing outcomes. You move from scattered meetings and unclear ownership to a practical blueprint that helps the organization scale with more focus, faster decisions, and more consistent execution.

Strategy matters. But a clear operating system is what turns it into progress.","https://static.wixstatic.com/media/b805ce_f934a3a64078466cb8513d586e9791e6~mv2.jpeg/v1/fill/w_4096,h_2305,al_c,q_90/AdobeStock_906941431.jpeg",extracted,,,other,,,,,,,,,,,,f,,,,,,,,,
9d725783-74d6-4eb0-873a-eb5b7e0a66e1,synozur.com,137db123-4906-4e61-af99-f0d23d86a622,AI Strategy and Design,"We bring clarity and purpose to AI, aligning tools like Copilot with meaningful business outcomes. From ethical design to pilot programs, we help you chart a course that blends innovation with human impact.",https://www.synozur.com/solutions/ai-strategy-and-design,"AI Strategy and DesignOur expertise in AI technologies like Copilot ensures that you’re fully equipped to implement and manage AI solutions that transform productivity and business processes.Transforming the Workplace Through Generative AIGenAI has many potential applications and benefits for the digital workforce, such as: Enhancing productivity and creativity Improving communication and collaboration Enabling innovation and discovery While GenAI has transformative potential, its deployment should be carefully planned and executed, focusing on foundational collaboration, communication, productivity, and security. Artificial intelligence transcends the capabilities of a single assistant such as Microsoft 365 Copilot, serving as a catalyst for the digital transformation of your organization. It enhances productivity and fosters innovative collaboration methods by harnessing your proprietary data, ingenuity, and intellectual assets, optimizing your competitive advantage. This demands a comprehensive approach, embedding robust security and risk management frameworks to secure and expand these advantages into the future.AI Integration and ManagementSynozur’s expertise in Microsoft's AI technologies ensures that you’re fully equipped to implement and manage AI solutions that transform business processes. We take a human-centric approach to AI, ensuring that your solutions are ethical and considerate of their impact on your workforce. We map AI to achievable business outcomes. Whether it's improving customer experience, driving efficiency, or unlocking new revenue streams, we deliver tangible outcomes. Finally, we design and implement pilot programs and rollouts with a customized curriculum-based campaign.Our MethodologiesMaturity ModelsMaturity model assessments to plan for sustainable growth of AI initiativesReadinessReadiness based on content security, privacy, governance, risk and compliance offeringsPrioritiesAI prioritization based on developing and agreeing to key business needsMethodologyA proven curriculum-based methodology to design and manage pilot and deployment projectsFocus on PeopleA human-centric approach that includes: Meetings, pilots, and adoption should be engaging and delightful Agile project methodology to keep business users–in the forefront and engaged throughout Ethical considerations to consider and optimize human impact Change management and adoption resources to streamline and optimize deployment OutcomesMeasurement and analysis of expected and actual tangible business benefits and outcomes aligns technical deployment with business transformation.ResourcesWHITE PAPER2026 AI ReportView February 26, 2026CASE STUDYExecutive AI Readiness at a Leading Education Technology CompanyView February 15, 2026CASE STUDYAI and Knowledge Transformation at a Strategic Communications FirmView February 15, 2026INTERACTIVESynozur AI Maturity ModelView October 12, 2025CASE STUDYAI & Governance Acceleration for Private EquityView February 15, 202",,,,26fb2332-40e6-4dcc-bb95-15ef13cf2fb1,active,f,116500d0-357e-4ace-a7af-7264ed58e22a,2026-03-24 11:39:51.047497,2026-03-25 15:10:55.561,"Most AI pilots fail—not because the technology doesn't work, but because organizations skip the foundation.

AI isn't just an assistant you plug in. It's a catalyst for transformation that demands ethical design, workforce readiness, and airtight governance around your proprietary data. The real competitive edge comes from mapping AI to actual business outcomes—improved customer experience, measurable efficiency gains, unlocked revenue streams—not just deploying tools because everyone else is.

The difference between AI that stalls and AI that scales? A human-centric approach that prioritizes what happens to your people, paired with a curriculum-based methodology that turns pilots into sustainable programs. Maturity models, content security frameworks, and thoughtful change management aren't overhead—they're what separate experimentation from execution.

If your AI strategy doesn't connect technology deployment to measurable business transformation, you're building on sand.",https://static.wixstatic.com/media/b805ce_ac5ee1b33b6a4b34b7f0e6d0055de8fd~mv2.jpeg,extracted,,,other,,,,,,,,,,,,f,,,,,,,,,
0e1d03ca-b5ef-449a-92c9-ad8b2f1474e2,synozur.com,137db123-4906-4e61-af99-f0d23d86a622,Company Operating System Bootcamp - Two-Day Leadership Workshop | The Synozur Alliance,A two-day leadership workshop to align culture and strategy and design the operating rhythm and accountability system that makes execution achievable.,https://www.synozur.com/workshopoffers/company-operating-system-bootcamp-two-day-leadership-workshop,"Company Operating System Bootcamp - Two-Day Leadership WorkshopDesign the blueprint for how your organization operates — so strategy becomes a living system, not a slide deck.Request a Private Workshop Talk with our team CATEGORYLeadership & Organizational Transformation DELIVERY FORMATOn-site (recommended) or Hybrid DURATION2 days COSTStarting at $20,000Why this workshop existsMany teams have strong intentions but weak operating rhythms — meetings drift, priorities shift, and execution depends on heroics instead of a system.• Too many priorities, not enough focus• Decisions happen inconsistently• Execution rhythms don’t scale with the organizationWhat you’re buyingA two-day facilitated design experience where leadership teams clarify foundations, define priorities, and build a practical operating rhythm — creating the management blueprint for consistent execution.• Align on values, priorities, and decision-making• Define quarterly focus and accountability• Build a cadence that turns leadership time into outcomesWhat's Included• Leadership alignment exercises• Strategy and priority design• Operating rhythm and meeting cadence design• Synthesis into a Company OS BlueprintHow it worksDay 1: Foundations + alignment (values, strategy, goals, rhythms)Day 2: Applied design (priorities, “big rocks,” decision paths, operating cadence)Close: Synthesis and next-step planDeliverables Core Solutions• Company OS Blueprint Report• Draft strategic priorities and quarterly “big rocks”• Operating rhythm (cadence, meetings, decision paths) Optional Executive Support• Executive alignment summary and implementation recommendations Add-On Services• Optional: follow-on engagement to operationalize and refine the Company OS• Optional: metrics and rhythm instrumentation• Optional: internal rollout narrative and leadership communication outlineOptional diagnostic module (recommended)Diagnostic ModuleWe can add a brief leadership and operating maturity snapshot to focus the workshop on the most important execution gaps — quickly.What We Assess• Leadership alignment and decision-making• Goal-setting and accountability• Meeting cadence and operating rhythms• Culture and adoption considerationsSample Questions​Outcomes• Leadership alignment around what matters most• A disciplined operating cadence that scales• Faster decisions and more consistent executionBefore“Leadership time is busy, but outcomes are inconsistent.”After“We have a clear operating rhythm and a blueprint for accountable execution.”FAQQ: Is this a strategy retreat?A: It’s more practical than a retreat. We design the operating system — the rhythms, decisions, and accountability that turn strategy into action.Q: Do you implement the changes?A: We can guide implementation and refinement, working alongside your team or implementation partners.",,,,4e5761ce-1a50-4014-9301-54780d864f67,active,f,116500d0-357e-4ace-a7af-7264ed58e22a,2026-03-25 15:50:24.431623,2026-03-25 15:50:24.431623,"If leadership meetings keep producing motion instead of outcomes, the issue usually isn’t effort — it’s the absence of an operating system. Too many teams rely on heroics, scattered priorities, and inconsistent decision-making, then wonder why execution feels slower as the business grows.

What changes the game is a clear management blueprint: shared priorities, a defined decision path, and an operating rhythm that turns leadership time into measurable progress. When teams align on values, quarterly focus, accountability, and meeting cadence, strategy stops living in slides and starts showing up in how the organization actually works every week.

The real payoff is practical: faster decisions, better focus, less drift, and a leadership team that spends less time reacting and more time moving the business forward with intention. If execution still depends on who shouts loudest or works latest, it may be time to design a system that makes consistency achievable.","https://static.wixstatic.com/media/b805ce_f934a3a64078466cb8513d586e9791e6~mv2.jpeg/v1/fill/w_4096,h_2305,al_c,q_90/AdobeStock_906941431.jpeg",extracted,,,other,,,,,,,,,,,,f,,,,,,,,,
b7414d29-5ba9-4073-923c-f8be51d0f3f1,synozur.com,137db123-4906-4e61-af99-f0d23d86a622,M365 Academy -vMicrosoft 365 Transformation Day | The Synozur Alliance,A one-day workshop that unlocks Microsoft 365 value and delivers a prioritized modernization roadmap with adoption and governance recommendations.,https://www.synozur.com/workshopoffers/m365-academy-microsoft-365-transformation-day,"M365 Academy - Microsoft 365 Transformation DayUnlock the tools you already own, improve everyday work, and align business and IT on the highest-value initiatives.Request a Private Workshop Talk with our team CATEGORYMicrosoft 365 Transformation DELIVERY FORMATOn-site or Virtual DURATION1 day COSTStarting at $20,000Why this workshop existsMost organizations own powerful M365 capabilities but only use a fraction — leaving productivity, automation, and knowledge gains on the table.• Too many tools and overlapping apps create confusion• Governance gaps slow adoption and increase risk• Teams don’t know what’s possible, so value stays unrealizedWhat you’re buyingAn executive-friendly modernization day: we demonstrate what’s possible, then connect it to your workflows and priorities to produce a practical action plan that makes adoption achievable.• Discover underused features you already pay for• Map real business problems to M365 solutions• Prioritize quick wins and governance improvementsWhat's Included• Curated demos aligned to your needs• Facilitated scenario mapping• Prioritized action plan• Adoption and governance recommendationsHow it works1. Orientation: your current state and priorities2. Demonstrations: high-value capabilities relevant to your teams3. Guided exploration (hands-on when feasible)4. Scenario mapping: pain points to features and patterns5. Prioritization: quick wins vs. strategic investments6. Roadmap: actions, owners, and next stepsDeliverables Core Solutions• M365 Modernization Mini-Roadmap• Quick-win opportunity list• Governance and adoption recommendations Optional Executive Support• Executive summary memo for alignment and sponsorship Add-On Services• Optional: governance design sprint• Optional: adoption campaign and measurement plan• Optional: communications and adoption rhythm outlineOptional diagnostic module (recommended)Diagnostic ModuleWe can add a brief maturity snapshot to surface governance and adoption blockers, so your roadmap is realistic and right-sized.What We Assess• Information architecture and governance• Collaboration patterns and adoption• Automation readiness• Content hygiene and risk hotspotsSample Questions​Outcomes• Faster adoption of high-value capabilities• Reduced tool sprawl and clearer governance• Improved alignment between business and IT on what to do nextBefore“We have M365, but adoption is uneven and we’re still paying for too many extra tools.”After“We have a prioritized modernization roadmap and a clear governance and adoption path.”FAQQ: Will this be specific to our environment?A: Yes. We tailor demos and recommendations to your constraints, culture, and business priorities.Q: Do you implement?A: We design the strategy and roadmap and can guide execution with you or your implementation partners.",,,,4e5761ce-1a50-4014-9301-54780d864f67,active,f,116500d0-357e-4ace-a7af-7264ed58e22a,2026-03-25 15:51:30.106112,2026-03-25 15:51:30.106112,"Most organizations are paying for far more Microsoft 365 value than they’re actually using.

The real cost isn’t just unused features — it’s tool sprawl, uneven adoption, unclear governance, and teams working harder than they need to. When leaders step back and map everyday business problems to the capabilities they already own, they often find faster wins, cleaner workflows, and a much clearer path forward.

A strong modernization approach starts by separating quick wins from bigger strategic investments, then aligning business and IT around what matters most. That’s how you turn M365 from “something we have” into a practical roadmap for better productivity, smarter automation, and more confident decision-making.","https://static.wixstatic.com/media/b805ce_9e2b77d7421a4681b6cda33ee780341a~mv2.jpeg/v1/fill/w_5690,h_3798,al_c,q_90/AdobeStock_362805421.jpeg",extracted,,,other,,,,,,,,,,,,f,,,,,,,,,
655c8c41-c338-4c91-a163-0beab7d88972,synozur.com,137db123-4906-4e61-af99-f0d23d86a622,"Microsoft 365 E7, Or, 1+1+1+1=7","In this episode of our Polaris podcast, @cmcnulty explores Microsoft’s game-changing March 2026 announcements – including the Microsoft 365 E7 “Frontier Suite,” Agent 365 for AI governance, and the new Copilot Cowork capability – and unpack what these innovations mean for business and technology leaders navigating the AI-powered future.",https://www.synozur.com/post/microsoft-365-e7-or-1-1-1-1-7,"On our latest episode of Polaris, Chris McNujlty recaps Microsoft’s latest AI news. If you’re leading a business or technology team, their announcements probably landed with a mix of excitement and unease.A new top‑tier Microsoft 365 plan.A brand‑new platform for governing AI agents.And a reimagined Copilot that behaves more like a teammate than a chatbot. Individually, each announcement is interesting. Taken together, they tell a very clear story about where Microsoft believes enterprise AI is heading—and what organizations will need to operate there safely.Let’s unpack what Microsoft announced, why it matters, and what leaders should actually be thinking about next.E7: The “Frontier Suite” and Why It ExistsThe biggest headline was Microsoft 365 E7, the first new top‑tier enterprise plan since E5 launched more than a decade ago. Microsoft is calling it the Frontier Suite, which isn’t subtle branding. This is positioned as the package for organizations that want to push into AI‑driven ways of working—without breaking their security or governance models in the process.On top of that foundation, E7 includes·Microsoft 365 Copilot (the AI assistant across Office and Teams)the brand-new Agent 365 service (more on that in a moment)the full Microsoft Entra ID suite (formerly known as Azure AD, providing advanced identity and access management).The key idea is that AI capabilities and enterprise trust are no longer separable. Microsoft’s message is clear: if you want AI at scale, you also need stronger identity, policy enforcement, monitoring, and control. AI can’t be bolted on anymore, it has to live inside the same guardrails as your people, data, and systems.The price tag ($99 per user per month) understandably raised eyebrows. This isn’t a default license for every employee. Instead, it’s a signal that Microsoft expects organizations to be intentional—deploying E7 where AI can drive meaningful value, not just novelty. Most organizations will benefit from piloting E7 with specific roles or teams before deciding how broadly it makes sense.Agent 365: Managing the Coming Wave of AI “Coworkers”Agent 365 may be the most important announcement in the long run—even if it’s the least flashy.Over the past year, many organizations have quietly accumulated dozens (or hundreds) of AI agents: Copilot variants, custom bots, task automations, third‑party AI tools, and employee‑created assistants. This phenomenon—what we often call agent sprawl—is starting to look a lot like the early days of shadow IT.Agent 365 is Microsoft’s response. It provides a way to:Assign identities to AI agentsApply permissions, policies, and DLP rulesMonitor activity and behaviorShut agents off when necessaryIn practice, this means AI agents are treated more like users or services—not mysterious black boxes. From a leadership and governance standpoint, that’s huge. It allows organizations to enable innovation without losing visibility or control, which is often the real blocker to AI adoption.Even if y",,,,de9f9358-81f0-47ea-8c20-41d57a2ca5f4,active,f,116500d0-357e-4ace-a7af-7264ed58e22a,2026-03-25 22:07:08.986516,2026-03-25 22:23:16.202,"On this episode of our Polaris podcast, @cmcnulty notes that $99 per user per month isn’t the real story. The bigger shift is this: AI is no longer something you bolt onto work — it’s becoming part of how work is governed, secured, and run.

Microsoft’s new E7 bundle, Agent 365, and a more teammate-like Copilot all point in the same direction: if you want AI at scale, you need identity, policy, monitoring, and clear guardrails built in from the start. That matters because many organizations are already dealing with quiet agent sprawl — a growing mix of copilots, bots, automations, and employee-created tools that can create risk faster than leadership realizes.

The takeaway for business and technology leaders is simple: don’t ask, “How do we roll out more AI?” Ask, “Where will AI create meaningful value, and what controls need to exist before it spreads?” The teams that move forward with intention — piloting in the right roles, tying adoption to business outcomes, and governing AI like any other enterprise capability — will be far better positioned than the ones chasing novelty.","https://static.wixstatic.com/media/b805ce_e82afd632ee04620b2e7b6dfe5bd87c4~mv2.png/v1/fill/w_1000,h_563,al_c,q_90,usm_0.66_1.00_0.01/b805ce_e82afd632ee04620b2e7b6dfe5bd87c4~mv2.png",extracted,,,other,,,,,,,,,,,,f,,,,,,,,,
f92a729f-b702-46d7-b815-6ddce4f7f4b0,synozur.com,137db123-4906-4e61-af99-f0d23d86a622,Strategic Roadmaps | The Synozur Alliance,"We co-create strategic roadmaps that align your vision with actionable steps—leveraging your current tools and identifying what’s truly needed. It's a pragmatic path toward smarter, more sustainable technology choices.",https://www.synozur.com/solutions/strategic-roadmaps,"Strategic RoadmapsWe’ll help develop strategic roadmaps that align with your business ambitions. With our extensive experience, we help you leverage the Microsoft solutions you already have and negotiate for the ones you need. We focus on avoiding unnecessary tools, ensuring that every piece of technology in your arsenal is essential and impactful.Aligning Technology with Business OutcomesIn today's rapidly evolving business landscape, having an aligned roadmap for technology that matches your business strategy is crucial for success.The Synozur ApproachWe use a workshop approach to drive consensus on your business priorities. This helps us assess your technical readiness and design a roadmap that charts a path from where you are to where you’re headed. In particular, we leverage our partner relationships with Microsoft and other providers to help you maximize the value of your investments in Microsoft 365, identifying products and services you need and when you need them - and avoiding solutions that are misaligned and non-strategic. We also help you negotiate for the best economic results, and connect you to the right Microsoft programs for full engagement and education.Our MethodologiesResourcesCASE STUDYAI and Knowledge Transformation at a Strategic Communications FirmView February 15, 2026CASE STUDYAI Transformation for Financial ServicesView August 27, 2025CASE STUDYAI & Governance Acceleration for Private EquityView February 15, 2026REFERENCECARE-RAFT Prompting - Industry ExamplesView August 21, 2025CASE STUDYExecutive AI Readiness at a Leading Education Technology CompanyView February 15, 2026EBOOKLeading AI Playbooks & StrategyView August 1, 2025Insights BlogMicrosoft 365 E7, Or, 1+1+1+1=7In this episode of Polaris, we explore Microsoft’s game-changing March 2026 announcements – including the Microsoft 365 E7 “Frontier Suite,” Agent 365 for AI governance, and the new Copilot Cowork capability – and unpack what these innovations mean for business and technology leaders navigating the AI-powered future.Microsoft Purview’s Adaptive DLP Brings Scalable Control to Copilot Microsoft’s new Purview Data Loss Prevention (DLP) adaptive scopes for SharePoint have quietly introduced a pivotal capability for enterprise AI governance. This update – currently in preview ( generally available by March 2026 ) – enables organizations to dynamically and automatically control which SharePoint content Microsoft 365 Copilot can access , based on policy-driven rules rather than static manual lists. It’s a significant shift that empowers business and IT leaders to govern AI...Polaris - 2025 In ReviewFour Synozur leaders - Michelle Boyd, Michelle Caldwell, Joshua Christensen & Shari Oswald – joing Chris McNulty on a special holiday edition of Polaris to reflect on 2025's seismic shifts in AI, the gap between technology and organizational maturity, and why 2026 will separate those who merely adopted tools from those who fundamentally transformed how work gets don",,,,26fb2332-40e6-4dcc-bb95-15ef13cf2fb1,active,f,116500d0-357e-4ace-a7af-7264ed58e22a,2026-03-26 04:42:16.761752,2026-03-26 04:42:16.761752,"More technology does not create more progress—better alignment does. One of the fastest ways organizations lose time and budget is by adding tools before they’ve agreed on business priorities, ownership, and what success should actually look like.

A strong strategic roadmap changes that. It helps leadership build consensus, assess technical readiness honestly, and connect today’s environment to tomorrow’s outcomes with clear, practical steps. It also protects teams from tool sprawl by focusing on what they already have, what they truly need next, and what will create measurable value instead of more complexity.

The real win is not just a cleaner technology stack. It’s a smarter path to growth, better economic decisions, stronger Microsoft alignment, and a roadmap people can actually follow. When strategy and technology move together, transformation becomes far more achievable.",,extracted,,,other,,,,,,,,,,,,f,,,,,,,,,
f0f4f74a-de56-45a7-8774-b24952382bfc,reveillesoftware.com,5232feeb-8671-489f-ab07-e9d7310f0a3f,"When AI Fails, It’s Usually Not the AI - Reveille Software","Why Mission Critical AI Breaks on Unstructured Content—and How Reveille Enterprise Changes That Let’s say the quiet part out loud. When Copilot “fails.” When Gemini “hallucinates.” When ChatGPT gives a partial, incorrect, or useless answer. It’s usually not the model. It’s your unstructured content. AI Runs on Unstructured Data—Whether You Admit It or Not Modern",https://www.reveillesoftware.com/blog/idp/when-ai-fails-its-usually-not-the-ai/,"Reveille Launches Reveille Enterprise to Power AI-Driven Automation Operations by Reveille Software | Mar 10, 2026 | Company News, ECM, IDP, Reveille Platform, RPANew enterprise edition delivers governance, automation, and observability for business-critical... If IDP Feeds ECM, Monitoring Them in Isolation Is a Risk by Kieran Fox | Jan 28, 2026 | ECM, IDPMost organizations don’t run an ECM system or an IDP platform. They run document pipelines—where... 💼 Success Story Series: Top-Ranked Cancer Center Eliminates ECM Blind Spots and Restores Workflow Stability by Reveille Software | Nov 11, 2025 | ECM, Success StoryIn healthcare, disruption isn’t just inconvenient — it can affect patient intake, clinician...",,,,402d04c5-9ed7-4263-bfa6-6754d6a2b7ef,active,f,116500d0-357e-4ace-a7af-7264ed58e22a,2026-03-26 13:41:32.746258,2026-03-26 13:41:32.746258,"When AI gives a weak answer, the model often gets the blame—but the real problem is usually the content behind it. If your documents are incomplete, duplicated, outdated, poorly classified, or trapped across disconnected systems, even strong AI will return weak results.

That’s the bigger lesson for leaders: AI success depends on the health of your unstructured content as much as the model itself. Better visibility, governance, and monitoring across document pipelines can improve answer quality, reduce risk, and make automation far more reliable in day-to-day operations.

Before investing in another AI initiative, it’s worth asking a harder question: can your content ecosystem actually support the outcome you want? Teams that treat content operations as a business-critical foundation—not an afterthought—are far more likely to see real value from AI.",,extracted,,,other,,,,,,,,,,,,f,,,,,,,,,
bc6c1ebc-426f-4573-88e2-ee119db9dcb4,synozur.com,137db123-4906-4e61-af99-f0d23d86a622,Constellation | Synozur Consulting Delivery Platform,"Constellation by Synozur is the consulting delivery platform built for professional services firms. Manage project estimates, expenses, invoicing, time tracking, and financial reporting — all in one place.",https://constellation.synozur.com,,,,,251de541-90d6-4fed-b370-c318e7e37080,active,f,116500d0-357e-4ace-a7af-7264ed58e22a,2026-03-26 23:21:33.661266,2026-03-26 23:21:33.661266,"Most professional services firms don’t have a delivery problem — they have a visibility problem. When estimates, time, expenses, invoices, and reporting live in different places, leaders lose the clear view they need to protect margin, forecast accurately, and make faster decisions.

The real advantage comes from connecting the full delivery picture in one system: what was scoped, what was spent, what can be billed, and what the business is actually earning. That kind of clarity helps teams reduce friction, improve accountability, and spend less time chasing spreadsheets and more time driving outcomes.

For firms under pressure to grow without adding unnecessary complexity, the takeaway is simple: operational discipline is a growth strategy. When delivery and financial signals are aligned, it becomes much easier to guide projects with confidence, support consultants effectively, and make the desirable achievable.",https://constellation.synozur.com/og-image.jpg,extracted,{afefe297-2a85-436c-9016-3742a48b0f57},,other,,,,,,,,,,,,f,,,,,,,,,
3b5b7645-4e12-4092-913b-230dd3fe871c,reveillesoftware.com,5232feeb-8671-489f-ab07-e9d7310f0a3f,Reveille Enterprise - Reveille Software,,https://www.reveillesoftware.com/reveille-enterprise/,"Reveille Enterprise Bring observability, automation, and governance together for enterprise-scale environments—ensuring your automation and the AI built on top of it run without disruption. Cloud, on-Prem, or Hybrid Deployment Configure / No Code Reveille Enterprise is built for scale—the foundation for automation, governance and AI-driven operations. Enterprise delivers deep, application-aware visibility across ECM, IDP, and RPA—the systems AI depends on. The result: continuous service level assurance for both your automation and the AI built on top of it. Enterprise-Ready. AI-Driven. Always On. KCentralize governance, ownership, and visibility across distributed ECM, IDP, and RPA environments KFeed real-time observability into AI agents via Reveille MCP, and apply dynamic thresholding for smarter, context-aware decisions KMinimize downtime with proactive self-healing across critical processes K24×7 enterprise support with a dedicated TSM and proactive optimization to keep operations running smoothly Capability Reveille Standard Reveille Enterprise Reporting & Dashboards Real-time and historical dashboards · Standard operational reporting Enterprise-wide visibility across distributed environments · Management-level and service-oriented reporting Integrations & APIs Limited connector options · REST APIs available Full connector library (ITSM, AIOps, OTEL, data platforms) · 175+ REST API endpoints · Deep ecosystem integration Governance & Ownership Basic access control · Event visibility Role-based access and ownership models · Event accountability for SLA assurance · Centralized governance across teams Automation & Self-Healing Alerting and notification only 90+ automated self-healing actions · Proactive remediation · Reduced MTTR and operational noise User Experience Analytics System-level visibility Real user behavior and experience insight · Faster root cause analysis · Anomalous activity detection AI-Ready Capabilities Not AI-enabled ML-driven dynamic thresholds · Local MCP support for AI agents · Trusted operational signals for AI-driven operations Deliver trusted operational context to AI agents with the Reveille AI Suite KFeed real-time, normalized observability data from ECM, IDP, and RPA directly into AI agents using Reveille MCP KCombine metrics, events, dependencies, and service-level signals across content and automation workflows to dramatically reduce MTTD and MTTR KSeamlessly integrate Reveille intelligence into emerging AI copilots, agent frameworks, and automation tools KProvide the missing operational truth AI needs to move from passive analysis to proactive decision More on Reveille AI/ML More on Reveille AI/ML More on Self-Healing Prevent backlogs before they become business disruptions with Self-Healing KIdentify and remediate stuck, hung, or aging batches, jobs, and workflows KAutomatically clear queues, reset failed processes, and rebalance workloads KProtect throughput for high-volume capture, ingestion, indexing, and tr",,,,e032fae4-f07d-4320-a588-89ee0b8caa91,active,f,d816008f-9e8e-434b-8a60-bad260959ddb,2026-04-03 16:12:03.397768,2026-04-03 16:12:03.397768,"AI is only as reliable as the operations underneath it—and that’s where many enterprises are exposed.

If your automation stack spans ECM, IDP, and RPA across cloud, on-prem, and hybrid environments, visibility gaps don’t stay technical for long. They turn into missed service levels, slower response times, noisy alerts, and workflows that fail when the business needs them most. The real win comes from bringing observability, governance, and self-healing together so teams can catch issues earlier, reduce downtime, and give AI systems the trusted operational context they need to make smarter decisions.

The takeaway is simple: enterprise AI doesn’t start with more models. It starts with a stronger operational foundation—real-time signals, clear ownership, proactive remediation, and support built for always-on environments. When that foundation is in place, automation becomes more resilient, teams spend less time reacting, and business-critical processes keep moving.",,extracted,,,other,,,,,,,,,,,,f,,,,,,,,,
191e5976-645e-4dcf-b4ce-ffd1e06ba0f5,reveillesoftware.com,5232feeb-8671-489f-ab07-e9d7310f0a3f,Reveille Webinars - Reveille Enterprise,,https://www.reveillesoftware.com/resources/webinars/?wchannelid=9juyffkvgm&wmediaid=aqjc578e92,Check out our latest videos Reveille Webinars & Videos Videos & Explainers Why Reveille for Hyland? Why Reveille for OpenText? Why Reveille for Tungsten? Why Reveille for IBM? Why Reveille for ABBYY Vantage? Reveille for Capacity Planning ECM/IDP License Management ECM and IDP Chargeback Solution Meet Reveille Software Videos & Explainers Why Reveille for Hyland? Why Reveille for OpenText? Why Reveille for Tungsten? Why Reveille for IBM? Why Reveille for ABBYY Vantage? Reveille for Capacity Planning ECM/IDP License Management ECM and IDP Chargeback Solution Meet Reveille Software,,,,93019605-4099-43be-a490-da949122b4f2,active,f,d816008f-9e8e-434b-8a60-bad260959ddb,2026-04-03 16:12:59.306867,2026-04-03 16:12:59.306867,"If your team can’t see performance problems until users complain, you’re already paying for the issue twice—once in lost productivity, and again in the scramble to fix it.

The real win in content operations isn’t just keeping systems “up.” It’s gaining clear, ongoing visibility into the platforms that power your business so you can spot risk early, manage capacity with confidence, and make better decisions about licenses, usage, and support before small issues turn into expensive disruption.

When leaders have that kind of operational insight, they move from reactive fire drills to proactive control—improving system health, protecting user experience, and giving the business a stronger foundation for scale.",,extracted,,,other,,,,,,,,,,,,f,,,,,,,,,
1c9c4bed-bb6e-4d7e-92dc-be36c42b9032,reveillesoftware.com,5232feeb-8671-489f-ab07-e9d7310f0a3f,WEBINAR: Deploy Copilot with Confidence - Reveille Software,"Copilot is creating a surge of notes and artifacts that often live in SharePoint Embedded—an admin visibility gap for governance, troubleshooting, and service assurance. In this launch webinar, we’ll introduce Reveille Enterprise and show how it delivers dashboards, reporting, and user analytics across SharePoint Online/Embedded, Teams, Entra ID, Copilot activity, and OneDrive—plus role-based ownership and SLA accountability. We’ll",https://www.reveillesoftware.com/blog/microsoft/webinar-deploy-copilot-with-confidence/,"When AI Fails, It’s Usually Not the AI by Chris McNulty | Mar 13, 2026 | AI & ML, Blog, ECM, IDP, Reveille EnterpriseThis article previews key themes and insights we’ll explore in the upcoming Reveille Enterprise... Reveille Launches Reveille Enterprise to Power AI-Driven Automation Operations by Reveille Software | Mar 10, 2026 | Company News, ECM, IDP, Reveille Enterprise, Reveille Platform, RPANew enterprise edition delivers governance, automation, and observability for business-critical... How to Optimize SharePoint Performance for Improved Collaboration by Reveille Software | Dec 3, 2024 | MicrosoftSharePoint is a robust platform from Microsoft for enterprise content management (ECM) and...",,,,93019605-4099-43be-a490-da949122b4f2,active,f,d816008f-9e8e-434b-8a60-bad260959ddb,2026-04-03 18:45:36.967375,2026-04-03 18:45:36.967375,"When AI fails, the root cause usually isn’t the model—it’s the environment around it.

If Copilot is generating more notes, artifacts, and content across SharePoint, Teams, OneDrive, and Entra ID, you need more than excitement about AI adoption. You need visibility, governance, and clear ownership. Without that, small issues turn into broken experiences, compliance gaps, and support teams chasing problems after users already feel the impact.

The real shift is moving from “we deployed AI” to “we can manage it with confidence.” That means knowing where activity is happening, who owns service health, how performance is trending, and where risks are building before they disrupt work. AI delivers better business outcomes when the systems around it are observable, accountable, and ready to scale.",,extracted,,,other,,,,,,,,,,,,f,,,,,,,,,
a3975063-7520-4449-aaf5-279e72159e0a,synozur.com,7e86ba11-1ba2-4853-a91b-bcd180e0ba0f,Blooming Season Savings | 25% Off Spring Stays | Willows Lodge Woodinville,Experience spring in Woodinville Wine Country with Blooming Season Savings. Enjoy 25% off best available rate for a limited time.,https://www.willowslodge.com/offers-and-packages/blooming-season-savings/,"Blooming Season Savings For a Limited Time, Save 25% on Spring Stays As spring arrives in Woodinville Wine Country, Willows Lodge comes to life with blooming gardens, longer days, and cozy stays. Wander through more than 130 nearby tasting rooms, indulge in seasonal dining at Barking Frog, or unwind with a rejuvenating treatment at The Spa at Willows Lodge. From cocktails in Fireside Lounge to cozy evenings by your in‑room fireplace or deep soaking tub, spring is the perfect time to book a getaway. Enjoy 25% off Best Available Rate during our Blooming Season Savings Sale. BOOK NOW Offer valid for new bookings only on stays through May 31, 2026. Must book by April 14, 2026. Based on availability. Not valid with any other promotions or for groups. Blooming Season Savings bookings cannot be modified. When the Pacific Northwest Begins to Bloom",,,,,active,f,116500d0-357e-4ace-a7af-7264ed58e22a,2026-04-05 16:43:08.472416,2026-04-05 16:43:08.472416,"Spring doesn’t last long in Woodinville wine country, and that’s exactly why this is the moment to book the getaway you’ve been putting off. For a limited time, you can save 25% on spring stays and turn a simple overnight into something that actually feels restorative—blooming gardens, longer days, nearby tasting rooms, seasonal dining, spa time, and the kind of cozy evening that ends by the fire or in a deep soaking tub.

If your idea of value is getting more than just a room, this is it: a stay that gives you space to slow down, reconnect, and enjoy the Pacific Northwest at its best. The offer applies to new bookings on stays through May 31, 2026, but you need to book by April 14, 2026, and availability is limited.

Some seasons are worth waiting for. This one isn’t.",https://www.willowslodge.com/site/assets/files/173484/bloom-hero-floral.jpg,extracted,,"{""topics"": [], ""seasons"": [""Spring""]}",other,,,,,,,,,,,,f,,,,,,,,,
17322f90-8d00-4734-993d-88ea5e9ca9d8,chrismcnulty.net,08610095-ef99-4205-b5ae-13264021a471,Saguaro 2025 | Chris McNulty,"Also from my McDowell Mountain series, shot after sunrise in late summer.  Unlike the sky in Desert 2025, the clouds to the west burned off quickly. This cactus, of hundreds and hundreds, against the brilliant blue captured the vivid isolation of the Arizona desert for me.",https://www.chrismcnulty.net/product-page/saguaro-2025,"Also from my McDowell Mountain series, shot after sunrise in late summer. Unlike the sky in Desert 2025, the clouds to the west burned off quickly. This cactus, of hundreds and hundreds, against the brilliant blue captured the vivid isolation of the Arizona desert for me. Saguaro 2025$99.00PriceSize*SelectQuantity*Add to CartOrderingThis image is printed on ChromaLuxe gloss white aluminum. Fabrication and shipping takes 10-14 days. Shipping is included.",,,,205f3f8a-7e1b-4aee-8703-8316f1ea2fb3,active,f,116500d0-357e-4ace-a7af-7264ed58e22a,2026-07-06 17:16:12.483543,2026-07-06 17:16:12.483543,"What if the most powerful image in a landscape isn’t the biggest scene, but the single detail that makes you feel the whole place? In a desert filled with “hundreds and hundreds” of saguaros, one cactus against a clear blue sky becomes a lesson in focus: when you strip away distraction, isolation turns into presence, and a familiar landscape starts to say something more personal.

That’s the real transformation great photography can create. It doesn’t just show you where someone stood after sunrise in late summer—it helps you feel the vivid stillness, the heat, the distance, and the quiet strength of a place that could easily be reduced to scenery.

The takeaway is simple: strong visual storytelling isn’t about chasing spectacle. It’s about noticing the moment where light, form, and restraint come together—and letting that clarity do the work.","https://static.wixstatic.com/media/b805ce_39444b593dba4d6eace96c86386b6aea~mv2.jpg/v1/fit/w_500,h_500,q_90/file.jpg",extracted,,,other,,,,,,,,,,,,f,,,,,,,,,
164acb5a-5955-4380-8dda-47af69ff5de7,synozur.com,137db123-4906-4e61-af99-f0d23d86a622,M365 Academy - Microsoft 365 Transformation Day | The Synozur Alliance,,https://www.synozur.com/workshops/m365-academy-microsoft-365-transformation-day,"M365 Academy - Microsoft 365 Transformation Day
Unlock the tools you already own, improve everyday work, and align business and IT on the highest-value initiatives.
Request a Private Workshop
Talk with our team
CATEGORY

Microsoft 365 Transformation

DELIVERY FORMAT

On-site or Virtual

DURATION

1 day

COST

Starting at $20,000

Why this workshop exists

Most organizations own powerful M365 capabilities but only use a fraction — leaving productivity, automation, and knowledge gains on the table.

• Too many tools and overlapping apps create confusion
• Governance gaps slow adoption and increase risk
• Teams don’t know what’s possible, so value stays unrealized

What you’re buying

An executive-friendly modernization day: we demonstrate what’s possible, then connect it to your workflows and priorities to produce a practical action plan that makes adoption achievable.

• Discover underused features you already pay for
• Map real business problems to M365 solutions
• Prioritize quick wins and governance improvements

What's Included

• Curated demos aligned to your needs
• Facilitated scenario mapping
• Prioritized action plan
• Adoption and governance recommendations

How it works

1. Orientation: your current state and priorities
2. Demonstrations: high-value capabilities relevant to your teams
3. Guided exploration (hands-on when feasible)
4. Scenario mapping: pain points to features and patterns
5. Prioritization: quick wins vs. strategic investments
6. Roadmap: actions, owners, and next steps

Deliverables

Core Solutions

• M365 Modernization Mini-Roadmap
• Quick-win opportunity list
• Governance and adoption recommendations

Optional Executive Support

• Executive summary memo for alignment and sponsorship

Add-On Services

• Optional: governance design sprint
• Optional: adoption campaign and measurement plan

• Optional: communications and adoption rhythm outline

Optional diagnostic module (recommended)

Diagnostic Module

We can add a brief maturity snapshot to surface governance and adoption blockers, so your roadmap is realistic and right-sized.

What We Assess

• Information architecture and governance
• Collaboration patterns and adoption
• Automation readiness
• Content hygiene and risk hotspots

Sample Questions

​

Outcomes

• Faster adoption of high-value capabilities
• Reduced tool sprawl and clearer governance
• Improved alignment between business and IT on what to do next

Before

“We have M365, but adoption is uneven and we’re still paying for too many extra tools.”

After

“We have a prioritized modernization roadmap and a clear governance and adoption path.”

FAQ
Q: Will this be specific to our environment?
A: Yes. We tailor demos and recommendations to your constraints, culture, and business priorities.

Q: Do you implement?
A: We design the strategy and roadmap and can guide execution with you or your implementation partners.",,,,4e5761ce-1a50-4014-9301-54780d864f67,active,t,116500d0-357e-4ace-a7af-7264ed58e22a,2026-04-06 17:59:03.475328,2026-05-06 00:27:23.951,"Most organizations already own more Microsoft 365 value than they use — and they’re still paying for extra tools to fill gaps they may not actually have.

When adoption is uneven, governance is unclear, and teams don’t know what’s possible, productivity stalls and tool sprawl takes over. The real opportunity is not adding more technology. It’s uncovering the highest-value capabilities already in your environment, connecting them to real business priorities, and turning that into a practical roadmap your teams can actually follow.

A focused modernization day can help leaders quickly see where quick wins exist, where risk is building, and where better alignment between business and IT can unlock measurable gains. The outcome is clarity: a prioritized path to stronger adoption, better governance, less overlap, and more value from the tools you already own.",https://static.wixstatic.com/media/b805ce_f934a3a64078466cb8513d586e9791e6~mv2.jpeg,none,,,other,,,,,,,,,,,,f,,,,,,,,,
e88d0591-717a-4503-a293-0342c5ac8581,synozur.com,137db123-4906-4e61-af99-f0d23d86a622,Say The Quiet Part Out Loud,"This white paper emphasizes that successful AI adoption in organizations hinges on empathy-led, honest communication tailored to different user personas—Skeptic, Overwhelmed, and Enthusiast—supported by consistent messaging, naming fears openly, matching messages to appropriate channels, and measuring engagement to sustain lasting use of tools like Microsoft 365 + Copilot .",https://www.synozur.com/white-papers/say-the-quiet-part-out-loud,,,,,168e4eb1-65aa-4aed-886e-518e20c1db05,active,f,116500d0-357e-4ace-a7af-7264ed58e22a,2026-07-15 20:40:29.627871,2026-07-15 20:42:21.554,"Most transformation efforts do not fail because leaders lack ambition. They stall because people avoid saying the quiet part out loud: strategy without clarity, AI without purpose, and technology without adoption will not move the business forward.

Real progress starts when you connect vision to the day-to-day reality of how teams work, decide, and adapt. That means shaping a clear strategy, using AI where it creates practical value, and making better use of the Microsoft 365 investments many organizations already have in place. When those pieces align, transformation stops feeling abstract and starts producing measurable outcomes like stronger adoption, better decision-making, and more efficient execution.

If your organization is pushing for change but still feeling friction, the answer is rarely more noise. It is a more honest conversation, a more tailored roadmap, and a people-centered approach that makes the desirable achievable.",https://static.wixstatic.com/media/b805ce_ac5ee1b33b6a4b34b7f0e6d0055de8fd~mv2.jpeg,extracted,{b52269af-cb22-4a15-88ad-69c97a7538a4},,whitepaper,,,,,,,,,,,,f,,,,,,,,,
81271a3d-21d7-47a3-875f-41f16086c37c,chrismcnulty.net,08610095-ef99-4205-b5ae-13264021a471,Wreck 2025 | Chris McNulty,"Shot on an extremely dark late October morning near the mouth of the Samish River, near Edison, Washington, I was drawn to the long-abandoned wreck of a wooden boat, its owners and journeys lost to time. This image is printed on ChromaLuxe gloss white aluminum. Fabrication and shipping takes 10-14 days. Shipping is included.",https://www.chrismcnulty.net/product-page/wreck-2025,"Shot on an extremely dark late October morning near the mouth of the Samish River, near Edison, Washington, I was drawn to the long-abandoned wreck of a wooden boat, its owners and journeys lost to time. This image is printed on ChromaLuxe gloss white aluminum. Fabrication and shipping takes 10-14 days. Shipping is included. Wreck 2025$200.00PriceSize*SelectQuantity*Add to CartOrderingThis image is printed on ChromaLuxe gloss white aluminum. Fabrication and shipping takes 10-14 days. Shipping is included.",,,,47d172b4-61aa-4c10-824b-38335bd8da52,active,f,116500d0-357e-4ace-a7af-7264ed58e22a,2026-04-10 03:23:48.884515,2026-04-10 20:40:37.858,"What if the most powerful image in a room isn’t the loudest one, but the one that makes people pause? This piece turns a forgotten boat wreck into something more lasting: a reflection on time, memory, and the stories that remain long after names and journeys fade.

There’s real value in art that doesn’t just fill a wall, but changes the pace of how a space feels. The deep darkness, quiet detail, and sense of history here invite a second look—and then a longer one.

For collectors and viewers who want more than decoration, this is the kind of work that keeps giving back. It brings mood, presence, and a human story into the room without ever needing to raise its voice.","https://static.wixstatic.com/media/b805ce_5231bb6336834981af2447ad266d5c43~mv2.jpg/v1/fit/w_500,h_500,q_90/file.jpg",extracted,,,other,,,,,,,,,,,,f,,,,,,,,,
a5910b2a-e87e-4898-9710-d03de78ab9b1,chrismcnulty.net,08610095-ef99-4205-b5ae-13264021a471,Modern 2025 | Chris McNulty,"Aquebogue, New York, close to where I grew up, home to the Modern Snack Bar since 1950. I shot its iconic mid-century sign standing in the middle of Main Road, dressed in black—possibly not the best attire given the speeding October traffic.",https://www.chrismcnulty.net/product-page/modern-2025,"Aquebogue, New York, close to where I grew up, home to the Modern Snack Bar since 1950. I shot its iconic mid-century sign standing in the middle of Main Road, dressed in black—possibly not the best attire given the speeding October traffic.Modern 2025$200.00PriceSize*SelectQuantity*Add to CartOrderingThis image is printed on ChromaLuxe gloss white aluminum. Fabrication and shipping takes 10-14 days. Shipping is included.",,,,daa2c551-d3ee-4a07-9706-5a010e65ce0e,active,f,116500d0-357e-4ace-a7af-7264ed58e22a,2026-04-10 03:20:39.958813,2026-04-10 20:40:48.956,"What makes a roadside sign worth stopping for? Usually, it isn’t just the design—it’s the memory it holds and the story it keeps telling long after most people drive past.

This image turns an ordinary piece of Main Road into something more lasting: a marker of place, time, and personal history. Shot in Aquebogue, close to where I grew up, the Modern Snack Bar sign carries that rare mix of nostalgia and presence that makes a familiar scene feel iconic again.

There’s real value in noticing what endures. The places we return to, the landmarks we almost stop seeing, often say the most about who we are and where we come from.","https://static.wixstatic.com/media/b805ce_fb07e7fab45a4f2183d7f17fd08895c6~mv2.png/v1/fit/w_500,h_500,q_90/file.png",extracted,,,other,,,,,,,,,,,,f,,,,,,,,,
17ff837d-6b29-4057-b202-b39b53d916e7,chrismcnulty.net,08610095-ef99-4205-b5ae-13264021a471,Pike 2025 | Chris McNulty,,https://www.chrismcnulty.net/product-page/pike-2025,"Leaving an art walk in the Belltown neighborhood of Seattle, I was struck by the momentary emptiness of Pike Place, angular neon jutting in different lines and angles.

Pike 2025
$270.00
Price
Size*
Select
Quantity*
Add to Cart
Ordering

This image is printed on ChromaLuxe gloss white aluminum. Fabrication and shipping takes 10-14 days. Shipping is included.",,,,,archived,t,cfb63c72-81e0-44ff-9c96-7d6632a72dde,2026-04-10 05:47:37.820845,2026-04-10 05:49:14.335,,,none,,,other,,,,,,,,,,,,f,,,,,,,,,
002bde70-9711-4fa5-ac81-b4886fe7b090,chrismcnulty.net,08610095-ef99-4205-b5ae-13264021a471,Town Beach 1986 | Chris McNulty,,https://www.chrismcnulty.net/product-page/town-beach-1986,"Home / All Products / Town Beach 1986
PrevNext

The largest beach on Long Island Sound in Southold, New York on the North Fork. I lifeguarded at many beaches, including this one, when I was growing up.

Town Beach 1986
$120.00
Price
Size*
Select
Quantity*
Add to Cart
Ordering

This image is printed on ChromaLuxe gloss white aluminum. Fabrication and shipping takes 10-14 days. Shipping is included.",,,,,archived,t,cfb63c72-81e0-44ff-9c96-7d6632a72dde,2026-04-10 05:47:22.902985,2026-04-10 05:49:32.522,,,none,,,other,,,,,,,,,,,,f,,,,,,,,,
64f23f25-ecaf-46dc-90b3-27f34020adcb,chrismcnulty.net,08610095-ef99-4205-b5ae-13264021a471,Orbit Competitive Market Analysis | The Synozur Alliance,,https://orbit.synozur.com/app/marketing/content-library,,,,,,archived,t,cfb63c72-81e0-44ff-9c96-7d6632a72dde,2026-04-10 05:46:26.054139,2026-04-10 05:49:58.392,,,none,,,other,,,,,,,,,,,,f,,,,,,,,,
c1dad9e6-de24-401d-901d-b4ea77ca3a28,chrismcnulty.net,08610095-ef99-4205-b5ae-13264021a471,Pike 2025 | Chris McNulty,,https://www.chrismcnulty.net/product-page/pike-2025,"Home / All Products / Pike 2025
PrevNext

Leaving an art walk in the Belltown neighborhood of Seattle, I was struck by the momentary emptiness of Pike Place, angular neon jutting in different lines and angles.

Pike 2025
$270.00
Price
Starting at $25.79/mo or as low as 0%
APR.
Learn More
Size*
Select
Quantity*
Add to Cart
Ordering

This image is printed on ChromaLuxe gloss white aluminum. Fabrication and shipping takes 10-14 days. Shipping is included.",,,,,archived,t,cfb63c72-81e0-44ff-9c96-7d6632a72dde,2026-04-10 05:46:49.301424,2026-04-10 05:50:37.898,,,none,,,other,,,,,,,,,,,,f,,,,,,,,,
65b89c41-12a4-45d3-937a-4ec090e4e206,chrismcnulty.net,08610095-ef99-4205-b5ae-13264021a471,Stark 2023 | Chris McNulty,,https://www.chrismcnulty.net/product-page/stark-2023,"An editing “accident” while proofing Alone 2023—the same original image—led me to appreciate the great tonal contrasts of this abandoned house in Clyde, Washington.

Stark 2023
$270.00
Price
Size*
Select
Quantity*
Add to Cart
Ordering

This image is printed on ChromaLuxe gloss white aluminum. Fabrication and shipping takes 10-14 days. Shipping is included.",,,,,archived,t,cfb63c72-81e0-44ff-9c96-7d6632a72dde,2026-04-10 05:47:31.417691,2026-04-10 05:51:00.129,,,none,,,other,,,,,,,,,,,,f,,,,,,,,,
fea22e52-8aa9-48c2-a04a-e3a1b8ba7e51,chrismcnulty.net,08610095-ef99-4205-b5ae-13264021a471,Coupeville 2023 | Chris McNulty,,https://www.chrismcnulty.net/product-page/coupeville-2023,"Home / All Products / Coupeville 2023
PrevNext

We have a family tradtion to stay for a long weekend in Coupeville, Washington on Penn Cove each October. Coupeville Wharf is an icon, and the sky was especially moody on this blustery early morning.

Coupeville 2023
$270.00
Price
Starting at $25.79/mo or as low as 0%
APR.
Learn More
Size*
Select
Quantity*
Add to Cart
Ordering

This image is printed on ChromaLuxe gloss white aluminum. Fabrication and shipping takes 10-14 days. Shipping is included.",,,,,archived,t,cfb63c72-81e0-44ff-9c96-7d6632a72dde,2026-04-10 05:47:11.517335,2026-04-10 05:51:01.83,,,none,,,other,,,,,,,,,,,,f,,,,,,,,,
7a43d75e-2d23-4ca9-820a-62324fcb512e,chrismcnulty.net,08610095-ef99-4205-b5ae-13264021a471,Labor Day 2002 | Chris McNulty,,https://www.chrismcnulty.net/product-page/labor-day-2002,"Home / All Products / Labor Day 2002
PrevNext

Summers end. This was shot through my windshield during a fierce Atlantic downpour on the ferry dock at Orient Point, NY, heading back to Massachusetts on Labor Day.

Labor Day 2002
$125.00
Price
Pay in 4 interest-free payments of
$31.25.
Learn More
Size*
Select
Quantity*
Add to Cart
Ordering

This image is printed on ChromaLuxe gloss white aluminum. Fabrication and shipping takes 10-14 days. Shipping is included.",,,,,archived,t,cfb63c72-81e0-44ff-9c96-7d6632a72dde,2026-04-10 05:47:00.84322,2026-04-10 05:51:02.449,,,none,,,other,,,,,,,,,,,,f,,,,,,,,,
216effa4-a29b-4385-8db4-1fb4f5f1fe05,chrismcnulty.net,08610095-ef99-4205-b5ae-13264021a471,Pike 2025 | Chris McNulty,"Leaving an art walk in the Belltown neighborhood of Seattle, I was struck by the momentary emptiness of Pike Place, angular neon jutting in different lines and angles.",https://www.chrismcnulty.net/product-page/pike-2025,"Leaving an art walk in the Belltown neighborhood of Seattle, I was struck by the momentary emptiness of Pike Place, angular neon jutting in different lines and angles.Pike 2025$270.00PriceSize*SelectQuantity*Add to CartOrderingThis image is printed on ChromaLuxe gloss white aluminum. Fabrication and shipping takes 10-14 days. Shipping is included.",,,,daa2c551-d3ee-4a07-9706-5a010e65ce0e,active,f,cfb63c72-81e0-44ff-9c96-7d6632a72dde,2026-04-10 05:49:07.779555,2026-04-10 05:49:07.779555,"What if the most revealing view of a city is the one that appears after everyone else has gone home? In a place built on movement, noise, and expectation, an empty stretch of Pike Place turns into something else entirely: shape, tension, memory, and light.

That shift matters because it reminds us that meaning is not always found in the biggest moment. Sometimes the clearest story shows up in the pause—in the angles, the quiet, and the details most people pass without noticing.

Great visual storytelling works the same way. It invites you to slow down, look again, and find the emotional truth inside an everyday scene. When an image can do that, it becomes more than a record of a place—it becomes a way to feel its character long after you’ve moved on.","https://static.wixstatic.com/media/b805ce_de724708246942ddbbd568f8d14b23f6~mv2.jpg/v1/fit/w_500,h_500,q_90/file.jpg",extracted,,,other,,,,,,,,,,,,f,,,,,,,,,
29c360fc-8ce9-4862-81da-5796f85f985e,chrismcnulty.net,08610095-ef99-4205-b5ae-13264021a471,Town Beach 1986 | Chris McNulty,"The largest beach on Long Island Sound in Southold, New York on the North Fork. I lifeguarded at many beaches, including this one, when I was growing up.",https://www.chrismcnulty.net/product-page/town-beach-1986,"The largest beach on Long Island Sound in Southold, New York on the North Fork. I lifeguarded at many beaches, including this one, when I was growing up.Town Beach 1986$120.00PriceSize*SelectQuantity*Add to CartOrderingThis image is printed on ChromaLuxe gloss white aluminum. Fabrication and shipping takes 10-14 days. Shipping is included.",,,,47d172b4-61aa-4c10-824b-38335bd8da52,active,f,cfb63c72-81e0-44ff-9c96-7d6632a72dde,2026-04-10 05:49:49.817203,2026-04-10 05:49:49.817203,"What if the most powerful images aren’t the ones that shout, but the ones that bring you back to a place you’ve lived, worked, and grown through? The best photography doesn’t just capture scenery — it preserves a relationship with place, turning memory into something you can return to again and again.

That’s the real value of a piece like this: it holds more than a shoreline. It carries the weight of lived experience, the kind that comes from knowing a beach over time, watching seasons change, and remembering what it meant to stand there years ago.

When art is rooted in real history, it does something different. It invites you to slow down, feel the story behind the image, and make space for a moment that still matters.","https://static.wixstatic.com/media/b805ce_c9ad5bbce64544038e3a5bbab80e23c9~mv2.jpg/v1/fit/w_500,h_500,q_90/file.jpg",extracted,,,other,,,,,,,,,,,,f,,,,,,,,,
d10bbe96-a7a9-472b-8630-32b25ec714f3,chrismcnulty.net,08610095-ef99-4205-b5ae-13264021a471,Trulock's 2020 | Chris McNulty,"In August 2020, I was driving cross country solo. Midafternoon, I pulled off to find gas - and found this station instead. It reminded me of Edward Hopper’s famous “Gas” at the Museum of Modern Art in New York. Also, my father worked for Texaco for almost twenty years.",https://www.chrismcnulty.net/product-page/trulock-s-2020,"In August 2020, I was driving cross country solo. Midafternoon, I pulled off to find gas - and found this station instead. It reminded me of Edward Hopper’s famous “Gas” at the Museum of Modern Art in New York. Also, my father worked for Texaco for almost twenty years.Trulock's 2020$99.00PriceSize*SelectQuantity*Add to CartOrderingThis image is printed on ChromaLuxe gloss white aluminum. Fabrication and shipping takes 10-14 days. Shipping is included.",,,,daa2c551-d3ee-4a07-9706-5a010e65ce0e,active,f,cfb63c72-81e0-44ff-9c96-7d6632a72dde,2026-04-10 05:50:31.501111,2026-04-10 05:50:31.501111,"How often does a random stop become the moment you remember most? The best stories—and often the strongest creative work—don’t come from chasing the perfect plan. They come from paying attention when something unexpected appears and recognizing the meaning in it before the moment passes.

A midafternoon detour for gas turned into something more: a scene that echoed Edward Hopper’s *Gas* and carried a personal connection through a father’s long career with Texaco. That’s the real takeaway—what makes an image last isn’t just composition or timing. It’s memory, context, and the human story behind what you choose to notice.

When we slow down enough to connect the present with what shaped us, ordinary places stop being ordinary. They become reminders that meaning is often hiding in plain sight, waiting for us to see it.","https://static.wixstatic.com/media/b805ce_cf290f042c1a48218a5d39d6001183e4~mv2.jpg/v1/fit/w_500,h_500,q_90/file.jpg",extracted,,,other,,,,,,,,,,,,f,,,,,,,,,
c48ca2d3-a5ec-4b54-943e-af30f4bac560,chrismcnulty.net,08610095-ef99-4205-b5ae-13264021a471,Stark 2023 | Chris McNulty,"An editing “accident” while proofing Alone 2023—the same original image—led me to appreciate the great tonal contrasts of this abandoned house in Clyde, Washington.",https://www.chrismcnulty.net/product-page/stark-2023,"An editing “accident” while proofing Alone 2023—the same original image—led me to appreciate the great tonal contrasts of this abandoned house in Clyde, Washington.Stark 2023$270.00PriceSize*SelectQuantity*Add to CartOrderingThis image is printed on ChromaLuxe gloss white aluminum. Fabrication and shipping takes 10-14 days. Shipping is included.",,,,205f3f8a-7e1b-4aee-8703-8316f1ea2fb3,active,f,cfb63c72-81e0-44ff-9c96-7d6632a72dde,2026-04-10 05:51:19.220019,2026-04-10 05:51:19.220019,"Some of the most compelling work doesn’t come from chasing perfection. It comes from noticing what almost got thrown away.

A simple editing accident revealed something deeper here: contrast, isolation, and the quiet character of a place that might otherwise be overlooked. That’s the real takeaway—sometimes the strongest story appears when you stop forcing the image and let it show you what matters.

In a world that rewards polish and speed, there’s real value in slowing down long enough to see differently. The best creative outcomes aren’t always planned. Sometimes they’re discovered when you’re willing to look again.","https://static.wixstatic.com/media/b805ce_983ec1d77b544058b30f37ec1e25fd0a~mv2.jpg/v1/fit/w_500,h_500,q_90/file.jpg",extracted,,,other,,,,,,,,,,,,f,,,,,,,,,
b16ba412-c287-4c52-820f-2e4ea6de3c28,chrismcnulty.net,08610095-ef99-4205-b5ae-13264021a471,Coupeville 2023 | Chris McNulty,"We have a family tradtion to stay for a long weekend in Coupeville, Washington on Penn Cove each October. Coupeville Wharf is an icon, and the sky was especially moody on this blustery early morning.",https://www.chrismcnulty.net/product-page/coupeville-2023,"We have a family tradtion to stay for a long weekend in Coupeville, Washington on Penn Cove each October. Coupeville Wharf is an icon, and the sky was especially moody on this blustery early morning.Coupeville 2023$270.00PriceSize*SelectQuantity*Add to CartOrderingThis image is printed on ChromaLuxe gloss white aluminum. Fabrication and shipping takes 10-14 days. Shipping is included.",,,,47d172b4-61aa-4c10-824b-38335bd8da52,active,f,cfb63c72-81e0-44ff-9c96-7d6632a72dde,2026-04-10 05:51:56.206865,2026-04-10 05:51:56.206865,"What if the images people live with every day mattered more than the trend they followed for five minutes? The strongest pieces do more than fill a wall—they hold a feeling, anchor a memory, and change the pace of a room.

That’s why place matters. When a scene is shaped by return, not novelty—by coming back through changing seasons, weather, and light—it carries a kind of honesty you can feel. A moody morning on the water, a familiar landmark, a family tradition repeated over time: that’s where an image shifts from decoration to story.

The takeaway is simple: the most meaningful art helps you live with a place, not just look at it. When you choose work rooted in memory, rhythm, and lived experience, you bring home something more lasting than a view—you bring home a connection.","https://static.wixstatic.com/media/b805ce_ed8a8c5aa26b43e7ad1dbbfd738c357c~mv2.jpg/v1/fit/w_500,h_500,q_90/file.jpg",extracted,,,other,,,,,,,,,,,,f,,,,,,,,,
225b8ddf-47dc-401c-a3ff-5dfe1f185952,chrismcnulty.net,08610095-ef99-4205-b5ae-13264021a471,Labor Day 2002 | Chris McNulty,"Summers end. This was shot through my windshield during a fierce Atlantic downpour on the ferry dock at Orient Point, NY, heading back to Massachusetts on Labor Day.",https://www.chrismcnulty.net/product-page/labor-day-2002,"Summers end. This was shot through my windshield during a fierce Atlantic downpour on the ferry dock at Orient Point, NY, heading back to Massachusetts on Labor Day.Labor Day 2002$125.00PriceSize*SelectQuantity*Add to CartOrderingThis image is printed on ChromaLuxe gloss white aluminum. Fabrication and shipping takes 10-14 days. Shipping is included.",,,,47d172b4-61aa-4c10-824b-38335bd8da52,active,f,cfb63c72-81e0-44ff-9c96-7d6632a72dde,2026-04-10 05:52:37.705944,2026-04-10 05:52:37.705944,"What if the images that stay with us most aren’t the clearest ones, but the ones that feel the most true? “Labor Day 2002” is a reminder that memory rarely arrives polished—it comes through rain, motion, and the blurred edge of a moment you already know is ending.

There’s real power in that kind of imperfection. A windshield, a ferry dock, a fierce Atlantic downpour, and the last stretch of summer become something larger: change, distance, and the quiet weight of heading back. It turns an ordinary transition into a story you can feel, not just see.

That’s what meaningful photography can do when it puts story first. It doesn’t just document a place or a season—it helps you revisit what it felt like to be there, suspended between departure and return.","https://static.wixstatic.com/media/b805ce_d52bc8e8fb1d48a1850f10023e474990~mv2.jpg/v1/fit/w_500,h_500,q_90/file.jpg",extracted,,,other,,,,,,,,,,,,f,,,,,,,,,
b4159923-dceb-48bd-a474-809c39df0f39,chrismcnulty.net,08610095-ef99-4205-b5ae-13264021a471,Scholastic 2009 | Chris McNulty,"Tallgrass Prairie National Preserve, northeast of Wichita, Kansas, is the largest remaining stand of what the great prairies of the Midwest were before farms, cities, and towns. The Lower Fox Creek School opened in 1884, closed in 1930, and—restored—was added to the National Register of Historic Places in 1974.",https://www.chrismcnulty.net/product-page/scholastic-2009,"Tallgrass Prairie National Preserve, northeast of Wichita, Kansas, is the largest remaining stand of what the great prairies of the Midwest were before farms, cities, and towns. The Lower Fox Creek School opened in 1884, closed in 1930, and—restored—was added to the National Register of Historic Places in 1974.Scholastic 2009$270.00PriceSize*SelectQuantity*Add to CartOrderingThis image is printed on ChromaLuxe gloss white aluminum. Fabrication and shipping takes 10-14 days. Shipping is included.",,,,205f3f8a-7e1b-4aee-8703-8316f1ea2fb3,active,f,cfb63c72-81e0-44ff-9c96-7d6632a72dde,2026-04-10 05:53:04.811876,2026-04-10 05:53:04.811876,"Most of the American prairie is gone—which is exactly why the places that remain matter so much. Tallgrass Prairie National Preserve protects one of the last large stretches of a landscape that once defined the Midwest, and the restored Lower Fox Creek Schoolhouse reminds us that preservation is not just about land; it is about memory, labor, and the lives built there across generations.

What stays with me is how one quiet structure can hold so much history. Opened in 1884, closed in 1930, and later restored and recognized on the National Register of Historic Places, the schoolhouse stands as proof that small places often carry the biggest stories.

The real takeaway is simple: when we preserve a place with care, we preserve context—not just scenery, but the human story that gives it meaning.","https://static.wixstatic.com/media/b805ce_d7e7d2ad9b3341949fc49c30bf04b185~mv2.jpg/v1/fit/w_500,h_500,q_90/file.jpg",extracted,,,other,,,,,,,,,,,,f,,,,,,,,,
7e4793f5-54b8-41ad-8fde-1674d2509c66,chrismcnulty.net,08610095-ef99-4205-b5ae-13264021a471,Photo Pairs,,https://voting.chrismcnulty.net/,"Choose Your Favorite

Help curate the photos for my next exhibition. Click on your preferred photo to vote, then continue with the next pair. No limit!

Wreck 2025

An extremely dark late October morning near the mouth of the Samish River, near Edison, Washington.

Purchase
Stark
Purchase
Click to vote
Auto-load next pair
Vote unlimited times
Switch to Focus Mode

A distraction-free voting experience with side-by-side photos

Your Voting Progress
0 votes cast

Keep voting to help us curate the exhibition!

Explore More Photography

Discover the complete collection of landscape and nature photography at Chris McNulty's gallery.

View Full Gallery
Subscribe for Updates",,,,,archived,t,cfb63c72-81e0-44ff-9c96-7d6632a72dde,2026-04-10 05:48:00.333655,2026-04-10 20:35:47.096,,,none,,,other,,,,,,,,,,,,f,,,,,,,,,
8bbb14a4-0bfd-4928-8706-ea1379e6455f,chrismcnulty.net,08610095-ef99-4205-b5ae-13264021a471,Silver Lightning 2015 | Chris McNulty,"At the Best of the Northwest 2025, a friend asked if I’d considered woring with Birches 2015 in black and white. It was a great idea – the trees are radiant against that high New Mexico desert sky.",https://www.chrismcnulty.net/product-page/silver-lightning-2015,"At the Best of the Northwest 2025, a friend asked if I’d considered woring with Birches 2015 in black and white. It was a great idea – the trees are radiant against that high New Mexico desert sky.Silver Lightning 2015 $195.00 Regular Price$175.50Sale PriceSize*SelectQuantity*Add to CartOrderingThis image is printed on ChromaLuxe gloss white aluminum. Fabrication and shipping takes 10-14 days. Shipping is included.",,,,205f3f8a-7e1b-4aee-8703-8316f1ea2fb3,active,f,116500d0-357e-4ace-a7af-7264ed58e22a,2026-04-10 03:41:40.314016,2026-04-10 20:38:32.266,"Sometimes the strongest transformation isn’t adding more color. It’s taking color away so the story can come forward.

A great creative choice — and a great business lesson — is knowing when subtraction creates more clarity than addition. In black and white, contrast sharpens, distraction falls away, and what mattered all along becomes impossible to miss. That same principle applies far beyond art: when you remove noise, people see the signal, connect faster, and make decisions with more confidence.

The takeaway is simple but powerful: if something important isn’t landing, don’t always add more. Strip it back, focus the frame, and let the essential details do the work.","https://static.wixstatic.com/media/b805ce_b25eb48322ef43e7b234e881b513f3fc~mv2.jpg/v1/fit/w_500,h_500,q_90/file.jpg",extracted,,,other,,,,,,,,,,,,f,,,,,,,,,
fa363e9c-e259-4e2c-ac3e-4ed6ce7b5c98,chrismcnulty.net,08610095-ef99-4205-b5ae-13264021a471,News & Updates,,https://www.chrismcnulty.net/blog,,,,,989a741a-62bf-4377-8a4d-946290fe276e,active,f,cfb63c72-81e0-44ff-9c96-7d6632a72dde,2026-04-10 20:36:49.677607,2026-04-10 20:40:13.803,Latest news about Cascadia Oceanic and Chris McNulty.,https://static.wixstatic.com/media/cf00bd_36246126ba0340c7816006bc3e805441~mv2.jpg,manual,,,other,,,,,,,,,,,,f,,,,,,,,,
a76688b3-3d77-478c-bf2f-45cb546d19ae,chrismcnulty.net,08610095-ef99-4205-b5ae-13264021a471,Reading 2024 | Chris McNulty,"We spent a day touring the south coast of Iceland. Vik is famous for its church, its black sand beaches and its puffins. But this woman reading alone on the basalt columns at the beach was a striking contrast that needed no color adjustments at all.",https://www.chrismcnulty.net/product-page/reading-2024,"We spent a day touring the south coast of Iceland. Vik is famous for its church, its black sand beaches and its puffins. But this woman reading alone on the basalt columns at the beach was a striking contrast that needed no color adjustments at all.Reading 2024$270.00PriceSize*SelectQuantity*Add to CartOrderingThis image is printed on ChromaLuxe gloss white aluminum. Fabrication and shipping takes 10-14 days. Shipping is included.",,,,47d172b4-61aa-4c10-824b-38335bd8da52,active,f,116500d0-357e-4ace-a7af-7264ed58e22a,2026-04-10 03:25:41.237607,2026-04-10 20:40:27.293,"What if the most powerful image in a dramatic landscape is the one that refuses to compete with it?

In a place known for black sand beaches, basalt columns, and postcard views, a single quiet moment can say more than the scenery ever could. The real value of great photography isn’t just showing people where you were. It’s helping them feel the contrast, the stillness, and the human story unfolding inside a larger, wilder world.

That’s what makes an image linger. Not louder color. Not more spectacle. Just the right moment, noticed with care, and shared in a way that lets the viewer step into it for themselves.","https://static.wixstatic.com/media/b805ce_47f72ae385b74c6691e053865d3c84d2~mv2.jpg/v1/fit/w_500,h_500,q_90/file.jpg",extracted,,,other,,,,,,,,,,,,f,,,,,,,,,
61296602-ed08-478e-8b5a-316b46c45b77,chrismcnulty.net,08610095-ef99-4205-b5ae-13264021a471,Photo Pairs,,https://voting.chrismcnulty.net/,"Choose Your Favorite

Help curate the photos for my next exhibition. Click on your preferred photo to vote, then continue with the next pair. No limit!

Alone

Clyde, WA

Purchase
Birches

Snowshoeing in the foothills outside Santa Fe, New Mexico, on a windy, cold winter day.

Purchase
Click to vote
Auto-load next pair
Vote unlimited times
Switch to Focus Mode

A distraction-free voting experience with side-by-side photos

Your Voting Progress
5 votes cast

Keep voting to help us curate the exhibition!

Explore More Photography

Discover the complete collection of landscape and nature photography at Chris McNulty's gallery.

View Full Gallery
Subscribe for Updates",,,,8b77fba4-408d-4063-9ea9-1a0149af2235,active,t,cfb63c72-81e0-44ff-9c96-7d6632a72dde,2026-04-10 20:41:10.808925,2026-04-10 20:41:58.799,,"https://static.wixstatic.com/media/b805ce_47f72ae385b74c6691e053865d3c84d2~mv2.jpg/v1/fit/w_500,h_500,q_90/file.jpg",none,,,other,,,,,,,,,,,,f,,,,,,,,,
638eb68f-55a4-41b3-9a0c-2f7204975dbc,chrismcnulty.net,08610095-ef99-4205-b5ae-13264021a471,Palm Springs 2022 | Chris McNulty,"During an architecture tour of desert homes in the Twin Palms neighborhood of Palm Springs, one retro Atomic Age home had a fantastic collection of midcentury cars, including this 1958 Oldsmobile Super 88 in “Turquoise Mist”.",https://www.chrismcnulty.net/product-page/palm-springs-2022,"During an architecture tour of desert homes in the Twin Palms neighborhood of Palm Springs, one retro Atomic Age home had a fantastic collection of midcentury cars, including this 1958 Oldsmobile Super 88 in “Turquoise Mist”.Palm Springs 2022$270.00PriceSize*SelectQuantity*Add to CartOrderingThis image is printed on ChromaLuxe gloss white aluminum. Fabrication and shipping takes 10-14 days. Shipping is included.",,,,daa2c551-d3ee-4a07-9706-5a010e65ce0e,active,f,cfb63c72-81e0-44ff-9c96-7d6632a72dde,2026-04-10 22:27:48.546403,2026-04-10 22:27:48.546403,"One great image can collapse 60 years of design language into a single moment.

That’s what makes this scene so compelling: a 1958 Oldsmobile Super 88 in Turquoise Mist, framed in the middle of Palm Springs modernism, turns nostalgia into something more useful—proof that great design holds up when form, color, and character are aligned. You’re not just looking at a vintage car; you’re seeing how an era built a complete point of view.

The real takeaway is bigger than the photo: timeless work feels specific, not generic. When every detail belongs, people don’t just notice it—they remember it.","https://static.wixstatic.com/media/b805ce_264c0c9ba7904d108bcb7739b3167e8b~mv2.jpg/v1/fit/w_500,h_500,q_90/file.jpg",extracted,,,other,,,,,,,,,,,,f,,,,,,,,,
364dccca-b4a8-4727-ab80-1e90852b4c47,chrismcnulty.net,08610095-ef99-4205-b5ae-13264021a471,Alone 2023,"A hot day in June. I had just driven a rescue dog out to the Tri-Cities and headed out to visit Palouse Falls. On my way back, this view to the west made me turn back to see it again. ",https://www.chrismcnulty.net/product-page/alone-2023,top of pageAlone 2023$270.00PriceSize*SelectQuantity*Add to Cartbottom of page,,,,205f3f8a-7e1b-4aee-8703-8316f1ea2fb3,active,f,cfb63c72-81e0-44ff-9c96-7d6632a72dde,2026-04-10 20:45:13.188116,2026-04-10 22:28:54.813,"A hot day in June. I had just driven a rescue dog out to the Tri-Cities and headed out to visit Palouse Falls. On my way back, this view to the west made me turn back to see it again. ","https://static.wixstatic.com/media/b805ce_a463e975d66f435f987dc00eeb32d9f3~mv2.jpg/v1/fit/w_500,h_500,q_90/file.jpg",extracted,,,other,,,,,,,,,,,,f,,,,,,,,,
b85f9137-28b6-425e-8983-8075b40371df,chrismcnulty.net,08610095-ef99-4205-b5ae-13264021a471,Home | Bellevue Arts Fair Weekend,,https://www.bellevueartsfair.com/,"July 24 - 26, 2026
A weekend wrapped in culture, community and creativity.

Thank you for joining us at Bellevue Arts Fair Weekend! We’re grateful to everyone who came out to celebrate a vibrant weekend of artistic expression, live performances, and delicious local flavors. 

Learn more
Bellevue Arts Fair

12/22
Arts and Entertainment
Artists
Discover hand-crafted art by over 350 artists working in 20+ mediums.

After Hours
Dance the night away at BAM's after-hours rooftop concert series with food, cocktails, and live music.

Food Trucks
Explore a variety of global cuisines with a local flair.

OUR 2025 PARTNERS
PRESENTED BY
SUPPORTED BY
MEDIA PARTNERS
IN-KIND PARTNERS",,,,,active,t,cfb63c72-81e0-44ff-9c96-7d6632a72dde,2026-04-18 21:28:59.21423,2026-04-18 21:28:59.21423,,,none,,,other,,,,,,,,,,,,f,,,,,,,,,
65964ef9-a122-4b22-9da7-c01f1c39392b,chrismcnulty.net,08610095-ef99-4205-b5ae-13264021a471,Woodinville May Art Walk: New Work at Prohibition Cellars,"One of the things I love most about spring in Woodinville is how naturally art, wine, and community come together. The May Art Walk is a perfect example of that—and this year, I’m excited to be sharing new photographic work at Prohibition Cellars.For this event, I’ll be showing a selection of recently completed images, including work that hasn’t been displayed publicly before. Seeing photographs online is one thing, but experiencing them in person—at scale, with texture and detail—is something e",https://www.chrismcnulty.net/post/woodinville-may-art-walk-new-work-at-prohibition-cellars,"One of the things I love most about spring in Woodinville is how naturally art, wine, and community come together. The May Art Walk is a perfect example of that—and this year, I’m excited to be sharing new photographic work at Prohibition Cellars.For this event, I’ll be showing a selection of recently completed images, including work that hasn’t been displayed publicly before. Seeing photographs online is one thing, but experiencing them in person—at scale, with texture and detail—is something entirely different. The Art Walk creates space for that slower, more personal experience, where you can spend time with the work while enjoying great wine in a familiar, welcoming setting. I’ll be at Prohibition Cellars on Saturday, May 3, from 1–5 pm, and it’s the ideal place to start the afternoon. Whether you’re already collecting art or simply curious to see what I’ve been working on lately, this is a relaxed opportunity to connect, ask questions, and explore the images up close. All pieces are available to purchase directly from me, and I’m always happy to talk about process, locations, or how a particular piece might live in your space.The Woodinville Art Walk is also about supporting local businesses that make this community special. Wineries like Prohibition Cellars turn into temporary galleries for the day, and that blend of creative energy is what keeps me coming back year after year.If you’re in the area, I’d love for you to stop by, share a glass of wine, and spend some time with the new work. And if you do make it out, feel free to share your experience and tag #woodinvilleartwalk—it’s always great to see the day through your eyes as well.Woodinville May Art WalkSaturday, May 3 | 1–5 pmProhibition CellarsEvent Details: Woodinville May Art Walk I hope to see you there.",,,,989a741a-62bf-4377-8a4d-946290fe276e,active,f,cfb63c72-81e0-44ff-9c96-7d6632a72dde,2026-04-18 22:52:45.123742,2026-04-18 22:52:45.123742,"What changes when you stop scrolling past art and stand in front of it? You notice the texture, the scale, the quiet details—and the work starts to tell a fuller story.

That’s why seeing photography in person matters. A print can shift from something you admire on a screen to something you can actually imagine living with, remembering, and coming back to over time.

On Saturday, May 3, from 1–5 pm, I’ll be sharing new photographic work at Prohibition Cellars during the Woodinville May Art Walk, including pieces that haven’t been shown publicly before. If you’re curious about the work, the places behind it, or how a piece might fit your space, I’d love to connect over a glass of wine and a conversation.","https://static.wixstatic.com/media/cf00bd_240ba88ff6904b739bee6da990da2b62~mv2.png/v1/fill/w_420,h_417,al_c,lg_1,q_85/cf00bd_240ba88ff6904b739bee6da990da2b62~mv2.png",extracted,,,other,,,,,,,,,,,,f,,,,,,,,,
8ffd9f45-1923-4a33-ba9e-4c6231dd4789,chrismcnulty.net,08610095-ef99-4205-b5ae-13264021a471,My First Time at the Bellevue Arts Fair,"There are certain art festivals that quietly sit on a photographer’s horizon—events you hear about, visit as an attendee, and file away as a future milestone. For me, the Bellevue Arts Fair has long been one of those. In 2026, I’ll be exhibiting there for the first time, and it feels like a meaningful moment in the ongoing life of my work.This will also be my first appearance at the fair under Cascadia Oceanic, my landscape photography studio. Over the past year, the work has continued to evolve",https://www.chrismcnulty.net/post/my-first-time-at-the-bellevue-arts-fair,"There are certain art festivals that quietly sit on a photographer’s horizon—events you hear about, visit as an attendee, and file away as a future milestone. For me, the Bellevue Arts Fair has long been one of those. In 2026, I’ll be exhibiting there for the first time, and it feels like a meaningful moment in the ongoing life of my work.This will also be my first appearance at the fair under Cascadia Oceanic, my landscape photography studio. Over the past year, the work has continued to evolve through travel, time spent outdoors, and a slower, more deliberate approach to seeing and editing. Preparing for a show of this scale has given me a reason to step back and look closely at where the work has been—and where it’s heading.What I appreciate about the Bellevue Arts Fair is its emphasis on presenting work thoughtfully and giving visitors the space to truly engage with it. Landscape photography isn’t something I expect people to take in at a glance. It rewards time, distance, and detail. Being able to share these images in person—at their intended scale, with their full tonal range—is the part of exhibiting that still matters most to me.This show will include new photographic work, much of it completed over the past year, and some pieces that haven’t been shown publicly before. While the locations and environments vary, the underlying thread remains the same: a quiet attention to place, atmosphere, and the kind of moments that unfold when you stop trying to rush through them.Attending a large regional art fair for the first time is also a reminder of why I continue to do this work in the first place. These events create a rare opportunity for direct conversation—for collectors, casual visitors, and fellow artists to talk about process, intention, and how an image might live in someone’s space. Those conversations are never predictable, and they’re often the most rewarding part of the weekend.As the 2026 season begins to take shape, the Bellevue Arts Fair stands out as a personal marker—one that reflects both growth and continuity. I’m grateful for the chance to bring my work into this setting for the first time and to see how it’s received beyond the studio walls.If you’re planning to attend the fair, I hope you’ll stop by, spend some time with the work, and say hello. Sharing these images in person is always the reason I say yes to events like this—and I’m looking forward to what this first appearance brings.",,,,989a741a-62bf-4377-8a4d-946290fe276e,active,f,cfb63c72-81e0-44ff-9c96-7d6632a72dde,2026-04-18 22:55:13.954229,2026-04-18 22:55:13.954229,"Most people give an image less than a second before moving on—and that’s exactly why in-person art still matters.

Some work is meant to be lived with, not skimmed. When people can stand with a piece, notice the tonal range, step closer, step back, and let the story unfold at its intended scale, the experience changes from quick reaction to real connection.

That’s what makes a major fair appearance meaningful: not just visibility, but conversation. The real value is the chance to share new work thoughtfully, hear how others respond, and see how a quiet, place-centered body of work resonates beyond the studio.","https://static.wixstatic.com/media/cf00bd_7064bef3aff14b7c8cb6a06c001043c0~mv2.avif/v1/fill/w_1000,h_775,al_c,q_85,usm_0.66_1.00_0.01/cf00bd_7064bef3aff14b7c8cb6a06c001043c0~mv2.avif",extracted,,,other,,,,,,,,,,,,f,,,,,,,,,
253f94fb-45c4-4392-ad84-3bef5afc3b36,chrismcnulty.net,08610095-ef99-4205-b5ae-13264021a471,Woodinville May Art Walk | Chris McNulty,,https://www.chrismcnulty.net/event-details/woodinville-may-art-walk-1,"Woodinville May Art Walk

Sun, May 03

  |  

Prohibition Cellars

Sip wine. Experience new work. Take home something lasting. Share your visit using #woodinvilleartwalk.

Time & Location

May 03, 2026, 1:00 PM – 4:00 PM

Prohibition Cellars, 19501 144th Ave NE Suite F-900, Woodinville, WA 98072, USA

About the event
Upcoming Appearance at the May Woodinville Art Walk!

Mark your calendars! I am thrilled to announce my appearance at the upcoming Art Walk next month. This is a fantastic opportunity to experience a blend of creativity and community, and I can't wait to share my latest work with all of you!




What to Expect:

New photos showcasing my latest artistic vision

Engaging discussions about my creative process

Opportunities to connect with fellow art enthusiasts






Full event details at Woodinville Art Experience.




Many thanks to our sponsors at Prohibition Cellars and the Woodinville Arts Alliance.  Don't miss out on this chance to immerse yourself in art and creativity. I look forward to seeing you there and sharing my new photos with you!

Show Less
Share this event",,,,ff7a2def-369d-42c1-9459-a820f621e44f,active,t,cfb63c72-81e0-44ff-9c96-7d6632a72dde,2026-04-18 21:39:14.696506,2026-04-18 22:53:09.955,"What if the best part of an afternoon out wasn’t just what you see—it’s what you take home with you after the moment passes?

Great art has a way of slowing us down. It gives us space to notice light, place, memory, and the small details we usually move past too quickly. That’s why events like the Woodinville May Art Walk matter: they create a chance to step out of routine, connect with the creative process, and experience new work in a setting built for conversation and discovery.

If you’re looking for something more meaningful than another weekend errand, this is the kind of experience that stays with you. Spend the afternoon with new photography, good conversation, and a community that values creativity—and maybe leave with something lasting for your wall and your perspective.",https://static.wixstatic.com/media/cf00bd_240ba88ff6904b739bee6da990da2b62~mv2.png,none,,,other,,,,,,,,,,,,f,,,,,,,,,
9b7ca4e9-0e23-4c61-adb7-30b116ff0ada,chrismcnulty.net,08610095-ef99-4205-b5ae-13264021a471,Bellevue Arts Fair 2026,,https://www.chrismcnulty.net/event-details/bellevue-arts-fair-2026,"Bellevue Arts Fair 2026

Fri, Jul 24

  |  

Bellevue Square Mall

Featuring new and previously unseen landscape photography, Chris McNulty appears at the Bellevue Arts Fair 2026 with recent work from his Cascadia Oceanic studio.

Time & Location

Jul 24, 2026, 12:00 PM – Jul 26, 2026, 4:00 PM

Bellevue Square Mall, 708 100th Ave NE, Bellevue, WA 98004, USA

About the event

Chris McNulty will be exhibiting at the Bellevue Arts Fair 2026, presenting a new selection of landscape photography from his studio, Cascadia Oceanic. This appearance marks a highlight of his summer exhibition season and features recently completed work that reflects new locations, evolving techniques, and a refined visual direction.




Visitors are invited to experience the work in person, explore the detail and scale of the prints, and speak directly with the artist about the imagery and creative process. All pieces will be available for purchase directly from the artist, including images not previously shown.

Attendees of the fair are encouraged to stop by, view the new work up close, and spend time engaging with the latest collection.








Bellevue Arts Fair 2026 

Bellevue, Washington

Show More
Share this event",,,,ff7a2def-369d-42c1-9459-a820f621e44f,active,t,cfb63c72-81e0-44ff-9c96-7d6632a72dde,2026-04-18 21:38:44.735731,2026-04-18 22:54:14.065,"What changes when you stop scrolling past art online and stand in front of it at full scale? You notice the things a screen flattens: the quiet shift in light, the texture in the water, the patience behind an image shaped over time rather than captured in a rush.

That is the real value of seeing landscape photography in person. It turns a quick visual impression into something more reflective and human, giving you space to connect with place, story, and detail in a way digital never fully can.

This summer in Bellevue, visitors will have a chance to experience newly completed coastal and landscape work up close, including pieces not previously shown. If you care about photography that invites you to slow down, look longer, and leave with something that stays with you, this is the kind of show worth making time for.",https://static.wixstatic.com/media/cf00bd_7064bef3aff14b7c8cb6a06c001043c0~mv2.avif,none,,,other,,,,,,,,,,,,f,,,,,,,,,
8869cd56-aa0e-4611-b920-5d64a7f948c0,synozur.com,137db123-4906-4e61-af99-f0d23d86a622,25 Years of SharePoint—and a New Standard for Copilot Readiness,"For 25 years, SharePoint and Microsoft 365 have grown into the system of record for modern work. Now Copilot reads across it all—surfacing content based on permissions, not intent. Zenith is how Synozur helps organizations make that content AI‑ready: delivering full‑estate visibility, policy‑based readiness scoring, and ongoing Copilot governance before and after deployment.",https://www.synozur.com/post/25-years-of-sharepoint-and-a-new-standard-for-copilot-readiness,"Synozur is honored to be part of SharePoint's 25th Anniversary - and the M365 Community Conference.For 25 years, SharePoint has quietly powered the way organizations work. What started as a document collaboration platform evolved into the backbone of Microsoft 365—supporting intranets, records repositories, project sites, Teams files, meeting recordings, and now Loop workspaces and Copilot notebooks.That growth didn’t happen by design. It happened organically.And today, as Microsoft 365 Copilot becomes part of everyday work, that organic growth matters more than ever.Copilot doesn’t just “look things up.” It reads across your tenant—surfacing content based on permissions, context, and availability. Which means every governance gap you’ve lived with for years suddenly becomes an AI risk. Copilot can only be as trustworthy as the data it reads. This is the reality organizations are waking up to—and the reason Synozur built Zenith.When Copilot Changes the QuestionBefore Copilot, governance conversations tended to focus on efficiency and hygiene:Do we have too many sites?Are people following naming standards?Is external sharing under control?With Copilot, the question shifts dramatically:Which content should AI be allowed to use—right now?Answering that question requires more than spot checks or manual audits. It requires complete visibility across the Microsoft 365 estate and a consistent way to evaluate readiness at scale.That’s exactly what Zenith was designed to provide.Full‑Estate Visibility—Not Just SharePointCopilot doesn’t limit itself to traditional SharePoint sites, and neither can governance. Zenith inventories the full surface area Copilot can access, including:SharePoint sites and hubsMicrosoft Teams and channelsOneDrive accountsMeeting recordings stored in SharePointExchange mailboxes and large attachmentsExternal and anonymous sharing linksLicense assignments, including Copilot SKUsSharePoint Embedded containers such as Loop workspaces and Copilot notebooksAll data refreshes on a controlled schedule, with clear visibility into when each dataset was last synced. The result is a living system of record for your Microsoft 365 environment—one that reflects reality, not assumptions.Governance Through Policy, Not SpreadsheetsVisibility alone isn’t enough. Readiness requires evaluation.Zenith’s policy engine allows organizations to define and apply rules consistently across every workspace in the tenant. Each site or workspace can be assessed for:Sensitivity labeling statusExternal sharing postureOwnership clarityGovernance and information architecture healthThese policies produce defensible outcomes such as Copilot Eligible or Governance Violation, along with readiness scores that make prioritization practical—not political.Governance stops being a debate and becomes an evidence‑based conversation.Knowing Your Copilot Readiness Before You DeployOne of the most common mistakes organizations make is treating Copilot like a switch—something you",,,,de9f9358-81f0-47ea-8c20-41d57a2ca5f4,active,f,116500d0-357e-4ace-a7af-7264ed58e22a,2026-04-21 00:57:16.821925,2026-04-21 00:57:16.821925,"Zenith is Synozur’s Microsoft 365 governance and Copilot readiness platform. It provides full visibility across the entire M365 estate—SharePoint, Teams, OneDrive, email, meeting recordings, sharing links, licenses, and new SharePoint Embedded surfaces like Loop and Copilot notebooks. Zenith applies policy‑based rules to assess ownership, labeling, sharing posture, and governance health, producing clear Copilot readiness scores for every workspace. Before Copilot, it helps organizations identify and fix risk. After Copilot, it monitors usage and prompt activity, giving leaders defensible insight into how AI is being used and where action is needed.","https://static.wixstatic.com/media/b805ce_1b1f4e9204374770bddf15efcb654a1f~mv2.png/v1/fill/w_1000,h_550,al_c,q_90,usm_0.66_1.00_0.01/b805ce_1b1f4e9204374770bddf15efcb654a1f~mv2.png",extracted,{937b7000-08ed-4e08-b5bf-d557ba2cd5a5},,other,,,,,,,,,,,,f,,,,,,,,,
ce50f016-53f4-42d0-943d-edfa44ae3b79,synozur.com,137db123-4906-4e61-af99-f0d23d86a622,Andrew Connell - Good (AI Coding) Vibrations,"I recently sat down with Andrew Connell — a 22-year Microsoft MVP and founder of https://www.voitanos.io — for our 50th episode of Polaris. Our topic: vibe coding, the practice of telling an AI what you want and watching it write the software. What we found is that the conversation goes far beyond a buzzword. It touches strategy, talent, quality, and the very definition of what a developer does.Microsoft's AI DirectionAndrew didn't hold back. ""Microsoft is flailing a good bit,"" he told me. ""They",https://www.synozur.com/post/andrew-connell-good-ai-coding-vibrations,"I recently sat down with Andrew Connell — a 22-year Microsoft MVP and founder of https://www.voitanos.io — for our 50th episode of Polaris. Our topic: vibe coding, the practice of telling an AI what you want and watching it write the software. What we found is that the conversation goes far beyond a buzzword. It touches strategy, talent, quality, and the very definition of what a developer does.Microsoft's AI DirectionAndrew didn't hold back. ""Microsoft is flailing a good bit,"" he told me. ""They seem to be reacting to what other people are doing, and there's no real cohesive story"". His frustration centers on what he calls ""shipping the org chart"" — multiple product teams building disconnected Copilot experiences that confuse customers and developers alike.Andrew emphasized that Microsoft's moat is enterprise data — organizations have invested deeply in Microsoft 365. But distribution alone doesn't guarantee adoption when rivals deliver a more consistent experience. If you're deploying Copilot in your organization, this is worth knowing: your teams may need help understanding which Copilot does what, and when other tools might serve them better.Vibe Coding vs. Agentic EngineeringWhen Andrej Karpathy coined ""vibe coding"" in February 2025 — describing a practice where you ""fully give in to the vibes… and forget that the code even exists"" — Andrew initially hated the idea. ""I'll be honest, I got a little defensive: you're coming on my turf!"".But his thinking evolved. He now distinguishes between naive vibe coding (generate-and-ship without review) and what he calls agentic engineering: using AI agents to accelerate development while maintaining human oversight at every stage.Here's a practical example. Andrew built a Chrome extension using AI to automate tedious chapter-tagging and quiz-generation in his course platform. A task that used to take him two days now takes about ten minutes. Did he review the code? Eventually. But the blast radius was limited — the only person affected was him. For internal tools and personal productivity, vibe coding is a sensible accelerator. For production enterprise software? You need the discipline of agentic engineering.What This Means for Your TeamsIf you're a CTO or business leader, here's what you should take away.Invest in a Center of Excellence. Andrew recommends a core group that deeply understands AI development tools — ""like a carpenter who knows which tool works for which job"" — to guide the broader organization.Don't stop hiring junior talent. IBM's decision to triple entry-level hires reflects a reality Andrew underscores: cutting juniors now creates a leadership vacuum in three to five years. Rewrite roles to embed AI fluency, not to eliminate people.Treat code review as your primary quality gate. With nearly 30% of senior developers reporting that editing AI output erases most of their time savings, code review is no longer the end of the pipeline — it's the critical center of it.Match the tool to the ",,,,4f916b55-054e-4ebb-a1b3-1ac224f06ae7,active,f,116500d0-357e-4ace-a7af-7264ed58e22a,2026-04-21 03:22:21.07063,2026-04-21 03:22:21.07063,"Nearly 30% of senior developers say editing AI-generated code wipes out most of the time savings. That’s the real signal for leaders: the question isn’t whether AI can write code — it’s whether your team has the discipline to use it well.

For low-risk internal tools, AI can compress days of work into minutes. But for production software, “generate and ship” is not a strategy. The winning model is agentic engineering: human oversight, strong code review, and clear judgment about where AI accelerates work versus where it adds risk.

If you lead technology teams, the practical move is clear: build a center of excellence, keep investing in junior talent, and treat code review as the quality engine of modern development. The organizations that get this right won’t just move faster — they’ll build with more clarity, better governance, and outcomes their teams can actually trust.","https://static.wixstatic.com/media/b805ce_dbc24517572c413fbc0fd26ac7eea683~mv2.png/v1/fill/w_1000,h_563,al_c,q_90,usm_0.66_1.00_0.01/b805ce_dbc24517572c413fbc0fd26ac7eea683~mv2.png",extracted,,,other,,,,,,,,,,,,f,,,,,,,,,
8e723f3a-3c58-4d0f-b849-f3fe1a1ea06f,synozur.com,0ef94ec0-4a79-4bf6-8bf8-7009864131e5,In the news,,https://www.adobe.com/homepage/fragments/loggedout/pods/news/news-pod-10-25-23-104498,,,,,,active,f,116500d0-357e-4ace-a7af-7264ed58e22a,2026-05-05 22:18:57.049794,2026-05-05 22:18:57.049794,,,manual,,,other,,,,,,,,,,,,f,,,,,,,,,
dec5f4d3-2a7e-4e8c-83f2-12182fefa66c,synozur.com,137db123-4906-4e61-af99-f0d23d86a622,Back in the (Intra) Zone – Mark Kashman and the M365 Community Conference,"Former Intrazone co-hosts Chris McNulty and Mark Kashman reunite on Polaris to unpack the biggest news from the Microsoft 365 Community Conference—AI skills, Copilot's evolution, SharePoint's 25th anniversary—and reflect on the enduring power of community in the modern workplace.",https://www.synozur.com/post/back-in-the-intra-zone-mark-kashman-and-the-m365-community-conference,"If you missed the Microsoft 365 Community Conference in Orlando this April, the latest episode of Polaris has you covered. In a special reunion edition, Synozur CTO Chris McNulty welcomes back longtime colleague and former Intrazone podcast cohost Mark Kashman from Sympraxis to break down the biggest announcements and trends from the event—and what they mean for your organization. Before diving into conference news, the conversation opens with a reality check on AI adoption. You may have seen the headline figures: industry research puts AI workplace adoption at 91%, and the ActivTrak ""2026 State of the Workplace"" report—which analyzed 443 million work hours across 1,111 companies—found that 80% of employees now use AI tools, up from 53% just two years ago. Those numbers sound impressive. But as Chris discovered at the recent AIIM AI+IM Global Summit in Baltimore, when a room of roughly 50 information professionals was asked who uses AI daily, only one hand went up—his. Mark puts it plainly: enterprise adoption takes time because ""you've got to clean house and organize"" your data and content first. If you're feeling behind, the message is clear: focus on readiness over speed. SharePoint Skills: Teach AI How Your Business Works One of the most significant announcements at the conference was SharePoint Skills, now in public preview and included in your existing Microsoft 365 or Copilot license. Skills let you define how AI should behave on a per-site basis—tone, terminology, processes, templates—using simple Markdown files stored right in SharePoint. Mark calls them ""the next level of how you make AI more usable for what you're trying to do"". Chris adds that Copilot CoWork—powered by Anthropic's Claude—offers a similar personal skill-building experience stored in OneDrive. The two streams need to converge so that a skill you've perfected individually can be shared across your team. If you want a hands-on walkthrough, both hosts recommend Vlad Catrinescu's comprehensive Skills 101 video and Zach Rosenfield's YouTube channel for demo-driven content. Governing AI: Agent 365 and Purview Your organization probably has more AI agents running than you realize. Microsoft itself manages over 500,000 agents internally across roughly 228,000 employees. Agent 365, which went GA on May 1 at $15 per user per month (or included in E7), gives IT a single dashboard to register and control agents—whether built in Copilot Studio, SharePoint, Visual Studio Code, Foundry, or even external platforms. Mark describes it as managing agents ""kind of like you would manage people and sites"". On the compliance side, Microsoft Purview is merging classic data security posture management (DSPM) with DSPM for AI into a unified engine. A practical example: you can set policies so that if someone asks Copilot for a list of employee salaries, Purview blocks the query before it ever runs—even if the underlying data is technically accessible. If you're responsible for AI governance, the",,,,4f916b55-054e-4ebb-a1b3-1ac224f06ae7,active,f,116500d0-357e-4ace-a7af-7264ed58e22a,2026-05-09 00:00:43.523936,2026-05-09 00:00:43.523936,"91% of workplaces may say they’ve adopted AI, but in one room of 50 information professionals, only one person raised a hand when asked if they use it every day. That gap tells a more useful story than the headline: adoption isn’t the same as readiness.

If you want AI to deliver real business value, start by teaching it how your organization works. That means cleaning up content, defining context, and giving AI clear guidance on your language, processes, and templates so it can support real work instead of generating generic output.

The other lesson is governance can’t be an afterthought. As agents multiply across tools and teams, organizations need a practical way to manage them, monitor risk, and set policies before sensitive information gets exposed in the flow of work.

The winners in this next phase of AI won’t be the companies moving fastest just to say they deployed something. They’ll be the ones building the right foundation—so AI becomes useful, trusted, and aligned to how the business actually runs.","https://static.wixstatic.com/media/b805ce_e257bc2f0da346f1bfff4b384468ec0f~mv2.png/v1/fill/w_1000,h_563,al_c,q_90,usm_0.66_1.00_0.01/b805ce_e257bc2f0da346f1bfff4b384468ec0f~mv2.png",extracted,,,other,,,,,,,,,,,,f,,,,,,,,,
f62a6429-b59e-4316-bb36-3032e8236e47,synozur.com,137db123-4906-4e61-af99-f0d23d86a622,Meet Synozur at TechCon 365 Chicago,"Synozur brings seven sessions to TechCon 365 Chicago, June 15–19 at McCormick Place South, spanning the full arc of AI-powered change. Michelle Caldwell and Jill Hannemann lead three workshops on sustainable Copilot adoption, communications, and change champions. Chris McNulty covers strategy and reliable AI operations. Shari Oswald and Christian Buckley tackle the new Planner and everyday productivity. Save $200 with code MSCMTY at techcon365.com/Chicago.",https://www.synozur.com/post/meet-synozur-at-techcon-365-chicago,"Seven Sessions on AI-Powered ChangeChange is the work. As organizations move from Microsoft 365 Copilot pilots to everyday practice, the hard part is rarely the technology — it is the people, the process, and the discipline to make new ways of working stick. That is the work Synozur does every day, and it is exactly what we are bringing to TechCon 365 Chicago, June 15–19 at McCormick Place South.This year our team is leading seven sessions across the full journey of AI adoption. Whether you lead an enterprise rollout, shape a communications plan, or simply want to get more done with the tools you already have, there is a session for you.Lead the change: workshops with Michelle Caldwell and Jill HannemannMichelle Caldwell and Jill Hannemann open the week with three sessions on driving sustainable adoption. Their full-day workshop on Monday, Embracing AI-Powered Change, gives leaders a practical framework for moving Copilot from novelty to habit. On Tuesday, Messaging That Moves shows how to design communication plans that carry change through an organization. And on Wednesday, The AI Champion's Playbook equips the change agents who make adoption real on the ground.Make it work and make it last: sessions with Chris McNultyChris is presenting two sessions this year. On Thursday, in Put Strategy To Work,he’lll show how Microsoft 365 can become the place where strategy and planning actually happen — not a slide that gets filed away. On Friday Chris closes the conference with Making M365 Reliable for AI, a candid look at what to monitor, why things break, and how to fix them so your AI investments stay dependable.Get more done: productivity with Shari Oswald and Christian BuckleyShari Oswald shows how the new Microsoft Planner turns scattered to-dos into finished work in From To-Do to Done on Thursday morning. Later that afternoon, Shari joins Christian Buckley for Amplifying Productivity in Microsoft 365, a fast, practical tour of strategies and AI boosts you can put to use the moment you get home.Join usFind every Synozur session on the agenda at techcon365.com/Chicago, and save $200 on registration with code MSCMTY. We will see you in Chicago.",,,,de9f9358-81f0-47ea-8c20-41d57a2ca5f4,active,f,116500d0-357e-4ace-a7af-7264ed58e22a,2026-06-08 23:24:50.096307,2026-06-08 23:24:50.096307,"Most AI rollouts do not stall because of the technology. They stall because new ways of working never become real habits.

That’s why sustainable adoption matters more than a flashy pilot: leaders need a practical path for moving from experimentation to everyday use, communicators need messages that actually reduce confusion, and change champions need the tools to keep momentum alive across teams.

The real win is not “turning on AI.” It is building the rhythm, clarity, and accountability that help people trust it, use it well, and see measurable value in their daily work.

If your organization is working through Copilot adoption, communications planning, Microsoft 365 strategy, reliability, or day-to-day productivity, the smartest next step is to focus less on hype and more on the human side of change—because that is what makes transformation stick.","https://static.wixstatic.com/media/b805ce_dabcaf9b512e4234aca4d5e2fc9e269e~mv2.jpeg/v1/fill/w_1000,h_667,al_c,q_85,usm_0.66_1.00_0.01/b805ce_dabcaf9b512e4234aca4d5e2fc9e269e~mv2.jpeg",extracted,,,blog_post,,,,,,,,,,,,f,,,,,,,,,
5bb003bd-6767-4800-b64b-0ec56810efb8,synozur.com,137db123-4906-4e61-af99-f0d23d86a622,Why Your Company Operating System Should Run Slower Than Your AI Strategy,A steady company operating system gives scaling CEOs the structure to move faster on AI without creating chaos.,,"# Why Your Company Operating System Should Run Slower Than Your AI Strategy

If you’re leading a 500-person technology company, you’re likely feeling two kinds of pressure at once.

One says: _move faster on AI or fall behind_.

The other says: _your leadership team still doesn’t execute consistently enough on the priorities you already have_.

Both are true. And that’s exactly why your **company operating system** should not move at the same speed as your AI strategy.

This is the mistake many growth-stage leadership teams make. They assume AI transformation and operating model transformation should happen together, at the same tempo, under the same urgency. In practice, that usually creates noise: too many priorities, unclear ownership, meeting overload, and a lot of activity that looks strategic but doesn’t produce traction.

The better path is more disciplined.

Your AI strategy may need to move quickly as the market shifts. But your company operating system should move deliberately—steady enough to create clarity, accountability, and decision-making rhythm that can absorb change without breaking.

Fast experiments need a calm machine behind them.

## AI needs speed. Execution needs stability.

AI is still a moving target. New capabilities emerge constantly. Competitors are testing. customers are asking questions. Your team is surfacing ideas faster than your current planning cadence can process them.

That environment does require speed.

But your operating system serves a different purpose. It is the structure your company uses to set priorities, make decisions, review progress, and create follow-through across the leadership team. It should not be redesigned every quarter in response to the latest technology wave.

When leaders try to accelerate both at once, several patterns show up:

- Strategic priorities change before teams can execute them
- Leadership meetings become debates instead of decision forums
- AI pilots launch without clear business owners
- Functional leaders interpret urgency differently
- The organization starts reacting faster than it can align

In other words, AI can expose execution problems that were already there.

A strong **company operating system** helps you separate signal from noise. It gives your leadership team a consistent way to decide which AI opportunities matter now, which can wait, and what success should look like.

## Your operating cadence should be the stabilizer, not the experiment

There is a difference between being adaptive and being erratic.

A healthy operating system creates a predictable rhythm for an unpredictable environment. That means your strategic execution model should feel steady even when the market does not.

For a scaling CEO, this matters because your company has likely outgrown informal leadership habits. What worked at 80 employees usually fails at 500. Alignment no longer happens through proximity. Follow-through no longer happens because everyone was in the same room. Institutional clarity has to replace founder-driven improvisation.

That is where a **company operating system** earns its value.

The point is not bureaucracy. The point is to create a repeatable backbone for:

### Clear priority setting
Your team needs a shared way to define what matters most now, not a new set of competing initiatives every month.

### Ownership and accountability
AI ideas die quickly when no one owns the business outcome, the implementation path, and the change management required to make them stick.

### Decision-making rhythm
Leadership teams need regular forums to review progress, remove blockers, and make tradeoffs before drift turns into delay.

### Cross-functional alignment
AI use cases often cut across product, operations, data, finance, and customer experience. Without a stable operating cadence, those interdependencies become friction.

The operating system should be sturdy enough that you do not have to reinvent how your company works every time a new opportunity appears.

## Move fast on AI by narrowing the field

Here is the contrarian truth: moving fast on AI usually means doing less, not more.

Most midmarket companies do not need an expansive AI portfolio. They need one well-chosen priority that matters to the business and can be implemented without overwhelming the organization.

That priority should be filtered through a few practical questions:

- Where is the business feeling the most operational strain?
- Which opportunity has a clear owner at the leadership level?
- What use case has enough data, process maturity, and team readiness to move now?
- Where can we create visible value without disrupting everything else?

This is where many firms go wrong. They bring a technology-first lens and push a roadmap full of tools, pilots, and platform discussions before the leadership team has alignment on the business problem.

We see it differently.

Technology decisions should sit inside a human-centered execution model. That means your AI strategy should be ambitious, but your path to action should fit your culture, leadership capacity, and actual readiness. Otherwise, you are not accelerating transformation. You are just accelerating confusion.

## A slower operating system is not resistance. It is capacity.

Some CEOs hear “slower” and worry it means cautious, outdated, or anti-innovation.

It doesn’t.

It means your operating model changes with enough care that people can actually use it. It means your leadership team builds trust in the cadence. It means accountability becomes habitual instead of forced. And it means AI can move through a system that is prepared to absorb new priorities without destabilizing the whole company.

A slower operating system gives you:

### Consistency during change
Teams know how decisions get made even when the strategy evolves.

### Better implementation odds
New initiatives are tied to existing rhythms, owners, and review mechanisms.

### Less executive thrash
You spend less time re-explaining priorities and more time advancing them.

### Stronger organizational trust
People are more willing to move fast when the surrounding structure feels clear and fair.

This is one of the biggest differences between transformation that sounds exciting and transformation that actually gets implemented. The goal is not to create the most aggressive plan. The goal is to make the desirable achievable.

## What this looks like in practice

For most scaling technology companies, the right sequence is simple:

1. **Stabilize the leadership cadence** so priorities, decisions, and accountability become more consistent.
2. **Identify one AI priority** tied to a real business outcome.
3. **Assess readiness honestly** across data, process, ownership, and change capacity.
4. **Run that AI initiative through your existing operating rhythm** instead of building a parallel governance structure.
5. **Refine the operating system gradually** as the company learns what new execution demands AI creates.

That sequence may feel less dramatic than a sweeping transformation program. But it is far more likely to produce progress your organization can sustain.

Your AI strategy should help you move forward faster.

Your **company operating system** should make sure that speed does not turn into chaos.

## Conclusion

If your leadership team is still struggling with ad-hoc execution, inconsistent follow-through, or meetings that create more motion than momentum, AI will not solve that problem. It will magnify it.

The answer is not to slow down your ambition. It is to separate the pace of innovation from the pace of organizational change.

Let AI move fast where it should.

Let your company operating system move steadily enough to support it.

If you want help identifying the one AI priority your leadership team should move now, comment below or contact us for a **Free Strategy Day**.",,,,,active,f,116500d0-357e-4ace-a7af-7264ed58e22a,2026-06-09 13:48:46.908046,2026-06-09 16:12:39.155,,,none,{b52269af-cb22-4a15-88ad-69c97a7538a4},,blog_post,,,,,,,,,,,,f,,,,,b8b79164-fb5e-4164-8dca-78b8cc85277d,,,,
c7dfb79e-d853-4bb1-bca8-2b448667f045,synozur.com,137db123-4906-4e61-af99-f0d23d86a622,AI governance before scale: the 3 questions every leadership team should answer first,"Before scaling AI, leadership teams should align on use-case boundaries, ownership, and guardrails to move faster with less risk.",,"# AI governance before scale: the 3 questions every leadership team should answer first

If you're leading IT in a midmarket retail organization, you're likely getting pressure from every direction at once: move faster on AI, prove business value quickly, and avoid creating new security, privacy, or compliance problems along the way.

That tension is real. Most organizations do not struggle because they lack AI ideas. They struggle because they try to scale AI before leadership has agreed on the rules, the risks, and the decision rights.

That is why practical AI governance needs to come before broad deployment.

Not as a bureaucratic exercise. Not as a months-long policy project. But as a leadership decision process that helps your organization move with more confidence, not less.

Before you launch more pilots, expand tool access, or commit budget to a larger AI roadmap, your leadership team should align on three questions first.

## 1. What business decisions is AI allowed to support, influence, or make?

This is the first governance question because it sets the boundary between experimentation and operational reality.

In retail, AI can touch demand forecasting, product recommendations, pricing analysis, customer service, workforce planning, merchandising, and internal productivity. But not every use case carries the same risk. A tool that drafts internal meeting notes is very different from a model influencing inventory allocation or customer-facing decisions.

Your leadership team needs clarity on where AI can:

- Assist humans with recommendations
- Accelerate analysis for faster decisions
- Automate limited tasks under supervision
- Operate within tightly defined workflows
- Remain off-limits until stronger controls are in place

Without those boundaries, teams adopt tools inconsistently. One department moves fast. Another blocks everything. IT ends up in the middle, trying to manage risk after usage has already spread.

A practical starting point is to group AI use cases into tiers:

### Low-risk use cases
Examples include internal summarization, drafting, meeting recaps, and knowledge search across approved internal content.

### Medium-risk use cases
Examples include planning support, forecasting assistance, or workflow recommendations where a human still makes the final decision.

### High-risk use cases
Examples include customer-facing outputs, pricing guidance, regulated data handling, or decisions that materially affect revenue, compliance, or brand trust.

This does not need to become a dense policy manual. It needs to become a clear operating decision: what is allowed, under what conditions, and who approves expansion into higher-risk use cases.

## 2. Who owns AI risk, and how will decisions get made?

One of the fastest ways for AI initiatives to stall is unclear ownership.

In many midmarket organizations, AI starts as a mix of curiosity and urgency. Operations wants efficiency. Marketing wants personalization. Finance wants productivity. IT gets asked to ""evaluate tools."" Legal and security get pulled in later. The result is usually one of two outcomes: unmanaged experimentation or total slowdown.

Neither is sustainable.

AI governance works when leadership agrees on accountable owners before scale begins. That does not mean building a massive committee structure. It means deciding, in simple terms:

- Who evaluates new AI use cases
- Who signs off on data, privacy, and security requirements
- Who owns model or vendor risk decisions
- Who monitors business outcomes after launch
- Who can stop or pause a use case if risks change

For a retail CIO, this is especially important because AI often crosses business and technology boundaries. A forecasting use case may depend on merchandising data, store operations input, finance assumptions, and IT controls. If ownership is vague, everyone participates but no one is accountable.

A better approach is to define a lightweight governance model with named roles and decision thresholds. For example:

### Executive sponsor
Sets business priority and expected outcome.

### Business owner
Owns the use case, process adoption, and performance.

### IT and security lead
Assesses architecture, access, integration, data handling, and controls.

### Risk, legal, or compliance stakeholder
Reviews policy, regulatory, and customer-impact considerations where needed.

### Governance lead or operating cadence owner
Ensures decisions, reviews, and escalations happen consistently.

This is where governance stops being theory and starts becoming executable. When decision rights are built into your operating rhythm, AI moves faster because teams know how to proceed.

## 3. What data, control, and review standards must exist before any AI use case scales?

Many AI initiatives look promising in a workshop and fall apart in production because the underlying controls were never settled.

For retailers, this issue shows up quickly. Customer data may sit across e-commerce, POS, loyalty, ERP, and marketing systems. Data definitions may vary by channel. Access controls may be inconsistent. Teams may not know what data can be used with which tools, or where vendor boundaries begin and end.

That is why your third governance question should focus on readiness standards.

Before scaling an AI use case, leadership should align on minimum requirements in areas like:

- Data quality and source reliability
- Approved data access and permissions
- Privacy and customer-data safeguards
- Vendor review and contractual guardrails
- Human review requirements
- Performance monitoring and exception handling
- Documentation for decisions, assumptions, and changes

You do not need perfect enterprise data maturity to start. But you do need agreement on the minimum bar for responsible deployment.

For example, if a team wants to use AI to improve forecasting, your governance standards might require:

- Defined source systems and approved datasets
- Named business owner and IT owner
- Clear human review before operational decisions are finalized
- Success metrics tied to the business case
- A review checkpoint before expanding beyond a pilot

That keeps governance practical. It also protects the business from turning promising AI activity into fragmented experimentation.

## Governance should increase speed, not slow it down

This is where many leadership teams get stuck. They hear ""governance"" and assume delay, overhead, and excessive caution.

In practice, the opposite is true.

When governance is vague, every AI initiative becomes a one-off debate. Teams revisit the same questions, escalate the same concerns, and delay the same decisions. Momentum gets lost not because the organization is being careful, but because it lacks a shared operating model.

Good AI governance creates:

- Faster approval paths for low-risk use cases
- Clear escalation for higher-risk initiatives
- Better alignment between business value and technical readiness
- More confidence for executives, security leaders, and operators
- Less rework when pilots need to scale

That is why we encourage clients to treat AI governance as part of a broader operating system, not a standalone policy exercise. The goal is not just to control AI. The goal is to make responsible progress repeatable.

When governance, ownership, and execution cadence work together, speed and control stop competing with each other.

## Start with one use case, one decision model, and one set of guardrails

You do not need to solve enterprise-wide AI governance in one step.

For most midmarket retailers, the smarter path is to start with one priority use case, define the guardrails around it, and use that process to establish a repeatable model for future decisions.

That could mean pressure-testing a forecasting initiative, an internal productivity use case, or a customer service pilot. The important thing is that leadership aligns on the three essentials first:

1. What AI is allowed to do  
2. Who owns the decisions and risks  
3. What controls must exist before scale

Those answers create the foundation for AI that is both useful and sustainable.

If your team is evaluating where to begin, or whether your current approach is strong enough to scale, book a strategy session. We will help you pressure-test your top AI use case and the governance guardrails needed to move forward with confidence.",,,,,active,f,116500d0-357e-4ace-a7af-7264ed58e22a,2026-06-09 14:20:27.176837,2026-06-09 14:20:27.176837,,,none,,,blog_post,,,,,,,,,,,,f,,,,,7cef3536-da6a-4b3e-9faa-8a499a1a026c,,,,
e320fe7f-a294-4e3a-8ca8-a15b96d4ec20,synozur.com,137db123-4906-4e61-af99-f0d23d86a622,"The hidden cost of AI in PE: fragmented pilots, duplicated spend, and no governance","A Polaris podcast outline on the hidden cost of AI in PE, and how operating partners can reduce duplicated spend and governance debt.",,"# Polaris Podcast Outline

**Guest:** Daniel Reeve, Operating Partner, Alder Ridge Capital (suggested)  
**Episode Title:** The hidden cost of AI in PE: fragmented pilots, duplicated spend, and no governance  
**Prepared June 10, 2026  ·  Draft for guest review**

**Suggested topics**
- Why AI cost in private equity is usually governance debt, not model spend
- How portfolio companies duplicate pilots, vendors, and internal effort without a shared value-creation lens
- What operating partners should measure in the first 30, 60, and 90 days
- How to standardize AI readiness across a portfolio without forcing one playbook on every company
- Where human review, role clarity, and governance matter more than another AI demo

## Cold Open

From Synozur, this is Polaris. I'm Chris McNulty.

[GRAPHIC: Portfolio company logos scattered across a screen, then converging into a single operating model.]

Private equity firms are hearing the same pitch from every direction. Move faster on AI. Pilot now. Experiment broadly. Don’t get left behind.

That sounds reasonable until you look across a portfolio.

One company is testing copilots in finance. Another is buying a forecasting tool. A third hired a consultancy for an AI roadmap. A fourth is building something internally with no governance, no role clarity, and no way to compare results.

The problem is not just software spend. It’s duplicated experimentation. It’s fragmented vendor decisions. It’s security and data exposure that nobody owns at the portfolio level. It’s governance debt building quietly in the background while everyone calls it innovation.

For operating partners, this gets expensive fast. Not because AI is too powerful, but because scattered ambition is hard to scale, hard to govern, and even harder to tie to EBITDA, productivity, or time-to-decision.

Today, we’re talking about the hidden cost of AI in PE, and what it takes to move from disconnected pilots to a portfolio-level value creation model that actually holds up under scrutiny.

This is Polaris.

## Intro

Welcome to Polaris Pathways. I'm your host, Chris McNulty, Chief Technology Officer at Synozur.

Synozur, the transformation company, reimagines business for our clients, navigating strategies and leadership culture with ease.

Today’s guest is Daniel Reeve, Operating Partner at Alder Ridge Capital. Daniel works with portfolio leadership teams on technology strategy, operating discipline, and value creation planning across the investment lifecycle. His perspective is especially useful for this conversation because he sits in the middle of a challenge many firms now face, real pressure to move on AI, paired with very uneven readiness across the portfolio. (Note: Guest bio to confirm and tailor before recording.)

He'll join us in a few minutes, but first…

## Trends

AI means very different things depending on who is in the room.

For a portfolio company CEO, it may mean a handful of pilots and pressure from the board. For a technology leader, it may mean data readiness, security, governance, and integration. For an operating partner, it should mean one thing first, measurable value creation with clear ownership.

That is where many firms get stuck.

The public conversation keeps focusing on model breakthroughs and headline adoption. This week’s news cycle included reports that OpenAI is preparing to file confidentially for an IPO in the coming weeks, and separate coverage claiming one of its newest reasoning models solved a long-standing math problem first posed in 1946. Those stories matter because they reinforce the pace of AI progress. They also create pressure inside boardrooms to act quickly.

But speed without operating discipline creates a different kind of cost.

In PE portfolios, the hidden costs usually show up in three places:

1. **Fragmented pilots**  
   Individual companies launch isolated use cases with no shared readiness standard, no common governance model, and no portfolio-level view of what is working.

2. **Duplicated spend**  
   Multiple companies buy overlapping tools, repeat vendor evaluations, or pay different advisors to solve versions of the same problem.

3. **Governance debt**  
   Teams move ahead without defined AI roles, escalation paths, human-review rules, or publishable guardrails for risk, privacy, and decision rights.

That last point matters more than most firms admit. Governance is not the paperwork you do after innovation. It is the operating system that keeps experimentation from turning into rework, exposure, or shelfware.

At Synozur, our view is simple. AI accelerates, experts decide. Nothing goes to a client without human review. We never ship AI slop, and we never ask leaders to pretend they are further along than they are. The path is practical, AI-ready to AI-enabled to AI-first.

For firms trying to assess a portfolio, the useful questions are not “Who bought an AI tool?” The useful questions are:
- Which use cases tie to revenue, EBITDA, productivity, or speed of decision?
- Which roles own governance?
- Which pilots can scale across the portfolio?
- Where are we repeating spend without repeating outcomes?

(Notes: Reading list and references for news items, governance frameworks, and portfolio transformation benchmarks to appear in show notes.)

And with that, let’s bring Daniel into the conversation.

## Topic of the Day — The hidden cost of AI in PE: fragmented pilots, duplicated spend, and no governance

### Introduction

Chris: Daniel, welcome to Polaris. It’s great to have you here.

### Warm-up

**Question:** Where are you calling from today?  
**Suggested Answer:** I’m calling in from Chicago today, where our team spends a lot of time with both portfolio company leaders and investment teams thinking about technology value creation in practical terms.

### Interview

**Question:** When you look across a PE portfolio, where do you usually see the first hidden AI cost show up?  
**Suggested Answer:** Usually in duplicate motion. Different companies are testing similar tools, hiring separate advisors, and solving the same governance questions from scratch without a shared framework.

**Question:** A lot of firms say they have an AI strategy, but what they really have is a collection of pilots. How do you tell the difference?  
**Suggested Answer:** A strategy has business outcomes, owners, governance, and a way to measure progress. A collection of pilots has enthusiasm, vendors, and slide decks, but no common operating model.

**Question:** Where do operating partners get the ROI conversation wrong on AI?  
**Suggested Answer:** They focus too narrowly on software cost or labor savings. The better lens is value creation, decision speed, throughput, error reduction, working capital, customer retention, and what can repeat across the portfolio.

**Question:** How do you standardize AI readiness across very different companies without forcing a one-size-fits-all playbook?  
**Suggested Answer:** You standardize the questions, not the answers. Use a common readiness framework for data, governance, roles, security, and business case discipline, then tailor the roadmap by company context.

**Question:** What governance elements should exist before a portfolio company launches more pilots?  
**Suggested Answer:** Clear decision rights, defined AI roles, approved use-case criteria, human-review standards, data and privacy guardrails, and an escalation path when risk or policy questions show up.

**Question:** Synozur often talks about moving from scattered ambition to an AI-first operating model. In your experience, what changes when a company makes that shift?  
**Suggested Answer:** AI stops being a side project. It gets tied to operating cadence, leadership reviews, functional priorities, and measurable outcomes. That is when momentum becomes repeatable instead of accidental.

**Question:** What can a PE firm realistically expect in the first 30, 60, and 90 days of a portfolio AI readiness effort?  
**Suggested Answer:** In 30 days, a baseline on readiness and risk. In 60 days, prioritized use cases and governance structure. In 90 days, a portfolio view of where to pilot, where to pause, and how to track value realization.

**Question:** Many firms worry that governance will slow innovation. What have you learned about that tradeoff?  
**Suggested Answer:** Weak governance slows innovation more. It creates rework, confusion, and low trust. Good governance speeds decisions because teams know what is allowed, who approves what, and how results will be measured.

**Question:** Large consultancies often bring scale, but they can miss the operating realities inside portfolio companies. Where does a more focused advisory model help?  
**Suggested Answer:** It helps when you need senior-level judgment, plain language, and a framework that can travel across companies without turning into a giant implementation program. The goal is clarity and momentum, not more theater.

### Personal Impact

**Question:** Outside business and tech, what’s something you’ve read, watched, or listened to recently that stayed with you?  
**Suggested Answer:** I recently revisited a favorite album or book that reminded me how much good judgment depends on stepping back long enough to see patterns. That is true in investing too. (Note: Personal selection to confirm with guest.)

### Staying in Touch

**Question:** How can our audience keep up with your work?  
**Suggested Answer:** LinkedIn is probably the best place, and I’m always glad to connect with operators and investors working through these questions in the real world. (Note: Add guest’s preferred contact details.)

### Closing

Chris: Daniel, thank you. This was a grounded look at a problem many firms feel but have not named clearly enough, that AI cost in private equity is often less about the model bill and more about duplicate effort, weak governance, and missed portfolio-level learning. We appreciate you joining us and sharing your perspective.

Guest: Thanks, Chris. Glad to be here.

## We'll be right back…

## Events

Here are a few upcoming events to keep on your radar. You can find links in the show notes, on the Synozur blog, and at synozur.com/events.

- **June 18, 2026, Virtual**  
  Executive roundtable on AI governance and operating models for portfolio companies. (Note: Confirm event title and registration link.)

- **July 10, 2026, New York City**  
  Private equity technology value creation breakfast for operating partners and portfolio technology leaders. (Note: Confirm venue and partner details.)

- **August 6, 2026, Chicago**  
  Leadership workshop on moving from AI-ready to AI-enabled with measurable business outcomes. (Note: Confirm host and agenda.)

If you have an event the Polaris audience should know about, send it in through the show page or email us for consideration.

## Coming Soon

On the next episode, we’ll look at what general-purpose AI tools can and cannot do inside real organizations, and why strategy, governance, and human review still separate useful transformation from expensive noise.

[Confirm next-episode teaser before final recording.]

## Outro

Thanks for joining us on Polaris, and thanks again to Daniel Reeve for the conversation.

You can find this episode and more at polaris.synozur.com. If you have feedback, ideas, or guest suggestions, email us at polaris@synozur.com.

If you enjoyed the show, please subscribe, rate, and review Polaris wherever you listen. It helps more leaders find the conversation.

Polaris is produced with help from Riverside.fm; theme song ""Alternative Dream"" courtesy of Adobe; additional music and sound by Indie Guy Records; graphic design by Josh Brantley.

I'm Chris McNulty, and this has been Polaris, a show that charts the course for business and technology transformation from Synozur. Learn more at synozur.com. See you next time. Keep following your North Star.

**CTA:** Book a portfolio AI readiness review at synozur.com/events and start with one clear view of risk, readiness, and value across the companies you own.",,,,,active,f,116500d0-357e-4ace-a7af-7264ed58e22a,2026-06-10 16:56:44.031641,2026-06-10 16:57:23.377,,/public-objects/conference-images/adffecce-f4fd-4902-bce4-1eca0a48feb6.png,none,,,other,,,,,,,,,,,,f,,,,,,,,,
88531ac2-a0ab-40d7-a0dc-ff787bf7587e,synozur.com,137db123-4906-4e61-af99-f0d23d86a622,Why most portfolio AI programs fail to produce ROI in 12 months,"Why portfolio AI programs miss ROI in 12 months, and what PE leaders need to fix in governance, ownership, and operating model.",,"# Why most portfolio AI programs fail to produce ROI in 12 months

Private equity firms are under pressure to make AI pay off fast.

Not in theory. In EBITDA, operating efficiency, speed to decision, and repeatable value creation across the portfolio.

That is where most portfolio AI programs break down. The issue is rarely lack of interest. It is usually fragmented bets, weak governance, unclear ownership, and no practical link between AI activity and the operating model of the business.

The result is familiar. A few pilots get funded. A few leaders start using general-purpose AI tools on their own. A vendor demo creates momentum for a week. Then the portfolio company hits the same wall, no shared priorities, no measurable value framework, and no path from experiment to scaled adoption.

If you need ROI inside a 12-month window, AI cannot sit off to the side as an innovation project. It has to be designed into how the company operates, decides, and measures progress.

## The real problem is not too little AI, it is too much disconnected AI

Across portfolios, the pattern is consistent.

One company is testing AI for sales productivity. Another is exploring forecasting. A third is talking to a data platform vendor. A fourth has bought licenses that nobody is governing. Every initiative sounds reasonable in isolation. Together, they create duplicated spend, uneven risk, and little confidence at the fund level.

This is where many firms lose the first six months.

They approve AI work before answering five basic operating questions:

- What business outcome matters most, revenue growth, margin improvement, productivity, or time-to-decision
- Which roles own AI decisions at the portfolio company level
- What governance guardrails apply across tools, data, privacy, and vendor use
- Which use cases are worth piloting now versus later
- How value will be measured at 30, 60, and 90 days

Without those answers, the portfolio does not have an AI program. It has scattered ambition.

That scattered ambition is expensive because it creates activity without an operating model. And without an operating model, ROI is mostly luck.

## ROI fails when AI is treated as a tool decision instead of a leadership decision

A lot of AI conversations start in the wrong place.

They start with tooling. Which model. Which platform. Which copilots. Which implementation partner.

Those are valid questions, but they are second-order questions. The first-order issue is leadership alignment.

For PE leaders, the practical challenge is not whether AI matters. It is whether each portfolio company can make disciplined decisions about where AI belongs, who owns it, and how it changes the work.

That means AI readiness is not just technical readiness. It includes:

### Strategic readiness
Is there a clear value creation thesis for AI in this business?

### Operating readiness
Are decision rights, meeting cadences, and execution rhythms strong enough to move from pilot to adoption?

### Data and governance readiness
Can the company use AI responsibly, with clear guardrails around data, privacy, and risk?

### Human readiness
Will leaders and teams actually adopt new workflows, or will AI remain a side project?

This is where many firms overestimate progress. A portfolio company may be AI-curious or AI-enabled in pockets, but that is not the same as being AI-first.

The ladder matters: AI-ready to AI-enabled to AI-first.

Skipping steps usually creates the illusion of speed, then the reality of rework.

## The 4 failure patterns we see in portfolio AI programs

### 1. No portfolio-wide value framework

Each company defines success differently, or not at all.

That makes it nearly impossible for the PE firm to compare opportunities, prioritize investment, or explain results to the investment committee. If one company is measuring usage, another is measuring labor savings, and a third is measuring nothing, the fund cannot govern the program with confidence.

A portfolio AI program needs a common value lens, even if the use cases differ by company.

### 2. Undefined AI roles and decision rights

AI gets assigned to “the tech team,” while operating leaders stay on the sidelines.

That usually leads to low adoption and weak accountability. AI changes workflows, decision speed, and management habits. It cannot be owned only by IT, and it cannot be delegated without executive sponsorship.

When ownership is vague, pilots stall.

### 3. Governance arrives after the pilot

This is one of the costliest mistakes.

Companies often let experimentation run first, then try to retrofit standards for model usage, data access, human review, and vendor approval. By then, behaviors are already set and risk is harder to contain.

Good governance does not kill speed. It protects speed.

At Synozur, our bias is simple: AI accelerates, experts decide. Nothing goes to a client without human review. Our publishable guardrails are clear, ASK → REVIEW → EDIT → REPEAT. The same principle matters inside portfolio companies. Move quickly, but never without human judgment and visible accountability.

### 4. Strategy stops before execution momentum is built

This is where many advisory efforts lose the room.

A smart strategy deck is useful, but it is not enough for a PE environment. Firms need to know what happens next, who owns the next 30 days, and how momentum will be sustained without turning the advisor into a massive systems integrator.

That is the gap many AI programs fall into. Vision gets approved. Execution ownership stays fuzzy.

## What a 12-month ROI path actually looks like

For PE-backed companies, the goal is not to “do AI.” The goal is to create measurable business movement on a timeline the fund can govern.

A practical path usually looks like this:

### First 30 days, establish the baseline
Define the value thesis, assess AI readiness, map the highest-confidence use cases, and set governance guardrails.

### By 60 days, prioritize and mobilize
Assign owners, select a small number of use cases tied to business outcomes, and align the leadership team on decision rights, success metrics, and adoption expectations.

### By 90 days, launch with discipline
Start pilots with clear human review, clear operating owners, and clear measures tied to productivity, cost, revenue, or decision speed.

### Through 12 months, scale what works
Expand only the use cases that show measurable traction. Retire weak experiments quickly. Keep the operating model, governance, and adoption plan as tight as the technology plan.

This is the difference between AI as experimentation and AI as value creation.

It is also where a lot of firms need a partner who can do more than describe the future. They need someone who can help design the North Star, define the operating model, and stay accountable for execution momentum, without pretending every problem is solved by a tool rollout.

## What PE leaders should do now

If your portfolio companies are already spending on AI, this is the moment to get more disciplined, not more reactive.

Start by asking:

- Which portfolio companies are AI-ready, versus just AI-active
- Where do we have duplicated spend or overlapping experiments
- Which use cases have the clearest path to measurable value in 12 months
- Where are decision rights and governance still undefined
- What do we expect to see at 30, 60, and 90 days

The firms that win here will not be the ones with the most pilots. They will be the ones with the clearest operating model for turning AI into measurable outcomes.

If you want a clear view of where your portfolio stands, book a portfolio AI readiness review with Synozur. We will help you identify the gaps, prioritize the right use cases, and define the governance and operating model needed to make AI pay off on a real timeline. Book the review.",,,,,active,f,116500d0-357e-4ace-a7af-7264ed58e22a,2026-06-10 16:56:15.939022,2026-06-10 16:57:52.51,,/public-objects/conference-images/59a0cbf3-4c5c-4e99-a903-fa9b888d934f.png,none,,,blog_post,,,,,,,,,,,,f,,,,,,,,,
2a5c9a74-8582-45cb-9f2e-2e2cf94f8775,synozur.com,137db123-4906-4e61-af99-f0d23d86a622,AI Due Diligence for Private Equity: What to Assess Before You Underwrite the Upside,"A practical whitepaper for private equity leaders on assessing AI value, readiness, governance, and execution before underwriting upside.",,"# AI Due Diligence for Private Equity: What to Assess Before You Underwrite the Upside

## Executive Summary

AI is now part of the investment thesis in more deals, but in many cases, it is still evaluated too narrowly. Buyers often assess tools, vendors, and technical possibilities without fully testing whether a portfolio company can translate AI ambition into measurable value after close.

That gap matters. A promising AI story can quickly become a fragmented set of pilots, governance concerns, and delayed returns if the operating model is not ready to support execution.

Our point of view is simple: **AI due diligence should not be treated as a standalone technology checklist. It should be assessed as a value-creation and execution question.** That means looking beyond model potential to the leadership decisions, data realities, governance disciplines, cross-functional ownership, and implementation sequencing required to make the upside achievable.

For Chief Investment Officers and operating leaders, this creates a more practical diligence lens:

- Where can AI create measurable value in this business within a realistic hold period?
- What conditions must be true for that value to be captured?
- What risks could delay, dilute, or derail results?
- How portable is the approach across the portfolio?
- What should be prioritized in the first 100 days versus later transformation phases?

At The Synozur Alliance, we help organizations make the desirable achievable by combining strategic clarity with implementation accountability. In private equity contexts, that means helping firms evaluate AI not as hype to underwrite, but as a transformation agenda to structure, govern, and execute.

---

## The Problem: Why Traditional AI Diligence Falls Short

Private equity firms are under pressure to identify new sources of value creation. AI is appealing because it promises efficiency, better forecasting, stronger decision support, and differentiated customer experiences. But many diligence processes still ask the wrong first question:

**Can this company use AI?**

The better question is:

**Where can this company create value with AI, and what will it take to implement that value responsibly and repeatably?**

That distinction is where many investments go sideways.

### Common diligence gaps

When AI is evaluated too narrowly, firms tend to miss five critical issues:

#### 1. Technical possibility gets mistaken for business readiness
A company may have systems, data, or vendors that suggest AI potential. That does not mean leadership is aligned, processes are stable enough, or teams are prepared to operationalize it.

#### 2. Use cases are not tied tightly enough to the value-creation plan
“AI opportunity” often shows up as a general upside statement rather than a prioritized set of initiatives linked to margin expansion, revenue acceleration, working capital improvement, or risk reduction.

#### 3. Data conversations stay too abstract
It is not enough to say data is “available.” Diligence should test whether data is accessible, usable, governed, and trusted enough for the intended use cases.

#### 4. Governance is treated as a downstream concern
If compliance, privacy, model oversight, security, and decision rights are deferred until after close, the first pilot often becomes the first bottleneck.

#### 5. Execution ownership is unclear
Even strong AI concepts stall when no one owns cross-functional delivery. Without leadership accountability, operating cadence, and a realistic sequence of work, promising ideas remain pilot programs.

For private equity firms, these gaps create a familiar pattern: optimism in diligence, ambiguity in planning, and friction in execution.

---

## Our Point of View: AI Diligence Is an Operating Model Question

We believe AI diligence should answer two things at the same time:

1. **Is there real value here?**
2. **Can this organization actually capture it?**

That requires a broader lens than vendor evaluation or data architecture review alone. AI outcomes depend on how the business is led, how decisions are made, how teams work across functions, and how execution is managed after the deal closes.

This is where many larger or technology-first firms can leave a gap. They may assess platforms deeply, but underweight the human and organizational conditions required for adoption. They may produce recommendations, but not enough clarity around how leadership should govern, sequence, and sustain the work.

Our approach is different by design:

- We start with business outcomes, not tools
- We assess organizational readiness alongside technical readiness
- We structure diligence to inform post-close execution, not just pre-close evaluation
- We tailor the approach to each company’s culture, leadership reality, and operating constraints
- We bring implementation accountability into the diligence conversation from the start

In other words, we do not treat AI as a feature set. We treat it as a transformation capability.

---

## A Practical Framework for AI Due Diligence in Private Equity

Below is a practical framework for assessing AI opportunity before you underwrite the upside. It is designed to help investment teams and operating partners move from generic AI enthusiasm to a more grounded view of value, risk, and execution feasibility.

## 1. Value Thesis Alignment

Start with the investment case, not the technology stack.

The core diligence question is not whether AI could be used somewhere in the business. It is whether AI can materially support the value-creation priorities that matter most during the hold period.

### What to assess
- Priority value levers in the deal thesis
- Functions where AI could accelerate those levers
- Time-to-value for each candidate use case
- Degree of dependency on broader transformation work
- Expected executive sponsorship and business ownership

### Questions to ask
- Which business outcomes matter most in the next 12, 24, and 36 months?
- Where could AI improve revenue, margin, productivity, forecasting, or customer retention?
- Which opportunities are realistic versus aspirational?
- Which use cases can produce early evidence without requiring enterprise-wide reinvention?

### What good looks like
A short list of use cases clearly linked to the deal thesis, with realistic sequencing and named business owners.

---

## 2. Data and Technology Readiness

AI potential is constrained by the quality of the company’s data foundation and operating environment.

That does not mean every portfolio company needs pristine enterprise architecture before acting. It does mean the diligence team should understand what is possible now, what requires remediation, and where technical debt could slow value capture.

### What to assess
- Data availability for priority use cases
- Data quality, consistency, and accessibility
- System interoperability across core functions
- Security, privacy, and access controls
- Existing analytics, automation, and workflow maturity

### Questions to ask
- Is the relevant data available in a usable form?
- Are there major silos between business units or systems?
- What level of manual intervention is currently required to assemble insights?
- Are there known security or governance constraints that limit adoption?
- Does the current architecture support scaling beyond isolated pilots?

### What good looks like
A realistic map of where data can support immediate use cases, where remediation is required, and how technology constraints should shape the roadmap.

---

## 3. Leadership Readiness and Accountability

This is the area many diligence processes underweight.

AI initiatives rarely fail because the use case sounded weak on paper. More often, they fail because leadership ownership was diffuse, incentives were misaligned, or the organization lacked a clear decision-making structure.

### What to assess
- Executive alignment on AI’s role in value creation
- Clarity of sponsorship at the C-suite and functional levels
- Decision rights across technology, operations, finance, legal, and business teams
- Change readiness among leaders and frontline managers
- Ability to sustain an execution cadence after close

### Questions to ask
- Who will own AI as a business transformation agenda, not just an IT program?
- Are leaders aligned on the priorities and risks?
- Does the company have a track record of executing cross-functional change?
- What operating rhythm exists today for tracking strategic initiatives?
- Where is resistance likely to emerge?

### What good looks like
Clear executive sponsorship, cross-functional ownership, and an execution model that can move from roadmap to adoption without losing momentum.

---

## 4. Governance, Risk, and Responsible Use

Governance should not enter the conversation after a pilot is approved. It should shape which initiatives are worth pursuing and how they should be deployed.

For private equity firms, this is especially important when evaluating multiple portfolio companies with different maturity levels, data sensitivities, and regulatory profiles.

### What to assess
- AI-related privacy, compliance, and security requirements
- Policies for model usage, oversight, and escalation
- Data handling and third-party risk considerations
- Human review requirements for high-impact decisions
- Governance maturity relative to intended use cases

### Questions to ask
- What regulatory, contractual, or customer obligations affect AI usage?
- What guardrails are required before deployment?
- How will model outputs be reviewed, challenged, and monitored?
- Where could reputational or operational risk outweigh short-term gain?
- What governance capabilities must be built centrally versus locally?

### What good looks like
Practical governance that enables progress while protecting the business, rather than a late-stage control layer that slows everything down.

---

## 5. Execution Sequence and 100-Day Feasibility

A compelling diligence memo is not enough. The real test is whether the company can move decisively after close.

This is where AI diligence should connect directly to the first 100 days and the broader transformation roadmap.

### What to assess
- Quick-win opportunities with measurable business relevance
- Dependencies across data, process, talent, and governance
- Resource availability and capability gaps
- Internal versus external delivery needs
- Portfolio-level opportunities for shared standards or repeatable playbooks

### Questions to ask
- What can credibly begin in the first 100 days?
- Which use cases require foundational work first?
- What capabilities need to be added or augmented?
- How should initiatives be staged to build confidence and momentum?
- What can be standardized across the portfolio to avoid reinventing the wheel?

### What good looks like
A phased execution plan that balances early wins with foundational work, reducing the risk of random experimentation.

---

## 6. Portfolio Portability

For private equity firms, AI diligence should also look beyond the individual asset.

The goal is not only to identify value in one company, but to determine where repeatable patterns, governance models, and capability-building approaches can be applied across the portfolio.

### What to assess
- Common use cases across portfolio companies
- Shared governance requirements
- Repeatable diligence questions and scoring criteria
- Opportunities for centralized enablement or advisory support
- Variation in maturity that requires differentiated playbooks

### Questions to ask
- Which AI use cases appear across multiple assets?
- Where can the firm create common standards without forcing one-size-fits-all solutions?
- What should be centralized at the portfolio level?
- How should diligence findings inform a broader AI value-creation playbook?

### What good looks like
A portfolio view that enables consistency where it helps and flexibility where it matters.

---

## What This Means for Investment Teams

For CIOs, CTOs, COOs, and investment leaders in private equity, better AI diligence leads to better decisions in three ways.

### 1. It improves underwriting discipline
A more rigorous diligence process helps distinguish credible upside from generic AI optimism.

### 2. It shortens the path from thesis to action
If leadership alignment, governance needs, and implementation dependencies are identified during diligence, the post-close plan becomes clearer and faster to activate.

### 3. It supports repeatable value creation across the portfolio
A structured diligence approach creates a common language for evaluating readiness, prioritizing use cases, and governing execution across assets.

---

## Where General AI Tools Fall Short

It is reasonable for firms to ask whether general AI tools can accelerate parts of diligence. They can help summarize information, generate hypotheses, and support early analysis.

But they cannot replace transformation judgment.

General-purpose AI tools do not know:
- How leadership dynamics will affect execution
- Whether a use case fits the investment thesis
- Which governance tradeoffs are acceptable in your context
- How to sequence initiatives across fragmented operating environments
- What level of change the organization can realistically absorb
- How to build portfolio-wide consistency without imposing rigid templates

That is why AI diligence still requires experienced advisory partnership. The question is not just what AI can analyze. The question is what your firm needs to decide, prioritize, and implement.

---

## The Synozur Alliance Approach

The Synozur Alliance helps organizations translate strategic ambition into executable reality. In private equity environments, that means supporting firms with an AI diligence lens that is both strategic and practical.

We bring:
- An empathetic partnership model grounded in listening first
- Senior-level, tailored advisory rather than one-size-fits-all consulting
- A human-centric transformation approach that accounts for culture, leadership, and readiness
- Structured methodology for aligning strategy, governance, and execution
- Implementation accountability that connects diligence insights to real post-close action

Our role is not to add complexity. It is to help investment and operating teams make clearer decisions about where AI can create value, what must be true to capture it, and how to move forward with confidence.

---

## Conclusion

AI may influence more investment theses in the years ahead, but value will not come from enthusiasm alone. It will come from disciplined assessment, practical prioritization, and the ability to execute across leadership, process, data, technology, and governance.

For private equity firms, that means AI due diligence should be more than a technical review. It should be a clear-eyed evaluation of value potential and organizational readiness.

When you assess AI through that broader lens, you are in a stronger position to underwrite upside that is not just desirable, but achievable.

## Request the Portfolio AI Diligence Template

If you are evaluating how to assess AI opportunity more consistently across deals or portfolio companies, we can help.

**Request our portfolio AI diligence template and an advisory call** to discuss:
- How to evaluate AI readiness during diligence
- How to prioritize use cases against the value-creation plan
- How to structure governance and accountability early
- How to create a repeatable portfolio-wide approach without forcing a generic model",,,,,active,f,116500d0-357e-4ace-a7af-7264ed58e22a,2026-06-09 22:32:13.451942,2026-06-09 22:32:13.451942,,,none,,,whitepaper,,,,,,,,,,,,f,,,,,a0ab9baa-f39a-4e8c-844f-c9157286fff0,,,,
e07bae6e-c8a9-4ae9-b5cf-1fed930e8b28,synozur.com,137db123-4906-4e61-af99-f0d23d86a622,Most AI cost problems start before procurement,"AI overspend usually starts with poor operating design, not software pricing. Book a portfolio AI readiness review.",,"The most expensive part of AI is usually not the software.

It is the waste you create before procurement ever starts.

In PE-backed portfolios, we keep seeing the same pattern. A company buys a copilot, a team spins up a pilot, someone hires a vendor, and six months later nobody can tie the spend to EBITDA, cycle time, or decision speed.

That is not a tooling problem. It is an operating model problem.

AI costs rise fast when there is no shared value thesis, no owner by function, no governance for risk and data, and no 30/60/90 plan for value realization.

Tool sprawl is a symptom.
Scattered ambition is the disease.

A better starting point for portfolio transformation:

- define the business outcome first
- name the executive owner
- assess AI readiness, data risk, and change readiness
- prioritize 2 to 3 use cases with measurable upside
- set review gates before scaling spend

AI accelerates. Experts decide.

If your portfolio companies are funding AI experiments without a common scorecard, fix that before the next contract gets signed.

Book a portfolio AI readiness review.",,,,,active,f,116500d0-357e-4ace-a7af-7264ed58e22a,2026-06-10 16:59:23.451851,2026-06-10 16:59:28.755,,/public-objects/conference-images/a7027db2-acf3-4cda-aec8-c782c3acb7a0.png,none,,,other,,,,,,,,,,,,f,,,,,,,,,
00f27a3a-9c07-457d-920c-f3717c0d4eb4,synozur.com,137db123-4906-4e61-af99-f0d23d86a622,30/60/90 Days to AI Value: the milestones we use to keep costs honest,A PE-focused whitepaper on using a company operating system and 30/60/90 milestones to tie AI spend to measurable value.,,"# 30/60/90 days to AI value

## Webinar title

30/60/90 days to AI value: the milestones we use to keep costs honest

## Webinar subtitle

A practical framework for PE leaders and portfolio operators who need AI investments to show operating progress before more capital goes out the door.

---

## PowerPoint outline and draft

### Slide 1: title

# 30/60/90 days to AI value

**The milestones we use to keep costs honest**

For private equity leaders, operating partners, and portfolio CEOs managing AI spend under real ROI pressure.

---

### Slide 2: executive summary

## Executive summary

Private equity teams are getting pressure from two directions at once.

Portfolio companies are spending on AI. Investment committees still need a clear answer on what that spend is buying. Too often, the answer is a mix of pilots, vendor demos, and scattered experimentation without an operating model that can carry value across the hold period.

This session lays out the 30/60/90 value realization framework we use at Synozur to bring discipline to that problem.

Our point of view is straightforward:

- AI spend should earn the next dollar
- each milestone should map to a business outcome, an owner, and a governance decision
- an AI-first operating model matters more than another disconnected pilot
- human adoption is part of ROI, not a side task

The goal is not to promise full transformation in 90 days. The goal is to make the first 90 days decision-ready, with a clear North Star, defined ownership, measurable signals, and a practical basis for scale, pause, or reprioritization.

---

### Slide 3: who this is for

## Who this is for

This webinar is built for:

- private equity CTOs, CIOs, COOs, operating partners, and investment leaders
- portfolio company CEOs and functional leaders under pressure to show AI progress
- firms that want execution accountability without handing everything to a large systems integrator
- leaders who need a common framework across multiple companies, while keeping room for local operating realities

---

### Slide 4: the problem framing

## The problem PE leaders are trying to solve

Across portfolios, the pattern is familiar:

- management teams are experimenting without a shared value creation thesis
- use cases are selected by enthusiasm rather than economics
- governance is weak, unclear, or missing
- data readiness varies sharply across companies
- operators are already stretched
- implementation conversations start with tools instead of business outcomes

The result is simple. Spend rises faster than confidence.

That creates three recurring risks:

1. **Fragmented investment**  
   Each company pays for the same learning curve more than once. Vendors multiply. Standards drift.

2. **No path from pilot to operating model**  
   A pilot can prove interest. It does not prove that the business can absorb, govern, and scale the change.

3. **Weak visibility into ROI**  
   Many AI proposals still sound like possibility, not accountability. PE teams need milestones, owners, timing, and evidence.

---

### Slide 5: what buyers are reacting against

## Why many AI programs stall

The issue is rarely a lack of ideas.

The issue is that AI gets layered onto an operating model that was never designed for it.

Common failure points include:

- no clear executive owner
- no baseline metrics
- no decision rights for risk, access, or model use
- no workflow redesign where AI changes how work gets done
- no adoption plan tied to leaders and teams
- no agreed threshold for releasing more investment

This is where many firms lose credibility. They describe a future state, but they do not define what value should look like on the clock.

---

### Slide 6: our point of view

## Our point of view

AI transformation should be managed like value creation.

That means four things.

### 1. AI needs a North Star before it needs more tooling

Most companies do not have a tooling problem first. They have an alignment problem.

Leaders need shared answers to three questions:

- where will AI create measurable value first
- what has to change in the operating model to capture that value
- what should be visible by day 30, 60, and 90

### 2. The operating model is the bridge between strategy and results

We use the term operating model literally.

We mean the management system that turns priorities into execution: decision rights, meeting cadence, KPI structure, role clarity, governance, and follow-through.

If AI changes work, it also changes the operating model required to manage that work.

### 3. Human-centered adoption is part of ROI

AI-first does not mean human-light.

If managers do not trust outputs, if teams do not know where AI belongs in the workflow, or if governance is vague, adoption drops. When adoption drops, ROI drops with it.

### 4. Strategy has to create execution momentum

Synozur is not a full-scale systems integrator. We are also not a strategy-only firm that disappears after the readout.

We define what Synozur owns, what management owns, what internal teams own, and where specialist partners may fit. That is how strategy becomes an accountable value realization model.

---

### Slide 7: our AI guardrails

## AI-first, human-centered

We use AI constantly in our own work, and we keep strict human judgment in the loop.

Our guardrails are simple and publishable:

**ASK → REVIEW → EDIT → REPEAT**

We operate by four standards:

- AI accelerates, experts decide
- nothing goes to a client without human review
- no actual impersonation of a person, ever
- leaders should never be made to feel behind or embarrassed for asking basic questions

That matters even more in portfolio environments, where risk tolerance, governance maturity, and compliance needs differ by company.

---

### Slide 8: the framework overview

## The 30/60/90 value realization framework

The core question behind this framework is practical:

**What should a PE leader expect to see, by when, before authorizing more spend?**

We use three phases:

- **Day 0-30:** establish the North Star and cut random acts of AI
- **Day 31-60:** design the operating model and prepare the first value path
- **Day 61-90:** activate measurable outcomes and make the next investment decision

The standard is not hype. The standard is decision-ready evidence.

---

### Slide 9: day 0 to 30

## Day 0 to 30: establish the North Star

The first 30 days are about economic and organizational clarity.

Before new tools get funded, leadership needs alignment on where value should come from, what conditions must be true to capture it, and what should not move forward.

### Objectives

- align leadership on the highest-value AI opportunities
- assess readiness across data, governance, workflows, and decision-making
- define the AI North Star for the company or portfolio segment
- identify near-term use cases with measurable value potential
- define initial operating model requirements for execution

### Core outputs

- AI North Star statement tied to business outcomes
- current-state readiness assessment
- prioritized use case map
- draft governance model with owners and decision rights
- 30/60/90 value scorecard with baseline metrics

---

### Slide 10: what leaders should see by day 30

## What a PE leader should see by day 30

By day 30, the company should be able to show:

- a short list of approved use cases in priority order
- named executive owners
- baseline measures for value tracking
- clear no-go areas or deferred investments
- a decision-ready recommendation on where to invest next

This is where costs start getting honest. If an idea does not survive contact with economics, governance, or readiness, it should be cut here.

---

### Slide 11: day 31 to 60

## Day 31 to 60: design the operating model

The next 30 days are about turning approved priorities into an executable model.

Most teams already know how to brainstorm. Fewer know how to redesign cadence, ownership, and governance so AI work survives after the meeting ends.

### Objectives

- define the AI-aligned operating model for the first wave of use cases
- establish governance routines and KPI reviews
- prepare implementation pathways with clear ownership
- build adoption plans for leaders and teams
- confirm the internal and partner resource model

### Core outputs

- AI operating model blueprint
- decision and governance cadence
- role map for business, technology, and functional leaders
- adoption and change plan
- implementation sequencing plan, including where Synozur leads and where partners or internal teams execute

---

### Slide 12: the operating model shifts

## Operating model shifts we typically address

The exact design varies by company, but the recurring shifts are consistent:

- executive meeting cadence for AI decisions
- KPI definitions and reporting structure
- workflow redesign where AI changes handoffs or approvals
- role clarity across business leaders, operators, and technical teams
- governance standards for model use, content review, and risk controls

This is one reason we differentiate from larger technology-first firms. Tools matter, but operating discipline is what makes value stick.

---

### Slide 13: what leaders should see by day 60

## What a PE leader should see by day 60

By day 60, the company should be able to show:

- one approved operating model for wave-one AI priorities
- defined governance forums and escalation paths
- documented ownership across leadership and execution teams
- an adoption plan with named leaders responsible
- an implementation path tied to milestone-based investment decisions

If ownership is vague at day 60, costs will spread faster than value.

---

### Slide 14: day 61 to 90

## Day 61 to 90: activate measurable outcomes

The final 30 days are not about declaring victory. They are about proving motion.

By this stage, the business should have enough structure to begin generating measurable signals through pilot activation, workflow automation, improved decision speed, or adoption data.

### Objectives

- activate first use cases or pilots within defined guardrails
- monitor adoption, workflow performance, and early value signals
- refine governance based on real-world use
- make an evidence-based decision on scaling, pausing, or redesigning
- produce a board-ready view of next-step investment

### Core outputs

- live pilot or activated workflow
- early value dashboard
- adoption and usage review
- risk and governance findings
- scale, pause, or pivot recommendation

---

### Slide 15: what counts as a measurable signal

## What counts as a measurable signal

The exact metrics depend on the use case and sector, but the rule stays the same:

**The signal must support a capital decision.**

Examples include:

- reduced cycle time for a targeted workflow
- improved forecast quality
- lower manual effort in a defined process
- faster time to management decision
- adoption rate among the named user group
- policy compliance and review accuracy under the new process

We do not force a full ROI claim in 90 days. We build enough evidence to show whether the path to ROI is real, what is blocking it, and what should happen next.

---

### Slide 16: what leaders should see by day 90

## What a PE leader should see by day 90

By day 90, the company should be able to show:

- at least one activated use case or workflow in operation
- a dashboard with baseline versus current performance on agreed metrics
- management ownership of next-stage decisions
- a governance model that has been tested, not just documented
- a recommendation for scale, sequencing, or reprioritization

At this point, the next dollar has either been earned or it has not.

---

### Slide 17: portfolio application

## How this works across a portfolio

A portfolio model should not force one-size-fits-all execution. It should create shared discipline.

At the firm level, the 30/60/90 structure gives PE teams a common lens for evaluating:

- which portfolio companies are ready for AI-first transformation
- which companies are still AI-ready or AI-enabled
- where governance risk is highest
- where repeated use cases or playbooks can reduce duplicated effort
- which management teams are moving from ambition to evidence

At the company level, the same framework stays flexible enough to fit different sectors, leadership teams, and operating realities.

The point is not standardization for its own sake. The point is faster pattern recognition and cleaner capital allocation.

---

### Slide 18: how Synozur is different

## Why this approach is different

Many firms can help deploy technology. Fewer can connect AI ambition to a practical operating model without forcing a vendor-specific agenda.

Synozur’s approach is different in three ways:

- **human-centered transformation**  
  We address leadership, culture, role clarity, and adoption alongside technology choices.

- **framework-led, not tool-led**  
  We use a structured operating model approach rather than relying on ad hoc advisory or platform lock-in.

- **strategy with execution accountability**  
  We stay explicit about ownership, milestones, partner roles, and what should be visible after strategy work, without pretending to be a full-scale SI.

This matters for PE teams that want speed and accountability without unnecessary complexity.

---

### Slide 19: practical discussion prompts for the webinar

## Discussion prompts

Use these prompts during the live session or Q&A:

- where in your portfolio is AI spend already outpacing governance
- which companies have pilots but no operating model
- where are use cases being approved without baseline metrics
- what decision rights are still unclear today
- what would need to be true for you to authorize the next tranche of AI investment with confidence

---

### Slide 20: conclusion

## Conclusion

The first 90 days of AI work should do one thing well.

They should replace vague ambition with measurable operating progress.

That means:

- a clear North Star
- a small number of approved value paths
- defined ownership and governance
- visible adoption signals
- evidence strong enough to support the next capital decision

That is how AI moves from experimentation to value creation.

---

### Slide 21: CTA

## Ready to pressure-test your first 90 days

If you need a portfolio-level lens on AI readiness, or a company-level plan that ties AI priorities to measurable operating outcomes, Synozur can help.

Book an executive working session to map your 30/60/90 milestones, define ownership, and decide where the next dollar should go.",,,,,active,f,116500d0-357e-4ace-a7af-7264ed58e22a,2026-06-10 16:59:57.381885,2026-06-10 17:00:56.79,,,none,,,whitepaper,,,,,,,,,,,,f,,,,,,,,,
1322cc17-4e09-4f2b-86b6-ecf1cf788e47,synozur.com,137db123-4906-4e61-af99-f0d23d86a622,"If your team can't name the AI owner, your costs are already rising","For lean retail CIO teams, unnamed AI ownership drives wasted spend. Fix accountability first. Apply for an AI Academy workshop.",,"AI spend drifts fast in retail. Duplicate tools, stalled pilots, no clear governance. If nobody owns AI, everybody pays for it. Start with named accountability, then move from AI-ready to AI-enabled to AI-first. Apply for an AI Academy workshop.",,,,,active,f,116500d0-357e-4ace-a7af-7264ed58e22a,2026-06-10 17:01:28.261517,2026-06-10 17:01:38.288,,/public-objects/conference-images/0d40c99a-c82b-46db-b0ed-5e29fcb387cd.png,none,,,other,,,,,,,,,,,,f,,,,,,,,,
1106a6fb-0441-4450-b6e4-f214ca859bad,synozur.com,137db123-4906-4e61-af99-f0d23d86a622,Most portfolio AI ROI problems start before the first pilot,"Portfolio AI programs usually miss 12-month ROI because they begin with disconnected pilots instead of a shared value framework, clear ownership, and governance.",,"## Most portfolio AI ROI problems start before the first pilot

**Preview:** If your portfolio is already spending on AI, the real risk is not moving too slowly. It is moving without a shared value framework, ownership, or governance.

Hi everyone,

Private equity teams are under pressure to make AI pay off inside a 12-month window. In our experience, most programs do not stall because leaders lack interest. They stall because the portfolio starts with disconnected experiments instead of an operating model.

### The pattern to watch

A few pilots get approved. A few leaders start using general-purpose AI tools on their own. One company explores sales productivity, another forecasting, another buys licenses nobody is governing.

Each decision can sound reasonable on its own. At the fund level, it adds up to scattered ambition.

Before approving more AI activity, ask five basic questions:

- What business outcome matters most
- Which roles own AI decisions at the company level
- What governance guardrails apply across tools, data, privacy, and vendor use
- Which use cases are worth piloting now versus later
- How value will be measured at 30, 60, and 90 days

If those answers are still fuzzy, the portfolio does not have an AI program yet. It has AI activity.

That distinction matters. ROI usually fails when AI is treated like a tool decision instead of a leadership decision.

If you want a practical starting point, Synozur can help you assess which portfolio companies are AI-ready, where governance is weak, and which use cases have the clearest path to measurable value.

**Call to action:** Book a portfolio AI readiness review with Synozur.",,,,,draft,f,116500d0-357e-4ace-a7af-7264ed58e22a,2026-06-10 17:02:46.210683,2026-06-10 17:02:46.210683,"Portfolio AI programs usually miss 12-month ROI because they begin with disconnected pilots instead of a shared value framework, clear ownership, and governance.",,none,,,other,,,,,,88531ac2-a0ab-40d7-a0dc-ff787bf7587e,"{""cta"": ""Book a portfolio AI readiness review with Synozur."", ""format"": ""Email / newsletter snippet"", ""coreIdea"": ""Portfolio AI programs usually miss 12-month ROI because they begin with disconnected pilots instead of a shared value framework, clear ownership, and governance."", ""platform"": ""Email"", ""bestPostingWindow"": ""Tuesday morning""}",,,,,f,,,,,,,,,
cf4dd45b-3978-4775-b023-d6c1fe828289,synozur.com,137db123-4906-4e61-af99-f0d23d86a622,"If AI spend is up and EBITDA is flat, you have an experiment, not a strategy","Rising AI activity without movement in business metrics signals a missing operating model, not a strategy.",,"## If AI spend is up and EBITDA is flat, you have an experiment, not a strategy

**Preview:** More AI activity does not equal more business value. If the numbers are not moving, the operating model is the problem.

Hi there,

A lot of leadership teams think they are getting an AI update when what they are really getting is an activity report.

More licenses. More pilots. More prompts. More meetings about agents.

But if EBITDA is flat, decisions are still slow, and no one can point to a workflow that is materially better than it was 90 days ago, that is not strategy. It is budget drift.

### The simple test for CEOs

If AI investment is rising, at least one business metric should move with it.

- Revenue per employee
- Gross margin
- Cycle time
- Forecast accuracy
- Time-to-decision

If none of those are improving, the issue usually is not effort. It is the absence of an AI-first operating model.

That usually shows up as the same pattern.

- No clear owner
- No governance
- No baseline
- No 30/60/90 value targets
- No path from AI-ready to AI-enabled to AI-first

AI tools can produce output. They cannot define accountability, redesign management cadence, or create leadership adoption that sticks. That is still leadership work.

**Call to action:** Reply with **scorecard** and I will send the 30/60/90 AI value checklist you can use in your next executive meeting.",,,,,draft,f,116500d0-357e-4ace-a7af-7264ed58e22a,2026-06-10 19:35:21.182878,2026-06-10 19:35:21.182878,"Rising AI activity without movement in business metrics signals a missing operating model, not a strategy.",,none,,,other,,,,,,66a338b7-c87d-42d3-b5e2-ea3c8d891fd0,"{""cta"": ""Reply with scorecard to get the 30/60/90 AI value checklist."", ""format"": ""Email / newsletter snippet"", ""coreIdea"": ""Rising AI activity without movement in business metrics signals a missing operating model, not a strategy."", ""platform"": ""Email"", ""bestPostingWindow"": ""Tuesday morning""}",,,,,f,,,,,,,,,
cbd4a99e-09ea-4a73-a200-dce82a009f77,synozur.com,137db123-4906-4e61-af99-f0d23d86a622,Are your AI gains outpacing token costs? A CEO's 30/60/90 scorecard,"A practical 30/60/90 AI scorecard for CEOs to measure token costs against productivity, margin, and operating-model gains.",,"# Are your AI gains outpacing token costs? A CEO's 30/60/90 scorecard

AI spend is getting easier to start and harder to explain.

For a midmarket manufacturing CEO, that creates a real problem. Teams are buying copilots, testing agents, and experimenting with automation. Monthly usage rises. Vendor invoices get longer. But when the board asks what the business got back, the answer is often vague.

That is where a lot of AI programs stall. Not because the technology is weak, but because the operating model is.

If your company cannot show where AI is creating productivity, margin, speed, or better decisions, then token costs are not the problem. The lack of a measurable system is.

This is the scorecard we use to keep AI grounded in business value, not activity.

## Start with economics, not enthusiasm

The first mistake many companies make is treating AI like a software rollout.

They track seats, prompts, licenses, and pilot activity. They celebrate usage. None of that tells you whether AI is improving the business.

A better starting point is simple:

**Are gains in revenue, productivity, or EBITDA outpacing the cost to generate them?**

For a manufacturing business, that usually comes down to a short list of measurable outcomes:

- hours saved in planning, reporting, quoting, or customer service
- reduction in rework, manual errors, or delays
- faster decision cycles across operations and leadership
- improved forecast quality for demand, inventory, or labor
- throughput gains without adding headcount at the same rate
- margin protection through better pricing, sourcing, or scheduling decisions

Token costs matter. Model pricing is changing, and more capable models can cost more. But a CEO should not manage AI as a procurement line item alone. You need to manage it as an operating-model investment.

That means every meaningful AI initiative should have three numbers attached to it:

- **cost to run**
- **expected business gain**
- **time to measurable proof**

Without those three numbers, AI becomes a collection of experiments. With them, it becomes a portfolio.

## Why manufacturing teams lose the ROI story

Most manufacturers are not failing because they picked the wrong model.

They are struggling because AI gets layered onto existing chaos.

The usual pattern looks like this:

### 1. Use cases are disconnected
Operations is testing one tool. Finance is piloting another. Sales has its own workflow. Nobody is measuring value the same way.

### 2. Data readiness is assumed
Machine logs, ERP data, demand signals, quality records, and customer data all exist, but they do not flow cleanly enough to support reliable AI outputs.

### 3. Governance shows up late
The company starts with access and experimentation, then scrambles to define who approves what, where human review is required, and what should never be automated.

### 4. Leaders confuse activity with adoption
A team can use AI every day and still not change cycle time, decision quality, or margin.

This is why generic AI advice falls short. A chatbot can help draft ideas. It cannot design the roles, governance, review loops, decision rights, and operating cadence needed to make AI pay off in a 500-person manufacturing company.

That work still needs leadership judgment.

At Synozur, our rule is simple: **AI accelerates, experts decide.** Every artifact is human-reviewed. Nothing goes to a client without human review. And we help leadership teams move up the ladder from **AI-ready to AI-enabled to AI-first** without pretending that experimentation alone is transformation.

## A practical 30/60/90 AI scorecard for CEOs

A CEO does not need a 40-page dashboard to understand whether AI is working. You need a tight scorecard that shows momentum, discipline, and proof.

### 30 days: establish the baseline

In the first 30 days, the goal is not scale. It is clarity.

You should be able to answer:

- Where are we spending on AI today?
- Which teams are using it, and for what workflows?
- What are the top 3 to 5 use cases tied to business value?
- Where do we require human review?
- Who owns governance, risk, and outcome tracking?

By day 30, you want a baseline across:

- current AI tool and token costs
- targeted workflows
- current cycle times or labor inputs
- known data constraints
- named executive owners

If you cannot see the baseline, you cannot prove the gain.

### 60 days: prove value in a small number of workflows

By day 60, the priority is measurable movement in selected use cases.

In manufacturing, that might mean:

- reducing manual effort in production reporting
- improving first-pass demand forecast reviews
- accelerating quote generation with human approval
- summarizing maintenance logs into actionable patterns
- cutting leadership prep time for weekly operating reviews

At this stage, your scorecard should show:

- cost per workflow or use case
- time saved or cycle time reduced
- output quality after human review
- adoption by role or team
- blockers to wider rollout

This is where many companies learn an important lesson. The best early AI wins are not always the flashiest. They are usually the workflows where volume is high, review steps are clear, and business owners care enough to measure the result.

### 90 days: decide what scales, what stops, and what needs redesign

By day 90, the CEO should have enough evidence to make portfolio decisions.

Not every pilot should scale. Some should stop. That is healthy.

Your 90-day scorecard should help you sort initiatives into three buckets:

- **scale now**: clear value, manageable cost, strong adoption
- **redesign**: promising use case, weak workflow or poor data conditions
- **stop**: low-value experiment, unclear ownership, or no measurable gain

At this point, you should also be able to answer a harder question:

**Are we building an AI-first operating model, or just adding AI to old habits?**

That means checking for progress in areas like:

- role clarity
- governance
- leadership cadence
- workflow redesign
- human review standards
- budget discipline tied to business outcomes

This is where AI becomes a management system, not a side project.

## The scorecard is only useful if someone owns the model

Many firms talk about AI strategy. Others jump straight into implementation. The gap in the middle is accountability.

That is usually where value leaks out.

A practical CEO approach is to assign ownership across two tracks:

### strategic design
This includes the North Star, use-case prioritization, governance, value metrics, and operating-model decisions.

### delivery accountability
This includes pilot sequencing, partner coordination, team adoption, review loops, and milestone tracking.

You do not need one firm to do everything. You do need one clear model for who owns outcomes at 30, 60, and 90 days.

That is also where general-purpose AI tools fall short. They can generate content, summarize information, and support analysis. They cannot sit with your leadership team, challenge assumptions, define decision rights, or build a publishable governance model that fits your plant, your data reality, and your margin goals.

That is human work. AI should support it, not replace it.

## The real goal is not lower token costs

Most CEOs ask the AI cost question too late.

They wait until spend rises, then try to cap usage.

A better move is to ask earlier whether your company has the discipline to turn AI usage into measurable business performance.

If the answer is yes, higher usage may be justified.

If the answer is no, even cheap AI is expensive.

The companies pulling ahead are not the ones with the most licenses. They are the ones with a clear North Star, a human-reviewed operating model, and a hard way to measure value inside 30, 60, and 90 days.

If you need a clearer view of whether your AI gains are outrunning your token costs, book an AI ROI and token-cost review with Synozur.",,,,,active,f,116500d0-357e-4ace-a7af-7264ed58e22a,2026-06-10 19:33:11.00816,2026-06-10 19:33:11.00816,,,none,,,blog_post,,,,,,,,,,,,f,,,,,c6d9b906-849c-482e-8c27-b2193662eb15,,,,
b670f838-28c4-4da1-967a-78b3b129c860,synozur.com,137db123-4906-4e61-af99-f0d23d86a622,Why most portfolio AI programs fail to show ROI before the hold period clock starts,"Why PE portfolio AI programs miss ROI, and how a portfolio-level strategy reduces waste, improves governance, and protects EBITDA.",,"# Why most portfolio AI programs fail to show ROI before the hold period clock starts

Private equity firms are under pressure to turn AI from boardroom urgency into portfolio value.

What usually happens instead is messier. One portfolio company buys a copilot. Another hires a specialist shop for a pilot. A third starts experimenting with agents. Token costs rise. Security reviews lag. No one can say which use cases matter most to EBITDA, revenue, or decision speed. By the time the firm asks for a portfolio view, the hold period clock is already running.

The problem is rarely a lack of interest. It is a lack of operating discipline.

If you want AI to contribute to value creation during the hold period, you need more than experimentation. You need a strategy that ties AI investments to measurable business outcomes, clear governance, and a practical path from AI-ready to AI-enabled to AI-first.

## Fragmented AI investment looks innovative, until it hits the P&L

Most portfolio AI programs do not fail because the technology is weak. They fail because each company pursues AI as an isolated initiative.

That creates three expensive patterns.

### Duplicate pilots across the portfolio

Different companies test similar use cases without shared criteria, shared governance, or shared learning. You pay for the same education multiple times.

In a PE environment, that is not innovation. That is duplicated spend.

### Rising AI costs without a value lens

The economics are shifting quickly. Frontier model providers are moving toward token-based pricing, and newer models bring both stronger capabilities and higher costs. If portfolio teams are experimenting without usage guardrails, cost visibility, or business case discipline, spend can grow faster than realized value.

That is where AI enthusiasm starts eroding EBITDA instead of improving it.

### Governance arrives late

Many firms let experimentation run first and add governance later. That is backwards.

By the time legal, security, and operating leaders get pulled in, the portfolio already has tool sprawl, unclear data exposure, inconsistent approval processes, and no common view of acceptable use. Clean-up takes longer than initial deployment.

For PE leaders, this is the core issue. AI cannot be managed as a collection of software decisions. It has to be managed as a value-creation system.

## ROI stalls when no one defines what “good” looks like

A lot of AI work gets approved with vague language: efficiency, innovation, productivity, better decisions.

None of that is enough in a hold-period context.

Portfolio programs need a measurable strategy before they need more tools. That means every initiative should map to a small set of outcomes a deal team and operating partner actually care about, such as:

- EBITDA improvement
- Revenue acceleration
- Time-to-decision
- Cost-to-serve reduction
- Cycle time reduction
- Adoption rates in priority workflows

Without that discipline, portfolio companies end up reporting activity instead of results. They show pilots launched, tools purchased, workshops held, and prompts written. Meanwhile, investment leaders still cannot answer a basic question: where is AI changing enterprise value?

This is also where many advisors fall short. They help create an AI roadmap, then disappear before the portfolio has accountability for value realization. A good strategy should not stop at a vision deck. It should define what the firm owns, what each company owns, what gets measured at 30, 60, and 90 days, and what gets shut down if the signal is weak.

## A portfolio strategy should standardize decisions, not force identical implementation

The wrong answer to fragmentation is a one-size-fits-all mandate.

Portfolio companies differ in data maturity, operating complexity, leadership strength, and regulatory exposure. A manufacturing business, a healthcare services company, and a software platform should not run the same AI playbook.

But they do need the same decision architecture.

### What should be standardized at the portfolio level

Private equity firms should standardize the elements that reduce waste and improve comparability:

- AI readiness criteria
- Governance minimums
- Risk review process
- Use case prioritization method
- ROI definitions
- Executive reporting cadence
- Vendor and model selection guardrails

This gives the firm a common language for evaluating where to invest and where to wait.

### What should stay flexible at the company level

Each portfolio company should retain flexibility in:

- Workflow-specific use cases
- Change management approach
- Functional ownership
- Data remediation priorities
- Pace of adoption
- Platform choices when justified by the operating environment

That balance matters. It keeps the portfolio from drifting into chaos without forcing every company into the same mold.

This is the difference between governance and lock-in. Strong portfolio strategy creates alignment. It does not create bureaucracy.

## The firms getting traction treat AI as an operating model shift

The most useful frame is not “Where can we use AI?”

It is “What has to change in how this company operates for AI to produce measurable value?”

That shifts the work in four important ways.

### From tool selection to role clarity

If no one owns AI decisions, no one owns outcomes. Portfolio companies need defined roles for business sponsors, data owners, risk leaders, and executive decision-makers.

### From experimentation to staged maturity

Not every company should jump straight to autonomous workflows or multi-agent systems. A practical ladder works better:

- AI-ready, where data, governance, and leadership alignment are established
- AI-enabled, where priority use cases are piloted in controlled workflows
- AI-first, where AI is embedded in decision-making, operations, and management cadence

That progression reduces waste and keeps adoption grounded in operating reality.

### From AI output to human-reviewed decisions

AI can accelerate analysis, drafting, and workflow support. Experts still decide.

That principle matters more in PE-backed environments, where governance, investment committees, and operating teams need confidence in what gets used and what gets shipped. Our rule is simple and publishable: ASK → REVIEW → EDIT → REPEAT.

No AI slop. No pretending the model is the operator. No actual impersonation of a person, ever.

### From isolated pilots to portfolio learning

One portfolio company should make the next one smarter. Lessons on governance, vendor performance, token economics, adoption friction, and workflow redesign should compound across the firm.

That is how a portfolio strategy starts behaving like an asset instead of a collection of experiments.

## What a practical portfolio AI review should answer

Before adding more pilots, PE leaders should get clear on five things:

1. Which portfolio companies are actually AI-ready today  
2. Which current AI initiatives tie to measurable value creation goals  
3. Where duplicate spend, duplicate pilots, or weak vendor decisions are draining value  
4. What governance gaps create security, compliance, or adoption risk  
5. What 90-day roadmap would produce the clearest signal on ROI

This is where a readiness review earns its keep. Not by generating more AI enthusiasm, but by giving the firm a portfolio-level view of where AI can create value now, where it needs operating groundwork first, and where spending should pause.

That is the strategy private equity needs right now. Calm, measurable, and accountable.

## AI ROI does not disappear, it gets diluted

In most portfolios, the issue is not that AI cannot produce returns.

It is that returns get diluted by fragmented buying, duplicated learning, weak governance, and no shared value-creation logic. The longer that persists, the harder it becomes to show results before the hold period starts tightening your options.

A portfolio-wide AI strategy should make investments clearer, not bigger. It should reduce random experimentation, improve decision quality, and focus operating teams on the few use cases that can actually move value.

If your portfolio companies are testing AI in different directions and you still do not have a clean view of readiness, governance, and ROI, request a portfolio AI readiness review.",,,,,active,f,116500d0-357e-4ace-a7af-7264ed58e22a,2026-06-10 19:33:18.399053,2026-06-10 19:33:24.64,,/public-objects/conference-images/5c808ea0-3b44-4d82-889d-9d325a012b49.png,none,,,blog_post,,,,,,,,,,,,f,,,,,d780e6bc-3a83-44c6-a09c-cb23155423c0,,,,
9a2bfe30-a8c5-4e9b-850a-ec66f465190b,synozur.com,137db123-4906-4e61-af99-f0d23d86a622,"Stay ahead of the token curve: this week’s executive briefing on AI ROI, governance, and 30/60/90 value","A practical executive briefing for PE leaders on AI ROI, governance, and a 30/60/90 path to portfolio value.",,"Hi,

If you are trying to drive AI value across a portfolio right now, you are likely seeing the same pattern in every direction.

More AI demand from boards and management teams. More tools entering the market. More pressure to move fast. And less tolerance for vague transformation language that never turns into EBITDA, productivity, or time-to-decision gains.

This week’s briefing is built for that reality.

## 1. AI costs are changing faster than most portfolio plans

With frontier labs moving toward token-based pricing and higher-cost models entering the market, the economics of AI are no longer abstract. They hit operating budgets, pilot design, and ROI expectations immediately.

That matters in PE because a weak AI plan now fails in two places at once:
- it does not create measurable value fast enough
- it does not control the cost curve behind the scenes

Our view is simple. AI strategy without an economic model is not strategy.

For portfolio companies, that means pressure-testing:
- which use cases warrant premium model costs
- where lower-cost automation is enough
- how governance, usage limits, and human review affect total value realization

## 2. Governance is now a value-creation issue, not a compliance side note

The market is moving beyond individual AI productivity gains and into multi-agent workflows, tighter safeguards, and more executive scrutiny.

That creates a portfolio problem. Each company can start experimenting on its own, but scattered ambition rarely produces repeatable returns.

The leaders pulling ahead are getting four things defined early:
- decision rights
- acceptable use and review guardrails
- priority use cases tied to business outcomes
- a path from AI-ready to AI-enabled to AI-first

This is where we stay practical. We use AI hourly in our own business, but nothing goes to a client without human review. Our standard is publishable: ASK → REVIEW → EDIT → REPEAT.

AI accelerates. Experts decide.

## 3. The first 90 days need to show movement, not theater

Most advisory firms still talk about AI in annual-roadmap language. PE teams usually need a tighter clock.

A better standard is a 30/60/90 value realization view:

- **30 days:** establish the North Star, identify measurable use cases, clarify ownership and governance
- **60 days:** prioritize pilots, confirm data and process readiness, align leadership on operating model shifts
- **90 days:** launch the right pilots, define value tracking, and create an execution path that management can actually sustain

This is also where buyers deserve clarity on accountability.

We do not position ourselves as a giant implementation machine. We help leadership teams design the AI-first operating model, governance structure, decision cadence, and value roadmap that execution can run on. Where delivery support is needed, that path should be explicit, not implied.

That distinction matters when you are comparing advisors. General-purpose AI tools can generate ideas. They cannot align a portfolio company’s leadership team, define governance, assign AI roles, and create a measurable value path that holds up under investment scrutiny.

If you want, I can send you the executive briefing version of this with a simple scorecard your team can use across portfolio companies.

**Reply “briefing” and I’ll send it.**",,,,,active,f,116500d0-357e-4ace-a7af-7264ed58e22a,2026-06-10 19:37:30.206175,2026-06-10 19:37:42.225,,/public-objects/conference-images/74525398-5f52-454a-ad5f-16a4ae0c1038.png,none,,,other,,,,,,,,,,,,f,,,,,9f4e0b92-69cb-45ad-ad32-72aca525698f,,,,
8135bf5c-fe4f-40f5-af17-fb224e0f4b64,synozur.com,137db123-4906-4e61-af99-f0d23d86a622,Case study: from disconnected AI pilots to a portfolio-wide 30/60/90 value roadmap,A PE portfolio case study on turning disconnected AI pilots into a 30/60/90 roadmap with clearer governance and execution accountability.,,"## Challenge

A private equity technology leader came to us with a familiar problem.

Portfolio companies were already spending on AI. A few teams were testing copilots. Others were talking to vendors. A handful had pilots in motion. None of it added up to a portfolio strategy the investment committee could trust.

The real risk was not lack of interest. It was fragmented action.

Across the portfolio, the firm faced four issues:

- AI investments were being made without a shared value-creation framework
- Readiness varied widely by company, with no common view of data maturity, governance, or role clarity
- Duplicate experimentation was increasing cost and slowing learning
- Leadership wanted measurable ROI, but most proposals were heavy on vision and light on execution accountability

This is where many firms get stuck. They do not need another AI trend deck. They need a way to decide what to fund, what to stop, who owns what, and how value will be measured in the first 30, 60, and 90 days.

## Approach

Synozur led an advisory sprint designed for portfolio-level clarity, not one-off pilot enthusiasm.

Our role was to help the firm move from scattered ambition to an AI-first operating model that could guide diligence, value creation, and post-close execution. We did that with a human-centered process, clear governance, and practical milestones.

### 1. Built a portfolio-wide view of AI readiness

We assessed each company against the basics that determine whether AI work has a real chance of sticking:

- business priority alignment
- data readiness
- governance and risk posture
- leadership sponsorship
- role clarity
- change readiness

This made it easier to separate real opportunities from expensive distractions.

### 2. Identified duplicated spend and conflicting bets

We mapped current pilots, vendor activity, internal experiments, and planned use cases across the portfolio.

That surfaced where different companies were solving similar problems in isolation, where tools overlapped, and where spending had outpaced business case discipline.

### 3. Prioritized use cases by value and feasibility

Instead of asking teams to “do more AI,” we helped the firm rank opportunities by:

- likely business impact
- time to value
- execution complexity
- data dependency
- governance requirements
- cross-portfolio repeatability

This gave investment leaders a cleaner line of sight into which pilots deserved support now, which needed more readiness work, and which should be paused.

### 4. Defined a 30/60/90 value roadmap

We translated the strategy into a milestone-based roadmap the firm could use with portfolio leadership.

The roadmap focused on practical progress:

- **30 days:** establish North Star use cases, decision rights, risk guardrails, and pilot ownership
- **60 days:** launch prioritized pilots, align operating cadence, and set review mechanisms
- **90 days:** evaluate early results, refine the operating model, and decide what scales across the portfolio

This matters because advisory work only earns its keep when it creates execution momentum. We are clear about that. Synozur owns the strategic design, governance logic, value roadmap, and leadership alignment. Where implementation support is needed, we help clients structure the handoff and stay accountable to outcomes.

### 5. Applied human review to every artifact

We use AI in our own work every day, but nothing goes to a client without human review.

Our operating guardrails are simple and publishable: **ASK → REVIEW → EDIT → REPEAT.**

That helped the client move quickly without creating AI slop, governance confusion, or false confidence.

## Results

Because this is a public-facing case study, we are keeping company details confidential. What we can share is the shape of the outcomes.

### Governance clarity replaced pilot sprawl

The firm left with a clearer view of where AI decisions belonged, what needed centralized oversight, and what could remain company-specific. That reduced ambiguity for both investment leaders and operating teams.

### Duplicate experimentation became visible

By mapping activity across the portfolio, the client could see where similar use cases were being tested in parallel, where vendors overlapped, and where portfolio-wide learning could replace isolated trial and error.

### Pilot prioritization improved

The investment team had a practical way to compare opportunities across companies, not just a stack of disconnected requests. That made it easier to support high-confidence pilots and pause work that lacked readiness or a business case.

### Execution accountability got stronger

Instead of ending with a generic roadmap, the work produced a 30/60/90 structure the client could use to track ownership, decision points, and value realization milestones.

### The conversation shifted from AI enthusiasm to operating discipline

That is usually the turning point.

Once a portfolio has a shared framework for readiness, governance, and measurable action, AI stops being a collection of experiments and starts becoming part of how the firm creates value.

## Why this mattered to the investment committee

For the committee, the value was not another set of AI ideas.

It was a clearer answer to four practical questions:

- Where are we overinvesting without coordination?
- Which pilots have the fastest path to measurable value?
- What governance needs to be in place before we scale?
- How do we hold leaders accountable in the first 90 days?

That is the difference between funding AI activity and funding AI value creation.

## CTA

If you need evidence before bringing an AI advisory sprint to the investment committee, request the full case study and book a portfolio AI readiness review today.",,,,,active,f,116500d0-357e-4ace-a7af-7264ed58e22a,2026-06-11 00:25:47.588513,2026-06-11 00:25:47.588513,,,none,,,case_study,,,,,,,,,,,,f,,,,,,,,,
88203799-55f5-443b-bd99-15df480927e5,chrismcnulty.net,08610095-ef99-4205-b5ae-13264021a471,Deception 2026 | Chris McNulty,"I used aerial cameras for this, flying in from several miles away over Deception Pass at the North tip of Whidbey Island, Washington. I was thrilled to turn the camera down and capture the 1935 bridge that floats almost two hundred feet above a silvery spring afternoon.",https://www.chrismcnulty.net/product-page/deception-2026,"I used aerial cameras for this, flying in from several miles away over Deception Pass at the North tip of Whidbey Island, Washington. I was thrilled to turn the camera down and capture the 1935 bridge that floats almost two hundred feet above a silvery spring afternoon.Deception 2026$99.00PriceSize*SelectQuantity*Add to CartOrderingThis image is printed on ChromaLuxe gloss white aluminum. Fabrication and shipping takes 10-14 days. Shipping is included.",,,,47d172b4-61aa-4c10-824b-38335bd8da52,active,f,116500d0-357e-4ace-a7af-7264ed58e22a,2026-06-11 00:43:05.549318,2026-06-11 00:43:05.549318,"Some places don’t look real until you see them from the angle most of us never get. Nearly 200 feet above a silvery spring afternoon, Deception Pass becomes more than a bridge—it turns into a study in scale, stillness, and the quiet tension between engineering and landscape.

What makes a scene like this stay with you is not just the height or the sweep of the view. It’s the shift in perspective: the moment familiar geography becomes something almost dreamlike, and you notice how light, structure, and water can hold an entire story in one frame.

That’s the kind of image that keeps rewarding a second look. It invites you to slow down, take in the details, and experience a place not as a landmark to check off, but as a moment suspended in time.","https://static.wixstatic.com/media/b805ce_b43d3856ff804795b65f1b77ec538532~mv2.jpg/v1/fit/w_500,h_500,q_90/file.jpg",extracted,,,other,,,,,,,,,,,,f,,,,,,,,,
fe0dc4cb-2a7f-4270-b1f8-c1aabb7d4b69,chrismcnulty.net,08610095-ef99-4205-b5ae-13264021a471,Wharf 2026 | Chris McNulty,"Aerial photography allows you to “rehearse” a route once and then use autopilot to repeat the circle. Of all the angles, I love seeing the 1905 Coupeville Town Wharf in front of the town it symbolizes. And for my friends back in New England, this is Whidbey Island, Washington, not Maine.",https://www.chrismcnulty.net/product-page/wharf-2026,"Aerial photography allows you to “rehearse” a route once and then use autopilot to repeat the circle. Of all the angles, I love seeing the 1905 Coupeville Town Wharf in front of the town it symbolizes. And for my friends back in New England, this is Whidbey Island, Washington, not Maine.Wharf 2026$99.00PriceSize*SelectQuantity*Add to CartOrderingThis image is printed on ChromaLuxe gloss white aluminum. Fabrication and shipping takes 10-14 days. Shipping is included.",,,,47d172b4-61aa-4c10-824b-38335bd8da52,active,f,116500d0-357e-4ace-a7af-7264ed58e22a,2026-06-11 00:42:22.423372,2026-06-11 00:43:47.178,"The right point of view can turn a familiar place into something you see for the first time.

From above, this wharf becomes more than a landmark—it becomes the organizing line between town, water, memory, and movement. That shift is the value of perspective: when you step back, patterns emerge, and a place starts telling a fuller story than it can from ground level.

What stands out here isn’t spectacle. It’s the quiet clarity of structure, season, and setting working together—proof that some of the most powerful images don’t chase drama; they reveal meaning that was already there.","https://static.wixstatic.com/media/b805ce_00f2ce63450441ba91c67dd31b4fb35d~mv2.jpg/v1/fit/w_500,h_500,q_90/file.jpg",extracted,,,other,,,,,,,,,,,,f,,,,,,,,,
4d920cc9-39e0-4a08-bca2-6521f2178645,chrismcnulty.net,08610095-ef99-4205-b5ae-13264021a471,Now Showing: New Work at Beaumont Cellars in Woodinville,"I'm honored to share that my photography is on exhibit all month at Beaumont Cellars in Woodinville, thanks to the wonderful folks at the Woodinville Arts Alliance.This show features some of my newest work — images shot this spring in and around Whidbey Island. There's something about the light out there in the early season: the fog rolling off the water, the quiet shorelines, the way the landscape seems to hold its breath before summer. I tried to capture a bit of that stillness, and I'm excite",https://www.chrismcnulty.net/post/now-showing-new-work-at-beaumont-cellars-in-woodinville,"I'm honored to share that my photography is on exhibit all month at Beaumont Cellars in Woodinville, thanks to the wonderful folks at the Woodinville Arts Alliance.This show features some of my newest work — images shot this spring in and around Whidbey Island. There's something about the light out there in the early season: the fog rolling off the water, the quiet shorelines, the way the landscape seems to hold its breath before summer. I tried to capture a bit of that stillness, and I'm excited to finally see these pieces hanging on a wall instead of living on my hard drive.So here's my invitation: stop down, pour yourself a glass, and take a look. Beaumont Cellars makes it easy to slow down and enjoy good wine alongside the art, and I'd love for you to experience the work the way it was meant to be seen — up close and in person.Visit the exhibit 📍 Beaumont Cellars — 19151 144th Ave NE, Woodinville, WA 98072 🗓️ On display all month.A huge thank-you to the Woodinville Arts Alliance for making this possible and for everything they do to support local artists. Hope to see you there.— Chris",,,,ff7a2def-369d-42c1-9459-a820f621e44f,active,f,116500d0-357e-4ace-a7af-7264ed58e22a,2026-06-11 01:59:14.673849,2026-06-11 01:59:14.673849,"What if the most valuable thing in a room full of noise is a little more stillness? The best spaces don’t just show us something beautiful — they give us permission to pause, notice more, and reconnect with what we’ve been moving too fast to see.

That’s the feeling behind this month’s photography exhibit in Woodinville: quiet shorelines, spring light, fog lifting off the water, and landscapes that seem to hold their breath before summer. These images were made to be experienced up close, where texture, scale, and mood can do the work a screen never quite can.

If you’ve been craving a slower moment, this is your invitation: stop in at Beaumont Cellars, pour a glass, and spend a little time with the work in person. I’m grateful to the Woodinville Arts Alliance for helping make space for local artists — and I’d love for you to see these pieces on the wall.","https://static.wixstatic.com/media/b805ce_120ec879f5c44bf7955d107c3ab879fc~mv2.jpg/v1/fill/w_1000,h_592,al_c,q_85,usm_0.66_1.00_0.01/b805ce_120ec879f5c44bf7955d107c3ab879fc~mv2.jpg",extracted,,,other,,,,,,,,,,,,f,,,,,,,,,
189ef7c9-6a8e-41f2-9bbf-16d3259daa72,synozur.com,137db123-4906-4e61-af99-f0d23d86a622,Summer of Copilot II - Episode 1 - Even More Copilot!,"A reflective digest of May to June 2026 posts on AI economics, governance, adoption, and the operating discipline behind real transformation.",,"From May 1 to June 25, a few themes kept coming up in my posts: AI economics, governance, and the gap between demos and real operating change. The thread through all of them was pretty simple. Most organizations do not have an AI model problem. They have a discipline problem.

**Copilot economics got real**

A lot of the recent conversation centered on Copilot Cowork, and for good reason. Once usage-based billing arrived, the familiar comfort of a per-seat model gave way to something more operational: model choice, runtime, retrieval, and automations now shape the bill.

My main point was contrarian, but practical. Most companies should spend less time panicking about the next AI charge and more time using the seat they already bought. Underused licenses, ungoverned metered services, and untrained users are a bad combination. Scheduled automations are the hidden cost driver, and if you miss that, your real adoption cost can land well above the tidy estimate in a spreadsheet.

**Governance is not the brake, it is the steering wheel**

Another recurring theme was governance, especially as AI tools get more capable and more embedded in day-to-day work. I wrote about Work IQ, private equity readiness, and the basic questions too many teams still cannot answer: what data does this touch, who owns the output, and how would we defend it under scrutiny.

That is why I keep coming back to the same framing. Speed without control is not speed. It is exposure. The strongest AI programs do not bolt governance on later. They define spending caps, permission models, auditability, and human accountability before scale makes the mess expensive.

**The shift from assistant to worker is here**

One of the most important product shifts this period was easy to miss. Cowork tasks can keep running after you close the laptop. That sounds small. It is not.

That is the line between an assistant and a worker. An assistant helps while you are present. A worker takes on the task and finishes it. For leaders trying to find the first serious AI use case, that is the better starting point than any flashy demo. Look for work that still requires a human to babysit a process. That is where the value gets concrete.

**Most pilots fail for boring reasons**

I also spent time on the less glamorous side of AI transformation, because that is usually where the truth is. MIT's number still holds: most generative AI pilots never make it past the demo. In my experience, that is rarely because the model was not good enough.

The pilots that scale tend to do three plain things well. They rank use cases based on real documents and workflows, not stagecraft. They put governance in place before expansion. And they assign a human owner to every AI output. Transformation is usually won by operating discipline, not novelty.

**Grounded AI beats slop**

The marketing posts fit the same pattern. I shared work on a closed-loop marketing operating system built inside Microsoft 365, and a smaller example that turns Excel workbooks into branded HTML dashboards. Different use cases, same idea.

AI is useful when it works from your real data, your brand, your proof points, and your guardrails. That is how you get scale without sounding generic. AI can accelerate the work. Experts still decide. Nothing client-facing should leave the building without review.

**A few human moments mattered too**

Not everything was about AI architecture and cost models. I shared a Father’s Day post about my dad, some photography news in Woodinville, and a few notes from being on the road at events like TechCon365. I am glad those posts were in the mix.

They are a useful reminder that even in a feed full of automation, models, and governance, people still respond to actual people. That applies to leadership too. The best transformation work is still human-centered, even when the tools are increasingly AI-native.

If you have been following these topics, thanks for reading along. If your team is trying to move from AI-ready to AI-enabled to AI-first, connect with me here on LinkedIn. That is the conversation worth having.",,,,,active,f,116500d0-357e-4ace-a7af-7264ed58e22a,2026-06-25 23:49:03.234199,2026-06-25 23:51:35.472,,/public-objects/conference-images/e7710c63-564d-46f7-a845-f9dbd54e47aa.png,none,,,other,,,,,,,,Summer of Copilot II - Episode 1 - Even More Copilot!,A return to our summer newsletter focused on the world in and around Copilot.,,,f,,,,,,,,,
291affe4-e7bb-45e3-9ce8-6e5a12a25a48,synozur.com,137db123-4906-4e61-af99-f0d23d86a622,Training is not transformation: how to embed AI into daily decision rhythms,"A webinar plan for CEOs on why AI training stalls, and how to drive adoption through changed workflows, decision rights, and operating rhythms.",,"## Part 1 — Webinar Overview

### Registration-page title
**Training is not transformation: how to embed AI into daily decision rhythms**

### Abstract
Your team may know more about AI than they did 90 days ago, and still be making decisions the exact same way.

That is the gap most AI programs miss. Training can raise awareness, but it rarely changes operating rhythms, decision rights, or accountability. For a scaling CEO, that means more activity without better execution, faster reporting without faster decisions, and AI spend without measurable business impact.

In this webinar, Synozur will show how leaders move from AI curiosity to AI-first execution. We will break down why training-first programs stall, what has to change inside leadership routines and workflows, and how to build adoption that actually sticks. You will leave with a practical way to assess whether your AI effort is changing behavior, or just increasing awareness.

### Audience takeaways
- Why AI training alone rarely produces adoption, accountability, or ROI
- The operating model shifts required to move from AI-ready to AI-enabled to AI-first
- How to embed AI into leadership meetings, decision workflows, and follow-through rhythms
- A practical assessment CEOs can use to spot whether AI is changing behavior or staying theoretical

### Suggested duration and run-of-show
- 5 min, welcome and framing
- 10 min, why training stalls
- 15 min, the decision-rhythm framework
- 10 min, example walkthrough
- 15 min, CEO self-assessment and next steps
- 5 min, Q&A

### CTA attendees should leave with
Assess whether your current AI effort is changing behavior, decision speed, and accountability, or simply making the organization more aware of AI. If it is the latter, book an AI operating model assessment.

## Part 2 — Presentation Deck Outline

### Slide 1. Title slide
- Training is not transformation: how to embed AI into daily decision rhythms
- For scaling midmarket CEOs under pressure to modernize without creating chaos
- Synozur

**Speaker note:** Set the tone early, this session is about behavior change and operating model design, not AI theater.

---

### Slide 2. Agenda
- Why most AI training programs stall
- What actually drives adoption beyond training
- A practical framework for embedding AI into decision rhythms
- CEO self-assessment and next steps

**Speaker note:** Let attendees know this will be practical, specific, and tied to execution.

---

### Slide 3. Why now: the cost of AI awareness without behavior change
- Many companies have started AI training, but few have changed how leaders make decisions
- Teams attend workshops, experiment with tools, and then return to the same meetings and workflows
- The result is scattered ambition, unclear ownership, and weak ROI
- For scaling companies, delay compounds operational drag and competitive risk

[GRAPHIC: split-screen visual showing “AI awareness” on one side and “AI-changed operating model” on the other]

**Speaker note:** Name the pain clearly, more AI activity does not equal better company performance.

---

### Slide 4. What CEOs are seeing on the ground
- Leadership meetings still end without clear decisions or owners
- Teams use AI ad hoc, with no shared standards, governance, or workflow design
- Pilots live in pockets and never become operating habits
- Growth has outpaced startup-era processes, and AI is being layered onto a weak system

**Speaker note:** Reflect the CEO’s lived reality so the framework feels earned, not abstract.

---

### Slide 5. Training is necessary, but insufficient
- Training helps people understand what AI can do
- Transformation requires changing when AI is used, by whom, for which decisions
- Adoption sticks when workflows, decision rights, and accountability all change together
- AI literacy is the starting line, not the finish line

**Speaker note:** Do not dismiss training, reposition it as one input in a larger transformation.

---

### Slide 6. The three reasons training-first programs fail
- No workflow redesign, people learn tools but keep old ways of working
- No decision-right clarity, teams do not know where AI informs versus where leaders decide
- No operating cadence change, leadership routines never incorporate AI outputs into real decisions

[GRAPHIC: three-column diagram, training, workflow, cadence, with “stalls here” under training-only]

**Speaker note:** Give attendees a simple diagnostic they can recognize immediately.

---

### Slide 7. The shift: from AI-ready to AI-enabled to AI-first
- AI-ready, basic literacy, initial use cases, early guardrails
- AI-enabled, repeatable use in defined workflows, human-reviewed outputs, clearer ownership
- AI-first, leadership rhythms, operating model, and priorities are designed with AI built in
- Progression matters, skipping stages creates noise, not value

[GRAPHIC: maturity ladder labeled AI-ready → AI-enabled → AI-first]

**Speaker note:** Introduce the ladder as a practical path, not a buzzword maturity model.

---

### Slide 8. The Synozur view: AI accelerates, experts decide
- AI should improve speed, throughput, and visibility
- Human judgment remains accountable for decisions, risk, and client-facing outcomes
- Nothing important should move forward without review
- A simple discipline helps, ask → review → edit → repeat

**Speaker note:** Reinforce the human-centered stance, this is not about replacing leadership judgment.

---

### Slide 9. The operating model elements that change adoption
- Decision rhythms, where AI inputs show up in weekly, monthly, and quarterly management routines
- Role clarity, who prepares AI-informed analysis, who reviews it, who decides
- Workflow design, where AI removes drag in preparation, analysis, and follow-through
- Governance, what gets documented, reviewed, escalated, and improved over time

[GRAPHIC: four-part operating model wheel]

**Speaker note:** Move the conversation from tool usage to management system design.

---

### Slide 10. Embedding AI into daily decision rhythms
- Before meetings, AI helps synthesize inputs, surface patterns, and draft issue summaries
- During meetings, teams use structured AI-informed briefs instead of scattered updates
- After meetings, AI supports action capture, follow-up tracking, and signal monitoring
- The point is not more content, it is faster, cleaner decisions with clearer accountability

**Speaker note:** Make this concrete, show where AI belongs inside the actual management cadence.

---

### Slide 11. Example: the weekly leadership meeting redesign
- Old rhythm, status updates, uneven preparation, slow decisions, weak follow-through
- New rhythm, pre-read synthesis, decision memos, flagged risks, documented owners and timelines
- AI supports preparation and clarity, leaders still decide tradeoffs and priorities
- Success metric examples, decision cycle time, follow-through rate, time spent on status reporting

[GRAPHIC: before-and-after meeting flow]

**Speaker note:** Use a familiar operating moment so the audience can picture immediate application.

---

### Slide 12. What measurable adoption actually looks like
- Fewer meetings spent gathering facts, more meetings spent making decisions
- Reduced cycle time from issue identification to owner assignment
- Higher follow-through on priorities and clearer accountability
- Visible use of AI in defined workflows, not scattered experimentation

**Speaker note:** Tie adoption to business signals a CEO already cares about.

---

### Slide 13. Demo or example placeholder
- Walkthrough of an AI-informed decision brief for a weekly executive meeting
- Example of how a raw update becomes a structured decision document
- Show where human review happens before anything is shared
- Map each step to role ownership and meeting cadence

[GRAPHIC: sample decision brief mockup]

**Speaker note:** Keep the example practical and disciplined, no flashy product theater.

---

### Slide 14. CEO self-assessment: is your AI effort changing behavior?
- Are your leadership routines different today than they were before AI training started
- Can you point to 3 decisions or workflows that now run differently because of AI
- Do you have defined owners, review points, and guardrails for AI-supported work
- Are you measuring speed, accountability, and business impact, not just participation

**Speaker note:** Give the audience a blunt but useful mirror.

---

### Slide 15. Common traps to avoid
- Celebrating training completion as if it were adoption
- Running disconnected pilots without operating model changes
- Treating AI as a side project instead of a leadership system decision
- Assuming tools alone will fix execution problems

**Speaker note:** Keep this grounded, most stalled efforts fail for operational reasons, not technical ones.

---

### Slide 16. Recap
- Training builds awareness, transformation changes behavior
- AI adoption beyond training requires workflow redesign, decision-right clarity, and operating cadence changes
- The goal is measurable improvement in decision speed, follow-through, and business outcomes
- AI-first happens when new behaviors become normal operating practice

**Speaker note:** Summarize the argument in language a CEO can repeat to their team.

---

### Slide 17. Closing CTA
- Assess whether your AI effort is changing behavior or just increasing awareness
- If your meetings, workflows, and accountability rhythms have not changed, your AI program has not transformed the business
- Synozur helps leadership teams define the North Star, redesign the operating model, and build adoption that sticks
- Book an AI operating model assessment

**Speaker note:** End with a direct next step tied to the exact problem discussed.",,,,,active,f,116500d0-357e-4ace-a7af-7264ed58e22a,2026-06-12 15:10:48.314973,2026-06-12 15:10:48.314973,,,none,,,other,,,,,,,,,,,,f,,,,,f618eeb0-960d-48f1-b47e-450892a3539e,,,,
477fdf37-7683-4e70-a18d-16b90315ef56,synozur.com,137db123-4906-4e61-af99-f0d23d86a622,From AI pilot graveyard to AI Lab: the operating model for sustained value,"Webinar plan for retail CIOs on building an AI Lab operating model that turns stalled pilots into measurable, repeatable production value.",,"## Part 1 — Webinar Overview

### Registration-page title
**From AI pilot graveyard to AI Lab: the operating model for sustained value**

### Abstract
AI pressure is real in retail. So is the frustration. Many midmarket retail teams are running isolated pilots, testing point tools, and fielding board questions about ROI, but they still lack a repeatable way to move from experimentation to production. This webinar shows what an AI Lab operating model actually looks like when it is built for a real business, not a demo environment. We will walk through the structure, governance, roles, workflows, and measurement system that help retail CIOs turn scattered AI efforts into a practical pipeline of use cases tied to forecasting, labor efficiency, inventory performance, and faster decisions. The focus is not more AI hype. It is a human-centered operating model that helps your team move from AI-ready to AI-enabled, then to AI-first, with adoption and accountability built in.

### Audience takeaways
- How to diagnose why AI pilots stall, including gaps in governance, decision rights, data readiness, and business ownership
- What an AI Lab operating model includes, from intake and prioritization to human review, rollout, and value tracking
- How to connect retail AI use cases to measurable outcomes like forecast accuracy, labor efficiency, cycle time, and adoption
- How to build momentum with a practical ladder, AI-ready to AI-enabled to AI-first, without overwhelming a lean IT team

### Suggested duration and run-of-show
- 5 min welcome and context
- 10 min why pilots stall in retail
- 20 min the AI Lab operating model
- 10 min example walkthrough
- 10 min Q&A
- 5 min closing CTA

### CTA attendees should leave with
See how an AI Lab can turn isolated pilots into a repeatable path to production.

---

## Part 2 — Presentation Deck Outline

### Slide 1. Title slide
- From AI pilot graveyard to AI Lab: the operating model for sustained value
- Built for midmarket retail CIOs facing AI pressure, lean teams, and fragmented data
- Synozur

**Speaker note:** Set the tone, practical, calm, and focused on how to build a repeatable operating model, not chase tools.

### Slide 2. Agenda
- Why AI pilots stall
- What an AI Lab operating model is
- The core components, governance, roles, workflow, measurement
- Retail example walkthrough
- Recap and next step

**Speaker note:** Show attendees exactly where the session is going and keep the promise tight.

### Slide 3. Why now: retail has no shortage of AI ideas, only a shortage of operating discipline
- CEO and board pressure is rising faster than internal readiness
- Data sits across ecommerce, POS, inventory, merchandising, and customer systems
- Lean IT teams are being asked to drive strategy, risk review, and pilots at the same time
- Most organizations have pilots, few have a repeatable path to production

**Speaker note:** Name the pressure clearly so retail CIOs feel seen, not judged.

### Slide 4. The pilot graveyard problem
- Use cases get approved because they sound promising, not because they have clear business ownership
- Teams test tools before they define workflow change, governance, or success metrics
- Security, privacy, and data questions arrive late and slow everything down
- Good experiments die because no one designed the path from pilot to scale

[GRAPHIC: simple “graveyard” funnel showing many ideas entering, few reaching production]

**Speaker note:** Explain that failure usually comes from the operating model, not a lack of ambition.

### Slide 5. What stalled pilots usually have in common
- No clear intake and prioritization process
- No defined decision rights between IT, operations, finance, and business leaders
- No publishable guardrails for AI use, review, and human accountability
- No value realization plan tied to 30, 60, and 90-day milestones

**Speaker note:** Make the diagnosis concrete and specific enough that attendees can recognize themselves.

### Slide 6. What an AI Lab is, and what it is not
- It is an operating model for moving ideas to measurable business outcomes
- It is not a tech sandbox, innovation theater, or a pile of disconnected pilots
- It combines governance, workflows, data readiness, change adoption, and business measurement
- AI accelerates, experts decide

**Speaker note:** Differentiate the AI Lab from vendor demos and tool-first experimentation.

### Slide 7. The AI Lab maturity ladder
- AI-ready, assess data, risk, use cases, and team readiness
- AI-enabled, launch controlled pilots with defined owners and review loops
- AI-first, embed AI into operating rhythms, roles, governance, and KPIs
- Progression matters more than speed alone

[GRAPHIC: ladder or staged maturity model from AI-ready to AI-enabled to AI-first]

**Speaker note:** Show a path that feels practical for teams that are behind or stretched.

### Slide 8. The operating model: five parts that make the lab work
- Intake, how ideas enter and how problems are framed
- Prioritization, what gets funded based on value, feasibility, and risk
- Delivery, how pilots are designed, reviewed, and launched
- Adoption, how teams are trained and workflows actually change
- Measurement, how value is tracked after launch

[GRAPHIC: circular operating model with five connected stages]

**Speaker note:** Introduce the system before drilling into each component.

### Slide 9. Governance: the missing layer in most AI programs
- Define who approves use cases, data access, model use, and production release
- Set review checkpoints for privacy, security, compliance, and business readiness
- Publish practical guardrails your teams can actually use
- Nothing goes live without human review

**Speaker note:** Emphasize that governance is what creates speed later, not bureaucracy now.

### Slide 10. Roles and decision rights
- CIO owns the operating model and cross-functional alignment
- Business leaders own problem definition, workflow impact, and adoption targets
- Data and security leads review feasibility and exposure early
- Finance helps define outcome metrics before pilot launch

[GRAPHIC: RACI-style grid for key AI Lab decisions]

**Speaker note:** Clarify that AI Labs fail when ownership stays vague.

### Slide 11. Workflow design: ASK → REVIEW → EDIT → REPEAT
- ASK, structure the prompt, business objective, and expected output
- REVIEW, expert checks for quality, risk, and relevance
- EDIT, refine outputs for the workflow and end user
- REPEAT, improve based on adoption and outcome data

**Speaker note:** Share a simple, publishable discipline that keeps AI useful and safe.

### Slide 12. Measurement: what to track before you call a pilot a success
- Business metric, forecast accuracy, labor hours saved, stockout reduction, cycle time
- Adoption metric, user participation, repeat usage, workflow compliance
- Risk metric, exception rate, privacy issues, manual override frequency
- Time metric, time to decision, time to launch, time to value

**Speaker note:** Push beyond vague ROI language and show how to measure what matters.

### Slide 13. Retail use cases that fit an AI Lab model
- Demand forecasting support tied to inventory and markdown decisions
- Labor scheduling assistance tied to store traffic and margin realities
- Merchandising and pricing analysis with human review before action
- Internal knowledge assistants for store ops, support, and policy access

**Speaker note:** Ground the model in familiar retail workflows, not abstract AI categories.

### Slide 14. Example walkthrough: from idea to production
- Example use case placeholder, forecast support for replenishment planning
- Stage 1, define business owner, baseline metric, and data dependencies
- Stage 2, run controlled pilot with review checkpoints and workflow changes
- Stage 3, scale only after adoption, quality, and value thresholds are met

[GRAPHIC: end-to-end journey map from idea, pilot, review, rollout, measurement]

**Speaker note:** Use a realistic example to make the operating model feel implementable.

### Slide 15. Demo or example placeholder
- Placeholder for sample AI Lab intake form
- Placeholder for prioritization scorecard
- Placeholder for 30, 60, 90-day value realization dashboard
- Placeholder for governance checklist

**Speaker note:** Give attendees a look at the artifacts that make this real inside a retail organization.

### Slide 16. Common mistakes to avoid
- Starting with tools instead of business problems
- Treating pilots as side projects with no workflow owner
- Waiting too long to involve security, privacy, or finance
- Measuring activity instead of value

**Speaker note:** Help the audience avoid the patterns that create another pilot graveyard.

### Slide 17. Recap
- AI pilots stall when there is no operating model behind them
- An AI Lab creates the structure to move from pilot to production
- The key components are governance, roles, workflow design, adoption, and measurement
- The goal is sustained value, not more experimentation

**Speaker note:** Tighten the session into a few practical truths attendees can repeat internally.

### Slide 18. Closing CTA
- See how an AI Lab can turn isolated pilots into a repeatable path to production
- Book an AI Lab working session with Synozur
- We will map your current pilots, identify bottlenecks, and outline the operating model needed to scale responsibly

**Speaker note:** End with a concrete next step tied directly to the problem discussed.",,,,,active,f,116500d0-357e-4ace-a7af-7264ed58e22a,2026-06-12 15:10:12.166834,2026-06-12 15:10:12.166834,,,none,,,other,,,,,,,,,,,,f,,,,,531fa94b-636b-40d5-b124-bf4cab73f17b,,,,
0aff971a-70c3-4e16-925b-dd527f02b630,synozur.com,137db123-4906-4e61-af99-f0d23d86a622,Everyone Has AI Access. Almost Nobody Can Prove It Works.,"At TechCon 365, 18 leaders self-scored their organizations on our 2026 AI Adoption and Governance model. The average landed at 257 of 500 (Managed), and nobody reached the next tier. Access to chat tools scored highest (367), yet autonomous agents (206), ROI tracking, and token-spend control lagged: a 161-point access-action gap. Governance leans on published policy, not people (13 of 18 rely on IT help desk). Access is solved; proving value isn't.",https://www.synozur.com/post/everyone-has-ai-access-almost-nobody-can-prove-it-works,"What 18 leaders at TechCon 365 told us about the real state of AI maturity. We ran our new 2026 AI Adoption and Governance maturity model with the room at TechCon 365 Chicago this week (you can try it here - 2026 AI Adoption & Governance).Eighteen leaders graded their own organizations, fast, across three things: the tools their people can reach, the governance steering how those tools get used, and the economic oversight that proves any of it pays off.The average organization landed at 257 out of 500. That is “Managed.” Repeatable at the team level, not yet run with data. And not one respondent reached the next tier up. In a room full of motivated, AI-forward people, nobody could yet say they manage AI by the numbers instead of by instinct.Access is solved. Action isn’t.The highest-scoring question, by a wide margin, was access to AI chat tools. Half the room has universal, IT-managed access. Copilot, ChatGPT, Gemini, Claude, provisioned like any other part of the kit. That is real progress, and it is worth saying out loud.Then the scores fall off a cliff. Ask about the autonomous, agentic tools that actually compress work, the research agents, the coding agents, the long-running assistants, and seven of eighteen use none at all. Only two have them running in production. The gap between “we have chat” and “we put agents to work” was 161 points.The chat box is the on-ramp. It is not the destination. Most organizations parked on the on-ramp and called it a strategy.The harder question: is it working?For most of the room, the honest answer is - we don’t know. Eight of eighteen do not measure the ROI of AI at all. A few more rely on what one of our answer choices called, bluntly, “ad hoc storytelling.” A good anecdote in a status meeting. Only two measure revenue impact.Cost tells the same story. License spend gets tracked, because it is a tidy line item. The moment spend goes variable, (hello Cowork!) the pay-as-you-go consumption that every agent runs on, visibility disappears. Eight of eighteen described their token spend as uncontrolled. That is a problem you can ignore this quarter and cannot ignore next year, because variable spend is the part of the bill that grows.Policy on paper, muscle in practiceGovernance was the strongest dimension overall. Look closer and one thing is carrying it: a published acceptable-use policy. Most organizations wrote down the rules. Far fewer built the people structure that turns rules into capability.Thirteen of eighteen named IT and the help desk as their main AI support model. Two had a Center of Excellence. Three were running real training or an AI academy. Four had a cross-functional steering committee. A help desk can reset your password. It cannot teach your finance team to rebuild the monthly close around an agent.What I would do MondayThe pattern across all eighteen is clear. It’s fixable.Maturity is no longer gated by access. Access is mostly won. It is gated by operating muscle. Three moves, in order:M",,,,de9f9358-81f0-47ea-8c20-41d57a2ca5f4,active,f,116500d0-357e-4ace-a7af-7264ed58e22a,2026-06-20 15:57:26.350985,2026-06-20 15:57:26.350985,"Everyone has AI access. Almost nobody can prove it works.

In a room of 18 AI-forward leaders, the average maturity score landed at 257 out of 500, and not one organization reached the next tier. Access to chat tools scored highest, but the real value drivers—agents, ROI tracking, and cost control—lagged badly, exposing a 161-point gap between having AI available and putting it to work in a measurable way.

That gap matters because access is not a strategy. If your teams can open Copilot, ChatGPT, Gemini, or Claude but you can’t show where time was saved, where revenue moved, or how token spend is being managed, you’re still operating on instinct instead of evidence.

The practical takeaway is simple: stop treating AI rollout as a license problem and start treating it as an operating model problem. The next step is not more tool access—it’s better governance, clearer ownership, stronger training, and metrics that connect usage to business outcomes.","https://static.wixstatic.com/media/b805ce_21401388f82743c0bd6e34db43e86d6b~mv2.jpg/v1/fill/w_1000,h_477,al_c,q_85,usm_0.66_1.00_0.01/b805ce_21401388f82743c0bd6e34db43e86d6b~mv2.jpg",extracted,{b52269af-cb22-4a15-88ad-69c97a7538a4},"{""topics"": [""AI & Machine Learning""], ""seasons"": []}",blog_post,,,,,,,,,,,,f,,,,,,,,,
26350af7-4ec1-4ea4-9e0f-a2d0deb994f8,synozur.com,137db123-4906-4e61-af99-f0d23d86a622,Your AI strategy has a single point of failure,"AI model availability risk is now a leadership issue. Build an AI roadmap that survives provider, policy, and model changes.",,"The most fragile part of many AI strategies is the part leaders talk about the least: what happens if the model you picked changes, disappears, gets restricted, or no longer fits the job.

That used to sound like a technical edge case. It does not anymore.

As model providers move fast, regulators catch up, and enterprise access paths get more complicated, AI model availability risk has become a real executive issue. For a midmarket retail CIO, that matters because your team is already stretched. You do not have room for a roadmap that breaks every time the market does.

The problem is not that a provider might change terms, slow access, or face regulatory scrutiny. The problem is building an AI plan that assumes none of that will happen. That assumption sounds small. It isn't.

**Most AI roadmaps are optimized for excitement, not resilience**

A lot of AI planning still starts with the demo. A model looks strong in testing. A vendor has momentum. The board has heard the name. Internal stakeholders want to move.

So the roadmap forms around that one path.

In retail, this shows up quickly. A team wants better demand forecasting, faster product content creation, store labor planning, customer service support, or merchandising analysis. They choose a toolchain tied tightly to one model provider, one cloud path, or one approval flow. It feels efficient. In the short term, it is.

Until it is not.

If access changes, pricing moves, compliance concerns surface, or the model no longer performs well for the use case, the entire plan slows down. Pilots stall. Business sponsors lose confidence. The IT team gets blamed for ""AI not delivering,"" when the real issue was brittle design.

That is the core of AI model availability risk. It is not only about outages. It is about dependency.

Dependency on one provider.
Dependency on one model family.
Dependency on one legal or policy outcome.
Dependency on one internal champion to keep the work moving.

If your roadmap depends on any one of those, it needs work.

**Availability is now part of AI governance**

Executives often hear governance and think privacy, security, or acceptable use. Those matter. But availability belongs in the same conversation.

If a use case supports pricing decisions, inventory allocation, customer experience, or workforce planning, continuity matters as much as model quality. A capable model you cannot reliably access is not a business asset. It is a planning error.

That is the shift leaders need to make. Stop treating model selection as a one-time technology decision. Start treating it as part of operating-model design.

That means asking different questions:

Can this use case move between models if needed?

Have we separated business logic from model dependency, or fused them together?

Do we know which workflows break if a provider changes access, terms, or risk posture?

Are humans still reviewing outputs where the business impact is high?

Do we have clear fallback paths, or just hope?

This is where a lot of organizations get uncomfortable, because these are not procurement questions. They are leadership questions.

[VISUAL: simple diagram showing a retail AI workflow with three dependency layers, provider, model, and business process, then a second version with redundancy and human review built in]

**A resilient operating model beats a perfect model choice**

The wrong response to AI model availability risk is to freeze. The right response is to design for change.

In practice, that means building an AI-ready, then AI-enabled, then AI-first organization with resilience in mind from the beginning. Not every workflow needs multi-model complexity on day one. Not every use case needs a backup provider immediately. But every serious roadmap should know where the single points of failure are.

For a retail CIO, this usually comes down to a few practical design choices.

First, prioritize use cases by business value and replaceability. If a pilot supports internal brainstorming, the risk is lower. If it informs inventory buys or customer-facing decisions, the risk is higher.

Second, keep human judgment in the loop. AI accelerates, experts decide. That is not a slogan. It is a control mechanism. When output quality or model access shifts, human review keeps the business moving.

Third, design governance that includes substitution. If one model becomes unavailable, what changes operationally, technically, and financially? If the answer is ""everything,"" the architecture is too fragile.

Fourth, avoid tying your whole roadmap to platform theater. Big vendors will keep making big promises. Some will deliver. Some will change direction. Your job is not to predict every winner. Your job is to build a system that can survive normal market volatility.

A durable AI strategy is less about picking the single best model and more about building a business that can adapt when the model landscape moves. It will move.

**This is especially important in retail**

Retail organizations feel this risk earlier than many others because the operating environment is already volatile. Demand shifts fast. Margins are tight. Data lives across ecommerce, POS, inventory, merchandising, and customer systems. Teams are lean. Patience for expensive experiments is low.

That means every AI initiative carries a burden of proof.

If your forecasting pilot depends on one provider's current strengths, you need to know what happens if that strength fades. If your product content workflow depends on one model's output style, you need to know what happens if policy or pricing changes. If your customer operations roadmap depends on a vendor relationship that is still evolving, you need a second path.

This is not paranoia. It is operating discipline.

The calmest AI leaders right now are not the ones making the boldest predictions. They are the ones reducing avoidable fragility. They know that resilience creates speed. Teams move faster when they trust the ground under them.

That is the reframe. AI model availability risk is not a side topic for legal or architecture review. It is part of whether your roadmap can produce measurable value without constant rework.

**Pressure-test the roadmap before the market does it for you**

Most organizations do not need more AI ambition. They need better framing.

Before you approve the next pilot or expand the next use case, map the dependencies. Look for the points where one provider, one approval path, or one model staying available carries too much weight. Then decide where to add guardrails, fallback options, and human review.

Nothing goes to production on optimism alone.

If your AI roadmap has a single point of failure, fix that before you scale it. Pressure-test where your AI roadmap depends on one provider, one approval path, or one model staying available.",,,,,active,f,116500d0-357e-4ace-a7af-7264ed58e22a,2026-06-15 16:59:06.219306,2026-06-15 16:59:06.219306,,,none,,,blog_post,,,,,,,,"If your roadmap depends on one model, one provider, or one policy decision, you do not have an AI strategy, you have an availability risk.","Most AI roadmaps are built around capability, not continuity. That is the mistake. For CIOs under pressure to show value, AI model availability risk is now an operating issue, not a technical footnote. The safer path is a resilient, human-centered operating model that can absorb model changes, policy shifts, and vendor disruptions without stalling the business.","AI model availability risk, AI governance, retail CIO, AI strategy, operating model resilience",,f,,,,,ed549882-0994-4c58-ad0e-adf1a66b857b,,,,
67b191b3-a149-4dcb-ad2c-c0ace94f4fc4,synozur.com,137db123-4906-4e61-af99-f0d23d86a622,Polaris Podcast Outline: The 161-Point Gap Between AI Access and Real Adoption,A guest-review podcast outline on why AI access isn't transformation—and what it takes to move from experimentation to real adoption.,,"# Polaris Podcast Outline

**Guest:** Dana Whitaker, Operating Partner, North Peak Capital *(suggested)*  
**Episode Title:** The 161-Point Gap Between AI Access and Real Adoption  
**Prepared June 21, 2026**  ·  **Draft for guest review**

**Suggested topics**
- Why AI programs often stall between chat access and operational adoption
- The difference between experimentation with copilots and workflow redesign with agents
- What CEOs need beyond licenses: ownership, guardrails, training, and review cadence
- How PE-backed and scaling companies can move from AI-ready to AI-enabled to AI-first
- Why access is not transformation, and why measurable operating change matters

## Cold Open

From Synozur, this is Polaris. I'm Chris McNulty.

[GRAPHIC: Polaris title card with episode title and guest name]

A lot of companies can say they have AI access. They have licenses. They have copilots. They have a few good demos and a lot of internal curiosity.

But access is not adoption.

One of the most important signals in AI transformation right now is the gap between chat access and real agent adoption. In one data point that stuck with me, that gap was 161 points. And that is where strategy starts to break down.

Because once the excitement fades, leaders are left with harder questions. Which workflows actually change? Who owns the outcomes? What guardrails are in place? What gets reviewed? What gets measured? And what, exactly, improves in the business?

That is the difference between AI as experimentation and AI as operational change.

Today, we're talking about the bridge between AI-ready and AI-enabled, and why companies that confuse tool access for transformation risk standing still while the market moves around them.

This is Polaris.

## Intro

Welcome to Polaris Pathways. I'm your host, Chris McNulty, Chief Technology Officer at Synozur.

Synozur, the transformation company, reimagines business for our clients, navigating strategies and leadership culture with ease.

Today's guest is Dana Whitaker, Operating Partner at North Peak Capital. Dana works with growth-stage and private equity-backed companies on operating model design, leadership alignment, and transformation execution. Her work sits right at the intersection of board urgency, management reality, and the practical challenge of turning AI ambition into measurable business change. (Note: Guest bio is a placeholder pending confirmation and should be updated with final approved details.)

He'll join us in a few minutes, but first…

## Trends

Today's theme starts with a simple but important distinction: AI access is not the same thing as AI adoption.

A growing number of leadership teams can point to chatbot licenses, copilots, or internal experimentation. Far fewer can point to a redesigned workflow, a changed role, a governance model that actually holds, or a business metric that has moved as a result.

That is why the gap between chat access and real agent adoption matters. The source statistic driving today's conversation is a 161-point gap between those two states. We are using that figure here as the framing signal from the source material for this episode discussion. (Note: Add precise citation and context in show notes.)

A few definitions to anchor the conversation:

- **AI-ready** means the organization is exploring use cases, building awareness, and beginning to assess data, governance, and role readiness.
- **AI-enabled** means teams are using AI in practical ways, with initial workflows supported and early value becoming visible.
- **AI-first** means AI is embedded into how the company operates, with defined ownership, governance, review rhythms, and measurable business outcomes.

Just as important is the distinction between **copilots** and **agents**.

- **Copilots** often support individual productivity and experimentation.
- **Agents** imply more durable operational change: work gets routed differently, decisions move faster, handoffs change, and accountability becomes clearer.

That shift does not happen because a company bought more software. It happens because leadership makes clearer decisions about operating model design: owners, permissions, guardrails, training, and review cadence.

At Synozur, we often talk about a simple discipline for human-centered AI adoption: **ASK → REVIEW → EDIT → REPEAT.** AI accelerates; experts decide. Nothing goes to a client without human review, and no leader should feel embarrassed for not having it all figured out yet.

We'll include the reading list and references in the show notes. For now, let's bring Dana in.

## Topic of the Day — The 161-Point Gap Between AI Access and Real Adoption

### Introduction

Chris: Dana, welcome to Polaris. Great to have you here.

### Warm-up

**Question:** Where are you calling from today?  
**Suggested Answer:** I'm calling in from Chicago today, where I spend most of my time working with portfolio leaders and management teams on transformation priorities.

### Interview

**Question:** When you hear that there can be a 161-point gap between chat access and real agent adoption, what does that tell you right away?  
**Suggested Answer:** It tells me most organizations are not struggling with awareness. They're struggling with operationalization. They can get access into people's hands, but they have not yet changed the way work actually gets done.

**Question:** Why do so many leadership teams mistake AI access for AI transformation?  
**Suggested Answer:** Because access is visible and easy to report. You can count licenses and demos. Transformation is harder. It requires role clarity, workflow redesign, governance, training, and patience long enough to measure outcomes.

**Question:** For a CEO of a scaling or PE-backed company, where does that confusion become dangerous?  
**Suggested Answer:** It becomes dangerous when leadership assumes momentum is happening because enthusiasm is high. Meanwhile, the operating model is unchanged, accountability is fuzzy, and no one can tie AI activity to revenue, productivity, or decision speed.

**Question:** You work with leadership teams under pressure for measurable value. What are the first signs that a company is stuck between AI-ready and AI-enabled?  
**Suggested Answer:** Usually it's scattered pilots, no common prioritization model, unclear owners, and inconsistent governance. Everyone is interested, but no one is accountable for moving from experiment to repeatable business impact.

**Question:** What has to be in place before an AI agent can create real value inside a business process?  
**Suggested Answer:** You need a clearly defined workflow, a decision owner, guardrails, clean escalation paths, and a review rhythm. If those are missing, the technology may work, but the business won't trust or adopt it.

**Question:** How do you help leaders think about the difference between productivity gains for individuals and operating model change for the enterprise?  
**Suggested Answer:** Individual productivity is useful, but it is not the same as enterprise transformation. The bigger question is whether teams are making better decisions, reducing cycle time, improving throughput, or creating measurable economic value at scale.

**Question:** What role does governance play here, especially for firms worried about risk, compliance, or brand damage?  
**Suggested Answer:** Governance is what makes adoption sustainable. Without clear guardrails and review standards, teams either move too fast and create risk or slow down so much that nothing meaningful ships.

**Question:** Synozur often says, ""AI accelerates; experts decide."" Why is that principle still so important right now?  
**Suggested Answer:** Because leaders need confidence that human judgment remains in charge. AI can speed up analysis and execution, but accountability, context, and final decisions still belong to people.

**Question:** If a company listening today feels stuck, what is one practical move they can make in the next 30 days?  
**Suggested Answer:** Pick one high-value workflow, assign one accountable owner, define success metrics upfront, and create a weekly review cadence. That alone can move a team from vague interest to disciplined learning.

**Question:** Looking ahead, what will separate companies that become AI-first from those that remain permanently experimental?  
**Suggested Answer:** The winners will treat AI as an operating model decision, not just a tooling decision. They'll combine clear leadership direction, measurable milestones, and human-centered adoption that actually sticks.

### Personal Impact

**Question:** Outside business and technology, is there a book, film, song, or experience that's had personal meaning for you lately?  
**Suggested Answer:** Lately it's been a book on endurance and decision-making under pressure. I like anything that reminds me that calm, steady judgment matters most when the stakes feel highest.

### Staying in Touch

**Question:** How can our audience follow your work or stay in touch?  
**Suggested Answer:** LinkedIn is the best place, and I'm always glad to connect with leaders working through real transformation questions, especially around operating models and value creation.

### Closing

Chris: Dana, thank you. This was a grounded conversation about a problem a lot of leaders are feeling right now: the distance between AI excitement and real operating change. I appreciate your perspective on how leaders can move from scattered experimentation to measurable adoption.

Guest: Thanks, Chris. Great to be here.

## We'll be right back…

## Events

Here are a few places to keep the conversation going. For the latest details, check the show notes, the Synozur blog, and **synozur.com/events**.

- **Synozur Executive Roundtable: From AI-Ready to AI-Enabled** — (Date/location to confirm)  
- **Private Equity Value Creation Forum** — (Date/location to confirm)  
- **Midmarket AI Operating Model Workshop** — (Date/location to confirm)  
- **Microsoft Ecosystem Strategy Session for Growth Leaders** — (Date/location to confirm)

(Note: Confirm current event calendar before recording. Invite listeners to submit relevant events and gatherings through Synozur channels for future episodes.)

## Coming Soon

On our next episode, we'll look at what it takes to create an AI-aligned operating model that leaders can actually run, not just announce. [Confirm next-episode teaser before final recording.]

## Outro

Thanks for joining us, and thanks again to Dana Whitaker for spending time with us today.

You can find this episode and more at **polaris.synozur.com**. We'd love your feedback and guest suggestions at **polaris@synozur.com**.

If you enjoyed the conversation, please subscribe, rate, and review Polaris wherever you listen. It helps more leaders find the show.

Polaris is produced with help from Riverside.fm; theme song ""Alternative Dream"" courtesy of Adobe; additional music and sound by Indie Guy Records; graphic design by Josh Brantley.

I'm Chris McNulty, and this has been Polaris, a show that charts the course for business and technology transformation from Synozur. Learn more at synozur.com. See you next time. Keep following your North Star.",,,,,active,f,116500d0-357e-4ace-a7af-7264ed58e22a,2026-06-21 05:57:04.580946,2026-06-21 05:57:04.580946,A guest-review podcast outline on why AI access isn't transformation—and what it takes to move from experimentation to real adoption.,,none,,,other,,,,,,ebcc5178-d2b1-48aa-be14-318f05f00888,,,,,,f,,,,,,,,,
24daaaa0-46e9-4d4b-8a2b-21fd29693dbd,synozur.com,137db123-4906-4e61-af99-f0d23d86a622,Synozur Bookings - AI Strategy and Design,,https://bookings.cloud.microsoft/book/AIStrategyandDesignPlanning@synozur.com/?ismsaljsauthenabled,t t t t,,,,3e7c7abe-38c8-491e-aabf-c5277fd4b48a,active,f,116500d0-357e-4ace-a7af-7264ed58e22a,2026-06-22 23:52:40.420298,2026-06-22 23:52:40.420298,"Most AI initiatives don’t fail because the technology is weak—they fail because the strategy is. If your team is asking, “Where do we start?” that’s usually the clearest sign you need alignment before adoption.

A strong AI planning session should do three things: connect AI to real business outcomes, identify the right first use cases, and surface the people, process, and governance decisions that make adoption stick. That means moving past vague excitement and focusing on where AI can reduce friction, improve decision-making, and create measurable value for your organization.

The real opportunity is not to “do AI” faster. It’s to make smarter decisions about where AI fits, what success looks like, and how to build momentum without creating confusion or tool sprawl.

When leaders get clear on those questions early, AI stops being a moving target and starts becoming a practical roadmap.",,extracted,{b52269af-cb22-4a15-88ad-69c97a7538a4},,other,,,,,,,,,,,,f,,,,,,,,,
42d9f132-2662-4b32-bbf7-5cab896b66d4,synozur.com,137db123-4906-4e61-af99-f0d23d86a622,From the Closet to the C-Suite: The Case for Radical Honesty,"Mirror 360 founder Petar Kralev joins Polaris to explain why honest feedback is the most expensive thing companies fail to capture — and how a 20-second, anonymous weekly reflection finally surfaces the truth leaders need.",https://www.synozur.com/post/from-the-closet-to-the-c-suite-the-case-for-radical-honesty,"Why Leaders Are the Last to Know — and What Mirror 360 Does About ItIf you lead a team, you probably believe you have a good read on what's really happening inside it. The uncomfortable news, backed by fresh data, is that you almost certainly don't.Gallup's State of the Global Workplace: 2026 report finds global employee engagement fell to just 20% — its lowest level since 2020 — costing the world economy an estimated $10 trillion in lost productivity. Strikingly, Gallup attributes most of the recent decline to falling engagement among managers themselves. In the United States and Canada, engagement is higher than the global average at 31%, but still near a decade low. The signal leaders most need is the one they're least likely to receive.That gap is the subject of the latest Polaris episode, where we sit down with Petar Kralev, founder and CEO of Mirror 360. Born in Bulgaria and now based in Austin, Petar studied business at UC Berkeley and worked across finance, technology, and management consulting before setting out to solve a problem he kept seeing everywhere: the human barriers to telling the truth at work.The expensive problem hiding in plain sightPetar's thesis is blunt: ""We don't really easily reveal what we honestly think about each other or about what we see around us in the work context. And that is a crazy, crazy expensive problem."" You might assume larger companies, with their formal reviews and bigger HR teams, would solve this naturally. Petar argues the opposite. Those systems exist primarily to document and to reduce legal risk — not to capture how people actually experience their work. As he puts it, that means many organizations ""fail to see themselves as they actually are in real time.""The inspiration was personal. Petar describes a coworker who was clearly struggling in a role, while everyone around her could see it and no one would say so. After a Zoom call where she had ""lost the room"" without realizing it, one question stuck with him: how could she not see herself the way everyone else did?That question became Mirror 360.Three things that unlock the truthPetar breaks the solution into three parts.First, safety: if a system doesn't guarantee anonymity beyond any doubt, the signal is already polluted.Second, ease: a reflection takes about 20 seconds, because no one writes paragraphs for a survey they don't have to.Third, a return on investment: every employee sees their own ""mirror image"" — how they're actually perceived — while leaders get a clean, aggregated view for real decisions.The questions are deliberately simple. It starts where a happy-hour conversation would: ""How is John working lately?"" From there, five standardized reflections measure whether someone communicates well, solves problems, fits on the team, follows high standards, and takes initiative — the same for everyone, ""whether you're the CEO of Google or you're laying bricks.""AI filters out harmful or legally risky language and turns messy text into a cle",,,,4f916b55-054e-4ebb-a1b3-1ac224f06ae7,active,f,116500d0-357e-4ace-a7af-7264ed58e22a,2026-06-24 02:39:36.645089,2026-06-24 02:39:36.645089,"If you lead a team, there’s a good chance you’re the last to know what’s really going on. Gallup’s latest data puts global employee engagement at just 20%, with falling manager engagement playing a major role — and that gap is expensive in lost trust, speed, and productivity.

The hard truth is that most feedback systems were built to document performance, not surface reality in real time. People stay quiet when honesty feels risky, and leaders end up making decisions without the signal they need most.

The better model is simple: make feedback safe, make it easy, and make it useful. When people can share honest reflections quickly and without fear, leaders get a clearer view of team health, individuals see how they’re actually perceived, and organizations can address problems before they turn into culture, retention, or execution issues.

Radical honesty isn’t about being harsh. It’s about creating the conditions for truth to travel fast enough to help people grow and help businesses respond with clarity.","https://static.wixstatic.com/media/b805ce_90caeca188f44bbc81be4edfa7d85d90~mv2.png/v1/fill/w_1000,h_563,al_c,q_90,usm_0.66_1.00_0.01/b805ce_90caeca188f44bbc81be4edfa7d85d90~mv2.png",extracted,,,blog_post,,,,,,,,,,,,f,,,,,,,,,
6e107870-5117-454b-aa90-4f6a0278741f,synozur.com,137db123-4906-4e61-af99-f0d23d86a622,The hidden AI availability risk: why CEOs need a vendor-agnostic operating model before a model outage hits,A practical AI strategy for CEOs who need vendor-agnostic resilience before a model outage disrupts critical workflows.,,"The hidden AI availability risk: why CEOs need a vendor-agnostic operating model before a model outage hits

A lot of midmarket CEOs think they have an AI strategy because one approved tool is showing up across a few workflows. That can feel efficient. It can also create a quiet point of failure.

If your teams rely on one model for meeting prep, service summaries, forecasting support, or internal decision materials, a model outage is not just an IT issue. It is an operating risk. The same goes for pricing changes, access limits, revised terms, or regulatory disputes that affect enterprise use. An AI strategy built around one vendor is not much of a strategy. It is a dependency.

**The real risk is continuity**

Most leadership teams start in the wrong place. They compare tools, debate copilots, and chase use cases. Those conversations matter, but they miss the CEO-level issue: if AI now shapes important workflows, then AI belongs inside business continuity planning.

For a manufacturing company, that can include production reporting, demand planning support, service documentation, internal knowledge retrieval, and leadership meeting prep. For a retail organization, it might mean forecasting, merchandising summaries, labor planning, and customer service support. For a private equity portfolio, it can show up in diligence prep, board materials, operating reviews, and cross-portfolio reporting. If those workflows stall when one model is unavailable, your operating model is more fragile than it looks.

This is not theoretical. Model access changes. Terms change. Enterprise permissions shift. Providers retire or pull back offerings. Anthropic’s withdrawal of the Fable 5 model after three days is a useful reminder that model availability can change fast. If your operating rhythm assumes a tool will always be there, you have built risk into the business.

**How single-vendor dependence shows up**

This usually happens for good reasons. One team gets traction with a tool. Another standardizes on it to move faster. Procurement wants fewer vendors. IT wants fewer exceptions. Soon the company has accidental dependency with no fallback path, no model-switching rules, and no clear human override.

That creates four practical problems:

- workflow interruption when a model is unavailable  
- governance confusion around approved use, review, and escalation  
- weak ROI tracking because usage is not tied to business outcomes  
- lock-in disguised as simplicity  

Large platform-led firms often reinforce this pattern by designing around the stack they know best. That can speed deployment, but it can also leave you optimized for a vendor instead of for the business. The issue is not whether a platform is strong. The issue is whether your operating model can hold up when the platform changes, slows down, or stops fitting the work.

For CEOs, that is the real test of an AI strategy. Not whether a pilot worked last quarter, but whether the business can keep moving when conditions change.

**What a vendor-agnostic operating model actually does**

A durable AI strategy starts with a different question: where do we need AI support, human judgment, and fallback paths across the business?

A vendor-agnostic operating model does a few practical things well. It defines which workflows can use AI and for what purpose. It separates the task from the model, so the workflow can continue if a vendor changes. It sets rules for privacy, security, approvals, and model switching. It assigns ownership for performance, exceptions, and change decisions.

It also forces clearer decisions around what success looks like. If AI is being used in forecasting support, what metric improves? If it is being used in service documentation, what cycle time shrinks? If it is helping leadership prep for operating reviews, what decision latency drops? AI usage without operating metrics is just activity.

Most important, it requires human review anywhere AI informs customers, financial decisions, operational changes, or executive communication. That is not a nice-to-have. It is the difference between faster work and irresponsible work.

At Synozur, we use a simple guardrail: ASK → REVIEW → EDIT → REPEAT.

AI accelerates, experts decide.

[VISUAL: side-by-side diagram showing multiple business workflows tied to a single AI vendor versus a vendor-agnostic operating model with approved models, human review, fallback paths, and workflow owners]

**From AI-ready to AI-first**

The path does not need to be disruptive. It needs to be disciplined.

AI-ready means you understand workflows, data exposure, risk points, and where human judgment must stay in the loop. AI-enabled means you deploy AI in selected workflows with governance, ownership, and measurable success criteria. AI-first means AI is built into how work gets done, with resilience, accountability, and a clear operating cadence for reviewing results and adjusting course.

That progression matters because many companies are skipping straight to tools. They buy licenses before they define roles. They launch experiments before they set governance. They approve usage before they know which business outcomes matter. Then they struggle to explain ROI, manage risk, or scale beyond a few enthusiastic teams.

A stronger AI strategy makes the ladder explicit. It names the use cases worth pursuing. It defines what people are accountable for. It creates model-switching rules before a disruption happens. And it documents where the business will keep human review no matter how strong the model output looks.

That is how AI becomes part of the operating model instead of another layer of software risk.

**What CEOs should do next**

If you are a CEO, CIO, or operating leader, the next step is not to add another tool. It is to assess where AI has already become embedded in critical workflows without the governance to support it.

Start with a short list:

- Which workflows now rely on AI outputs weekly or daily  
- Which of those workflows affect revenue, cost, customer experience, or executive decisions  
- Whether each workflow has an approved fallback path  
- Who owns quality, exception handling, and performance review  
- Which outcomes are being measured today, and which are still assumed  

That exercise usually reveals the gap fast. Most organizations do not have too little AI. They have scattered AI adoption without a clear operating model.

A good AI strategy should reduce fragility, not add to it. It should make decisions faster, not sloppier. It should improve measurable business outcomes, not create one more hidden dependency your team only notices during an outage.

If one vendor issue could slow your managers, stall a reporting cycle, or disrupt critical workflows, your AI strategy needs work. Book an executive AI strategy assessment with Synozur and build an AI-first operating model that holds up under pressure.",,,,,active,f,116500d0-357e-4ace-a7af-7264ed58e22a,2026-06-20 04:16:13.745792,2026-06-24 16:24:24.049,,,none,,,blog_post,,,,,,,,"If one AI model going down can stall decisions, workflows, or customer response times, the problem is not the model, it is your operating model.","Most AI strategy conversations focus on features, pilots, and ROI. Fewer leaders are asking a harder question: what happens if the model you rely on becomes unavailable, restricted, or no longer fit for purpose? This post reframes AI availability as a business continuity issue and shows why a vendor-agnostic, human-reviewed operating model is now a CEO concern.","AI strategy, business continuity, vendor-agnostic AI, manufacturing leadership, AI governance",,f,,,,,,,,,
1f208578-1992-426d-af2b-730c6f41ea2d,synozur.com,137db123-4906-4e61-af99-f0d23d86a622,Your AI bill is not the real problem,"AI economics become manageable when leaders focus less on hype and more on governance, adoption, and operating discipline.",,"# Your AI bill is not the real problem

**Preview:** Most organizations do not have a model problem. They have a discipline problem.

If AI costs suddenly feel harder to predict, you are not imagining it. But the first fix is usually not a new tool choice or a fresh pricing spreadsheet. It is better operating discipline.

## Where Copilot economics actually go sideways

Once usage-based billing enters the picture, costs start moving with model choice, runtime, retrieval, and automations. That makes leaders understandably nervous.

But in practice, the bigger risk is often simpler. Underused licenses, ungoverned metered services, and untrained users create a messy cost structure fast. Scheduled automations are especially easy to miss, and they can quietly push adoption costs well beyond the neat estimate in the business case.

The move we recommend is calm and concrete. Before buying more, make sure you are using what you already bought. Define spending caps. Set permission models. Assign human owners. Review where automations keep running after the laptop closes.

AI accelerates. Experts decide. The companies that get measurable value are usually not the ones chasing every new demo. They are the ones building the discipline to move from AI-ready to AI-enabled, and then to AI-first.

## Call to action

If your team is trying to get AI ROI under control without slowing innovation, reply and we will compare notes on where cost, governance, and adoption tend to drift apart first.",,,,,draft,f,116500d0-357e-4ace-a7af-7264ed58e22a,2026-06-25 23:52:15.59694,2026-06-25 23:52:15.59694,"AI economics become manageable when leaders focus less on hype and more on governance, adoption, and operating discipline.",,none,,,other,,,,,,189ef7c9-6a8e-41f2-9bbf-16d3259daa72,"{""cta"": ""Reply and we will compare notes on where cost, governance, and adoption tend to drift apart first."", ""format"": ""Email / newsletter snippet"", ""coreIdea"": ""AI economics become manageable when leaders focus less on hype and more on governance, adoption, and operating discipline."", ""platform"": ""Email"", ""bestPostingWindow"": ""Tuesday morning""}",,,,,f,,,,,,,,,
bfad7b24-d322-4a0a-b86d-7d094499ea41,synozur.com,137db123-4906-4e61-af99-f0d23d86a622,Stop Buying AI. Start Building Value.,"Welcome back to the Summer of Copilot and our take on news from Microsoft, SpaceX, Anthropic, and TechCon 365 Chicago. Plus, why you should kill 75% of your AI pilots.",https://www.synozur.com/post/stop-buying-ai-start-building-value,"We’re back to the Summer of Copilot – my ongoing series as part of my Copilot Navigator newsletter on LinkedIn. If you lead a team right now, the AI headlines are sending you two messages. One says the technology is moving faster than you can plan for. The other, quieter one, is about leverage, cost, and control, and it is the one worth your time. Build 2026 was covered as a parade of agents. Look past the parade.AI News – June 2026Copilot CoworkCopilot Cowork hitting general availability should have been a milestone. Instead it landed in a predictable fury over pay-as-you-go pricing.That reaction skips the obvious. As token economics shift and AI workloads get heavier, the cost of delivering good intelligence is going up, not down. Pricing below cost at scale isn't just unsustainable. It can drift into predatory territory under U.S. antitrust law.The common complaint goes something like this: ""I had AI spend an hour reviewing a year of reports, and it cost me $15."" Sounds steep, until you check the open market. What would you actually pay a capable analyst or consultant to do that same work, at that speed, with that consistency, and no backlog?So this isn't really a pricing problem. It's a value reset. We're finally being asked to reconcile what the work is worth instead of what we're used to paying for software.Plus, with the flurry of Cowork metadata skills being shared on social media, I’m still surprised when Anthropic users are surprised to learn that at Copilot already includes Opus 4.8, Sonnet 4.6, and Cowork.Build 2026The headline was not agents, it was independence.MAI ModelsI will permit myself one victory lap: last October, in our annual predictions, I called the date of this announcement to the day. Microsoft AI launched a family of seven in-house models, the MAI family, built across the tasks that show up in enterprise work:MAI-Thinking-1, the flagship reasoning model, which Microsoft says matches leading models in its weight class.MAI-Code-1-Flash, an efficient agentic coding model wired into GitHub Copilot and VS Code.MAI-Image-2.5, MAI-Transcribe-1.5 across 43 languages, and MAI-Voice-2, each with a lower-cost Flash variant.The scorecards are interesting. The strategy underneath them is what should change your planning. For two years, Microsoft’s AI story rested heavily on a single partner. With MAI, Microsoft has its own engines sitting alongside OpenAI’s and Anthropic’s. In one move, it repositioned itself from a reseller of someone else’s intelligence to a more neutral provider of several engines. For you, that is optionality: match the engine to the task and the budget, and switch without re-platforming.Clean data lineage. Microsoft says the MAI models are trained on traceable, enterprise-grade data with no distillation from other labs.Frontier Tuning. Tune an MAI model on your own workflow data, in your own environment, and keep the result. A model trained on your institutional knowledge, owned by you, at lower cost, is a ne",,,,de9f9358-81f0-47ea-8c20-41d57a2ca5f4,active,f,116500d0-357e-4ace-a7af-7264ed58e22a,2026-06-27 00:30:24.88092,2026-06-27 00:30:24.88092,"Kill 75% of your AI pilots.

That may sound aggressive, but most teams are still buying AI like software instead of building it like a business capability. The better question isn’t “What model should we use?” It’s “What work is this worth, what outcome should it improve, and what level of control do we need over cost, data, and decision-making?”

The market is shifting from cheap experimentation to value accountability. As AI workloads get heavier, leaders who treat pricing as the main problem will miss the real issue: whether the use case creates measurable leverage. If an AI system can do an hour of analyst-level work in minutes, the conversation should start with business value—not sticker shock.

The smartest move now is to match the engine to the task, tune where it matters, and keep ownership of the workflows that make your organization unique. That’s how you move from scattered pilots to an AI strategy that actually improves efficiency, strengthens control, and delivers results.","https://static.wixstatic.com/media/b805ce_1ee96732e2b74f379608e7d3caec56fd~mv2.png/v1/fill/w_1000,h_667,al_c,q_90,usm_0.66_1.00_0.01/b805ce_1ee96732e2b74f379608e7d3caec56fd~mv2.png",extracted,{b52269af-cb22-4a15-88ad-69c97a7538a4},,blog_post,,,,,,,,,,,,f,,,,,,,,,
b5fe1427-e906-455b-a4c1-4cad610b723d,synozur.com,137db123-4906-4e61-af99-f0d23d86a622,Training is not transformation,"AI adoption beyond training starts when workflows, decision rights, and operating rhythms change, not when workshops end.",,"Your team does not need another AI workshop.

If people leave training excited, then go back to the same meetings, same approvals, and same decision habits, nothing changed.

That is why so many AI programs stall. They raise awareness, but they do not reshape how work gets done.

For a scaling CEO, the real test is simple:

Did AI change a daily decision rhythm?

Not, ""Did 80 people complete training?""
Not, ""Do we have a prompt library?""
Did your leadership team start using AI to prepare for forecast reviews, speed up issue triage, tighten weekly operating meetings, or improve how decisions get documented and followed through?

AI adoption beyond training happens when you assign three things:
- where AI fits in the workflow
- who reviews the output
- which metric should move in 30, 60, and 90 days

That is the shift from AI-ready to AI-enabled, and eventually AI-first.

We use a simple guardrail in our own work: ask, review, edit, repeat. AI accelerates, experts decide.

Audit one recurring meeting this week. If AI is not changing the inputs, decisions, or follow-through, you do not have adoption yet. You have attendance.",,,,,active,f,116500d0-357e-4ace-a7af-7264ed58e22a,2026-06-12 15:06:29.510868,2026-06-12 15:06:29.510868,,,none,,,other,,,,,,,,,,,,f,,,,,85673ce7-3182-4803-9482-5bfb3a0e9378,,,,
98f29234-a079-4461-a455-3cd117cbe088,synozur.com,137db123-4906-4e61-af99-f0d23d86a622,Why your company operating system should move at peacetime speed while AI moves at wartime speed,A practical take on using a company operating system for stability while creating a faster execution lane for AI.,,"Most CEOs are making one of two mistakes right now:

They’re either forcing the whole company into AI panic mode.

Or they’re putting AI into the same slow committee cadence as every other strategic initiative.

Both create drag.

If you’re leading a 500-person company, your **company operating system** should not feel chaotic. It should run at peacetime speed: clear priorities, consistent decision rights, healthy meeting rhythms, accountable follow-through.

That stability is what lets you move fast where it matters.

AI is different.

AI should run at wartime speed because the window to learn, test, and create advantage is moving faster than most leadership teams are comfortable admitting. Not reckless speed. Directed speed.

Here’s the practical shift:

Keep your core operating cadence steady.  
Create a separate fast lane for AI decisions, pilots, and adoption.

Same leadership team.  
Same strategic direction.  
Different tempo.

That’s how you avoid two common traps: reactive reorgs that exhaust the business, and slow AI governance that kills momentum before value shows up.

We see the strongest transformations happen when leaders stop treating every change like it needs the same clock. Strategy needs alignment. Execution needs accountability. AI needs urgency.

The desirable becomes achievable when your business has both discipline and speed.

Comment **“strategy day”** if you want the outline for our one-day executive alignment workshop.

#CompanyOperatingSystem #AIStrategy #StrategyExecution #MidmarketCEO #Leadership",,,,,active,f,116500d0-357e-4ace-a7af-7264ed58e22a,2026-06-09 16:09:05.690382,2026-06-09 16:09:05.690382,,,none,,,other,,,,,,,,,,,,f,,,,,8400303e-bbae-49ca-9dd1-f71d5f733b2b,,,,
295a46ea-ca8e-469a-8756-62ac27e784c1,synozur.com,137db123-4906-4e61-af99-f0d23d86a622,Kill 9 of Your 12 AI Pilots: Choose the One That Actually Moves a Number,A short video script for manufacturing leaders on cutting AI pilot sprawl and choosing one use case tied to measurable ROI.,,"[VISUAL: Plant floor. Dashboards, clipboards, machines running. Quick cuts of alerts, spreadsheets, and a crowded whiteboard labeled “AI Ideas.”]

**0–3s Hook**  
If you have 12 AI pilots on the list, you probably have zero that will actually change the business.

[VISUAL: Whiteboard with 12 sticky notes. Nine fade out.]

**Beat 1**  
That is not a technology problem.  
It is a prioritization problem.

[VISUAL: Operations VP reviewing production metrics with a tired team.]

**Beat 2**  
In manufacturing, pilot sprawl usually starts the same way:  
a little predictive maintenance here, a chatbot there, demand forecasting somewhere else.  
Everyone is busy. Nothing is aligned. And no one can say which use case will improve throughput, reduce downtime, or cut errors this year.

[VISUAL: Three boxes on screen: Throughput. Downtime. Errors.]

**Beat 3**  
The hard truth?  
More experiments do not create more value.  
They usually create more meetings, more vendors, and more confusion on the floor.

[VISUAL: Busy conference room contrasted with idle machine time and manual data entry.]

**Beat 4**  
The better move is to kill most of the list fast.  
Keep the one use case that does three things:  
**moves a number that matters, fits your actual data reality, and can be adopted by the people doing the work.**

[VISUAL: Simple scorecard appears: Business impact, data readiness, frontline adoption.]

**Beat 5**  
Because the best AI pilot is not the most impressive demo.  
It is the one your supervisors trust, your operators will use, and your leadership team can fund with a straight face.

[VISUAL: Supervisor using a simple dashboard during a production huddle.]

**Beat 6**  
That is how we approach AI at Synozur.  
We do not start with hype.  
We start with the operational constraint, the decision that needs to improve, and the metric that proves it worked.  
Then we help you narrow the field to the one business case worth backing.

[VISUAL: Clean framework graphic: Constraint → Use Case → Metric → Business Case.]

**CTA**  
If your AI list is growing faster than your results, request a **use-case prioritization workshop**.  
We will help you cut through the noise and narrow your pilots to one funded business case that your team can actually execute.",,,,,active,f,116500d0-357e-4ace-a7af-7264ed58e22a,2026-06-09 14:24:17.66073,2026-06-09 14:24:17.66073,,,none,,,video,,,,,,,,,,,,f,,,,,7fa7f851-f329-41f8-82c5-c49825cc5a28,,,,
4dffbbc4-373e-46fe-8a66-06c4e62339f9,synozur.com,137db123-4906-4e61-af99-f0d23d86a622,Why large consultancies miss the human side of transformation—and what that costs you,"Why human-centered transformation outperforms technology-first consulting when execution, adoption, and accountability matter most.",,"**If your transformation looks right on paper but stalls in the real world, the problem usually isn’t strategy. It’s fit.**

That’s the cost many COOs discover too late.

Large consultancies are built to deliver scale, structure, and technical depth. But transformation does not succeed because a plan is comprehensive. It succeeds when leaders align, teams understand the why, and the work fits how the organization actually operates.

When that human side gets treated as a change management workstream instead of a design input, execution slows down fast:

- decisions get revisited  
- accountability gets blurry  
- adoption lags  
- momentum fades  

Here’s the concrete insight: **cultural misfit is not a soft issue. It is an execution risk.**

A strategy that ignores leadership dynamics, operating cadence, and organizational readiness may still get approved. It just won’t get implemented at the speed or depth you need.

That’s why we believe transformation partnership should start with listening, not prescribing.

At The Synozur Alliance, we help organizations turn ambitious strategy into executable reality by combining strategic clarity with implementation accountability—so the desirable becomes achievable.

If you’re deciding whether to add a boutique advisor alongside a larger incumbent, it may be worth comparing delivery models before the next phase begins.

**Message us if you want to talk through what that comparison should include.**

#StrategyExecution #BusinessTransformation #ChangeLeadership #COO #OperatingModel",,,,,active,f,116500d0-357e-4ace-a7af-7264ed58e22a,2026-06-09 21:58:32.671115,2026-06-09 21:58:32.671115,,,none,,,other,,,,,,,,,,,,f,,,,,6ecf42c7-65eb-404a-affa-d6a339b1d488,,,,
38c59a66-e0db-476a-b5f6-c11be7b604d2,synozur.com,137db123-4906-4e61-af99-f0d23d86a622,What Synozur owns after the workshop,"A plain-language breakdown of what Synozur owns after the workshop, and how the Design + Deliver model keeps execution moving.",,"If you run a PE portfolio, ""great strategy"" is not the bar. Execution momentum is.

A fair objection we hear is this: if Synozur is not the implementation shop, what exactly do you own after the workshop?

Here is the plain answer.

We own the design of the company operating system for AI-first transformation:
- the North Star and value case
- governance, decision rights, and AI role clarity
- pilot prioritization tied to business outcomes
- the 30/60/90 value realization plan
- executive adoption support so the model actually gets used

Your leadership team owns the business decisions.
Your internal teams own day-to-day execution.
Our ecosystem partners plug in where technical build, integration, or scale is required.

That split is intentional. It avoids the two failure modes we see most often: strategy decks with no follow-through, or large SI lock-in where the tool becomes the plan.

We stay accountable for direction, cadence, and decision quality. We help leaders move from AI-ready to AI-enabled to AI-first, with human review, clear governance, and measurable priorities.

If you need a partner who can help portfolio companies move faster without creating dependency, schedule an executive briefing on Synozur’s Design + Deliver model.",,,,,active,f,116500d0-357e-4ace-a7af-7264ed58e22a,2026-06-10 19:36:48.65079,2026-06-10 19:36:54.025,,/public-objects/conference-images/0a945a8a-ed48-4894-b62d-68de418d65f1.png,none,,,other,,,,,,,,,,,,f,,,,,08ccd90a-5ad0-4441-bc49-2e130a16e74b,,,,
66a338b7-c87d-42d3-b5e2-ea3c8d891fd0,synozur.com,137db123-4906-4e61-af99-f0d23d86a622,"If AI usage is rising but EBITDA is flat, you do not have an AI strategy. You have an expensive experiment.","A blunt LinkedIn post for CEOs on why rising AI activity without EBITDA impact is not strategy, it is an expensive experiment.",,"Your team is not giving you an AI update. They are giving you activity reports.

More licenses.
More pilots.
More prompts.
More meetings about agents.

Meanwhile, EBITDA is flat, decisions are still slow, and nobody can tell you which workflow is materially better than it was 90 days ago.

That is not an AI strategy. That is budget drift with better branding.

For a midmarket CEO, the test is simpler than people make it sound:

If AI spend is rising, one of these should move with it, revenue per employee, gross margin, cycle time, forecast accuracy, or time-to-decision.

If none of them move, the issue is usually not effort. It is the absence of an operating model.

No owner.
No governance.
No baseline.
No 30/60/90 value targets.
No plan for how teams go from AI-ready to AI-enabled to AI-first.

AI tools can generate output. They cannot define accountability, redesign management cadence, or earn adoption across your leadership team.

That part is still leadership work.

Comment **scorecard** and I’ll send the 30/60/90 AI value checklist. Use it in your next exec meeting and find out whether you have a strategy, or just an expensive experiment.",,,,,active,f,116500d0-357e-4ace-a7af-7264ed58e22a,2026-06-10 19:33:07.239558,2026-06-10 19:34:26.829,,/public-objects/conference-images/1d9529c4-3dfb-4a9a-95ba-2cd4df685fee.png,none,,,other,,,,,,,,,,,,f,,,,,372f71ac-478b-443f-9c2e-2bb029b406ab,,,,
c9885b51-4ba7-4619-a31e-13be8a7e823b,synozur.com,137db123-4906-4e61-af99-f0d23d86a622,"ChatGPT can generate ideas. It cannot design your AI operating model, governance, or EBITDA roadmap.","For retail CIOs facing AI pressure, this post explains what ChatGPT cannot replace: governance, prioritization, adoption, and ROI.",,"Your CEO is asking the wrong question.

It is not, “Why do we need outside help if the team already uses ChatGPT?”

It is, “Why are we still treating AI like a tool trial instead of an operating model shift?”

ChatGPT can help your retail team draft a use case list. It cannot decide which 3 use cases should come first based on margin pressure, inventory risk, labor efficiency, data readiness, and time-to-value.

It cannot define who owns AI decisions across IT, merchandising, ecommerce, store ops, legal, and finance.

It cannot set governance, adoption guardrails, or a 30/60/90 value realization path your leadership team will actually use.

That is the gap.

Most midmarket retailers do not need more AI ideas. They need:
- a clear North Star
- defined roles and decision rights
- governance that protects customer and transaction data
- a short list of use cases tied to measurable business outcomes
- human review, because nothing important should ship as AI slop

Our rule is simple: AI accelerates, experts decide.

If your AI plan still lives in prompts, pilots, and scattered enthusiasm, request an AI operating model diagnostic. Get the gaps, the priorities, and the next 90 days on one page.",,,,,active,f,116500d0-357e-4ace-a7af-7264ed58e22a,2026-06-10 19:36:54.132207,2026-06-10 19:36:54.132207,,,none,,,other,,,,,,,,,,,,f,,,,,eff296de-c6fa-4e7e-b56d-d4b9b4f4a8f2,,,,
83f421d1-d578-4b3a-9c74-fcce94e4cf75,synozur.com,137db123-4906-4e61-af99-f0d23d86a622,"If you cannot explain who reviews AI outputs, who owns governance, and what metric moves in 90 days, you are not ready to scale AI","A sharp AI readiness test for retail CIOs under pressure: ownership, governance, and a 90-day metric before scaling AI.",,"If your team cannot name who reviews AI outputs, who owns governance, and what metric should move in 90 days, you are not AI-ready. Tools are the easy part. An AI-first company operating system starts with ownership, guardrails, and measurable outcomes. Download the readiness checklist.",,,,,active,f,116500d0-357e-4ace-a7af-7264ed58e22a,2026-06-10 19:38:14.131103,2026-06-10 19:38:18.27,,/public-objects/conference-images/aeef6aff-b1ba-4bbe-a7ca-ec5e769b0873.png,none,,,other,,,,,,,,,,,,f,,,,,7b3d89a2-fdba-4638-b456-56e04d9ba579,,,,
562dd6be-4c4d-4ddd-a582-5add27eed991,synozur.com,137db123-4906-4e61-af99-f0d23d86a622,The hidden cost of portfolio AI sprawl is duplicated spend,"A PE-focused LinkedIn post on AI sprawl, duplicated spend, and why portfolio-level readiness beats random pilots.",,"Most portfolio AI waste does not come from failed experiments. It comes from paying for the same experiment five different ways.

One company buys copilots for sales.
Another funds an AI support pilot.
A third hires a consultant to map use cases.
A fourth starts an agent project with no governance.
Individually, each decision looks reasonable.

At the portfolio level, it is duplicated spend, fragmented data risk, and no shared path to ROI.

This is not a tool selection problem. It is an operating model problem.

PE firms need one view across the portfolio:
- where AI dollars are already going
- which use cases repeat across companies
- what data, security, and governance gaps will slow value realization
- which pilots deserve scale, and which should stop now

That is why we run a portfolio AI readiness review, to expose overlap before another license, pilot, or vendor gets funded.

If you oversee operational efficiency across multiple portfolio companies, book a portfolio AI readiness review now. Stop funding AI sprawl like it is innovation.",,,,,active,f,116500d0-357e-4ace-a7af-7264ed58e22a,2026-06-11 00:25:34.72941,2026-06-11 00:25:34.72941,,,none,,,other,,,,,,,,,,,,f,,,,,68db52bc-c4f8-4b91-aaa6-1732a2ba9e3b,,,,
16b85e42-36d5-476d-88cc-5c60fab59f94,synozur.com,137db123-4906-4e61-af99-f0d23d86a622,PE firms do not need another AI brainstorm. They need a governance map before the next board meeting.,"A board-ready take on AI governance for PE leaders who need value creation, risk clarity, and decision ownership fast.",,"Most PE firms are not short on AI ideas.

They are short on answers the board will actually accept.

Which portfolio companies can use AI now.
Where data, security, and compliance risk sit.
Who owns decisions.
What gets measured in 30, 60, and 90 days.

That gap is where AI spend turns into scattered pilots, duplicated vendors, and nervous board conversations.

A practical governance map fixes that fast.

In week one, we assess AI readiness, decision rights, risk exposure, and value creation priorities across the portfolio or target company. Not a vendor checklist. An operating view your board can use.

Our standard is simple: AI accelerates, experts decide.

Every artifact is human-reviewed. No AI slop. No pretending a model is your operating partner. Just clear guardrails, named owners, and a path from AI-ready to AI-enabled to AI-first.

If you are walking into the next board meeting with more AI activity than AI accountability, start with governance.

See how the sprint assesses governance risk in week one.",,,,,active,f,116500d0-357e-4ace-a7af-7264ed58e22a,2026-06-11 00:31:19.012862,2026-06-11 00:31:19.012862,,,none,,,other,,,,,,,,,,,,f,,,,,cc7f8cdf-ee2a-4d5e-81a6-e737dfe42849,,,,
2cba86d9-3093-4b0d-be3a-c4ff16237999,synozur.com,137db123-4906-4e61-af99-f0d23d86a622,What Synozur owns after the AI strategy: the 30/60/90 accountability model for PE portfolios,A plain-language look at Synozur’s 30/60/90 model for turning AI strategy into accountable portfolio execution.,,"# What Synozur owns after the AI strategy: the 30/60/90 accountability model for PE portfolios

Most AI strategy work dies in the handoff.

A portfolio company gets an assessment, a roadmap, a few pilot ideas, and a deck full of ambition. Then the real friction starts. No one is clear on who owns governance. The operating team assumes IT will pick it up. The management team is already back in the noise of the quarter. The PE firm is left asking the right question: who is actually accountable for value realization?

That skepticism is fair.

If you are evaluating advisory firms right now, you have probably heard some version of “we stay involved through execution.” In practice, that can mean anything from monthly check-ins to a full systems integration motion. The language gets blurry fast.

Here is the clearer version.

Synozur is not a giant SI pretending to be a strategy shop, and we are not a strategy shop that disappears after the roadmap. We own the design of the AI-first operating model, the governance that keeps it moving, and the cadence that makes strategy measurable. Where technical build work, change deployment, or platform implementation is required, we orchestrate the right partner path and stay accountable for decision quality, momentum, and value tracking.

That is the point of our 30/60/90 accountability model.

## The problem is not the strategy, it is the missing operating system

Most portfolio AI efforts do not fail because the use cases were wrong. They fail because the company had no operating model to carry them.

In PE environments, that problem compounds quickly across the portfolio:

- One company is experimenting with copilots
- Another is buying point tools without governance
- A third is waiting because data quality is weak
- The operating team has no shared way to assess readiness, sequence investment, or compare progress

That is not a technology problem. It is a strategy problem, and then an operating discipline problem.

This is where a lot of firms default to one of two extremes. Large consultancies bring scale, but often lead with technology workstreams and generic transformation language. Smaller advisors may bring sharp thinking, but leave too much ambiguity about what happens after the recommendation.

We built our model to remove that ambiguity.

## What Synozur owns, and what we do not

Our role is to turn scattered AI ambition into an operating model that leaders can run.

That means we own:

### North Star definition
We help the firm and each portfolio company define what AI-first means in business terms, not abstract innovation language. That includes where value should show up first, such as EBITDA improvement, productivity gains, cycle time reduction, or faster decision-making.

### Readiness and prioritization
We assess AI-ready, AI-enabled, and AI-first maturity across leadership, data, workflows, governance, and adoption. Then we sequence use cases by business value, feasibility, and execution risk.

### Governance and role clarity
We define who decides, who approves, who monitors, and who reports. If there is no clear AI owner, no steering cadence, and no escalation path, the strategy will stall.

### 30/60/90 value realization cadence
We establish the milestones, scorecards, and executive reviews that keep the work honest after the roadmap is approved.

### Partner orchestration
If implementation requires platform configuration, systems integration, data engineering, model deployment, or workflow automation, we help select and coordinate the right delivery partners. We do not pretend to be everything. We make sure the right work happens in the right order, with executive accountability intact.

What we do not own is pretending to be a full-scale implementation factory. That is deliberate. It keeps our advice cleaner, our incentives clearer, and our focus where PE firms need it most: value creation discipline.

## How the 30/60/90 model works in practice

This is the plain-language version of the model.

## Day 30: align the portfolio company around one value thesis

By day 30, the goal is not to “do AI.” The goal is to establish a credible strategy and a single accountable path.

That usually includes:

- A defined business outcome for the first wave
- A shortlist of priority use cases
- Named executive ownership
- Initial governance structure
- Risks called out early, including data, security, compliance, and change readiness
- A decision on what Synozur leads, what management owns, and what partners execute

This matters because most delays start with vague ownership. Day 30 removes that excuse.

## Day 60: stand up the operating cadence

By day 60, the work should have moved from recommendation to managed execution.

That usually includes:

- An active steering rhythm
- Working success metrics by use case
- A delivery map across management, internal teams, and external partners
- Human-centered adoption planning
- A publishable review process for AI outputs, ASK → REVIEW → EDIT → REPEAT

This is also where weak strategies usually crack. If there is still confusion around who approves model use, who reviews outputs, or how business leaders will adopt the workflow, the company is not AI-first. It is just AI-curious with a budget.

## Day 90: prove traction or change course

By day 90, the company should be able to show one of two things.

Either the first wave is producing measurable traction and deserves further investment, or the original assumptions need to be revised before more money is committed.

That review should answer:

- What value has been realized so far
- What has been adopted versus merely announced
- Where execution is blocked
- Which partner dependencies are helping or slowing progress
- What the next 90 days should prioritize

This is especially important in a PE setting. The point is not activity. The point is faster confidence in where to scale, where to stop, and where to intervene.

## Why this model works better for PE than vague execution promises

PE leaders do not need another firm saying “we can help from strategy through execution” without defining the handoffs.

You need a strategy partner that can do three things well.

First, create a strategy grounded in measurable business outcomes, not AI theater.

Second, define accountability in a way that management teams can actually run.

Third, stay involved enough to protect momentum without forcing every company into one implementation stack or one vendor ecosystem.

That is the difference in our approach.

We are framework-led, but not framework-locked. We can work with EOS, OKRs, Scaling Up, or a custom company operating system. We are AI-native, but human-reviewed. We use AI hourly in our own business, but nothing goes to a client without expert review. We bring Fortune 500 transformation discipline, but we work like a boutique, with senior attention and less drag.

For PE portfolios, that combination matters. Portfolio companies are different. Maturity is uneven. Timelines are compressed. The strategy has to be strong enough to standardize decision quality, but flexible enough to fit the business in front of you.

## A good AI strategy should survive contact with execution

If an advisory firm cannot explain what it owns after the strategy, you are not buying accountability. You are buying ambiguity.

Our view is simple. Strategy should create movement, not paperwork.

Synozur owns the design of the AI-first strategy, the operating model that carries it, the governance that keeps it live, and the partner orchestration that protects momentum. Your management team owns business decisions and adoption. Delivery partners own the technical build where needed. Everyone knows the scorecard by day 30, the cadence by day 60, and the value test by day 90.

That is how strategy starts earning its keep.

Schedule a 30-minute portfolio AI sprint fit call to see whether this model fits your portfolio and your hold timeline.",,,,,active,f,116500d0-357e-4ace-a7af-7264ed58e22a,2026-06-11 00:25:49.211285,2026-06-11 00:25:49.211285,,,none,,,blog_post,,,,,,,,,,,,f,,,,,50851fb7-b003-4a3b-81c2-cea6037aee00,,,,
b45f4262-c04b-4b2e-aa8f-3a9fecd86162,synozur.com,137db123-4906-4e61-af99-f0d23d86a622,Portfolio AI value creation sprint,"PE-focused AI sprint to assess readiness, reduce duplicated spend, map ROI, and build a 30/60/90 portfolio action plan.",,"# Find the AI value in your portfolio before your companies waste another quarter

For PE leaders under pressure to turn AI interest into measurable returns, this sprint gives you a clear view of readiness, duplicated spend, governance risk, and EBITDA upside across the portfolio, then turns it into a 30/60/90 plan with accountability built in.

## See where AI is creating value, and where it is just creating noise

Most portfolio companies are buying tools, running pilots, and talking about AI without a shared value creation framework. That leads to duplicated spend, uneven adoption, unclear ownership, and no clean line to ROI. We help you separate signal from noise so you can prioritize the few moves that matter.

## Get a portfolio-wide read on readiness, risk, and return

We assess each company through an AI-first, human-centered lens, covering operating readiness, data maturity, role clarity, governance exposure, and practical use cases. The output is not a generic maturity score, it is an investment-grade view of where AI can improve productivity, speed decision-making, and support EBITDA expansion.

## Move from strategy to execution momentum in 90 days

You do not need another strategy deck that dies in the next operating review. This sprint maps 30/60/90 priorities, defines what Synozur owns, and outlines where implementation partners plug in so momentum does not stall after the recommendation phase. AI accelerates, experts decide, and nothing moves forward without human review.

## Standardize the approach, tailor the playbook

Your portfolio does not need a one-size-fits-all AI program. We use a structured methodology to compare companies consistently, while tailoring recommendations to each business model, data reality, and leadership team. That gives your operating partners a repeatable playbook without forcing every company into the same mold.

## Built for PE urgency, not big-firm theater

We know the gap you are trying to close. You need measurable outcomes, governance you can defend, and a partner who can work across leadership, operations, and technology without slowing everyone down. Synozur brings Fortune 500 transformation experience, boutique senior attention, and an AI-native way of working that we use ourselves every day.

### What this is designed to answer

- Which portfolio companies are AI-ready, AI-enabled, or ready to become AI-first
- Where duplicated AI spend and overlapping vendor decisions are hurting returns
- Which use cases have the clearest path to measurable value
- Where governance, security, and operating-model gaps create risk
- What should happen in the next 30, 60, and 90 days to create momentum

## If you are weighing us against a large consultancy

Large firms can bring implementation scale, but they often start with technology, move slowly, and leave adoption to chance. We start with value creation, operating model design, and human-centered adoption, then coordinate the right partner ecosystem when delivery capacity is needed. You get senior-level thinking, a clear method, and accountability that does not disappear after the workshop.

## Book the portfolio AI readiness review

Get a focused working session on your portfolio, the likely sources of duplicated AI spend, the governance gaps worth fixing first, and where the fastest value may sit.

[Book a portfolio AI readiness review](#)",,,,,active,f,116500d0-357e-4ace-a7af-7264ed58e22a,2026-06-11 00:25:29.793597,2026-06-11 00:25:34.947,,/public-objects/conference-images/76d7482b-0e18-4704-8c2c-22e9543589ce.png,none,,,other,,,,,,,,,,,,f,,,,,903c3a1f-d64b-4b51-bda0-086ab9a34f57,,,,
4b7d893f-d13a-4cea-9b26-4f23a29cd145,synozur.com,137db123-4906-4e61-af99-f0d23d86a622,Why most portfolio AI programs fail to produce ROI in 12 months,"A PE-focused look at the four reasons portfolio AI programs miss ROI, and what to change in the next 12 months.",,"# Why most portfolio AI programs fail to produce ROI in 12 months

Most private equity firms are not short on AI ambition.

They are short on a repeatable way to turn that ambition into portfolio-level value inside a hold period.

That gap shows up fast. One portfolio company buys copilots. Another launches a forecasting pilot. A third hires a consultant to write an AI roadmap. Six months later, the firm has more vendors, more experiments, and more board slides, but not much it can tie to EBITDA, productivity, or time-to-decision.

This is where many portfolio AI programs stall. Not because AI lacks potential, but because the operating model around it is weak.

If you are the operating partner or portfolio value creation leader carrying the mandate, the goal is not to prove that AI matters. The market already settled that. The goal is to build an AI program that produces measurable outcomes, with governance and adoption strong enough to survive contact with real operators.

Here are four failure modes we see most often.

## 1. Fragmented pilots create activity, not portfolio value

At the portfolio level, AI often starts as a series of local experiments.

That sounds reasonable. Let management teams test use cases close to the business. Keep the barrier to entry low. Move quickly.

The problem is that fragmented pilots rarely compound.

One company pilots customer support automation. Another tests demand forecasting. Another experiments with internal productivity tools. Each initiative may be valid on its own, but without a common value-creation lens, the firm ends up funding disconnected work that cannot be compared, prioritized, or scaled.

This creates three practical problems:

- no shared definition of ROI
- no cross-portfolio learning loop
- no clear basis for deciding which pilots deserve more capital

The result is motion without a portfolio thesis.

A stronger approach is to define a small set of AI value categories across the portfolio first, revenue acceleration, margin improvement, working capital efficiency, decision speed, and labor productivity. Then each pilot is evaluated against the same business outcomes, not just technical feasibility.

AI should not be managed as a collection of interesting tests. It should be managed like a value-creation portfolio.

## 2. Duplicated vendor spend quietly erodes returns

This is one of the least discussed problems in portfolio AI.

When each company explores AI independently, vendor sprawl follows. Multiple companies buy overlapping tools. Teams pay for licenses they barely use. Advisors propose similar assessments in different language. Procurement happens locally, but the cost of duplication accumulates at the fund level.

At the same time, the AI market is moving quickly. Model pricing is shifting, product bundles are changing, and major platforms are still redefining what is included versus what requires separate spend. That makes ad hoc buying even riskier.

Without a portfolio-wide view, firms end up paying for experimentation twice, once in software, and again in management distraction.

This is not an argument for forcing every company onto one stack. Portfolio companies have different realities, data environments, and risk profiles.

It is an argument for tighter investment discipline:

- standardize how AI tools are evaluated
- identify where shared vendors or partners make sense
- separate enterprise-grade needs from curiosity-driven purchases
- review utilization before expanding licenses or pilots

Good AI strategy is not vendor-first. It is operating-model first.

## 3. Weak governance slows adoption and raises risk

Many firms think governance becomes important later, after the first wins.

In practice, weak governance is one reason the first wins never scale.

When no one has defined approved use cases, review standards, data boundaries, or role ownership, teams hesitate. Legal gets nervous. IT pushes back. Operators create workarounds. Leaders hear mixed signals and lose confidence in the program.

The issue is not that companies need heavy bureaucracy. They need publishable guardrails.

That means clear standards for where AI can be used, how outputs are reviewed, what data can be exposed, and who is accountable for final decisions. In our own work, the principle is simple: AI accelerates, experts decide.

That is why every meaningful AI program needs human review built in. Nothing important should move without it. Not because teams are behind, and not because AI is useless, but because sustainable adoption depends on trust.

A practical governance model should answer four questions:

### What is allowed
Define approved use cases by function and risk level.

### Who owns it
Assign business owners, not just technical owners.

### How it gets reviewed
Use simple workflows that make human review visible and consistent.

### How learning gets captured
Document what worked, what failed, and what should be repeated across the portfolio.

A lot of firms treat governance as a brake. The better view is that governance is what lets you move faster without creating unforced errors.

## 4. No operator-owned roadmap means no durable ROI

This is usually the biggest issue.

Too many AI programs are owned by innovation teams, IT leaders, or outside advisors, while the operators who own the P&L stay on the sidelines.

That creates a familiar pattern. The roadmap sounds promising in the boardroom, but it never becomes part of how the company actually runs. Use cases are interesting, yet they are not tied to line ownership, operating cadence, or measurable milestones.

In PE, that is fatal.

If an AI initiative is supposed to improve gross margin, reduce service cost, speed quoting, or improve forecasting accuracy, the roadmap needs to be owned by the leader responsible for that outcome. Not adjacent to them. Not loosely sponsored by them. Owned by them.

This is where many firms need a more disciplined translation layer between AI strategy and execution. Not a vague transformation agenda, and not a giant systems program. A practical roadmap that connects:

- the business outcome
- the use case
- the data and workflow requirements
- the accountable operator
- the 30, 60, and 90-day milestones
- the measure of success

That is how AI becomes part of value creation, instead of a side project.

## What a better portfolio AI program looks like

The firms getting traction tend to do four things differently.

### They start with the value thesis
They define where AI can move EBITDA, speed, or growth across the portfolio before approving scattered experiments.

### They assess readiness honestly
They look at data maturity, workflow readiness, leadership alignment, and change capacity, not just tooling.

### They build governance early
They create clear guardrails that make adoption safer and faster.

### They assign operator ownership
They tie each initiative to a business leader, a measurable outcome, and a short value-realization timeline.

This is also where boutique, senior-led advisory has an advantage over large, technology-first programs. The issue is rarely access to more tools. It is aligning leadership, operating rhythm, and accountability so the right tools produce real outcomes.

A portfolio company does not become AI-first because it bought software. It becomes AI-first when leadership can decide where AI matters, govern it responsibly, and build it into how the business operates.

## The next 12 months will reward discipline, not enthusiasm

AI is getting cheaper, faster, and easier to test. That is good news for operators. It also means the penalty for weak discipline will rise.

More pilots will get launched. More tools will get bought. More management teams will say they are doing AI.

Very few will be able to show what changed in the P&L.

For private equity leaders, that is the real divide. Not AI adopters versus non-adopters. Disciplined value creators versus expensive experimenters.

If you are shaping an AI agenda across the portfolio, start there.

Read the sprint overview, then request an executive briefing to see how Synozur helps portfolio teams move from AI-ready to AI-enabled to AI-first, with measurable operator-owned outcomes.",,,,,active,f,116500d0-357e-4ace-a7af-7264ed58e22a,2026-06-11 00:06:06.736632,2026-06-11 00:32:36.826,,/public-objects/conference-images/abc36346-46c6-4ec8-a0ff-1e4b707debeb.png,none,,,blog_post,Why Portfolio AI Programs Fail to Produce ROI,"Learn why portfolio AI programs miss ROI in 12 months and how to fix governance, ownership, and value tracking fast.",why-most-portfolio-ai-programs-fail-to-produce-roi-in-12-months,"{""portfolio AI ROI"",""private equity AI strategy"",""AI governance for private equity"",""portfolio company AI roadmap"",""AI value creation private equity"",""AI operating model"",""30 60 90 AI value"",""AI due diligence private equity"",""portfolio AI governance"",""AI EBITDA improvement""}",2026-06-11 00:32:36.826,,,,,,,f,,,,,c87cf3c8-4d2d-4210-ba1a-ef6303d54cc2,,,,
9ab5d3b1-03f8-46ad-a1b1-9d7118e842c4,synozur.com,137db123-4906-4e61-af99-f0d23d86a622,ChatGPT cannot tell you which portfolio AI use case moves EBITDA first,A LinkedIn post for PE tech leaders on why general AI tools cannot replace a portfolio AI readiness review tied to measurable value.,,"Most portfolio AI plans fail before the first pilot.

Not because the model is weak. Because the operating reality is.

A general AI tool can give your team a list of use cases in minutes. It cannot tell you which portfolio company has the data quality, leadership bandwidth, governance, and change capacity to turn that list into EBITDA.

That is the gap.

In PE, the first question is not “where can we use AI?”
It is “where will AI create measurable value fastest, without creating fragmented spend, duplicate tools, or compliance risk?”

That takes more than prompts.

It takes a portfolio view of readiness, a company-level view of operating constraints, and clear ownership for what happens after the strategy deck is done.

Our rule is simple:
AI accelerates, experts decide.

We assess use cases against business value, readiness, governance, and execution risk, then map what belongs in 30, 60, and 90 days. That is how you avoid funding ten experiments and learning too late that none were built to stick.

If you are weighing DIY analysis against a real portfolio AI readiness review, put them side by side. We will show you the difference in one working session. Book the review.",,,,,active,f,116500d0-357e-4ace-a7af-7264ed58e22a,2026-06-11 00:32:02.989522,2026-06-11 00:32:02.989522,,,none,,,other,,,,,,,,,,,,f,,,,,3a9df880-48f7-4420-904e-1e1604a0f680,,,,
19a8e596-19bb-4952-8f7c-9dfbb5ab37de,synozur.com,137db123-4906-4e61-af99-f0d23d86a622,Most portfolio AI waste starts before implementation,"A concise X post for PE tech leaders on why AI waste starts before implementation, with a hard CTA to book a readiness review.",,"Most portfolio AI waste starts before implementation: no shared baseline, no governance, no owner. Before you fund more pilots, run a portfolio AI readiness review and find what can scale, what needs guardrails, and who owns the result. Book the review.",,,,,active,f,116500d0-357e-4ace-a7af-7264ed58e22a,2026-06-11 00:31:35.809844,2026-06-11 00:31:35.809844,,,none,,,other,,,,,,,,,,,,f,,,,,22027d9a-21b8-42e1-84d7-e7523c67433a,,,,
2e16ffcf-fc5c-411f-bebc-39b045cb7217,synozur.com,137db123-4906-4e61-af99-f0d23d86a622,From AI pilot graveyard to AI lab: the operating model for sustained value,"Learn how an AI Labs operating model helps retail CIOs turn stalled AI pilots into governed, measurable business value.",,"AI is now on every retail leadership agenda, but most midmarket organizations are still running it like a side project.

A few pilots launch. A chatbot gets tested. Someone tries forecasting support. Another team experiments with product content. Then momentum fades. Data issues surface. Ownership gets blurry. Security raises concerns. Store and operations leaders stop paying attention because nothing has changed in the workflow that drives the business.

This is how companies end up with an AI pilot graveyard, plenty of activity, very little value.

If that sounds familiar, the issue is probably not a lack of ideas. It is a lack of operating model. An AI Labs operating model gives retail teams a way to test, govern, prioritize, and scale AI with discipline, not hype.

**Why retail AI stalls after the pilot**

In retail, the pressure is real. The CEO wants progress. The board wants a point of view. Business teams want quick wins in forecasting, labor planning, merchandising, customer service, and inventory. Meanwhile, your IT team is already stretched across ecommerce, POS, security, vendor management, and day-to-day support.

That combination creates a predictable pattern. Teams launch AI pilots before they define what success looks like. Use cases are not tied tightly enough to business outcomes. Data readiness gets evaluated too late. Governance shows up as a blocker instead of a design input. Frontline teams are expected to adopt new tools without any real workflow change or training.

The result is not just wasted budget. It is organizational fatigue.

After two or three pilots that do not make it into production, people start to see AI as another innovation theater exercise. That is a credibility problem for the CIO, especially when you are trying to build support for a larger roadmap.

The way out is to stop treating AI as a collection of experiments and start treating it as a managed capability.

**What an AI Lab actually is**

An AI Lab should not be a sandbox where teams play with tools until interest runs out. It should be a cross-functional operating model built to answer one question: which AI use cases are worth scaling, and what will it take to make them stick?

For a midmarket retail organization, that means the AI Lab sits at the intersection of business value, governance, data readiness, and workflow adoption.

The core components are straightforward:

A clear North Star. The lab exists to improve specific outcomes, such as forecast accuracy, labor efficiency, inventory performance, service speed, or time-to-decision.

A use-case intake and prioritization process. Ideas need to be ranked by value, feasibility, data readiness, risk, and adoption effort, not by who speaks loudest in a meeting.

Defined roles. Business leaders identify pain points and own outcomes. IT and data leaders assess technical readiness. Governance and security teams set guardrails early. Executive sponsors remove friction and keep priorities aligned.

A stage-gated path from idea to production. Not every use case deserves to scale. The lab creates a repeatable way to move from opportunity assessment to pilot to production decision.

Human-centered adoption. If store operations, planning, merchandising, or customer teams do not trust the output or know how to use it inside existing workflows, the pilot is already in trouble.

This is where many firms get too tool-first. They help you deploy technology. They do not always help you design the decision rights, adoption plan, and governance model that determine whether the technology changes anything.

At Synozur, we take a different view. AI accelerates, experts decide. That means every artifact is human-reviewed, every recommendation is tied to an operating context, and every step is designed to help leaders move from AI-ready to AI-enabled to AI-first.

**The operating model that turns pilots into production**

A strong AI Labs operating model gives you structure without turning innovation into bureaucracy.

Start with a small governance group that can make real decisions. In retail, this often includes the CIO, a business operations leader, a data or analytics owner, a security or compliance lead, and an executive sponsor. Their job is not to review every detail. Their job is to define guardrails, approve priorities, and keep the lab connected to business outcomes.

Next, establish a simple evaluation framework for each use case:

What business metric should move

What process or workflow will change

What data is required, and whether it is usable today

What risk needs to be addressed before launch

Who owns adoption if the pilot works

[VISUAL: a simple retail AI Lab operating model diagram showing intake, prioritization, pilot, review, production decision, and adoption loops, with governance and business ownership spanning every stage]

That structure matters because it prevents a common failure mode, pilots that prove a model can work in theory but do nothing to change real operating performance.

For example, a demand forecasting use case is not successful because the model generates interesting predictions. It is successful if planners trust it, inventory decisions improve, and the business sees fewer stockouts or less excess inventory over time. The lab has to be built around that kind of outcome logic.

This is also where publishable guardrails matter. Our approach is simple: ASK → REVIEW → EDIT → REPEAT. AI can speed up analysis and artifact creation, but human judgment remains accountable for the final decision. Nothing goes forward without review. No actual impersonation of a person, ever. No AI slop passed off as strategy.

That is not caution for its own sake. It is how trust gets built across the organization.

**What to measure in the first 90 days**

Most AI programs lose support because they ask for patience without showing evidence. A better AI Lab model creates visible value in stages.

In the first 30 days, you should be able to align on priority use cases, decision owners, guardrails, and a working intake process.

By 60 days, you should have a short list of use cases assessed for value, feasibility, data readiness, and adoption complexity, plus one or two pilots scoped around measurable business outcomes.

By 90 days, you should know which pilots are ready for production, which need redesign, and which should be stopped. That last point matters. A healthy lab kills weak ideas early so resources can move to stronger ones.

The metrics will vary by use case, but the pattern should not. Track time-to-decision, adoption signals, workflow impact, and outcome measures the business already respects. In retail, that may include forecast accuracy, labor hours saved, service resolution time, inventory turns, or merchandising productivity.

What matters is not having a long dashboard. It is having a clear line from AI activity to business performance.

**Why the operating model matters more than the toolset**

Retail CIOs do not need more AI demos. They need a practical way to make smart decisions under pressure.

That is why the operating model matters more than the toolset. Tools change fast. Vendor narratives change faster. What endures is a disciplined way to identify high-value use cases, apply governance without killing momentum, and redesign workflows so adoption sticks.

A good AI Lab does not just help you launch pilots. It helps your organization learn how to scale the right ones.

That is the real shift from isolated experimentation to an AI-first business capability.

If your team is stuck between AI urgency and pilot fatigue, do not start with another tool. Start with the model that makes value repeatable. See how an AI Lab can turn isolated pilots into a repeatable path to production.",,,,,active,f,116500d0-357e-4ace-a7af-7264ed58e22a,2026-06-12 15:05:17.051854,2026-06-12 15:05:17.051854,,,none,,,blog_post,,,,,,,,"For retail CIOs under pressure to show AI ROI, the real differentiator is not the next pilot, it is the operating model that turns experiments into repeatable business results.","Many retail AI efforts stall because they start with tools instead of an operating model. This post explains how an AI Labs operating model helps midmarket CIOs move from scattered pilots to governed, measurable, human-centered adoption, with clear roles, faster decisions, and a repeatable path to production.","AI Labs operating model, retail AI strategy, AI governance, pilot to production, midmarket CIO",,f,,,,,43386587-75e0-4850-8101-bcf6284eec02,,,,
09f5a3a5-aeac-4de6-8a4a-ce3ed833f5c1,synozur.com,137db123-4906-4e61-af99-f0d23d86a622,From AI pilot graveyard to AI lab: the operating model for sustained value,"A practical whitepaper for retail CIOs on building an AI Labs operating model that moves pilots into governed, measurable production value.",,"## Executive summary

For many midmarket retail CIOs, the AI problem is no longer awareness. It is accumulation.

You have more ideas than capacity. More vendor pitches than clear priorities. More pressure from the CEO and board than proof that any pilot will produce measurable value.

That is how organizations end up in an AI pilot graveyard. One forecasting experiment lives in merchandising. One chatbot trial sits with customer service. One automation test starts in finance. None of them share governance, success metrics, data standards, or a path to production.

The result is familiar. Spend goes up. Confidence goes down. Teams get cynical. Leadership starts to question whether AI is strategy or theater.

Our point of view is simple. Retailers do not need more disconnected AI experiments. They need an AI Labs operating model.

Not a tech sandbox. Not an innovation side project. An operating model.

A strong AI Lab creates a repeatable way to identify use cases, validate readiness, assign decision rights, launch pilots, measure outcomes, and move the right work into production. It connects AI to retail priorities like forecast accuracy, labor efficiency, inventory performance, margin protection, and speed to decision. It also makes adoption more likely because it is built around how people work, not just what tools can do.

At Synozur, we believe AI-first transformation has to be human-centered and measurable. AI accelerates, experts decide. Nothing goes live without human review. Nothing scales without role clarity, governance, and workflow change. The organizations that move from AI-ready to AI-enabled to AI-first do it with structure, not enthusiasm alone.

This whitepaper lays out the operating model we recommend for midmarket retailers that want to stop collecting pilots and start building sustained value.

## Problem framing: why retail AI stalls at the pilot stage

Midmarket retail sits in a difficult spot.

You have enterprise-level complexity, but not enterprise-level slack. Your team is managing ecommerce, POS, inventory, merchandising, fulfillment, customer data, privacy, vendor relationships, and ongoing system maintenance, often with a lean IT function and limited internal AI depth.

That makes AI attractive and risky at the same time.

The pressure usually shows up in a predictable sequence:

1. Leadership sees competitors talking about AI.
2. Business functions surface dozens of possible use cases.
3. A few pilots launch without a shared model for prioritization or governance.
4. Data quality and ownership issues surface late.
5. No one agrees on what success means.
6. The pilot works in a narrow sense, but cannot scale operationally.
7. The organization labels AI as promising, but hard to operationalize.

This is not a technology failure first. It is an operating model failure.

### The root causes behind the AI pilot graveyard

#### 1. Use cases are selected by excitement, not economics

Retail organizations often start with what sounds impressive instead of what changes a measurable business outcome.

A generative AI assistant may get attention. A promotion optimization use case may have more financial value. A chatbot may look modern. A labor scheduling model may create faster payback.

Without a clear prioritization model, teams chase visibility instead of value.

#### 2. Data readiness is treated as a technical detail

In retail, AI depends on fragmented data across ecommerce, POS, inventory, merchandising, pricing, loyalty, and workforce systems.

When data quality, lineage, access, and ownership are not addressed early, pilots become fragile. They may perform well in controlled conditions, but fail in real operations.

#### 3. Governance arrives too late

Most retailers do not need heavy bureaucracy. They do need clear decisions about risk, privacy, model ownership, approval paths, and acceptable use.

Without governance, teams either move too slowly because every decision becomes a debate, or move too quickly and create avoidable exposure.

#### 4. The business is consulted, not designed in

Many AI efforts are still run as technology projects with business stakeholders invited to review progress.

That is backwards.

In retail, workflow adoption determines value. If merchants, planners, store operators, and service leaders do not trust the output or know how to use it in daily decisions, the pilot will not matter.

#### 5. There is no bridge from pilot to production

This is the most common failure point.

A pilot proves something can work. It does not prove the organization can run it consistently, support it, govern it, retrain around it, and measure its contribution over time.

An AI Lab exists to create that bridge.

## Our point of view: an AI Lab is not a place, it is a management system

We define an AI Lab as a cross-functional operating model that turns scattered AI ambition into measurable, governed, repeatable business outcomes.

That definition matters because many organizations hear ""lab"" and think of a small innovation team off to the side, testing tools in isolation.

That version rarely changes the business.

A useful AI Lab does five things well:

- ties AI work to business outcomes
- creates a repeatable intake and prioritization process
- sets clear governance and decision rights
- embeds workflow and adoption planning from the start
- establishes a path from pilot to production with measurable milestones

For a midmarket retail CIO, this matters because your real job is not to launch the most pilots. It is to help the business make better decisions about where AI belongs, how it will be governed, and what it must deliver.

Large firms often approach this from the platform down. Tool selection. architecture. implementation roadmap.

That work matters, but it is incomplete.

A retailer needs an AI Labs operating model that is vendor-agnostic, shaped around retail workflows, and practical enough for a lean team to run. The goal is not to build a showcase. The goal is to build organizational muscle.

## The Synozur approach: AI-first, human-centered, outcome-tied

Our approach starts with a premise many teams learn the hard way:

AI value does not come from access to models alone. It comes from the combination of judgment, governance, workflow design, and operating discipline.

That is why our model is AI-first and human-centered.

We use AI constantly in our own work, but every artifact is reviewed by a human expert. We do not ship AI slop. We do not recommend impersonation. We do not ask organizations to trust a system they cannot govern. Our guardrail is simple and publishable:

**ASK → REVIEW → EDIT → REPEAT**

For clients, that means the AI Lab is designed with human judgment built in, not added later as a control mechanism.

It also means the AI Lab should help the organization move through a clear maturity ladder:

- **AI-ready**: data, governance, ownership, and use case discipline are established
- **AI-enabled**: pilots are running against business priorities with measurable success criteria
- **AI-first**: AI is embedded into operating rhythms, decisions, and workflows across functions

Many retail organizations try to skip the first two stages. That is usually how they end up restarting six months later.

## Framework: the AI Labs operating model for midmarket retail

Below is the operating model we recommend for retailers that want a repeatable path from isolated pilots to production value.

### 1. North Star outcomes

The AI Lab starts with business outcomes, not tools.

For retail, this usually means defining a small set of target metrics that matter to the executive team and operating leaders. Examples include:

- forecast accuracy
- inventory turns
- stockout rate
- markdown exposure
- labor productivity
- service response time
- conversion rate
- gross margin
- time to decision

These metrics become the filter for every proposed AI use case.

If a use case cannot plausibly move a priority KPI, it should not enter the first wave.

This step sounds obvious, but it is where most pilot clutter starts. Teams approve experiments before they agree on what business result they are trying to change.

### 2. Use case portfolio and value thesis

Once North Star outcomes are defined, the AI Lab needs a structured intake process.

We recommend evaluating use cases across five dimensions:

- business impact potential
- data readiness
- workflow fit
- governance and risk complexity
- time to value

This creates a balanced portfolio instead of a random list.

In retail, a healthy first portfolio often includes a mix of:
- one operational efficiency use case
- one planning or forecasting use case
- one customer or service use case
- one enterprise productivity use case

Each use case should also have a written value thesis. Not a slogan. A practical statement of:
- what problem is being solved
- which team owns the workflow
- which metric should move
- what baseline exists today
- what success looks like at 30, 60, and 90 days

That 30/60/90 structure matters because it forces the business to define progress before launch, not explain disappointment after.

### 3. Governance with clear decision rights

Retail CIOs do not need a giant AI council that slows everything down. They do need visible governance.

The AI Lab should define:
- who approves use cases
- who owns data quality
- who reviews privacy and security implications
- who signs off on production readiness
- who is accountable for post-launch monitoring
- when human review is mandatory

This is especially important in customer-facing and employee-facing use cases where output quality, data sensitivity, and brand risk matter.

Governance should be lightweight, but real.

If the AI Lab cannot answer ""who decides"" and ""who is accountable,"" it is not an operating model yet.

### 4. Cross-functional lab team

An AI Lab should not sit only inside IT.

The best model is a cross-functional team with defined roles across technology, data, business operations, and change leadership.

For a midmarket retailer, that usually includes:
- CIO or designated executive sponsor
- business owner for each use case
- data lead
- security or governance lead
- operations or functional process owner
- change and enablement lead
- external advisor or specialist support where internal capacity is thin

This avoids a common trap where IT is expected to generate strategy, validate data, manage vendors, coordinate stakeholders, and drive adoption all at once.

That is not an AI problem. That is an overload problem.

### 5. Workflow-first pilot design

A pilot should test more than the model.

It should test the workflow around the model.

That includes:
- where the AI output appears
- who reviews it
- what action it should trigger
- how exceptions are handled
- what gets logged
- what training users need
- how results are measured against baseline performance

For example, if a demand forecasting pilot produces better recommendations but merchants still export spreadsheets and override everything manually, the pilot has not solved the operating problem.

A workflow-first design makes that visible early.

### 6. Production readiness gates

This is the difference between an AI sandbox and an AI Lab.

Every pilot should pass through explicit production readiness gates before broader rollout. Typical gates include:

- data quality is stable enough for repeated use
- ownership is assigned for the model and the workflow
- governance controls are documented
- business users are trained
- review and escalation paths are clear
- success metrics are being tracked
- support model is defined
- leadership agrees the use case has earned scale

Without these gates, organizations confuse pilot activity with production progress.

### 7. Adoption, enablement, and trust

Human-centered adoption is not a communications add-on. It is core to value realization.

People need to understand:
- what the AI is doing
- what it is not doing
- where human judgment still applies
- how performance will be monitored
- how their workflow will change

If teams feel AI is being imposed on them, they resist. If they feel embarrassed for being behind, they disengage. If they are asked to trust outputs without context, they create workarounds.

An effective AI Lab builds trust through transparency, role clarity, and practical training.

### 8. Measurement and value realization

If the AI Lab cannot measure value, it will eventually lose funding and executive support.

Every use case should have:
- baseline metrics
- target improvement ranges
- adoption measures
- workflow performance indicators
- business review cadence

We recommend a 30/60/90-day value realization rhythm:
- **30 days:** validate adoption, workflow compliance, and data stability
- **60 days:** measure early operational movement and exception patterns
- **90 days:** confirm business impact, decide on scale, redesign, or stop

This gives leaders a concrete way to evaluate progress without pretending every pilot should transform the P&L in one quarter.

## What this looks like in retail

An AI Labs operating model is especially useful in retail because the use cases cut across functions, but the value often depends on coordinated execution.

Here are common retail domains where the model applies well:

### Merchandising and planning
- demand forecasting support
- assortment decision support
- promotion planning analysis
- markdown optimization

### Store and field operations
- labor scheduling assistance
- SOP search and knowledge access
- incident summarization
- field communication workflows

### Supply chain and inventory
- replenishment recommendations
- exception detection
- supplier risk monitoring
- fulfillment prioritization

### Customer and commerce
- service agent assistance
- product content generation with human review
- personalized offer support
- ecommerce search improvement

### Enterprise productivity
- meeting and decision summaries
- policy and process retrieval
- finance and HR workflow assistance
- internal knowledge management

The point is not to pursue all of these at once.

The point is to give the retailer a consistent way to decide which of these deserve resources, what guardrails they require, and how they move into production.

## Common mistakes to avoid

### Treating the lab as an innovation theater project

If the AI Lab is separate from real operating priorities, it will produce demos, not results.

### Making governance too loose or too heavy

Too loose, and risk climbs. Too heavy, and speed disappears. The right model is simple, visible, and tied to decisions.

### Starting with the flashiest use case

Early wins should build confidence and operational muscle. They do not need to be the most marketable initiative.

### Ignoring workflow redesign

If no one changes how work gets done, AI remains an overlay instead of an operating capability.

### Measuring activity instead of value

Counting pilots, licenses, or prompts is not enough. The AI Lab must track business outcomes, adoption, and time to value.

## Conclusion

The real risk for midmarket retailers is not moving too slowly on one pilot.

It is letting AI activity spread without a model for deciding what matters, what is ready, who owns it, and how value will be measured.

That is how pilot graveyards form.

An AI Lab is the alternative.

Done right, it gives a retailer a practical system for moving from scattered experimentation to governed execution. It creates a repeatable path from AI-ready to AI-enabled to AI-first. It ties technology to workflow change, human judgment, and business outcomes that leadership can actually evaluate.

You do not need more AI noise.

You need an operating model that can survive contact with retail reality.

**See how an AI Lab can turn isolated pilots into a repeatable path to production.**",,,,,active,f,116500d0-357e-4ace-a7af-7264ed58e22a,2026-06-12 15:07:49.471064,2026-06-12 15:07:49.471064,,,none,,,whitepaper,,,,,,,,,,,,f,,,,,5fb16a5b-5838-4d8f-93f1-a1a553592087,,,,
59fc8785-51c4-4d8e-bf14-1535ffa6a03a,synozur.com,137db123-4906-4e61-af99-f0d23d86a622,Revenue value engineering: turning AI capability into new products and services,"A practical ebook for Microsoft-aligned ISV founders who need AI to create new revenue, not just internal efficiency.",,"[GRAPHIC: **Cover concept**
A clean, executive-style ebook cover in Synozur brand colors, with a layered visual of three ascending planes labeled ""AI-ready"", ""AI-enabled"", and ""AI-first"". On the right, show a mid-market software product dashboard evolving into a portfolio of new revenue lines, usage-based services, copilots, and premium offers. Use primary #810FFB for the growth path, secondary #E60CB3 for highlight accents, and accent #410D78 for depth. The tone should feel sharp, modern, and credible, not futuristic hype. Subtitle lockup: ""A practical guide for founders building on Microsoft who need AI to create revenue, not just internal efficiency.""]

# Revenue value engineering: turning AI capability into new products and services

## Executive summary

Most AI conversations in software companies still get trapped in the same place, internal productivity.

Faster coding. Better support deflection. Automated note-taking. Lower cost to serve.

Those gains matter. They are not enough.

For an ambitious founder building in the Microsoft ecosystem, the real pressure is bigger. You need to show that AI can strengthen your market story, create a better product, expand deal size, improve retention, and open new routes to revenue. If your AI strategy only makes the back office cheaper, a competitor can still pass you with a stronger offer.

This is where AI revenue value engineering matters.

At Synozur, we use that term to mean a disciplined way to turn AI capability into revenue-producing offers, product features, service lines, and go-to-market motions. Not AI for theater. Not random pilots. Not a roadmap built around whichever tool your team tried last week.

A useful approach starts with five realities:

1. AI capability is not a product strategy.
2. A demo is not a revenue model.
3. A feature is not an offer.
4. Ecosystem alignment matters, especially in Microsoft-led sales motions.
5. Nothing sticks without human adoption, clear ownership, and governance.

This ebook lays out a practical path for founders who need to connect AI investment to commercial outcomes. It covers:

- why cost-savings-only AI stories underperform
- where founders misfire when packaging AI into products and services
- a revenue value engineering framework to identify, prioritize, and shape AI offers
- how to align AI offer design with Microsoft priorities, field conversations, and buyer demand
- what to measure in the first 30, 60, and 90 days so AI does not stall in strategy mode

The goal is simple. Help you explore where AI can create a new offer, not just improve an old process.

[GRAPHIC: **Executive summary opener**
A one-page visual spread showing two diverging paths. Left path: ""AI as efficiency only"" with icons for cost savings, internal automation, and isolated pilots. Right path: ""AI as revenue engine"" with icons for new SKU, premium tier, services attach, marketplace listing, co-sell motion, and higher ACV. Add a small footer banner: ""AI accelerates, experts decide."" Keep the composition clean and boardroom-ready.]

---

# Chapter 1: The problem, most AI work never reaches the revenue line

[GRAPHIC: **Chapter opener**
Illustration of a founder at the center of overlapping pressure points: board expectations, Microsoft ecosystem opportunity, product roadmap, delivery capacity, and market competition. Use concentric circles to show pressure intensifying toward a central decision point: ""How will AI grow revenue?""]

If you are leading a B2B software company on Azure, you are likely hearing some version of the same message from every direction.

Show your AI story.
Ship something credible.
Align to Microsoft priorities.
Make it commercially meaningful.
Do it without distracting the team from the core business.

That mix creates a predictable trap. Companies respond by adding AI features in fragments.

A chatbot here. A summarization function there. Some internal automation behind the scenes. A pilot built because a prospect asked for it. A roadmap item inspired by what a larger competitor announced.

The result is activity without a revenue thesis.

The problem is not that these ideas are wrong. The problem is that they are usually disconnected from four things that determine whether AI creates commercial value:

- customer willingness to pay
- packaging and pricing logic
- operational readiness to deliver the promise
- channel and ecosystem fit

For Microsoft-aligned ISVs, there is a fifth issue. Many teams do not translate their AI capability into language that helps Microsoft sellers understand where the offer fits, why it matters, and how it contributes to customer outcomes they already care about.

That creates a painful middle ground.

Your company is too advanced to ignore AI.
But not structured enough to monetize it well.

## The cost-reduction story has a ceiling

Efficiency stories are easier to approve internally because they sound safer.

Reduce manual work.
Compress cycle time.
Improve utilization.
Lower support costs.

Those benefits are real, but they rarely create enough differentiation in the market on their own. Buyers do not switch products just because your internal operations got more efficient. They switch when the offer itself becomes more valuable.

Founders feel this when AI discussions start to sound technically impressive and commercially vague.

The team can explain the model.
The market still cannot see the offer.

[GRAPHIC: **Data-viz concept**
A horizontal maturity chart with three bands:
- ""Operational AI"" with examples like support automation, internal copilots, workflow assistance
- ""Productized AI"" with examples like embedded recommendations, forecasting, workflow intelligence
- ""Revenue-engineered AI"" with examples like premium AI tier, managed AI service, usage-based insights product, co-sellable solution narrative
Each band should show increasing commercial impact and increasing need for product, pricing, and GTM alignment.]

## Why founders get stuck

In our experience, founders usually stall for one of six reasons.

### 1. They confuse AI capability with customer value

A team gets excited about what the model can do. The market cares whether that capability solves an expensive, urgent problem in a usable way.

### 2. They ship features without designing an offer

A feature inside the product is not automatically something a buyer understands, values, or pays more for.

### 3. They treat pricing as an afterthought

If AI increases cost to serve, but pricing and packaging stay fuzzy, margin pressure follows quickly.

### 4. They ignore readiness

No defined owner. No governance. No service model. No review loop. No support design. AI may launch, but it does not scale cleanly.

### 5. They build for the demo, not the buying motion

Prospects may like the concept. Sellers still need a crisp story, proof path, and implementation confidence.

### 6. They optimize for one platform narrative instead of buyer fit

Strong Microsoft alignment matters. Blind platform dependency does not. The best strategy is ecosystem-aware and buyer-centered, not vendor-scripted.

That distinction matters. Large firms often lead with the stack. We lead with the operating and commercial model around it.

[GRAPHIC: **Pull-quote callout**
Large quote on a full-width tinted panel:
""AI capability becomes revenue only when product strategy, pricing, delivery, and demand line up.""
Use brand accent colors and minimal typography.]

---

# Chapter 2: Synozur’s point of view, revenue value engineering starts before launch

[GRAPHIC: **Chapter opener**
A blueprint-style visual of an AI offer being assembled from five components: demand signal, use case, product design, operating model, and commercialization. Add subtle human-review markers like check stamps labeled ""reviewed"", ""edited"", ""approved"".]

We do not believe AI monetization starts with a model choice.

It starts with a business design choice.

That means an AI-native company needs to answer a harder set of questions before it rushes to ship:

- What customer job becomes more valuable with AI in the loop?
- Is the better answer a feature, a premium tier, a service, a new product, or a bundled outcome?
- What evidence would make a buyer pay for it?
- What needs to change in delivery, support, data, governance, and adoption to fulfill the promise?
- How does this fit your Microsoft motion, marketplace story, and co-sell narrative, if that motion matters to growth?

This is where revenue value engineering differs from standard AI experimentation.

Standard experimentation asks, ""Can we build this?""
Revenue value engineering asks, ""Should this exist, how should we sell it, and what has to be true for it to produce revenue and margin?""

## Our working belief

AI-first companies win when they move through the ladder with intention:

- **AI-ready**: your data, governance, ownership, and workflows can support AI use cases without chaos.
- **AI-enabled**: AI improves workflows, products, and decisions in targeted ways.
- **AI-first**: AI shapes the operating model and the offer portfolio itself.

A lot of firms can help with tools.
Fewer can help leaders make the commercial and organizational choices that let those tools produce measurable outcomes.

That is the gap we focus on.

We are AI-native by design, and human-centered in practice. We use AI hourly in our own business, but every artifact is human-reviewed. Our guardrails are simple and publishable:

**ASK → REVIEW → EDIT → REPEAT**

That matters because founders do not need more AI slop. They need sharper judgment, faster.

[GRAPHIC: **Framework diagram**
A vertical ladder graphic labeled AI-ready, AI-enabled, AI-first. Across each rung, show business questions:
- AI-ready: data, governance, ownership, risk
- AI-enabled: workflow gains, product enhancement, adoption
- AI-first: monetization, operating model, category position
Include a side rail labeled ""human review at every step"".]

## What general AI tools cannot do for you

Founders are right to ask where advisory helps if everyone already has access to ChatGPT or Claude.

Here is the practical answer.

General AI tools can help generate ideas.
They cannot own commercial judgment.

They cannot interview your buyers, test packaging logic, map your Microsoft ecosystem fit, redesign your operating cadence, define role ownership, build governance guardrails, or help your leadership team make tradeoffs that stick across product, sales, customer success, and delivery.

They also cannot carry accountability across the messy middle, where most AI strategies stall.

That middle usually includes:

- conflicting executive priorities
- weak offer definition
- unclear ownership
- fear of margin erosion
- poor handoff between product and go-to-market
- teams that are willing, but not yet AI-first in how they work

Tools can accelerate the work.
Experts still decide.

[GRAPHIC: **Comparison visual**
Two-column comparison:
Left: ""What a general AI tool can do"" with items like brainstorm, summarize, draft, analyze patterns.
Right: ""What revenue value engineering requires"" with items like buyer prioritization, offer architecture, packaging choices, governance design, Microsoft motion alignment, change adoption, executive decision support.
Use icons and simple labels, no clutter.]

---

# Chapter 3: The revenue value engineering framework

[GRAPHIC: **Chapter opener**
A polished circular framework with six connected stages, each represented as a node in Synozur colors. In the center: ""Measurable revenue outcomes"". The feel should be like a strategic operating model, not a marketing funnel.]

Here is the framework we use to move from AI ambition to commercially viable offers.

## Step 1: Find the revenue pressure, not just the technical possibility

Start with the revenue problem that matters now.

For an ISV founder in the Microsoft ecosystem, this usually shows up in one of five forms:

- slowing new logo growth
- stagnant expansion revenue
- weak differentiation in crowded deals
- pressure to justify premium pricing
- limited channel traction with Microsoft sellers or partners

These are better starting points than ""we should add AI.""

The job is to identify where AI could change the economics of growth, not where it simply looks modern.

### Diagnostic prompts

- Where are deals stalling today?
- Which customer outcomes are expensive, slow, or inconsistent to deliver?
- Which premium needs are currently served through manual services?
- Where could intelligence become a reason to buy, renew, or expand?
- Where would Microsoft field alignment increase credibility or distribution?

[GRAPHIC: **Worksheet visual**
A one-page scorecard founders can imagine filling out. Columns: revenue pressure, affected segment, current workaround, AI opportunity, willingness-to-pay signal, ecosystem relevance. Make it look like a practical workbook page.]

## Step 2: Define the offer shape

This is where many teams skip too quickly from idea to build.

An AI opportunity can take several forms:

- an embedded feature that improves core product value
- a premium tier with differentiated outcomes
- a usage-based intelligence module
- a managed service layered around the software
- a new advisory or enablement service for customer adoption
- a standalone AI product for a specific role or workflow

The right answer depends on customer behavior, economics, and your delivery model.

A founder should ask:

- Is this best sold as product, service, or hybrid?
- Does this increase ACV, retention, usage, or attach rate?
- Does this create recurring revenue or one-time revenue?
- What must the customer believe to buy it?
- What must we be able to deliver consistently after the sale?

A strong offer shape is specific enough that sales can explain it in one minute and operations can support it without improvising every time.

[GRAPHIC: **Offer architecture matrix**
2x2 matrix:
X-axis: productized to service-led
Y-axis: incremental value to transformational value
Plot examples such as ""AI assistant feature"", ""premium forecasting module"", ""managed intelligence service"", ""new vertical AI solution"". Include notes on revenue implications for each.]

## Step 3: Validate buyer demand before roadmap expansion

This step saves a lot of wasted build effort.

Before turning AI into a major roadmap commitment, validate three things:

- **pain**: the buyer actually feels the problem
- **payment**: the buyer would pay for a better outcome
- **proof**: the buyer can recognize success in measurable terms

For Microsoft-aligned ISVs, this is also the point to pressure-test whether the offer fits common Microsoft customer conversations. Does it support a priority outcome, workload, or transformation agenda that field sellers already discuss?

If not, the offer may still be valuable, but it will be harder to amplify through the ecosystem.

### What to test in market

- which role feels the pain most acutely
- whether buyers prefer automation, insight, prediction, or guided action
- whether the offer belongs in the base product or above the line
- whether customers need enablement or managed support to adopt it
- whether the story resonates with Microsoft-facing partners and sellers

[GRAPHIC: **Interview flow illustration**
A visual of three interview lanes: customer buyer, internal commercial team, ecosystem partner. Show each lane feeding into a central decision box: ""build, refine, or stop"".]

## Step 4: Engineer the operating model behind the offer

This is where hype usually breaks.

An AI offer is only as strong as the operating model that supports it.

That includes:

- data readiness
- security and governance
- role ownership
- review workflows
- support model
- escalation paths
- implementation guidance
- success metrics
- customer adoption plan

This is also where human-centered design matters. If the customer team does not trust the output, understand how to use it, or know who owns it, adoption dies quietly.

We never treat readiness as a side topic. It is the condition for measurable outcomes.

### The minimum operating model questions

- Who owns the offer after launch?
- What needs human review before output reaches a customer?
- Where are the risk boundaries?
- What customer behavior has to change for value to show up?
- What training, onboarding, or service wrapper is required?
- How will success be measured at 30, 60, and 90 days?

[GRAPHIC: **Operating model diagram**
A hub-and-spoke illustration with the AI offer in the center and spokes labeled governance, ownership, customer success, support, data, security, adoption, and measurement. Include a visible ring around the model labeled ""human-centered adoption"".]

## Step 5: Connect the offer to the go-to-market motion

A good AI offer can still fail if the selling motion stays generic.

For a Microsoft-aligned ISV founder, this section matters more than most firms admit.

Your AI story has to work in at least three contexts:

1. **direct sales conversations**, where buyers want business value and delivery confidence
2. **Microsoft ecosystem conversations**, where relevance, alignment, and clarity matter
3. **partner and channel conversations**, where others need to repeat your value story accurately

That means your team needs:

- a clear problem statement
- a differentiated AI narrative tied to customer outcomes
- packaging and pricing logic
- objection handling around risk, governance, and readiness
- a short explanation of why this matters now
- a path to initial value customers can believe

Large firms often bring more scale here. They also often bring more standardization. Founders need a sharper fit to their actual market story, not a generic AI pitch deck.

[GRAPHIC: **Message house visual**
Top: customer pain
Middle pillars: business outcome, AI capability, operating trust, Microsoft alignment
Base: proof path in 30/60/90 days
Design this as a practical sales-enablement asset, not brand fluff.]

## Step 6: Measure value realization early

Most AI offers fail quietly because teams wait too long to define success.

We recommend a simple 30/60/90 value realization structure.

### In 30 days
Measure readiness and early signal.

- pilot enrollment
- user activation
- implementation friction
- trust and usability feedback
- seller comprehension
- partner comprehension

### In 60 days
Measure adoption and workflow value.

- active usage by role
- time saved in target workflow
- frequency of insight use
- reduction in manual workarounds
- implementation consistency
- support ticket patterns

### In 90 days
Measure commercial effect.

- conversion to paid
- premium tier uptake
- attach rate
- expansion influence
- retention signal
- pipeline acceleration or win-rate influence, where trackable

Not every company can measure every indicator immediately. That is fine. What matters is choosing a value path before launch, so the team can learn fast and adjust.

[GRAPHIC: **30/60/90 roadmap**
A sleek three-column milestone chart with color-coded metrics. Include icons for readiness, adoption, and revenue. This should feel practical enough to lift into a client-facing workshop.]

---

# Chapter 4: Revenue value engineering for Microsoft-aligned ISVs

[GRAPHIC: **Chapter opener**
An ecosystem map showing the ISV at the center, connected to Microsoft sellers, partner managers, marketplace, customers, and implementation partners. Highlight ""offer clarity"" as the force that strengthens every connection.]

For founders building on Microsoft, AI monetization has an extra layer.

You are not just designing an offer for end customers.
You are also shaping a story that has to travel through an ecosystem.

That changes the job.

## What Microsoft-aligned founders often miss

Many ISVs have solid technology and weak ecosystem translation.

They can explain the architecture.
They struggle to explain the business case in a way that fits Microsoft-led conversations.

That gap shows up when:

- your product sounds interesting but not urgent
- field sellers do not know when to bring you in
- your AI story feels detached from customer business outcomes
- your marketplace presence does not reinforce a premium narrative
- your partner materials sound technical, not commercial

A strong AI revenue strategy should answer five Microsoft-relevant questions clearly:

1. What customer outcome does this improve?
2. Which role cares enough to fund it?
3. Why is this better than a generic AI layer added by the customer later?
4. How does this align to a broader cloud, data, security, or business transformation motion?
5. What proof can a seller or partner use to position it confidently?

## The ecosystem-aware offer test

Before you finalize an AI offer, test it across these dimensions:

### Customer fit
Is the pain real, expensive, and visible?

### Commercial fit
Can your team package, price, and sell it cleanly?

### Delivery fit
Can you support the promise repeatedly without heroics?

### Ecosystem fit
Will Microsoft sellers, partner teams, or adjacent partners understand when and why to include you?

### Strategic fit
Does this strengthen your category position, or just check an AI box?

[GRAPHIC: **Five-fit assessment**
Pentagon radar chart with the five fits: customer, commercial, delivery, ecosystem, strategic. Show an example shaded profile for a strong AI offer versus a weak one.]

## Examples of AI offer patterns that often work

Without inventing claims or forcing a one-size-fits-all model, we commonly see founders evaluate patterns like these:

- turning manual expert analysis into a premium AI-assisted insight module
- converting implementation know-how into an AI-enabled onboarding service
- packaging predictive signals into a role-specific decision product
- bundling workflow intelligence into a higher-value edition
- creating a managed advisory layer that helps customers operationalize the product faster

The point is not to chase a trend.
The point is to find the shape customers will buy and your company can deliver.

[GRAPHIC: **Pattern cards**
A set of five visual cards, each with an icon, title, short description, buyer role, likely pricing model, and operational requirement. Make these feel like swipeable product strategy cards.]

---

# Chapter 5: Common mistakes that kill AI revenue bets

[GRAPHIC: **Chapter opener**
A bold ""warning signs"" spread with red-flag icons on a dark accent background. Keep it sophisticated, not alarmist.]

The fastest way to waste an AI budget is to make commercial decisions too late.

Here are the mistakes we see most often.

## Mistake 1: Starting with the model, not the market

Technical novelty does not create demand by itself.

## Mistake 2: Hiding the offer inside the roadmap

If sales cannot explain the AI story simply, the market will not price it into your value.

## Mistake 3: Treating governance as legal clean-up

Governance should shape the offer design early, especially if trust and review are part of the product promise.

## Mistake 4: Launching without defined ownership

If product, sales, customer success, and services all assume someone else owns monetization, no one really owns it.

## Mistake 5: Ignoring the human adoption layer

Buyers do not pay for outputs they do not trust or workflows they cannot absorb.

## Mistake 6: Letting ecosystem alignment happen by accident

If you build on Microsoft but your AI narrative does not map to ecosystem conversations, you leave distribution value on the table.

## Mistake 7: Calling any AI feature a strategy

A strategy chooses where to play, what to sell, how to win, and what to measure.

Everything else is activity.

[GRAPHIC: **Red flags checklist**
A designed checklist page titled ""If three of these are true, stop before you build more."" Include concise statements with room for visual checkboxes. Style it like an operator's diagnostic sheet.]

---

# Chapter 6: A practical starting plan for the next 90 days

[GRAPHIC: **Chapter opener**
A boardroom wall calendar or operating cadence visual with three monthly phases. Use minimalist icons and strong hierarchy.]

If you are a founder reading this and thinking, ""We have AI activity, but not a clean revenue thesis,"" start here.

## Days 1-30: choose the commercial bet

Focus on clarity before expansion.

- identify the top one to three revenue pressures where AI could matter
- map current AI capabilities and roadmap ideas against buyer pain
- decide which offer shapes are worth evaluating
- interview customers, sellers, and ecosystem contacts
- define the first value metrics you would trust

**Output:** one prioritized AI revenue hypothesis with a clear buyer, pain, offer shape, and value path.

## Days 31-60: design the offer and operating model

Focus on what has to be true for the offer to work.

- define packaging, pricing logic, and positioning
- map delivery requirements and support implications
- establish governance and human review boundaries
- align product, sales, and customer success ownership
- build the first go-to-market narrative and objection handling

**Output:** one designed AI offer with an operating model behind it.

## Days 61-90: test the motion

Focus on controlled commercial learning.

- pilot the offer with a small set of target customers or design partners
- equip sales and partner-facing teams with a usable narrative
- track adoption, proof, friction, and willingness to pay
- refine the promise based on real usage and buyer response
- decide whether to scale, repackage, or stop

**Output:** one real market-tested learning cycle, not ten internal opinions.

[GRAPHIC: **90-day action plan**
A three-phase infographic with outputs at the bottom of each phase. Include a side panel labeled ""decision gates"" with three options at each stage: proceed, refine, stop.]

---

# Conclusion: AI should change your revenue model, not just your cost base

[GRAPHIC: **Conclusion visual**
A closing full-page illustration of a founder looking at two dashboards. One shows internal efficiency metrics only. The other shows product adoption, premium revenue, attach rate, and ecosystem-driven pipeline. The second dashboard should be visually brighter and more strategically meaningful.]

The market does not reward AI effort.
It rewards AI outcomes.

For founders in the Microsoft ecosystem, the opportunity is bigger than internal automation. AI can strengthen your offer, sharpen your category story, and create new paths to revenue, but only if you design for commercial value from the start.

That means moving beyond experimentation without structure.
Beyond feature shipping without offer design.
Beyond ecosystem participation without a story others can carry.

AI revenue value engineering is not a theory exercise. It is the discipline of deciding where AI belongs in your commercial model, building the operating support behind it, and measuring whether it actually creates value.

If you are sitting on useful AI capability but have not yet turned it into a clear product, premium tier, service line, or market-facing growth story, that is the work now.

Explore where AI can create a new offer, not just improve an old process.

## CTA

Book a working session with Synozur to identify one AI revenue opportunity in your business, define the offer shape, and map the first 90 days to measurable value.",,,,,active,f,116500d0-357e-4ace-a7af-7264ed58e22a,2026-06-12 15:09:37.062072,2026-06-12 15:09:37.062072,,,none,,,whitepaper,,,,,,,,,,,,f,,,,,36601ad9-cdc1-4a4e-8ae2-97b316eec64e,,,,
1c29d2ff-03db-4658-910b-cfd2a9efe8fe,synozur.com,137db123-4906-4e61-af99-f0d23d86a622,Revenue value engineering: turning AI capability into new products and services,A webinar plan for Microsoft-aligned ISV founders on turning AI capability into new revenue-generating offers.,,"## Part 1, Webinar Overview

### Registration-page title
**Revenue value engineering: turning AI capability into new products and services**

### Abstract
Your team is already feeling pressure to “do something with AI.” The real issue is not tool adoption. It is revenue. If you build on Microsoft Azure, the market is moving fast, buyers expect AI-native experiences, and Microsoft sellers respond to clear business value, not vague innovation language.

This webinar is for founders of Microsoft-aligned ISVs who need a practical way to turn AI capability into new offers, sharper positioning, and stronger go-to-market alignment. We will walk through how to identify revenue-worthy AI use cases, test whether they belong in your product or service model, and map them to measurable commercial outcomes. You will leave with a simple framework to move from scattered AI ideas to a clearer offer strategy, without shipping AI slop or betting the roadmap on hype.

### Audience takeaways
- A practical framework for identifying where AI can create net-new revenue, not just internal efficiency
- A way to evaluate whether an AI idea should become a product feature, a packaged service, or a new commercial offer
- A clearer approach to aligning AI offers with buyer demand, Microsoft priorities, and go-to-market traction
- A set of next steps to move from AI-ready to AI-enabled, then toward AI-first offer design

### Suggested duration and run-of-show
- 5 min, welcome and framing
- 10 min, why most AI initiatives do not translate into revenue
- 20 min, the revenue value engineering framework
- 10 min, example walkthrough and offer design exercise
- 10 min, aligning the offer to Microsoft go-to-market realities
- 5 min, recap and next steps
- 15 min, live Q&A

### CTA attendees should leave with
Explore one AI use case in your business that can become a new offer, then pressure-test it against revenue potential, buyer demand, and delivery readiness.

---

## Part 2, Presentation Deck Outline

### Slide 1, Title slide
- Revenue value engineering, turning AI capability into new products and services
- For Microsoft-aligned ISV founders under pressure to show AI value in revenue terms
- Synozur logo, presenter name, date
- [GRAPHIC: clean title visual using brand colors with a simple AI-to-revenue flow]

**Speaker note:** Set the tone, this session is about commercial outcomes, not AI theater.

### Slide 2, Agenda
- Why AI capability alone does not create revenue
- The revenue value engineering framework
- How to choose between feature, service, or new offer
- Microsoft alignment and go-to-market implications
- Example walkthrough, recap, and Q&A

**Speaker note:** Show the path clearly so founders know this will stay practical.

### Slide 3, Why now: the pressure has changed
- Buyers now expect AI-native thinking, not AI as an afterthought
- Boards and investors are asking for measurable AI impact, not experimentation for its own sake
- Microsoft ecosystem momentum favors partners who can tie AI to customer value and platform relevance
- Teams that stay in “AI brainstorm mode” risk losing category clarity

**Speaker note:** Ground the urgency in market reality without sounding alarmist.

### Slide 4, The common trap: AI as productivity theater
- Most teams start with internal use cases because they feel safer
- Internal efficiency matters, but it rarely sharpens your market story on its own
- Scattered pilots create activity without a commercial thesis
- The result is motion, not new pipeline

**Speaker note:** Name the problem the founder is likely living through right now.

### Slide 5, What revenue value engineering means
- Revenue value engineering is the discipline of turning AI capability into offers customers will buy
- It links capability, customer pain, delivery model, and monetization
- It forces a decision, better product, packaged service, or net-new offer
- It measures success in adoption, pipeline, deal velocity, expansion, and margin potential

**Speaker note:** Define the term in plain language and anchor it to measurable outcomes.

### Slide 6, The Synozur lens: AI-first, human-centered
- AI accelerates, experts decide
- Nothing goes to market without human review
- No actual impersonation of a person, ever
- ASK → REVIEW → EDIT → REPEAT is how we keep speed without shipping junk

**Speaker note:** Differentiate from firms that push tools first and ignore trust, quality, and adoption.

### Slide 7, The framework overview
- Step 1, find the revenue pressure point
- Step 2, identify the AI capability that changes the offer
- Step 3, choose the commercial shape
- Step 4, test demand, readiness, and economics
- [GRAPHIC: four-step framework diagram]

**Speaker note:** Introduce the core framework before unpacking each step.

### Slide 8, Step 1: find the revenue pressure point
- Look for customer pain tied to speed, risk, quality, or decision-making
- Prioritize pains your current offer does not solve well enough today
- Focus on problems buyers already budget to fix
- Write the problem in customer language, not model or tooling language

**Speaker note:** The best AI offers start with demand, not capability.

### Slide 9, Step 2: identify the AI capability that changes the offer
- Map the pain to one or two AI capabilities, not ten
- Examples, summarization, prediction, recommendation, workflow automation, guided analysis
- Ask whether AI changes the outcome, the experience, or the cost to deliver
- If it does not materially change one of those, it may not belong in the offer

**Speaker note:** Help founders avoid bloated AI roadmaps and feature sprawl.

### Slide 10, Step 3: choose the commercial shape
- Product feature, strengthens core product stickiness and win rate
- Packaged service, creates advisory or managed-service revenue around AI-enabled outcomes
- Net-new offer, opens a new budget line or buyer conversation
- [GRAPHIC: decision tree for feature vs service vs net-new offer]

**Speaker note:** This is where AI ideas become commercial design choices.

### Slide 11, Step 4: test demand, readiness, and economics
- Demand, will a target buyer care enough to change budget or priority
- Readiness, do you have the data, workflow, and governance to deliver credibly
- Economics, can you price and support it with healthy margins
- Trust, can you explain where human judgment stays in the loop

**Speaker note:** Revenue ideas fail when teams skip the operating-model reality check.

### Slide 12, 30/60/90 value realization for a new AI offer
- 30 days, define target use case, buyer, value hypothesis, and success metrics
- 60 days, prototype the offer, validate messaging, and test with design partners
- 90 days, launch a pilot with commercial terms and adoption checkpoints
- Measure pipeline created, pilot conversion, time-to-value, and expansion potential
- [GRAPHIC: 30/60/90 milestone timeline]

**Speaker note:** Show a realistic path from idea to market signal.

### Slide 13, Microsoft-aligned ISV example walkthrough
- Example placeholder, Azure-based ISV adds AI-guided insights to reduce time-to-decision for end users
- Revenue paths, premium tier feature, implementation package, or industry-specific add-on
- Microsoft relevance, clearer platform story, stronger co-sell narrative, better field engagement
- Risks to manage, weak data inputs, vague positioning, underpriced services

**Speaker note:** Keep the example close to the founder’s world without inventing fake case-study details.

### Slide 14, Demo or example artifact placeholder
- Offer canvas, buyer pain, AI capability, delivery model, pricing logic, proof points
- Messaging test, how the offer is described in one sentence, on a landing page, and in a Microsoft seller conversation
- Readiness checklist, data, governance, customer success, support
- [GRAPHIC: sample offer canvas or workshop worksheet]

**Speaker note:** Give attendees something tangible they can picture using with their team.

### Slide 15, What general AI tools cannot do for you
- They can generate ideas, but they cannot decide your market thesis
- They do not know your buyer economics, partner motion, or delivery constraints
- They cannot create governance, pricing discipline, or leadership alignment
- AI tools are inputs, not your operating model

**Speaker note:** Create clear differentiation against DIY AI strategy.

### Slide 16, What makes this stick
- Tie every AI offer to one measurable business outcome
- Design the human review model before launch
- Assign clear ownership across product, go-to-market, and customer delivery
- Move up the ladder, AI-ready to AI-enabled to AI-first

**Speaker note:** Reinforce that sustainable AI revenue depends on operating discipline.

### Slide 17, Recap
- Start with revenue pressure, not AI excitement
- Match capability to a real customer pain
- Choose the right commercial shape
- Validate demand, readiness, economics, and trust before scaling

**Speaker note:** Boil the framework down so it is easy to remember and use.

### Slide 18, Closing CTA
- Explore where AI can create a new offer, not just improve an old process
- Book a Synozur working session to map one AI revenue opportunity in your business
- Leave with a draft offer hypothesis, a 30/60/90 plan, and the key risks to address first
- [GRAPHIC: simple CTA slide with URL or contact path]

**Speaker note:** End with a concrete next step tied directly to the session content.",,,,,active,f,116500d0-357e-4ace-a7af-7264ed58e22a,2026-06-12 15:11:24.964996,2026-06-12 15:11:24.964996,,,none,,,other,,,,,,,,,,,,f,,,,,83ce3b07-d49e-47e7-9467-37441fb6208f,,,,
f2944fc3-de06-47d0-8fb1-836b310764df,synozur.com,137db123-4906-4e61-af99-f0d23d86a622,Revenue value engineering: turning AI capability into new products and services,"AI revenue value engineering for ISV founders, turning AI capability into new offers, stronger partner stories, and measurable growth.",,"Most AI conversations start too small.

They start with note-taking, internal copilots, or a few hours saved in back-office work. Those gains matter, but for a Microsoft-aligned ISV founder, they are rarely the whole story. If your board, your investors, or your leadership team is asking what AI means for growth, cost savings alone will not hold the room for long.

This is where AI revenue value engineering matters.

At its simplest, AI revenue value engineering is the discipline of turning AI capability into something the market will buy. Not a demo. Not a lab experiment. A product feature, packaged service, pricing model, or customer outcome that creates new revenue and strengthens your position in the Microsoft ecosystem.

The founders who move first are not always the ones with the biggest models or the most engineers. They are the ones who connect AI to demand, operating readiness, and a clear commercial path.

**Why efficiency-first AI often leaves money on the table**

A lot of mid-market companies treat AI as an internal productivity layer. That is understandable. It feels lower risk, easier to pilot, and simpler to explain.

For an ISV, that framing can also be limiting.

If AI only helps your team work faster, the upside stays inside your business. If AI helps your customers make better decisions, reduce cycle time, automate expert work, or see around corners they could not see before, the upside becomes commercial.

That distinction matters in the Microsoft channel. Microsoft sellers are not looking for one more vendor with generic AI language on the website. They need partner stories tied to customer outcomes, Azure consumption, and solution-area relevance. If your AI narrative is only about internal efficiency, it is harder to earn attention. If your offer clearly helps a target buyer solve an expensive problem in a new way, your story gets sharper.

This is also where many founders get stuck. They have AI ambition, but it is scattered across roadmap ideas, customer requests, and pressure to “do something with Copilot.” The result is activity without a revenue thesis.

AI revenue value engineering forces the harder question first. Where can AI create a new offer, not just improve an old process?

**The four moves behind AI revenue value engineering**

The work usually starts before product build.

First, identify the revenue problem worth solving. That means looking at buyer friction, unmet service demand, pricing pressure, expansion opportunities, and customer workflows where speed or judgment creates economic value. Good AI revenue opportunities are attached to painful bottlenecks, not novelty.

Second, map AI capability to a commercial model. Some opportunities belong inside the product as premium functionality. Some should become a managed service, advisory layer, or implementation accelerator. Some are best packaged as outcome-based offers. The point is not to add AI everywhere. The point is to decide how AI changes what you sell and how you price it.

Third, test operating readiness. This is where many firms skip steps. You may have a compelling concept, but no defined AI roles, weak governance, unclear review standards, or no plan for customer trust. We are strict here for a reason. AI accelerates, experts decide. Nothing client-facing should ship without human review. Our own guardrails are simple and publishable: ask, review, edit, repeat.

Fourth, define measurable value early. If the new AI offer cannot be tied to adoption, expansion revenue, average contract value, time-to-value, or another clear business metric, it is not ready. Founders do not need more AI ideas. They need a path to revenue they can defend.

[VISUAL: a simple 4-step diagram showing AI revenue value engineering from market pain → AI capability → offer design → measurable commercial outcome, using Synozur brand colors]

**Where Microsoft-aligned ISVs have an edge**

The Microsoft ecosystem creates a real opportunity here, but only if you are specific.

Many ISVs already have ingredients that can support an AI revenue move: domain data, recurring customer workflows, existing Azure alignment, and access to buyers who trust them in a narrow problem space. That is a better starting point than trying to invent a broad AI platform from scratch.

We see the strongest opportunities in three areas.

One is turning expert services into AI-enabled recurring offers. If your team repeatedly helps customers configure, analyze, monitor, or optimize the same workflow, parts of that expertise may be packaged into a higher-margin service with AI doing the first-pass work and humans making the final call.

Another is creating premium product tiers around prediction, recommendation, summarization, or workflow acceleration. This works when the feature is tied to a meaningful business outcome, not just a flashy interface.

The third is building implementation and adoption offers around Microsoft-aligned AI capabilities. Many customers do not just need software. They need help becoming AI-ready, then AI-enabled, then AI-first. A founder who can guide that progression with a clear operating model has a stronger commercial story than a founder selling features alone.

This is also where Synozur differs from larger firms and tool-first providers. Big consultancies often lead with the platform. Software vendors lead with the feature. We start with the business model, the operating model, and the human adoption path. That keeps the work grounded in what a buyer will actually pay for and what a team can actually deliver.

**What to avoid when building AI offers**

A few mistakes show up again and again.

The first is bolting AI onto the roadmap because competitors did. That usually creates weak differentiation and confused messaging.

The second is treating general-purpose AI tools as strategy. ChatGPT, Claude, and copilots can help teams think faster and produce faster. They do not decide which customer problem is valuable enough to build around, how to package it, what governance is required, or how to align it to your Microsoft go-to-market motion.

The third is ignoring trust. If your customers cannot tell where automation starts, where human review happens, and how risk is managed, adoption slows down. Fast.

The fourth is separating product decisions from commercial decisions. A technically impressive AI feature can still fail if sales cannot explain it, customer success cannot support it, or pricing does not match perceived value.

**From AI capability to marketable growth**

Founders do not need another lecture on AI potential. They need a way to convert capability into revenue with less waste and more clarity.

That means choosing fewer opportunities, tying them to real demand, and building the operating discipline to deliver them well. It also means resisting the temptation to confuse experimentation with strategy.

AI revenue value engineering is not about squeezing one more efficiency gain from the current business. It is about deciding where AI lets you sell something better, faster, or entirely new.

If you are a Microsoft-aligned ISV founder, that decision affects more than product roadmap. It shapes your partner story, your sales narrative, your expansion path, and your relevance in an AI-first market.

Explore where AI can create a new offer, not just improve an old process. Start there, then build the model that earns revenue.",,,,,active,f,116500d0-357e-4ace-a7af-7264ed58e22a,2026-06-12 15:06:23.297168,2026-06-12 15:06:23.297168,,,none,,,blog_post,,,,,,,,"For Microsoft-aligned ISV founders, the real AI opportunity is not just internal efficiency, it is building offers customers will pay for.","Many AI initiatives stall because they are framed as productivity projects instead of revenue moves. This post explains how AI revenue value engineering helps Microsoft-aligned ISV founders turn scattered AI ideas into marketable products, smarter services, and measurable growth, without chasing hype or shipping features no one needs.","AI revenue value engineering, Microsoft ISV strategy, AI product strategy, new service innovation, AI transformation",,f,,,,,698dfd5b-9e35-4c63-94b3-e733cded672e,,,,
405b93d4-6fcd-4fac-be71-854cf6fe31b1,synozur.com,137db123-4906-4e61-af99-f0d23d86a622,Revenue value engineering starts when AI becomes an offer,"A practical take on AI revenue value engineering for Microsoft-aligned ISV founders under pressure to turn AI into growth, not just efficiency.",,"Most AI plans inside SaaS companies are still cost stories.

Copilot for internal productivity.
Automation for support.
Faster content, faster code, faster reporting.

Useful, yes.
Enough, no.

If you are a Microsoft-aligned ISV, AI revenue value engineering means asking a harder question: where should AI change the thing you sell, not just how your team works?

A practical filter:

1. Start with customer friction that already slows deals or renewals.
2. Find the decision point where AI can add speed, prediction, or guided action.
3. Package that capability as a paid feature, premium service, or usage-based offer.
4. Test whether it also strengthens your Microsoft story, Azure consumption, solution alignment, or co-sell relevance.

That last part matters. A lot of founders build AI features in isolation, then wonder why Microsoft sellers do not care.

Revenue value engineering connects product, go-to-market, and ecosystem fit, so your AI investment has a path to pipeline, not just efficiency.

If your AI roadmap only saves hours, you are leaving revenue on the table.

Explore where AI can create a new offer, not just improve an old process. Start there.",,,,,active,f,116500d0-357e-4ace-a7af-7264ed58e22a,2026-06-12 15:06:43.562901,2026-06-12 15:06:43.562901,,,none,,,other,,,,,,,,,,,,f,,,,,2beaabdb-13aa-46c2-8d89-eb61727798cb,,,,
5c28660f-5c0b-4103-a844-23e42f20f1f2,synozur.com,137db123-4906-4e61-af99-f0d23d86a622,Revenue value engineering starts where AI cost savings stop,"A LinkedIn post for ISV founders on turning AI from an internal tool into a packaged, sellable offer tied to market demand.",,"Most AI plans die in the wrong spreadsheet.

They get framed as productivity plays, headcount savings, or internal efficiency projects.

That matters, but if you are a Microsoft-aligned ISV founder, it is not enough.

AI revenue value engineering means asking a harder question: where can AI become a sellable offer?

Not a feature you bolt on for demo day.

A packaged capability your buyers will pay for, your sellers can explain, and Microsoft can map to real solution priorities.

A practical filter we use:
- Does it solve a customer problem that already has budget?
- Can your team deliver it without custom work every time?
- Does it drive a clear outcome the buyer can measure?
- Does it strengthen your partner story, not just your product roadmap?

If the answer is no, you do not have a new AI offer yet. You have an experiment.

The shift is simple. Stop treating AI as internal tooling only. Start treating it as product strategy, service design, and go-to-market design at the same time.

That is how scattered AI ambition turns into pipeline.

If you want to find the AI offer hiding inside your current capability set, start there. Explore where AI can create a new offer, not just improve an old process.",,,,,active,f,116500d0-357e-4ace-a7af-7264ed58e22a,2026-06-12 15:11:32.290306,2026-06-12 15:11:32.290306,,,none,,,other,,,,,,,,,,,,f,,,,,b4dd17ed-f629-4c33-b795-0c29ee4fa3ff,,,,
577faac1-0f8b-4d5f-8f3a-842a561889bc,synozur.com,137db123-4906-4e61-af99-f0d23d86a622,Training is not transformation,"AI training builds awareness, but adoption only happens when workflows, decision rights, and operating cadence actually change.",,"Your team finishing AI training does not mean your company is becoming AI-first.

Most CEOs are seeing the same pattern.

People attend the workshop.
They try a few prompts.
Maybe a pilot gets some attention.

Then everyone goes back to the old way of working.

That is not a training problem. It is an operating model problem.

AI adoption beyond training happens when AI shows up inside the moments that already run the business:
- weekly leadership meetings
- forecasting and planning
- frontline decisions
- role ownership
- approval paths
- follow-through

If no one owns where AI should inform a decision, what gets reviewed by a human, and how success will be measured in 30, 60, and 90 days, adoption stalls.

Awareness went up.
Behavior did not change.

The leaders getting real traction are not asking teams to “use more AI.”
They are redesigning decision rhythms, clarifying decision rights, and building accountability into daily work.

AI accelerates. Experts decide.

If your AI effort has raised interest but not changed behavior, assess the workflow, not the workshop. Then fix the operating cadence. Start there.",,,,,active,f,116500d0-357e-4ace-a7af-7264ed58e22a,2026-06-12 15:04:46.880267,2026-06-12 15:33:20.955,,/public-objects/conference-images/9b8fabbb-83dd-4cbb-8c98-b420f6684c66.png,none,,,other,,,,,,,,,,,,f,,,,,bbc634c4-a8c8-40d8-a38a-798164ae6014,,,,
a52641e5-118e-4148-92d6-4069c238070c,synozur.com,137db123-4906-4e61-af99-f0d23d86a622,Training is not transformation: how to embed AI into daily decision rhythms,"AI adoption beyond training requires new workflows, decision rights, and accountability rhythms, not just workshops and tool demos.",,"Most AI training programs feel productive in the moment.

Your team attends a workshop. People leave with new vocabulary. A few employees test a tool. Someone shares a prompt library. For a week or two, it looks like progress.

Then the business snaps back to its old habits.

Leadership meetings still run on opinions instead of evidence. Managers still make decisions from stale spreadsheets. Teams still treat AI like an optional side tool instead of part of how work gets done. The result is familiar, expensive, and frustrating. You paid for awareness, but you did not get adoption.

For a scaling CEO, that gap matters. You are not trying to create a more AI-literate company for its own sake. You are trying to build a company that makes better decisions, moves faster, and stays relevant as competitors become AI-first.

**Why training alone does not change behavior**

Training usually focuses on individual knowledge. Transformation requires organizational behavior change.

That sounds obvious, but it is where most companies get stuck. They teach employees what AI is and how a few tools work, but they do not redesign the operating model around those tools. No one defines where AI should inform decisions. No one updates the meeting cadence. No one clarifies decision rights, governance, or what good usage actually looks like in a given role.

So AI stays abstract.

People use it when they have extra time. They avoid it when stakes feel high. Managers praise experimentation, but still reward the old way of working. Teams produce more drafts, more summaries, more ideas, but not better decisions or measurable business outcomes.

This is the real issue behind the search for AI adoption beyond training. The barrier is rarely effort alone. It is the absence of structure.

If you want AI to stick, your company needs more than literacy. It needs new habits that are tied to how work is reviewed, approved, measured, and improved.

**What real AI adoption looks like in a scaling company**

In a healthy transformation, AI does not sit on the edge of the business. It gets embedded into the moments that shape performance.

That usually means five shifts.

First, core decisions are named. Forecasting, pricing, hiring, customer prioritization, inventory planning, board reporting, project scoping, these are not generic workflows. They are business-critical decisions with real consequences. If AI is not being applied to these moments, adoption will stay shallow.

Second, role expectations change. A leader should know when AI is expected to support analysis, draft options, pressure-test assumptions, or surface risks. An operator should know what they own, what AI can accelerate, and where human judgment is required. AI accelerates, experts decide.

Third, the operating cadence changes. If your weekly leadership meeting, monthly business review, and quarterly planning process look exactly the same as they did before AI, then your company has not transformed. It has only added tools.

Fourth, governance becomes practical. Not a policy document that sits unread, but clear guardrails people can actually use. At Synozur, we believe in a simple discipline: ask, review, edit, repeat. Nothing important moves forward without human review. No actual impersonation of a person, ever. No AI slop shipped internally or externally.

Fifth, accountability gets attached to outcomes. Not “Did people attend training?” but “Did cycle time drop?” “Did forecast accuracy improve?” “Did decision prep happen faster?” “Did managers use AI in the agreed moments?”

[VISUAL: A simple ladder graphic showing AI-ready, AI-enabled, and AI-first, alongside a second layer mapping training, workflow redesign, decision rights, operating cadence, and measurable outcomes.]

That is the shift from AI-ready to AI-enabled to AI-first. Training may help you get ready. It does not, by itself, make you AI-first.

**The operating rhythm CEOs should actually look for**

If you are leading a 500-person company, this gets practical very quickly.

Start with one recurring decision rhythm at the leadership level. Pick a meeting or process that already matters, where speed and judgment both count. For many CEOs, that is the weekly executive meeting, the monthly operating review, or the quarterly planning cycle.

Then ask four questions.

Where should AI improve the quality or speed of preparation?

What inputs should be AI-assisted before people enter the room?

What decisions still belong fully to human leaders?

How will we know this change is working in 30, 60, and 90 days?

This is where many AI efforts either become real or die quietly.

If every executive prepares for the weekly leadership meeting differently, AI usage will stay inconsistent. If there is no agreed template for pre-read analysis, no expectation for scenario modeling, no discipline around action tracking, then AI becomes optional. Optional tools produce optional behavior. Optional behavior does not create transformation.

The better model is to hardwire AI into the rhythm. For example, executive pre-reads may include AI-assisted summaries of KPI movement, identified anomalies, draft decision options, and risk flags, all reviewed by the accountable leader before discussion. That preserves human judgment while improving speed-to-insight.

Now you have something measurable. Preparation time. Decision speed. Follow-through quality. Fewer meetings spent gathering facts, more time spent making calls.

That is what AI adoption beyond training should mean for a CEO. Not broader awareness. Better organizational reflexes.

**The hidden reason adoption stalls, even after a good kickoff**

Most teams are not resisting AI because they are lazy or afraid of change. They are reacting to mixed signals.

They hear that AI matters, but they are not shown where it fits in the real work. They are told to experiment, but not given guardrails. They attend training, but their manager never changes expectations. They see leadership endorse AI publicly, then make major decisions the old way.

People watch what gets rewarded.

If your company still promotes the leader with the best instincts, not the leader with the best AI-augmented decision process, employees will notice. If your meetings still reward whoever talks first, not whoever brings the clearest evidence, they will notice that too.

This is why human-centered adoption matters. You cannot shame people into becoming AI-first. You need to make the next step feel usable, safe, and worth the effort. That means meeting teams where they are, building confidence in stages, and redesigning work in ways they can actually sustain.

The ladder matters here. AI-ready means people understand the basics. AI-enabled means they can apply tools in their role with guardrails. AI-first means the business has rewired its operating model so AI-supported work is the norm, not the exception.

Most companies celebrate step one and assume step three will follow. It does not.

**What to do next if your AI program feels stuck**

If your current effort has produced enthusiasm without impact, do not start by adding more training.

Start by auditing behavior.

Look at your leadership team first. Which recurring decisions should now be AI-assisted? Which meetings should run differently? Which roles need clearer expectations? Which outputs require human review? Which metrics would prove that the change is real?

You do not need a bigger prompt library. You need a clearer operating model.

That is the work most companies skip, and it is why so many AI investments produce scattered ambition instead of measurable outcomes. Large firms often respond by adding more technology. Software-only approaches respond by adding another tool. Neither fixes the core issue if your people, workflows, and accountability rhythms remain untouched.

Transformation is not when your team knows more about AI.

Transformation is when your company cannot imagine running its most important decisions without it.

If you want to assess whether your AI effort is changing behavior or just increasing awareness, start with one leadership rhythm this quarter and measure what changes. Then decide if you are building adoption, or just attendance.",,,,,active,f,116500d0-357e-4ace-a7af-7264ed58e22a,2026-06-12 15:05:51.616677,2026-06-12 15:05:51.616677,,,none,,,blog_post,,,,,,,,"If AI training is raising awareness but not changing how your leadership team works, your company is still at the starting line.","Many AI programs fail for a simple reason: they teach tools, but never change how decisions get made. This post explains why AI adoption beyond training requires new workflows, decision rights, operating cadences, and accountability, not just better prompts, so CEOs can turn scattered experimentation into measurable behavior change.","AI adoption beyond training, AI transformation, operating model, change management, midmarket CEO",,f,,,,,17e9eeae-30c4-4f0c-aa12-a25bdf7fc5fd,,,,
a396d283-214d-4d07-ab24-46e028dc9123,synozur.com,137db123-4906-4e61-af99-f0d23d86a622,"Revenue value engineering starts when AI becomes an offer, not a feature","A practical take on AI revenue value engineering for ISV founders who need AI to create new revenue, not just efficiency.",,"Most AI work inside SaaS companies is aimed at saving time.

That matters. It just rarely changes the revenue story.

If you are a Microsoft-aligned ISV founder, AI revenue value engineering means asking a harder question:

Where can AI help us create something customers will pay more for, buy faster, or expand into?

A practical place to start is this 3-part screen:

1. Repeated customer friction  
Look for work your customers do over and over, slowly, manually, or inconsistently.

2. Proprietary advantage  
Use the data, workflow position, or domain context only you can access inside your product.

3. Commercial fit  
Package it as a new premium feature, managed service, or outcome-based offer tied to a clear buyer need.

That is the shift from AI as internal productivity to AI as product and service strategy.

The mistake we see is founders jumping to copilots and chat interfaces before they define the offer, the buyer, and the revenue logic. That creates demos, not pipeline.

Start with one use case where AI can move expansion revenue, win rate, or deal size. Then build the operating model, governance, and human review around it. AI accelerates, experts decide.

If you want to find one AI-powered offer your market will actually buy, map it before you build it. Explore where AI can create a new offer, not just improve an old process.",,,,,active,f,116500d0-357e-4ace-a7af-7264ed58e22a,2026-06-12 15:06:36.978856,2026-06-12 15:06:36.978856,,,none,,,other,,,,,,,,,,,,f,,,,,fea55a68-f6cf-4ee1-bbee-766a132a6834,,,,
bce06e7e-4529-4670-aded-6a586741876f,synozur.com,137db123-4906-4e61-af99-f0d23d86a622,Revenue value engineering starts when AI becomes an offer,A practical LinkedIn post for ISV founders on turning AI from an efficiency play into a revenue-backed product or service offer.,,"Most AI projects inside SaaS companies save time, but never create new revenue.

That is the gap.

If you are a Microsoft-aligned ISV founder, AI revenue value engineering means asking a harder question: where should AI change the product, the service model, or the buyer outcome enough that customers will pay for it?

A practical filter:

- Product, AI makes the core workflow faster, smarter, or more predictive
- Service, AI turns expert delivery into a scalable advisory layer
- Commercial model, AI creates a premium tier, usage-based offer, or faster path to value

This is where many teams get stuck. They bolt on a copilot demo, call it innovation, then struggle to explain why it matters to Microsoft, the customer, or the pipeline.

The better path is tighter.

Start with one buyer problem, map the decision they are trying to make, then design the AI-assisted outcome around that moment. Not a feature dump. A revenue-backed offer.

That is how AI moves from internal efficiency project to co-sell story, marketplace value prop, and new ARR.

Pick one offer your team could redesign with AI in the next 90 days, then pressure-test whether a customer would buy the outcome. Start there.",,,,,active,f,116500d0-357e-4ace-a7af-7264ed58e22a,2026-06-12 15:06:51.221664,2026-06-12 15:06:51.221664,,,none,,,other,,,,,,,,,,,,f,,,,,b40fb479-4765-46a8-8d8f-991f2e4088f8,,,,
35004a06-1839-49dc-aaf7-5f53e2949ee6,synozur.com,137db123-4906-4e61-af99-f0d23d86a622,Microsoft Builds Its Own Engines. Access Is Solved. Now Prove It.,"A reflective LinkedIn digest on AI governance, Microsoft ecosystem strategy, execution discipline, and human-centered transformation.",,"
Subtitle: Build 2026’s real headlines were not “agents.” Microsoft launched its own seven-model fleet and an always-on Autopilot called Scout. Here is what that means for your leverage, your budget, and the three moves that turn access into measurable results.
By Chris McNulty, Chief Technology Officer, Synozur
If you lead a team right now, the AI headlines are sending you two messages. One says the technology is moving faster than you can plan for. The other, quieter one, is about leverage, cost, and control, and it is the one worth your time. Build 2026 was covered as a parade of agents. Look past the parade.
Build 2026: the headline was not agents, it was independence
I will permit myself one victory lap: last October, in our annual predictions, I called the date of this announcement to the day. Microsoft AI launched a family of seven in-house models, the MAI family, built across the tasks that show up in enterprise work:
•	MAI-Thinking-1, the flagship reasoning model, which Microsoft says matches leading models in its weight class.
•	MAI-Code-1-Flash, an efficient agentic coding model wired into GitHub Copilot and VS Code.
•	MAI-Image-2.5, MAI-Transcribe-1.5 across 43 languages, and MAI-Voice-2, each with a lower-cost Flash variant.
The scorecards are interesting. The strategy underneath them is what should change your planning. For two years, Microsoft’s AI story rested heavily on a single partner. With MAI, Microsoft has its own engines sitting alongside OpenAI’s and Anthropic’s. In one move, it repositioned itself from a reseller of someone else’s intelligence to a more neutral provider of several engines. For you, that is optionality: match the engine to the task and the budget, and switch without re-platforming.
•	Clean data lineage. Microsoft says the MAI models are trained on traceable, enterprise-grade data with no distillation from other labs.
•	Frontier Tuning. Tune an MAI model on your own workflow data, in your own environment, and keep the result. A model trained on your institutional knowledge, owned by you, at lower cost, is a new and serious option.
Scout and the age of Autopilots
The second announcement was Microsoft Scout, an always-on agent in a category Microsoft calls Autopilots: agents that work autonomously on your behalf, with their own identity, without being prompted each time. An assistant helps while you are present. A worker holds your priorities and follows through. Scout can read and write files, run scripts, patch code, launch sub-agents, and operate a browser.
That power is the point, and it is also the risk. Scout is built on OpenClaw, the open-agent framework I wrote about earlier this year as a virus with a friendly face in its unmanaged form. What makes Scout notable is how Microsoft wrapped that capability in governance:
•	Each Scout instance runs under its own governed Entra identity, so its actions are attributable to a real entity in your directory.
•	Credentials are scoped to individual tasks and redacted from diagnostic logs.
•	Activity is bound by Microsoft Purview sensitivity labels and DLP policies, and sensitive operations require human sign-off.
This is the governed-versus-shadow-IT choice I keep putting in front of leaders, and Microsoft made it explicitly. If your people want this, and they will, give them the governed version before they find an ungoverned one.
Follow the money, and the compute
•	Coding power is consolidating. SpaceX, fresh off the largest IPO in history, agreed to acquire Cursor for $60B.
•	Processing power is consolidating faster. Reflection AI alone committed $6.3B through 2029 at roughly $150M a month to SpaceX’s Colossus, and frontier labs like Anthropic are securing Colossus capacity too.
•	The buildout is going into debt. More of this infrastructure is funded with debt and private credit, not just equity, against data-center spend McKinsey pegs at up to $7T by 2030.
That last point changes the clock. Equity is patient. Debt is not. When a provider borrows billions, it has to service that debt on a schedule, which means showing returns sooner. That pressure travels downhill as pricing pressure, and you are downhill. The control points consolidating around models, compute, and distribution are the ones I mapped in The Silicon Seven. This is also why Microsoft’s MAI move matters to you: a credible in-house engine family is leverage against exactly this kind of pricing pressure.
Your real scorecard: access is won
At TechCon 365 in June, we ran our 2026 AI Adoption and Governance model live with 18 leaders. Access to chat tools was the highest-scoring dimension by a wide margin. Then the honest part: the average score was 257 out of 500, and not one organization reached the next tier.
Where the value lives: mind the 161-point gap
Access to chat scored high. Putting autonomous agents to work scored far lower, a 161-point gap. Seven of eighteen used no agentic tools at all. That gap is where your return is hiding, and it is exactly the gap Scout and the Autopilots are built to close. The chat box is the on-ramp, not the destination.
Is it working, and what does it cost?
•	Eight of eighteen do not measure the ROI of AI at all, and only two measure revenue impact. The moment you can put time saved or revenue moved next to a workflow, you change the conversation with your CFO.
•	License spend is easy to track. Variable spend is not, and you are about to have more of it. Set a token budget per workflow, turn on alerts before the invoice, and name an owner.
Governance is your steering wheel, not your brake
Governance was the strongest dimension overall, until you see what is carrying it: a published acceptable-use policy. Thirteen of eighteen named IT and the help desk as their main AI support model; only two had a Center of Excellence. A help desk can reset a password. It cannot teach your finance team to rebuild the monthly close around an agent.
Why pilots stall, and what the 5% do
MIT reports that most generative AI pilots never make it past the demo, and it is almost never the model. The teams that reach the P&L rank a use-case backlog from real work, put governance in place before they scale, and assign a named human owner to every AI output.
What to do this month
•	Measure something real. Pick two workflows and track time, cost, and outcome.
•	Put a number on variable spend before it puts a number on you.
•	Build the scaffolding. A Center of Excellence and real training, not just a help desk.
•	Use your new optionality. Run an engine bake-off across Microsoft, OpenAI, and Anthropic models, and let cost and quality decide.
The organizations that break into the next tier this year will not be the ones with the most licenses. They will be the ones who can answer three questions: What did it return? What did it cost? Who owns making it better? If you want to see where you land, our AI Maturity Model is open and free.
",,,,,active,f,116500d0-357e-4ace-a7af-7264ed58e22a,2026-06-26 16:22:19.600727,2026-06-26 19:09:42.454,,/public-objects/conference-images/15e54724-08df-4dbb-81c8-c2aa13c8551d.png,none,,,other,,,,,,,,The real headline isn't “agents.”,"Build 2026’s real news was not agents. Microsoft launched its own seven-model MAI fleet, becoming a more neutral multi-engine provider, and shipped Scout, an always-on “Autopilot” wrapped in Entra identity and Purview controls. Meanwhile SpaceX is consolidating coding and compute, and debt-financed buildout means rising costs and faster ROI pressure for you. At TechCon 365, 18 leaders averaged 257 of 500 on AI maturity. Access is solved; proving value is not. Here is how to c",,,f,152b56fa-6138-437e-bbbb-36861edae3a6,what-i-kept-coming-back-to-on-linkedin-may-to-june-2026,draft,,b4accfce-cfc3-4de7-9083-096beb577967,,,,
c5248f51-7137-4097-aad8-03aec143e9cc,synozur.com,137db123-4906-4e61-af99-f0d23d86a622,The hidden meter in Copilot cost estimates,Scheduled automations can quietly break Copilot cost estimates. Audit them before you approve budget across the portfolio.,,"**Microsoft’s estimator can understate Copilot costs, fast.**

Here’s one reason buyers miss: scheduled automations.

If your team plans to use Copilot agents, workflows, or recurring background tasks, those actions can create consumption that never shows up cleanly in the official estimate. That matters in PE settings, where a “small” modeling miss gets multiplied across a portfolio.

That distinction sounds small. It isn’t.

A budget model based only on named users is incomplete. The real meter may be the automations you approved without pricing into the business case, daily refreshes, triggered workflows, recurring content generation, exception handling, handoffs between systems.

This is where AI governance stops being policy and starts being EBITDA protection.

Before budget approval, force one simple review:
- every planned automation
- how often it runs
- what system triggers it
- who owns it
- what outcome justifies the spend

AI accelerates. Experts decide.

Audit every planned automation before you treat the estimator as a budget.",,,,,active,f,116500d0-357e-4ace-a7af-7264ed58e22a,2026-06-18 13:58:06.224775,2026-06-18 13:58:06.224775,,,none,,,other,,,,,,,,,,,,f,,,,,ca8526d4-5fde-4943-b736-98f572cd10c1,,,,
f4b20ea8-29b2-460a-8c5e-c193dbed1019,synozur.com,137db123-4906-4e61-af99-f0d23d86a622,The Copilot seat you bought is not the product you own now,Copilot pricing confusion is really a governance problem. Reassess portfolio assumptions before your next rollout.,,"**If your portfolio model still treats Copilot as a seat cost, you are already behind.**

Microsoft Copilot is shifting fast. What buyers thought they were licensing a year ago is not the same operating reality now.

Copilot, Copilot Chat, and Copilot extensions like Copilot Cowork are creating a new kind of confusion in the market. Pricing is part of it. Governance is the bigger issue.

For a PE team, that distinction matters.

A portfolio-wide rollout based on old seat assumptions can create three problems at once: uneven access, unclear use cases, and no common standard for who can use what, where, and with which data.

That sounds administrative. It isn't.

When mobile access, reusable skills, and plugins enter the picture, Copilot stops being a software budget line and becomes an operating model decision. Who approves capabilities. Which teams get priority. What data is in scope. How usage ties to measurable outcomes.

AI accelerates, experts decide.

Before you approve another broad Copilot motion, reset the frame across the portfolio: licensing, governance, adoption, and ROI need to be reviewed together.

Reassess your Copilot assumptions before you fund a rollout that looks standardized on paper and fragmented in practice.",,,,,active,f,116500d0-357e-4ace-a7af-7264ed58e22a,2026-06-18 13:54:50.942519,2026-06-18 13:54:50.942519,,,none,,,other,,,,,,,,,,,,f,,,,,85b33c97-dde6-4029-b74d-ce9dc11bee40,,,,
ba8db6e1-6a7d-4818-a12e-7d50376b2d72,synozur.com,137db123-4906-4e61-af99-f0d23d86a622,"TechCon Wrapup: 18 leaders, 257/500 average, and the real AI maturity gap CEOs can no longer ignore","A Polaris outline on the TechCon AI maturity gap, why 257/500 matters, and what CEOs should measure beyond licenses and pilots.",,"# Polaris Podcast Outline

**Guest:** Sarah Kim, Chief Operating Officer, ForgeWorks Manufacturing (suggested)  
**Episode Title:** TechCon Wrapup: 18 leaders, 257/500 average, and the real AI maturity gap CEOs can no longer ignore  
**Prepared June 21, 2026  ·  Draft for guest review**

**Suggested topics**
- Why an average AI maturity score of 257/500 should concern midmarket CEOs
- The difference between buying AI tools and building an AI-first operating model
- Where manufacturing leadership teams get stuck: ownership, governance, and ROI
- What ""Managed"" maturity looks like in practice, and why nobody reached the next tier
- How CEOs can assess AI progress across strategy, operating cadence, and adoption

## 1. Cold Open

From Synozur, this is Polaris. I'm Chris McNulty.

[GRAPHIC: TechCon 365 wrapup, benchmark score 257/500, ""Managed"" tier]

Eighteen leaders took a hard look at their AI maturity at TechCon 365. The average score was 257 out of 500. That put the group in the ""Managed"" range. More telling, nobody reached the next tier.

That distinction sounds small. It isn't.

Because the gap is not access. Most leadership teams can buy licenses, approve pilots, and sit through vendor demos. The real gap is operating muscle. Who owns AI outcomes. Which use cases tie to revenue, margin, productivity, or time to decision. How leaders govern risk without slowing everything down. How teams adopt new ways of working without creating more noise.

For a 500-person manufacturing company, this gets real fast. If AI stays trapped in scattered experiments, the business pays twice, once for the tools and again for the confusion.

Today, we're talking about the maturity gap CEOs can no longer ignore, and why AI strategy is now an operating-model decision, not a shopping exercise.

This is Polaris.

## 2. Intro

Welcome to Polaris Pathways. I'm your host, Chris McNulty, Chief Technology Officer at Synozur.

Synozur, the transformation company, reimagines business for our clients, navigating strategies and leadership culture with ease.

Today's guest is Sarah Kim, Chief Operating Officer at ForgeWorks Manufacturing. Sarah leads operations, planning, and enterprise improvement for a growing manufacturer navigating the shift from isolated AI experiments to a more disciplined operating model. Her perspective is useful for any CEO asking a simple question with expensive implications: are we actually ahead, or just buying licenses?

She'll join us in a few minutes, but first…

## 3. Trends

The headline from TechCon 365 is straightforward: 18 leaders self-assessed their AI maturity, the average score was 257 out of 500, and no respondent reached the next tier. For this episode, that matters less as a conference recap and more as a market signal.

Here is the frame.

A score of 257/500 suggests organizations are beyond pure experimentation, but not yet operating in a way where AI is embedded, governed, and measured across the business. In other words, they are managing activity, but not yet managing transformation.

For CEOs, especially in manufacturing, three dimensions matter more than the tooling conversation:

- **Operating ownership.** Someone must own outcomes, not just platforms.
- **ROI discipline.** Use cases need a business case tied to real measures, revenue, EBITDA, productivity, adoption, cycle time, or decision quality.
- **Adoption muscle.** AI does not become valuable because it is available. It becomes valuable when managers and frontline teams use it in repeatable ways.

Our point of view at Synozur is simple: access is no longer the constraint. Most companies can get access to models, copilots, and automation tools. The constraint is whether the organization can move from AI-ready to AI-enabled to AI-first.

That is where a lot of maturity models blur the issue. They score capabilities. CEOs need to score operating reality.

A practical caveat, this TechCon sample is directional, not universal. Eighteen leaders is not the whole market. Still, the pattern matches what we hear every week. Companies are spending. Fewer are changing how decisions get made, how work gets done, and how value gets measured.

We'll put the reading list and references in the show notes.

And with that, let's bring Sarah in.

## 4. Topic of the Day — the real AI maturity gap behind the TechCon numbers

### Introduction

Sarah, welcome to Polaris.

(Note: Guest intro can be shortened on air if needed.)

### Warm-up

**Question:** Where are you calling from today?  
**Suggested Answer:** I'm calling in from Chicago, where our operations team is spread across plant, supplier, and leadership meetings, so this topic is very real for us.

### Interview

**Question:** When you hear that 18 leaders averaged 257 out of 500, with nobody reaching the next tier, what stands out to you first?  
**Suggested Answer:** The biggest signal is that most companies are active, but not yet aligned. They have tools and pilots, but not a shared operating model for turning that activity into results.

**Question:** In manufacturing, where do leadership teams most often confuse AI progress with AI maturity?  
**Suggested Answer:** They count licenses, pilots, and demos as momentum. Real maturity shows up in process ownership, decision speed, measurable use cases, and whether plant and business leaders actually trust the outputs.

**Question:** You work close to operations. What does ""Managed"" maturity look like on the ground?  
**Suggested Answer:** It usually means a few teams are doing solid work, but the company still lacks common governance, role clarity, and a clear way to prioritize what matters most.

**Question:** What is the cost of staying in that middle zone too long?  
**Suggested Answer:** You get scattered effort. Budgets spread thin. Teams get skeptical. Leadership starts to feel like AI is expensive theater instead of a business tool.

**Question:** For a CEO at a 500-person manufacturer, what should they review first before approving another AI investment?  
**Suggested Answer:** Start with the operating question, not the vendor question. Who owns the use case, what metric should move, what data is required, how will adoption be measured, and what happens in 30, 60, and 90 days.

**Question:** That sounds simple, but a lot of companies skip it. Why?  
**Suggested Answer:** Because buying software feels faster than aligning people. Tool rollout is visible. Operating discipline is harder work. But that is the part that determines ROI.

**Question:** How do you think about governance without turning it into a brake pedal?  
**Suggested Answer:** Keep it practical. Define where AI can help, where human review is required, and who signs off. Good governance should create confidence, not paperwork.

**Question:** Synozur talks about AI-first, human-centered transformation. How does that land with operators who are wary of hype?  
**Suggested Answer:** It lands well when it stays grounded. People do not want slogans. They want guardrails, a useful workflow, and proof that leaders are not asking teams to trust black boxes without support.

**Question:** If no respondent reached the next tier, what has to change for companies to break through?  
**Suggested Answer:** Leadership has to shift from experimentation to orchestration. That means clear priorities, named owners, an adoption plan, and a measurement model tied to business outcomes.

**Question:** For companies that feel behind, what is the first move that creates momentum without creating chaos?  
**Suggested Answer:** Pick one business-critical workflow, define the baseline, assign an owner, and measure improvement. Small wins with discipline beat broad ambition with no follow-through.

### Personal Impact

**Question:** Outside business and tech, is there a recent book, film, or song that has stayed with you?  
**Suggested Answer:** I've been revisiting music that rewards patience. Lately it's been a mix of jazz piano and old soul records, because they remind me that timing and restraint matter as much as speed.

### Staying in Touch

**Question:** How can listeners keep up with your work?  
**Suggested Answer:** LinkedIn is the best place to find me. I'm always glad to connect with leaders working through practical operations and transformation questions.  
[Confirm guest contact details before recording.]

### Closing

Chris recaps Sarah's perspective: the maturity gap is less about access and more about ownership, governance, and measurable operating change. Sarah thanks Chris and the audience.

## 5. Transition line

We'll be right back…

## 6. Events

Here are a few upcoming items for listeners to track. We'll link details in the show notes, on the Synozur blog, and at synozur.com/events.

- [Confirm event] TechCon 365 follow-up virtual roundtable, July 2026, online
- [Confirm event] Manufacturing leadership forum on AI operating models, August 2026, Chicago
- [Confirm event] Private equity transformation briefing, September 2026, New York
- [Confirm event] Synozur executive workshop series on AI strategy and operating readiness, upcoming dates at synozur.com/events

If you have an event our audience should know about, send it in for consideration.

## 7. Coming Soon

Next time on Polaris, we'll look at what happens after the strategy deck, how to create 30, 60, and 90-day value realization without turning transformation into a science project.  
[Confirm next-episode teaser before final recording.]

## 8. Outro

Thanks for joining us, and thanks again to Sarah Kim for the conversation.

You can find this episode and more at polaris.synozur.com. If you have feedback, ideas, or guest suggestions, send us a note at polaris@synozur.com.

If you enjoyed the show, subscribe, rate, and review Polaris wherever you listen.

Polaris is produced with help from Riverside.fm; theme song ""Alternative Dream"" courtesy of Adobe; additional music and sound by Indie Guy Records; graphic design by Josh Brantley.

I'm Chris McNulty, and this has been Polaris, a show that charts the course for business and technology transformation from Synozur. Learn more at synozur.com. See you next time. Keep following your North Star.",,,,,active,f,116500d0-357e-4ace-a7af-7264ed58e22a,2026-06-21 18:38:44.975314,2026-06-21 18:39:14.384,,/public-objects/conference-images/372c989b-0dfa-4806-b886-6e815ae87313.png,none,,,other,,,,,,,,,,,,f,,,,,d4519cd7-c67b-487b-9297-9edfbda7764c,,,,
ebcc5178-d2b1-48aa-be14-318f05f00888,synozur.com,137db123-4906-4e61-af99-f0d23d86a622,The 161-point gap between chat access and real agent adoption is where strategy breaks,"A LinkedIn post on why the real AI challenge is moving from chat access to workflow adoption, governance, and measurable change.",,"Most AI programs are not failing on access. They are failing in the gap between access and adoption.

One stat stuck with me: the gap between chat access and real agent adoption was 161 points.

That distinction sounds small. It isn't.

A lot of leadership teams can say, ""we have copilots."" Far fewer can point to a workflow that was redesigned, a role that changed, a governance model that held, or a business metric that moved.

That is the trap for a scaling CEO. You hear internal excitement. You approve licenses. You see demos. But the operating model stays the same.

AI chat is experimentation.
AI agents are operational change.

The bridge between those two is not more tooling. It is clearer decisions, defined owners, training, guardrails, and a cadence to review what is actually working. ASK → REVIEW → EDIT → REPEAT.

We are going to see a lot of firms sell access as transformation. They are not the same thing. AI accelerates, experts decide.

If your team is stuck between AI-ready and AI-enabled, start there. Then earn AI-first.

Follow the TechCon wrap-up series for the practical path from AI-ready to AI-enabled to AI-first.",,,,f0ed0823-4e56-4e5d-bf9a-4ffcb761674a,active,f,116500d0-357e-4ace-a7af-7264ed58e22a,2026-06-21 05:54:50.182171,2026-06-22 20:24:09.043,,,none,,,other,,,,,,,,,,,,f,,,,,1a9ba4ed-02c8-4094-ab54-a6ebcefe50ca,,,,
