id,name,description,category,file_type,original_file_name,extracted_text,word_count,uploaded_by,is_active,created_at,updated_at,spe_file_id,spe_container_id
94d95120-da51-4f73-8fa3-6981d8735903,Brand Voice,,brand_voice,docx,Synozur Brand Voice copy.docx,"Brand Voice

Brand voice summary

Synozur’s brand voice is empathetic, people-focused, and always acknowledges client needs, building trust through genuine care. It stresses tailored, custom solutions over generic ones, using direct, conversational language at a 12th-grade reading level. The tone is positive, confident but never boastful, and connects every message to clear business outcomes. Synozur avoids jargon unless necessary, keeps communications professional yet personal, and consistently uses strategic, collaborative terms—always framing messaging around partnership, clarity, and meaningful results for clients.

Detail

Synozur’s brand voice is a personal, humanized tone that consistently highlights empathy, tailored solutions, and optimism across all communications. It remains business-aligned and clear (around a 12th-grade reading level), ensuring messages are easy to understand. Whether in marketing materials, client communications, or internal messages, the voice embodies Synozur’s core values – human-centric empathy, custom-tailored strategy, integrity, and positive outcomes – with only slight adjustments for the audience or context. Below, we break down the key elements of this brand voice, the preferred language and tone, and how it is applied in different communication channels, with examples for each. 

 

Key Elements of Synozur’s Brand Voice 

1. Empathy and Human-Centric Focus: At the heart of Synozur’s voice is empathy. Every communication reflects an understanding of people’s needs and challenges. The tone is caring and human-centric – for example, messages often mention listening and understanding before offering solutions. This aligns with Synozur’s value that “success lies in understanding and prioritizing the needs... of the people involved” 1. In practice, this means the voice acknowledges pain points and emotions in a respectful way. It uses phrases like “we listen” and “we understand your challenges,” making the audience feel heard. Even when discussing technical or business topics, the messaging is framed around human impact (e.g., how a change will make work easier or improve employees’ experience). This empathetic approach is evident on Synozur’s website: “We listen, understand, and tailor our strategies to your specific needs” 1. Such language shows genuine care and avoids coming across as purely sales-driven. By being humanized and personal, the voice builds trust and rapport with readers. 

2. Tailored, Custom Solutions Emphasis: Synozur’s voice reinforces that every client and scenario is unique. There’s a strong rejection of generic solutions. This comes through in the wording – using terms like “tailored,” “custom,” and “unique” frequently 2. Phrases such as “no one-size-fits-all solution” are a staple in Synozur’s content 1. For instance, the brand narrative explicitly states: “Your journey is unique, and our empathetic approach reflects that” 1. The tone is slightly casual and very personal when emphasizing tailored service, often using direct second-person address (“you,” “your”). This makes communications feel like a one-on-one conversation rather than a broadcast. It also highlights partnership: Synozur often uses “we” to indicate working together with the client (e.g., “we’ll plot a new direction for your business together” 1). Overall, the voice conveys flexibility and customization, assuring the audience that solutions will fit their context, not a generic template. 

3. Clarity at a 12th-Grade Reading Level: The brand voice prioritizes clarity and simplicity. Content is written in plain language that a high-school graduate (approximately 12th-grade level) can easily understand. This means avoiding unnecessary jargon and technical slang, or explaining it when it must be used. For example, instead of saying “we implement robust hyper-automation paradigms,” Synozur’s voice would say something like “we introduce practical automation tools that fit your workflow” – conveying the point in straightforward terms. The Messaging Framework explicitly advises “Clear over clever — avoid jargon unless your audience is highly technical” 3. Sentences are typically active voice (“We deliver results” rather than “Results are delivered by us”) to keep the message direct and punchy 4. The tone is conversational but professional – it may use contractions (“we’ll help you…” 1) and a friendly tone, yet it never becomes slangy or flippant. This balance ensures communications are approachable and not stilted, while still respecting a business context. 

4. Positive and Confident (But Not Overhyped) Tone: Synozur’s voice carries a positive, uplifting sentiment. It focuses on achievable outcomes and “north star” visions in an encouraging way. For example, marketing copy mentions guiding clients to success and making the “desirable achievable” 5 – inherently optimistic concepts. However, the voice avoids crossing into unjustified hype or aggressiveness. It’s enthusiastic about possibilities but stays grounded. The tone is confident – using definitive language about capabilities and benefits – yet it stops short of bragging. The guidelines say to be “confident, not cocky – show credibility through clarity and results” 3. This means the voice uses positive statements backed by evidence or plausible outcomes, rather than buzzwords or superlatives. For instance, it may say “our team has decades of experience delivering high-impact outcomes” 1 (a factual, confident claim) but would not say “we are the best in the world at this” (which would sound boastful and vague). Moreover, excessive exclamation or intensifiers are avoided – you won’t see Synozur content shouting at you in all-caps or proclaiming every result as “amazing!!!”. The overall sentiment is uplifting, motivational, and assuring, instilling confidence that Synozur can guide you forward, but always in a sincere tone. 

5. Business-Aligned and Professional: Even while being personal and slightly casual, the brand voice remains business-aligned. This means it speaks to professional outcomes (efficiency, growth, innovation) and maintains a level of professionalism appropriate for executive audiences. Jokes, slang, or irreverent comments are generally absent; the “casual” aspect is more about being conversational and not overly formal, rather than being humorous or edgy. The voice is aligned with business terminology and concerns – for example, it talks about strategic goals, ROI, leadership, and change management in plain terms. It also respects formality when needed: for instance, in a whitepaper or formal proposal, the tone might dial up the formality slightly (using complete words instead of contractions, etc.) but will still carry the same clear and empathetic style. Importantly, Synozur’s communications consistently tie back to business objectives – the voice often frames its points around how it helps achieve business success (e.g., “bridging the gap between strategy and execution, ensuring technical initiatives drive meaningful business outcomes” 5). This keeps the tone purposeful and relevant to a business audience at all times. 

Preferred Language and Tone 

To maintain consistency, Synozur’s messaging framework specifies certain words and phrases that exemplify the brand voice, as well as terms to avoid. Here are the highlights: 

Use Language that Emphasizes Empathy and Collaboration: Preferred words include “empathy/empathetic,” “human-centric,” “people-centric,” and similar terms that reinforce focus on people 2. The voice might say “our empathetic approach” or “human-centered design” to explicitly signal this value. Similarly, inclusive, collaborative words like “guide,” “navigate,” “partner,” “together” are common. Synozur often describes itself as a navigator or guide (drawing on the North Star metaphor) – e.g., “Synozur stands as the central point of orientation... steering you towards your desired outcomes with precision” 1. This kind of language makes the tone friendly and cooperative. 

Use Terminology of Tailoring and Strategy: The brand voice frequently uses “tailored,” “custom,” “unique journey,” “aligned,” “roadmap,” “North Star,” “vision” and other strategic vocabulary 2. These words remind the audience that Synozur provides custom, big-picture solutions. For instance, content might refer to defining a “North Star” for a client or creating a “strategic roadmap” – terms which resonate with leadership and indicate high-level planning. The word “strategy” (and forms like “strategic,” “strategic advisory”) appear often, as Synozur positions itself as a strategy-focused firm (indeed, the guidance is to use “strategy” rather than a weaker term like “plan”) 2. Phrases like “navigate the complexities of transformation with ease” 1 combine both the journey metaphor and the strategic tone. 

Highlight Outcomes with Positive Terms: The voice includes words that signal success and results: “outcomes,” “results,” “success,” “excellence,” “growth,” “efficiency,” “innovation.” These are used in a measured way to underscore benefits. For example, “drive high-impact outcomes” or “elevate you to achieve breakthrough innovation” 1. Such words carry positive sentiment without resorting to empty hype. Another aspect is speaking about adoption and engagement (especially in context of change) instead of technical deployment jargon 2 – e.g., saying “ensure high adoption and sustained success” rather than “ensure users install the update” – which keeps focus on the positive human result (people actually using the solution). 

Navigation and Guidance Metaphors: Because of the North Star theme, the voice sometimes uses gentle metaphors related to guidance – terms like “guide,” “navigate,” “illuminate,” “pathway,” “journey,” “navigator of change” appear in brand messaging 1 5. These add a friendly, visionary flavor to the otherwise straightforward tone. For example, “Synozur illuminates the pathway for excellence and success” is a line from the short positioning statement 5. Such metaphoric language is used sparingly and earnestly to inspire, and it’s balanced by concrete statements around them. 

Inclusive Pronouns and Friendly Tone: The preferred style is to use second person (“you/your”) and first person plural (“we/our”) rather than third person. Synozur addresses the reader as “you” to make communications feel direct and personal, as seen on the website: “guiding you to success… steering you towards your desired outcomes” 1. The company refers to itself as “we” or sometimes “Synozur” but rarely in a distant way. This creates a conversational warmth and implies a partnership. Even internal content uses “we” to foster team spirit. The tone also tends to be slightly casual in that it might use contractions (“we’ll”, “don’t”) and simple sentences, mimicking spoken language while maintaining professionalism. 

Words and Phrases to Avoid: Synozur’s brand guidelines advise against language that could undermine the empathetic, clear voice or make it seem unprofessional: 

Overly Aggressive or Hype Words: The voice avoids extreme superlatives and marketing buzzwords. Words like “miracle, revolutionary, game-changing, next-gen, cutting-edge” are steered clear of unless there’s concrete proof or a direct quote 4. For example, rather than saying “our revolutionary approach,” Synozur would say “our unique approach” or simply describe what the approach is. The emphasis is on showing value, not just asserting it. Over-promising phrases like “guaranteed results” or “instant success” are also avoided 4 – they come off as inauthentic and too aggressive. The tone should remain optimistic but realistic. 

Jargon and Technical Acronyms: Unless speaking to a technical audience, Synozur’s voice avoids unnecessary jargon. For instance, internal shorthand like “EXP” for Employee Experience is not used in external messaging (they would spell out “employee experience”) 2. Highly technical terms (e.g., specific product names or IT acronyms like “IDP,” “RPA,” “ECM”) are only used when required and often with explanation 4. The idea is to not alienate readers with insider language. If the content is technical (say, a blog post for IT professionals), the voice still aims to explain concepts clearly rather than assume knowledge, reflecting a teaching, supportive tone instead of a dense one. 

Generic Corporate-Speak and Clichés: Phrases like “best practices,” “synergy,” “mission-critical,” “world-class” are generally avoided or replaced with more specific language 4. They’re seen as overused and hollow. For example, rather than “leveraging best practices,” Synozur might say “using proven methods” – tangible and plain. The voice steers away from filler phrases (“at the end of the day,” “paradigm shift”) in favor of more precise statements. This keeps the authenticity and clarity of the communication intact. 

Negative or Weak Language: The brand voice tries not to use words that carry negative tone or uncertainty. This means avoiding excess hedging words like “maybe, perhaps, probably” 4 — Synozur speaks with confidence about what can be achieved. It also means minimizing negative constructions. For instance, instead of saying “We don’t just offer advice and then leave you on your own,” the voice would flip it to a positive: “We provide continuous support beyond the initial advice.” Similarly, passive voice that can muddy responsibility is avoided; the content wouldn’t say “mistakes were made” but rather “we made a mistake” if admitting an error (maintaining the honesty and integrity value). That said, the tone remains polite and constructive – it wouldn’t be aggressively negative about anything, even competitors or past decisions. Critiques are phrased diplomatically. 

By carefully choosing vocabulary in this way, Synozur’s communications remain consistent: always sounding empathetic, tailored, clear, and positively focused. Next, we examine how this voice is applied in different contexts – marketing, client, and internal communications – and note the subtle differences in each. 

Brand Voice in Marketing Communications 

Marketing communications include Synozur’s website copy, brochures, social media posts, blogs, and any outward-facing content aimed at attracting or informing potential clients. In these materials, the brand voice is at its most polished and storytelling form, though still true to the core characteristics. 

Tone and Focus: In marketing, Synozur’s voice is engaging, inspirational, and authoritative. It speaks directly to the target audience (often business decision-makers) about their aspirations and how Synozur can help achieve them. The tone is slightly more formal than in a casual email, but still conversational. Marketing copy often uses second person “you” to hook the reader, as well as inclusive “we” to build relationship. For example, the homepage might announce: “We guide organizations to their North Star by charting the course through transformation rooted in people, powered by technology, and driven by purpose.” This sentence exemplifies the marketing voice – it’s visionary (North Star metaphor), yet also incorporates Synozur’s human-centric (“rooted in people”) and business-aligned (“powered by technology, driven by purpose”) approach. It aims to inspire confidence in the reader that Synozur can lead them to desirable outcomes. 

Marketing communications also emphasize Synozur’s differentiators and credentials in the voice. The tone remains humble but confident when referencing these. For instance, marketing content will mention the company’s decades of experience and Fortune 500 backgrounds of its team in a factual manner: “Our consultants have decades of experience delivering global strategic advisory services that elevate you to achieve breakthrough innovation.” 1. The voice here is confident (stating a strong qualification) and positive (aiming for “breakthrough innovation”), yet it doesn’t use any over-the-top adjectives about the team; it simply states the fact and the benefit. 

Another aspect in marketing is consistency of key phrases and taglines. The brand voice ensures taglines like “The transformation company” or slogans like “Find your North Star” appear in a natural, reinforcing way. These phrases are stated in a calm, declarative tone. For example, a short positioning statement in a flyer might read: “Synozur – the transformation company – transforms business for our clients, making the desirable achievable.” 5. This is straightforward and confident; it doesn’t hype with “number one transformation company!” but rather simply labels Synozur by what it does and ties in the aspirational “desirable achievable” promise, all in a single concise sentence. 

Content and Structure: Marketing text often uses storytelling or scenario-driven structure while keeping the voice consistent. It might pose rhetorical questions or acknowledge common challenges in an empathetic way to resonate with readers. For example, a blog post might start with: “Today’s CEOs expect transformational growth while navigating economic volatility. How can organizations reimagine their business without losing focus on people?” – a question that empathizes with the audience’s dilemma (growth vs. people). The answer would then come with Synozur’s voice of guidance: highlighting an empathetic, tailored approach as the solution. 

The voice in marketing stays positive and forward-looking. It focuses on what can be done (solutions, possibilities) more than what’s wrong. Even when describing pain points, it swiftly transitions to an optimistic tone about solving them. For instance: “Leadership meetings often turn into a bunch of people sitting around talking without outcomes… Our approach introduces a focused rhythm to turn chatter into action” (paraphrased from a profile in the MPF) – it first shows empathy for the pain point but immediately provides a hopeful remedy, framed positively (introducing focus, action). 

Example – Marketing Communication:\ On Synozur’s “Our Story” webpage, the text reads: “Our empathetic approach is tailored to your unique journey, navigating the complexities of transformation with ease.” 1. This single sentence exemplifies several voice elements: it addresses the reader (“your unique journey”), uses positive imagery (“navigating complexities with ease”), and highlights empathy and tailoring. It’s marketing content meant to assure prospects that Synozur will guide them smoothly through challenging changes. 

Another example from a marketing one-pager could be: 

This illustrative blurb (drawn from Synozur’s short form messaging) uses a positive, aspirational tone (reimagine, succeed, outcomes), underscores empathy and tailored approach, and distinguishes Synozur’s focus (strategy and culture, not technical implementation) – all hallmarks of the marketing voice. 

Slight Distinctions: In marketing, the brand voice might use a bit more flair (light metaphor, aspirational language) than in a plain client email. It still avoids exaggeration, but it’s where we’ll see phrases like “illuminates the pathway” 5 or references to ancient Greek inspiration (e.g., explaining the meaning of “Synozur” via the North Star story as on the website 1). These artistic touches are used to strengthen brand identity. The important point is that even these are delivered in the same clear, 12th-grade friendly manner – for instance, the North Star narrative is written as a simple analogy, not a convoluted epic. Marketing communications thus present Synozur’s voice at its most refined and evocative, still firmly rooted in empathy, clarity, and a balanced positive tone. 

 

Brand Voice in Client Communications 

Client communications refer to direct interactions with clients or prospects on a one-to-one or small group basis – for example, emails, proposals, project status updates, presentations or meetings specifically for that client. In these scenarios, Synozur’s brand voice becomes slightly more personal and specifically attentive to the client’s situation, while preserving the same core attributes of empathy, clarity, and positivity. 

Tone and Focus: When communicating with a client, Synozur’s tone is consultative, warm, and trustworthy. It feels like a helpful expert advisor speaking directly to the client. The use of second person (“you”) and first person (“we”) is even more pronounced here, to reinforce collaboration. For instance, an email to a client might say: “We understand the challenges you’re facing with X, and we’re here to help you navigate those.” This shows empathy for their specific challenge (“understand the challenges you’re facing”) and partnership (“we’re here to help you navigate”). The voice conveys reassurance – clients should feel that Synozur “has their back” and is competent yet caring. 

In client communications, the brand voice often echoes the client’s own goals or language to show alignment. It remains positive about outcomes but is careful not to seem like marketing spiel. Phrases would be tailored to the client’s context: instead of generic “business success,” it might specifically mention their industry or project name, e.g., “success of your digital workplace initiative”. The level of formality can be adjusted based on the client relationship culture; however, even in formal proposals, Synozur’s writing would maintain a human, approachable tone (no excessive legalese or stiff bureaucratic language). 

Clarity and Detail: Being clear is especially crucial in client comms. The brand voice ensures that instructions, plans, or recommendations are stated plainly and logically. For example, a client project update might say: “This week we completed the stakeholder interviews and identified three key pain points affecting your customer service process. Next week, we’ll focus on co-designing solutions for those areas.” This kind of messaging is straightforward and uses simple structure (short sentences, enumerated points), avoiding misinterpretation. The tone is factual but still encouraging – even reporting pain points is done in a constructive manner, quickly moving to how Synozur will address them. Technical terms might appear if relevant to the project, but the voice would include a brief clarification if needed (e.g., “we will implement a content management system (SharePoint) to improve document sharing”). 

Empathy and Positive Framing: In one-on-one communications, Synozur’s voice takes extra care to be empathetic and positive, because these messages build the working relationship. When a client raises a concern or challenge, the response in Synozur’s voice would acknowledge their concern first (“I can see why that is frustrating for your team”) and then provide a helpful, optimistic response (“the good news is we have a plan to address that by…”). The voice avoids any blame or defensive tone – maintaining professionalism and courtesy, even if the client is stressed or upset. It also avoids talking down to the client; while Synozur is the expert, the voice treats the client as a knowledgeable partner, respecting their insights. Phrases like “as you’ve pointed out…” or “building on your team’s input…” show that collaborative spirit. 

Example – Client Communication:\ Imagine Synozur is sending a proposal email to a prospective client after an initial meeting. It might read: 

In this hypothetical message, the voice is polite, warm, and directly addressing the client’s stated needs (employee adoption concerns). It uses inclusive language (“we heard your concerns”, “our team shares that mindset”, “tailored to your organization”) showing empathy and customization. The tone is positive about the future (“excited about the opportunity”, “make your vision achievable”) but not overselling – it’s grounded in responding to the client’s inputs. Notice it also subtly reinforces Synozur’s values (human-centric approach) in a way that aligns with what the client cares about. 

Another example might be a status report snippet: 

Here the voice delivers factual updates and metrics (professional and clear) but also ties them to the human-centric narrative (“validates our empathetic... approach”) and uses a motivating tone about next steps. It reassures the client that things are on track and reiterates commitment (“continue to support your team closely”). 

Slight Distinctions: Compared to marketing, the client communication voice is usually more specific and a bit less formal. It might use the client’s name, project name, and speak as one colleague to another. For example, humor might be lightly used occasionally if the relationship allows (e.g., a light upbeat remark in a long email to keep it friendly), whereas marketing materials would rarely use humor. Also, client comms might eschew some of the high-level vision statements in favor of concrete discussion. Still, the underlying style – courteous, empathetic, solution-focused, and clear – remains identical to the brand voice. Essentially, in client interactions, Synozur’s voice feels like a trusted advisor: professional, caring, and utterly reliable. 

Brand Voice in Internal Communications 

Internal communications include emails and messages to Synozur’s own team, company meetings, internal newsletters, and any materials meant for employees rather than external audiences. While internal content isn’t typically seen by clients, Synozur strives to maintain a consistent voice even inside the organization. The brand voice in internal comms is therefore recognizably Synozur – empathetic, clear, positive – but with a familial, team-oriented touch. 

Tone and Focus: Internally, the voice becomes slightly more informal and candid (since the audience is familiar with the company culture and jargon), yet it still reflects the values and professionalism of the brand. The tone is often encouraging and appreciative, aiming to foster a positive workplace culture. For example, an internal announcement might say: “Thank you to everyone for your hard work on the XYZ project – the empathy and excellence you showed our client were truly inspiring.” This voice reinforces values (empathy, excellence) and gives genuine praise. It uses first person plural “we” frequently to build unity: “we are proud,” “we have an unwavering commitment to operating with the highest ethical standards” 1. 

Synozur’s values, which include Ethical, Inclusive, Honest, Human-Centric, Entrepreneurial, Excellence 1, are often explicitly referenced in internal messaging. The voice will call out these words to reinforce desired behaviors. For instance, a leadership memo might state: “Let’s continue to be inclusive and support each other – providing a sense of belonging and community is core to who we are” (echoing the wording of the values) 1. By doing so, the internal voice stays aligned with the external brand (the employees hear the same themes that clients do) and creates a strong, shared understanding of “how we communicate here.” 

Clarity and Directness: Internal communications often deal with operational or sensitive info (policy changes, feedback, strategy updates). The brand voice handles these with transparency and straightforwardness, consistent with the honesty value. If, for example, there’s a need to address a challenge or mistake internally, the tone would be solution-oriented and accountable: “We didn’t meet our target on this initiative. Here’s what we learned, and here’s how we’ll improve going forward.” It remains positive by focusing on learning and improving, and uses “we” to distribute ownership collectively, avoiding finger-pointing. The voice avoids corporate euphemisms; it would rather say “delay” than “slight timeline adjustment,” for instance, to keep trust through clarity. 

Given that internal audiences understand certain shorthand, the internal voice might sometimes use mild jargon or abbreviations specific to the company, but it still avoids anything that would make the message unclear or exclusionary. Also, internal messages might be a bit more relaxed in structure – perhaps using bullet points, emojis in informal channels like Teams, or a friendly greeting like “Hi team,” which externally might be more formal. 

Empathy and Support: True to being human-centric, Synozur’s internal voice shows care for employees. It acknowledges the effort of individuals and anticipates their feelings. For example, if announcing a busy season, leadership might write, “We know balancing multiple projects can be stressful – please remember to take breaks and support one another. We’re all in this together, and your well-being is important.” This maintains a compassionate tone and encourages the supportive culture. 

Example – Internal Communication:\ An internal email from a leader might be: 

In this sample internal message, the voice is encouraging, grateful, and inclusive. It explicitly mentions Synozur’s values (Human-Centric, Inclusive) to connect actions to the company’s ethos. The tone is personal (“heartfelt thank you,” “proud to be on this team”) which builds morale. It’s clearly written (short sentences, bullet-like structure of ideas) with a friendly sign-off. This matches the external voice in positivity and empathy, just delivered in a more informal “team talk” style. 

Another internal communication example might be a policy update on a serious matter, handled with clarity and empathy: 

Here the voice remains friendly and caring while conveying a formal policy. It explicitly states that the change is based on employee feedback (showing listening) and reiterates that it’s for their benefit (positive framing). It invites open communication about concerns, reflecting trust and inclusivity. 

Slight Distinctions: Internally, the brand voice can afford to be a notch more casual. For instance, internal newsletters might include employees’ first names, inside jokes, or more emotive punctuation (like an emoji or exclamation point in a celebratory context), which external communications typically wouldn’t use. However, it never loses professionalism or respect. The same fundamental voice qualities apply: respect, clarity, empathy. The differences are mainly in style and detail appropriate to an internal audience that already understands and believes in the Synozur ethos. 

 

Alignment with Values and Consistency Across Channels 

Across marketing, client, and internal communications, Synozur’s brand voice stays remarkably consistent by always anchoring to the company’s core values and principles. This consistency is crucial – it means a client reading the website, talking to a Synozur consultant, or even joining the team will encounter the same company personality at every touchpoint. 

Values at the Core: The values of being ethical, human-centric, empathetic, honest, inclusive, and excellence-driven are woven into the voice. For example: 

Empathy/Human-centric: The voice never loses sight of people – be it customers, clients’ employees, or Synozur’s own staff. This produces a tone that is genuinely caring in all cases, as described earlier. A user of any Synozur content should feel that personal touch. 

Integrity and Honesty: The tone remains truthful and transparent. In marketing, no wild claims; in client dialogue, admitting what is known vs unknown; in internal messages, being straightforward with employees. This upholds trust. For instance, if a project is behind schedule, the internal or client communication will acknowledge it honestly and then positively outline the mitigation plan, rather than hiding it. 

Inclusive and Respectful: The voice is respectful of diversity and avoids language that might alienate. It uses gender-neutral language by default (e.g., “their team” instead of “his team” if gender is unknown) and respects different perspectives. Internally this means encouraging input from all; externally it means recognizing various stakeholder concerns. The consistent use of “we” also fosters a sense of inclusion and teamwork. 

Maintaining Consistency: To keep the same voice across channels, Synozur likely trains its team on these messaging principles (often referencing the Messaging and Positioning Framework). Phrases like “tailored to your unique journey” or “navigate complexities with ease” appear in both web copy and slide decks, reinforcing the voice. However, consistency is not about using identical slogans everywhere, but about the feel of the language. In practice, one can imagine a checklist behind the scenes: 

Is this communication using empathy (showing understanding of the audience’s perspective)? 

Is it clearly phrased and free of jargon or overstatement? 

Does it focus on solutions and positive outcomes rather than problems? 

Does it sound like a helpful human voice rather than a formal distant voice? 

If yes, then it’s on brand. Synozur’s communications we’ve reviewed – from the formal framework to the live website – indeed check those boxes. For example, both an MPF document line and the website independently use nearly the same voice: “Our empathetic approach is tailored to your unique journey” (website 1) and “every client journey is unique – we don’t believe in one-size-fits-all solutions” (framework) carry the same DNA. A reader would not perceive any disconnect in tone. 

Differences by Audience, Revisited: While the core voice remains the same, we’ve noted slight differences in emphasis: 

Marketing: a bit more inspirational and broader appeal. 

Client: more personal, directly addressing specific needs, perhaps more technical detail when needed. 

Internal: more familial, can reference internal context freely and express thanks/culture more openly. 

These tweaks are conscious but do not change the fundamental voice. Think of it as the same person speaking to different groups: they might choose different examples or degree of formality, but their character and manner of speaking stay constant. Synozur ensures that an employee email doesn’t suddenly sound like a legal notice, or a brochure doesn’t sound slangy – everything feels like it comes from one coherent entity. 

Maintaining the Voice: In practical terms, consistency is maintained by guidelines and editing. The Messaging Framework acts as a reference bible – for instance, content creators at Synozur likely refer to the list of preferred terminology and those to avoid 2 4 when writing. By sticking to those word choices and style tips, they naturally produce content in the same voice. Additionally, likely one or a few people review external communications to align tone (this is common in boutique firms). Over time, the voice becomes second nature to all team members, especially as it mirrors their values. 

One can see this internalization in how even informal quick notes (like an internal Teams message about a meeting template, not originally intended for outside readers) still carried a polite, clear, helpful tone: “Thanks, and please open a ticket if you have any issues.”\ 6 – courteous and straightforward, exactly what we’d expect from Synozur’s brand personality. 

In conclusion, Synozur’s brand voice is a unifying thread that ties all communications together, whether it’s a glossy marketing brochure, a detailed client email, or a motivating team memo. It’s always personal (empathetic and tailored), slightly casual yet professional, positive in outlook, and crystal clear. By rigorously reflecting the company’s human-centric values and avoiding the pitfalls of jargon or hype, Synozur’s voice ensures that anyone interacting with the brand gets a consistent experience of a trusted guide who is understanding, expert, and genuinely invested in making the desirable achievable for others. 1 5 





",5244,116500d0-357e-4ace-a7af-7264ed58e22a,t,2026-01-17 18:01:21.651338,2026-01-17 18:01:21.651338,,
44e0e729-39c9-440b-9b2c-279ea7afc205,Digital Methodology,,methodology,docx,Marketing Philosophy.docx,"Marketing Philosophy

Marketing is the discipline of connecting markets to products and bringing products to markets. It is both upstream and downstream. It shapes what we build and ensures the world understands the value of what we’ve built. It is strategy, narrative, education, influence, and execution.

Modern marketing succeeds when it combines: clarity, consistency, curiosity, customer obsession, disciplined execution, a growth mindset, and measurable results.

Everything that follows expands on these principles and turns them into an operating system.



1. Message Clarity, Discipline & Narrative Strength

Enforce message discipline

Your message is your market identity. If you don’t protect it, no one will. Message discipline ensures consistency across sales, partners, marketing, executives, and influencers.

Quote: “If marketing won’t protect the message, no one else will.”

Use plain language in your messaging pillars

Simple language makes ideas accessible. Nouns beat adjectives. Proof beats hype. Truth beats jargon.

Scrub your messages word by word

Every sentence must earn its place. A great message is edited, refined, simplified, and tested. It is craftsmanship, not coincidence.

Have constancy and consistency

Renaming, rebranding, or repositioning every six months signals confusion and insecurity. Let the market learn your story through repetition and reinforcement.

Quote: “If you rebrand every six months, you’re not serious—and the market knows it.”



2. Know Exactly Who You Serve

Know your Ideal Customer Profile (ICP)

Your ICP defines where you win. Not all customers are created equal. Your best customers:

Have the problem you uniquely solve

Buy the way you sell

Are willing to pay

Stay and expand

ICP isn't optional — it is the lens for everything.

You can’t talk to everyone or attend every event

You need a representative sample, not universal coverage. What matters is being close enough to the market to identify patterns early.

Quote: “Do enough to know what’s really happening—not everything that’s happening.”



3. Customer Obsession & Market Listening

Be customer‑obsessed

Not “customer‑aware.” Not “customer‑adjacent.” Obsessed.

Every decision should map to a customer need, behavior, friction point, or opportunity.

Listen deeply and intentionally

Don’t wait for feedback. Go get it. Listen in the channels they prefer—calls, email, chat, social, events, forums, partner conversations.

Story listening makes you a better storyteller

Your customers give you the words, metaphors, pains, fears, and aspirations that build your narrative.

Address the pain directly: show the dragon, kill the dragon, kill it again

Effective storytelling acknowledges real problems, reframes them, and shows a path to victory.

Use a little fear—ethically and sparingly

A small awareness of risk can motivate change. But it must be balanced with hopeful, outcome‑driven stories.



4. Storytelling That Makes the Customer the Hero

Make the customer the protagonist

Your product is not the hero. Your product is the tool the hero uses to win.

Emphasize outcomes and results

Features are inputs. Outcomes are why people buy.

Marketing adds value through education

If your marketing doesn’t teach, simplify, clarify, or elevate understanding, it isn’t adding value.



5. Build a Broad Market‑Champion Ecosystem

Develop market champions across sales, channels, enthusiasts, and fans

The ecosystem surrounding your offering is larger and more influential than your marketing team.

Your job:

Equip them

Inspire them

Give them re‑usable stories

Celebrate them

Quote: “Your market is bigger than your department.”



6. A Multifaceted Content & Asset Strategy

Provide a complete Bill of Materials (BOM)

Just having a website, blog, and social posts is insufficient.

You need a multifaceted arsenal:

Calculators & ROI tools

Maturity models

Video (short + long)

Podcasts

Webinars & live sessions

Playbooks

One‑pagers

Deep‑dives

FAQs & battle cards

Templates & assessments

Customer stories

Channel kits

Pitch decks

Benchmark reports

Have a modern event strategy

Events must map to the buyer journey and the ICP, not to tradition. Use:

Live events for relationship‑building and immersion

Digital events for scale

Personal/field events for deal acceleration

And remember: Quote: “Events with buyers matter more than events with attendees.”

Swag is optional—white papers aren’t swag

Use resources intentionally. Don’t confuse noise with value.

Relentless reuse

Ideas compound when reused across formats:

Podcast → Webinar → Blog → Pitch Deck → Short‑form Video → Social Series → Partner Asset

Quote: “Reuse isn’t recycling—it’s amplification.”



7. Authenticity in the Age of AI

AI gives you scale, but don’t create market slop

AI accelerates, but it can also homogenize. Avoid generic output. Use AI to support your creativity—not replace your humanity.

Quote: “Human authenticity is still a competitive advantage.”



8. Differentiation, Focus & Strategic Choice

Find your differentiation—and stick to it

Everything you do should reinforce the thing that makes your company meaningfully different.

You can’t be everything to all people

Spreading effort thin dilutes your impact.

Quote: “A little bit of everything is nothing at all.”

Make decisions crisply

Decisiveness drives momentum. Indecision drains it.



9. Product‑Market Fit, Growth & Scale Discipline

Know you have product‑market fit before you scale

Trying to scale prematurely burns resources and credibility.

Don’t let scale prevent you from starting

Test small. Learn fast. Grow responsibly.

Experiment and fail fast

Testing is healthy. Repeating failures is not.

Quote: “Try anything once. Kill everything that doesn’t work.”



10. Measurements, OKRs & Operating Alignment

Measure what matters—and measure again

OKRs reveal whether your strategy is working. Focus on:

Attention

Activation

Adoption

Expansion

Pipeline impact

Partner attach rates

Narrative recall

Message consistency

Win/loss insights

Align with your company’s operating system

Marketing must tie back to the company’s:

Foundations

Strategy

Big Rocks

OKRs

Operating cadence

Quote: “Marketing succeeds when the whole company moves with us.”



11. Team Culture, Humility & the Human Reality of Execution

Stay humble

Nouns > adjectives. Clarity > cleverness. Truth > positioning tricks.

Practice a growth mindset

You aren’t expected to know everything—collective intelligence outperforms individual brilliance.

Your field will never use your slides exactly the way you want—and that’s OK

Their job is to tailor, adapt, and respond in real time. Give them tools, not scripts.



12. The Challenger Mindset & Creating Constructive Motion

It’s OK for marketing to create a little unease

Pointing out a “problem hiding in plain sight” is a powerful way to motivate action.

But balance challenge with clarity and hope

You win hearts and budgets through a blend of:

Insight

Urgency

Optimism

Practicality

Clear next steps



Closing

This marketing philosophy is not theory. It is a repeatable operating system grounded in:

Customer obsession

Story discipline

Strategic clarity

Ecosystem influence

Differentiation

Education

Authenticity

Measurable outcomes

Organizational alignment

Humility and humanity

Marketing is at its best when it helps the customer win—because when they win, we do too.

",1081,116500d0-357e-4ace-a7af-7264ed58e22a,t,2026-01-17 18:16:48.867929,2026-01-17 18:16:48.867929,,
4e860709-a1d2-4ee4-b7fb-87645fc3daf6,Principles of Marketing,Our marketing guidelnes and philosophies from Chirs McNulty,marketing_guidelines,docx,2026 Vol 3 Marketing Philosophy.docx,"Marketing Philosophy

Marketing is the discipline of connecting markets to products and bringing products to markets. It is both upstream and downstream. It shapes what we build and ensures the world understands the value of what we’ve built. It is strategy, narrative, education, influence, and execution.

Modern marketing succeeds when it combines: clarity, consistency, curiosity, customer obsession, disciplined execution, a growth mindset, and measurable results.

Everything that follows expands on these principles and turns them into an operating system.



1. Message Clarity, Discipline & Narrative Strength

Enforce message discipline

Your message is your market identity. If you don’t protect it, no one will. Message discipline ensures consistency across sales, partners, marketing, executives, and influencers.

Quote: “If marketing won’t protect the message, no one else will.”

Use plain language in your messaging pillars

Simple language makes ideas accessible. Nouns beat adjectives. Proof beats hype. Truth beats jargon.

Scrub your messages word by word

Every sentence must earn its place. A great message is edited, refined, simplified, and tested. It is craftsmanship, not coincidence.

Have constancy and consistency

Renaming, rebranding, or repositioning every six months signals confusion and insecurity. Let the market learn your story through repetition and reinforcement.

Quote: “If you rebrand every six months, you’re not serious—and the market knows it.”



2. Know Exactly Who You Serve

Know your Ideal Customer Profile (ICP)

Your ICP defines where you win. Not all customers are created equal. Your best customers:

Have the problem you uniquely solve

Buy the way you sell

Are willing to pay

Stay and expand

ICP isn't optional — it is the lens for everything.

You can’t talk to everyone or attend every event

You need a representative sample, not universal coverage. What matters is being close enough to the market to identify patterns early.

Quote: “Do enough to know what’s really happening—not everything that’s happening.”



3. Customer Obsession & Market Listening

Be customer‑obsessed

Not “customer‑aware.” Not “customer‑adjacent.” Obsessed.

Every decision should map to a customer need, behavior, friction point, or opportunity.

Listen deeply and intentionally

Don’t wait for feedback. Go get it. Listen in the channels they prefer—calls, email, chat, social, events, forums, partner conversations.

Story listening makes you a better storyteller

Your customers give you the words, metaphors, pains, fears, and aspirations that build your narrative.

Address the pain directly: show the dragon, kill the dragon, kill it again

Effective storytelling acknowledges real problems, reframes them, and shows a path to victory.

Use a little fear—ethically and sparingly

A small awareness of risk can motivate change. But it must be balanced with hopeful, outcome‑driven stories.



4. Storytelling That Makes the Customer the Hero

Make the customer the protagonist

Your product is not the hero. Your product is the tool the hero uses to win.

Emphasize outcomes and results

Features are inputs. Outcomes are why people buy.

Marketing adds value through education

If your marketing doesn’t teach, simplify, clarify, or elevate understanding, it isn’t adding value.



5. Build a Broad Market‑Champion Ecosystem

Develop market champions across sales, channels, enthusiasts, and fans

The ecosystem surrounding your offering is larger and more influential than your marketing team.

Your job:

Equip them

Inspire them

Give them re‑usable stories

Celebrate them

Quote: “Your market is bigger than your department.”



6. A Multifaceted Content & Asset Strategy

Provide a complete Bill of Materials (BOM)

Just having a website, blog, and social posts is insufficient.

You need a multifaceted arsenal:

Calculators & ROI tools

Maturity models

Video (short + long)

Podcasts

Webinars & live sessions

Playbooks

One‑pagers

Deep‑dives

FAQs & battle cards

Templates & assessments

Customer stories

Channel kits

Pitch decks

Benchmark reports

Have a modern event strategy

Events must map to the buyer journey and the ICP, not to tradition. Use:

Live events for relationship‑building and immersion

Digital events for scale

Personal/field events for deal acceleration

And remember: Quote: “Events with buyers matter more than events with attendees.”

Swag is optional—white papers aren’t swag

Use resources intentionally. Don’t confuse noise with value.

Relentless reuse

Ideas compound when reused across formats:

Podcast → Webinar → Blog → Pitch Deck → Short‑form Video → Social Series → Partner Asset

Quote: “Reuse isn’t recycling—it’s amplification.”



7. Authenticity in the Age of AI

AI gives you scale, but don’t create market slop

AI accelerates, but it can also homogenize. Avoid generic output. Use AI to support your creativity—not replace your humanity.

Quote: “Human authenticity is still a competitive advantage.”



8. Differentiation, Focus & Strategic Choice

Find your differentiation—and stick to it

Everything you do should reinforce the thing that makes your company meaningfully different.

You can’t be everything to all people

Spreading effort thin dilutes your impact.

Quote: “A little bit of everything is nothing at all.”

Make decisions crisply

Decisiveness drives momentum. Indecision drains it.



9. Product‑Market Fit, Growth & Scale Discipline

Know you have product‑market fit before you scale

Trying to scale prematurely burns resources and credibility.

Don’t let scale prevent you from starting

Test small. Learn fast. Grow responsibly.

Experiment and fail fast

Testing is healthy. Repeating failures is not.

Quote: “Try anything once. Kill everything that doesn’t work.”



10. Measurements, OKRs & Operating Alignment

Measure what matters—and measure again

OKRs reveal whether your strategy is working. Focus on:

Attention

Activation

Adoption

Expansion

Pipeline impact

Partner attach rates

Narrative recall

Message consistency

Win/loss insights

Align with your company’s operating system

Marketing must tie back to the company’s:

Foundations

Strategy

Big Rocks

OKRs

Operating cadence

Quote: “Marketing succeeds when the whole company moves with us.”



11. Team Culture, Humility & the Human Reality of Execution

Stay humble

Nouns > adjectives. Clarity > cleverness. Truth > positioning tricks.

Practice a growth mindset

You aren’t expected to know everything—collective intelligence outperforms individual brilliance.

Your field will never use your slides exactly the way you want—and that’s OK

Their job is to tailor, adapt, and respond in real time. Give them tools, not scripts.



12. The Challenger Mindset & Creating Constructive Motion

It’s OK for marketing to create a little unease

Pointing out a “problem hiding in plain sight” is a powerful way to motivate action.

But balance challenge with clarity and hope

You win hearts and budgets through a blend of:

Insight

Urgency

Optimism

Practicality

Clear next steps

13. The Messaging and Positioning Framework



Here’s a clean, on‑brand section you can drop directly into the MPF to explain what an MPF is, why it matters, and best practices for creating, maintaining, and using it—including required and optional sections. The tone matches Synozur’s empathetic, outcome‑focused voice and is aligned to the structure of your existing framework.



How to Create, Maintain, and Use a Messaging & Positioning Framework (MPF)

A practical guide for building clarity, consistency, and strategic alignment across every channel.

What an MPF Is—and Why It Matters

A Messaging & Positioning Framework (MPF) is the strategic foundation for how your organization shows up in the world. It defines who you are, what you stand for, what you solve, and why it matters—then translates that into clear, repeatable messaging your team can use everywhere. An effective MPF ensures your story is consistent, differentiated, and deeply aligned to your brand values, so every interaction reinforces the same North Star.

For Synozur and our clients, the MPF is more than a marketing tool. It is a unifying narrative system that strengthens brand trust, accelerates go‑to‑market execution, and creates coherence across marketing, sales, product, and leadership communications. When done well, the MPF becomes a daily reference for teams—reducing rework, sharpening decision‑making, and enabling messages that feel empathetic, tailored, and outcome‑focused every time.



Best Practices for Creating an MPF

1. Start With Clarity, Not Creativity

Your MPF should be grounded in strategic truths, not slogans. Begin with:

Your purpose, mission, and values

Your ideal customer profiles

Your competitive category and differentiators

Your organizational capabilities and constraints

This ensures the MPF reflects who you actually are, not who the market expects you to sound like.

2. Lead With Empathy and Outcomes

An MPF must speak to the needs, frustrations, and aspirations of your audience. Prioritize:

Human‑centered language

Outcomes over activities

Clarity over cleverness

Decision‑maker context (CxO, ITDM, BDM, partner ecosystem)

3. Design a Narrative Spine Before Building Copy

Establish the “through‑line” of your story—your core promise, how you deliver it, and why it’s believable. This narrative spine becomes the anchor for all message tiers.

4. Codify, Then Simplify

Every section of the MPF should be short, scannable, and reusable. Think in messaging modules, not essays. If a salesperson, designer, or consultant can copy‑and‑paste a block into their work, you’ve succeeded.

5. Involve Multiple Voices—But Design for One Voice

Invite input from executives, marketing, sales, product, delivery, and partners to surface insights and blind spots.Then unify the output into a single, cohesive voice that feels unmistakably “you.”

6. Avoid Internal Jargon and Over‑the‑Top Claims

Teams often drift into buzzwords (“next‑gen,” “synergy”) or overly technical phrasing. Keep your MPF grounded in believable, human language that builds trust rather than hype.

7. Build for Microsoft Alignment (When Relevant)

For Microsoft partners, map your positioning to:

Solution Areas

Industry Plays

Co‑sell priorities

Azure consumption or M365 value narratives

This strengthens partner alignment and increases market lift.



Best Practices for Maintaining an MPF

1. Treat It as a Living Document

Your MPF should evolve with your strategy, market, products, and proof points. Revisit it:

Quarterly for messaging validation

Annually for structural review

After major strategic shifts, product launches, or new ICPs

2. Assign Clear Ownership

Designate a “Chief Story Steward” (usually Marketing leadership) responsible for:

Maintaining narrative consistency

Reviewing updates

Ensuring teams understand and use the MPF

Governing changes across versions

3. Keep Versioned, Single‑Source Access

Host the MPF in one authoritative location (SharePoint, Teams, or your intranet).Avoid fragmentation—multiple versions are the enemy of message discipline.

4. Refresh Proof Points Frequently

Update:

Case studies

Metrics

Award recognitions

Customer quotes

Roadmap alignment (especially for Microsoft partners)

Fresh proof builds credibility and keeps your story alive.

5. Train the Organization on How to Use It

Offer short, repeatable enablement for:

Sales teams

Consultants

Designers

Executives

New hires

Your MPF only works if people actually use it.



Best Practices for Using an MPF

1. Anchor Every Communication in the Core Narrative

Marketing, sales, product, and leadership should all begin with the MPF before drafting anything new. This prevents drift and maintains one shared voice.

2. Select the Right Message Tier for the Moment

Very short for introductions, panels, or quick pitches

Short form for web pages or event descriptions

Elevator pitch for sales meetings

Medium form for decks or proposals

Long form for whitepapers or strategic documents

The MPF gives people the building blocks—they choose the scale.

3. Apply the Brand Voice Filter

Before publishing, check:

Does this feel empathetic?

Is it tailored and clear?

Does it reflect our values and tone?

Does it speak to business outcomes?

If not, revise.

4. Use It for Strategy Decisions, Not Just Copywriting

Your MPF guides more than messaging. It can clarify:

Product naming

Campaign planning

ICP targeting

Partner alignment

Go‑to‑market motions

Leadership narratives

Internal culture stories

The MPF becomes your North Star for decision‑making.

5. Connect It to Your Tools and Templates

Embed MPF content directly into:

Sales pitch decks

Proposal templates

Case study formats

Email sequences

Social posts

Web components

Workshop collateral

The more embedded it is, the more consistently it gets used.



Required MPF Sections

Every MPF should contain these core elements:

Taglines & Value Promises

Audience Definitions (CxO, BDM, ITDM, Partners)

Category Definition & Positioning

Short, Medium, and Long Message Variants

Differentiators & Proof Points

Brand Narrative

Brand Voice & Style Guide

Ideal Customer Profiles (ICPs)

Service or Product Pillars

Use‑Case and Sector Messaging

Terminology Guidelines (Preferred & Avoid)

These create message consistency across the organization.



Optional MPF Sections

Helpful when building more sophisticated market presence:

Competitive Positioning & “Why We Win”

Persona‑Specific Storylines (e.g., CFO, COO, CIO)

Microsoft Ecosystem Alignment (for partners)

Partner‑Specific Messaging Blocks

Industry‑specific Positioning Packs

Origin Story & Founder Narrative

Expanded Visual/Graphic Direction

Social Media Voice‑and‑Tone Extensions

Analyst/Press Messaging

Internal Rallying Narrative / Culture Story

These deepen your storytelling power without overloading the core.



Closing Thought

A well‑crafted MPF isn’t paperwork—it’s a strategic advantage. When teams speak with one consistent, empathetic, outcome‑driven voice, the brand becomes sharper, trust grows, and every message lands with greater clarity. Used well, your MPF becomes the compass that keeps the entire organization aligned to its North Star.



Closing

This marketing philosophy is not theory. It is a repeatable operating system grounded in:

Customer obsession

Story discipline

Strategic clarity

Ecosystem influence

Differentiation

Education

Authenticity

Measurable outcomes

Organizational alignment

Humility and humanity

Marketing is at its best when it helps the customer win—because when they win, we do too.

",2107,116500d0-357e-4ace-a7af-7264ed58e22a,t,2026-01-18 19:13:00.169524,2026-01-18 19:13:00.169524,,
bcff7c50-9f90-425a-afad-181f890aa348,Marketing Activities Catalog,Marketing Activities Catalog,marketing_guidelines,docx,2026 Marketing Activities.docx,"

Annual Marketing Plan Activities Framework 

Comprehensive Activity Catalog by Marketing Function 

Based on extensive analysis of Synozur's marketing documents (2024-2026) and commercial marketing best practices, this framework presents candidate activities for annual marketing planning, grouped by marketing function and classified by strategic versus tactical implementation.12 

 

1. Market Research & Customer Intelligence 

Strategic Activities 

Activity Name 

Description 

Classification 

Dependencies/Notes 

Ideal Customer Profile (ICP) Development 

Define target customer segments based on firmographics, pain points, buying behavior, and willingness to pay3 

Strategic 

Foundation for all targeting decisions 

Total Addressable Market (TAM) Analysis 

Calculate market size and growth potential for each offering; work with analyst firms (Gartner, IDC) to size markets4 

Strategic 

Informs investment priorities 

Competitive Intelligence Program 

Systematic analysis of competitor positioning, proof density, messaging consistency, and ecosystem posture5 

Strategic 

Quarterly updates recommended 

Customer Journey Mapping 

Document touchpoints from awareness through retention; identify friction points and moments that matter6 

Strategic 

Aligns with evolving business models 

Win/Loss Analysis 

Interview closed deals to understand decision drivers, competitive differentiators, and messaging effectiveness7 

Strategic 

Feeds back into MPF 

Market Segmentation Research 

Identify vertical industries, company sizes, and buyer personas most aligned with offerings8 

Strategic 

Enables account-based marketing 

SWOT Analysis 

Assess strengths, weaknesses, opportunities, and threats from market perspective9 

Strategic 

Annual or bi-annual refresh 

Tactical Activities 

Activity Name 

Description 

Classification 

Dependencies/Notes 

Customer Feedback Sessions 

Conduct interviews, focus groups, and surveys with current customers10 

Tactical 

Quarterly cadence 

Social Listening Program 

Monitor brand mentions, competitor activity, and industry conversations11 

Tactical 

Daily/weekly monitoring 

Website Analytics Review 

Analyze traffic patterns, content performance, conversion paths12 

Tactical 

Monthly dashboards 

Buyer Willingness-to-Pay Research 

Survey-based research on pricing sensitivity and value perception13 14 

Tactical 

Prior to pricing decisions 

Voice of Customer (VoC) Programs 

Systematic collection of customer insights through multiple channels15 

Tactical 

Ongoing 

Conjoint Analysis for Bundling 

Research optimal product/service packaging and pricing16 

Tactical 

For new offering launches 

 

2. Messaging, Positioning & Brand Strategy 

Strategic Activities 

Activity Name 

Description 

Classification 

Dependencies/Notes 

Messaging & Positioning Framework (MPF) Development 

Define value propositions, core messages, differentiators, proof points, and audience-specific messaging17 18 

Strategic 

Foundation document for all content 

Brand Architecture Design 

Structure offerings into logical hierarchy; establish naming conventions19 

Strategic 

Simplifies customer navigation 

Brand Voice & Style Guide 

Define tone, language preferences, terminology to use/avoid20 21 

Strategic 

Ensures consistency 

Category Definition & Positioning 

Establish or redefine market category; differentiate from competitors22 23 

Strategic 

Can create new markets 

Tagline & Value Promise Creation 

Develop memorable, concise articulation of core value24 25 

Strategic 

Tested with audiences 

Brand Refresh/Evolution 

Update visual identity, messaging to reflect growth or market changes26 27 

Strategic 

Multi-month project 

Competitive Positioning Strategy 

Define ""why we win"" against specific competitors28 29 

Strategic 

Informs battle cards 

Tactical Activities 

Activity Name 

Description 

Classification 

Dependencies/Notes 

Message Tier Development 

Create very short, short, elevator, medium, and long-form variants30 31 

Tactical 

Based on MPF 

Proof Point Collection 

Gather case studies, metrics, customer quotes, certifications32 33 

Tactical 

Quarterly refresh 

Persona-Specific Messaging 

Tailor value propositions for CxO, ITDM, BDM audiences34 

Tactical 

3-5 personas typical 

Industry/Sector Messaging Variants 

Customize messaging for vertical markets35 36 

Tactical 

Based on ICP priorities 

Microsoft Ecosystem Alignment 

Map messaging to Solution Areas, Industry Plays, co-sell priorities37 38 

Tactical 

For partners 

Boilerplate Copy Creation 

Standard ""about us"" descriptions in multiple lengths39 

Tactical 

Used across channels 

Origin Story Development 

Founder narrative and company evolution story40 

Tactical 

Humanizes brand 

 

3. Naming & Nomenclature 

Strategic Activities 

Activity Name 

Description 

Classification 

Dependencies/Notes 

Offering Naming Strategy 

Establish naming conventions for products/services; balance descriptive vs. evocative41 42 

Strategic 

Legal clearance required 

Brand Architecture Naming 

Define corporate, product, and sub-brand naming hierarchy43 

Strategic 

Consistency critical 

Terminology Governance 

Create approved/prohibited term lists; enforce message discipline44 45 

Strategic 

Living document 

Tactical Activities 

Activity Name 

Description 

Classification 

Dependencies/Notes 

Campaign Naming 

Name specific marketing campaigns for internal/external clarity 

Tactical 

Brief, memorable 

Asset Naming Standards 

Consistent file naming for discoverability46 

Tactical 

Operational efficiency 

Go-to-Market Naming 

Shorter truncated names for market use vs. legal names47 

Tactical 

Market preference 

 

4. Pricing & Packaging 

Strategic Activities 

Activity Name 

Description 

Classification 

Dependencies/Notes 

Pricing Model Design 

Determine pricing basis (time, usage, value, subscription, consumption)48 

Strategic 

Aligned to customer buying 

Package/Bundle Strategy 

Group offerings into coherent packages with clear outcomes49 50 

Strategic 

Research-driven 

Price Point Optimization 

Research and test optimal pricing tiers and thresholds51 

Strategic 

Willingness-to-pay studies 

Offer Productization 

Transform services into named, repeatable plays (assessments, workshops, accelerators)52 53 

Strategic 

Scalability driver 

Tactical Activities 

Activity Name 

Description 

Classification 

Dependencies/Notes 

Pricing Psychology Application 

Apply anchoring, tiering, decoy pricing principles54 

Tactical 

Behavioral economics 

Competitor Price Benchmarking 

Monitor competitive pricing positions55 

Tactical 

Quarterly 

Pricing Test Campaigns 

A/B test pricing presentation and models 

Tactical 

Digital channels 

Discount/Incentive Structure 

Design partner, volume, early-adopter pricing56 

Tactical 

Channel strategy 

 

5. Packaged Offers & Programs 

Strategic Activities 

Activity Name 

Description 

Classification 

Dependencies/Notes 

Discovery Workshop Development 

Create repeatable workshop offerings with agendas, outputs57 58 

Strategic 

Service productization 

Assessment/Maturity Model Creation 

Build diagnostic tools that demonstrate value and generate leads59 60 

Strategic 

Thought leadership asset 

Customer Loyalty Program Design 

Reward repeat business and referrals61 

Strategic 

Retention focus 

Partner Program Architecture 

Define co-sell, sell-to, sell-with models62 63 

Strategic 

Ecosystem enablement 

Tactical Activities 

Activity Name 

Description 

Classification 

Dependencies/Notes 

Quick-Start Package Creation 

Time-boxed, fixed-scope entry offers 

Tactical 

Lower sales friction 

Free Assessment/Consultation Offers 

Lead generation magnets64 

Tactical 

Top-of-funnel 

Proof-of-Concept Programs 

Structured pilots to demonstrate value 

Tactical 

De-risk purchase 

Training/Certification Programs 

Structured learning paths for customers or partners 

Tactical 

Enablement 

 

6. Customer Meetings & Engagement 

Strategic Activities 

Activity Name 

Description 

Classification 

Dependencies/Notes 

Customer Advisory Board (CAB) 

Regular forum with strategic customers for product/strategy input 

Strategic 

Executive-level engagement 

Executive Roundtable Series 

Invitation-only dinners with 8-10 senior executives in select cities65 66 

Strategic 

Relationship building 

Customer Success Program 

Proactive engagement to drive adoption and expansion67 

Strategic 

Retention & NRR growth 

Strategic Account Planning 

Dedicated plans for top-tier accounts with marketing support 

Strategic 

Account-based marketing 

Tactical Activities 

Activity Name 

Description 

Classification 

Dependencies/Notes 

Quarterly Business Reviews (QBRs) 

Regular check-ins with key accounts to review value delivered 

Tactical 

Customer success-led 

Customer Interviews for Case Studies 

Structured interviews to capture success stories68 

Tactical 

Proof point generation 

Reference Customer Calls 

Facilitate prospect conversations with existing customers 

Tactical 

Sales enablement 

Customer Feedback Surveys 

NPS, CSAT, and product feedback collection69 

Tactical 

Continuous improvement 

User Group Meetings 

Community gatherings for peer learning and networking 

Tactical 

Build advocacy 

Customer Appreciation Events 

Thank-you dinners, gifts, exclusive experiences 

Tactical 

Relationship nurturing 

 

7. Digital Marketing & Web Presence 

Strategic Activities 

Activity Name 

Description 

Classification 

Dependencies/Notes 

Website Strategy & Replatform 

Define goals, information architecture, user experience; select technology70 71 

Strategic 

Major project; 3-6 months 

SEO Strategy Development 

Keyword research, topical authority planning, technical SEO roadmap72 73 

Strategic 

Organic discovery foundation 

Content Marketing Strategy 

Editorial calendar, content types, distribution channels, governance74 75 

Strategic 

Demand generation engine 

Marketing Automation Platform Selection 

Choose and implement CRM, email, social, analytics tools76 

Strategic 

Scalability enabler 

Conversion Rate Optimization (CRO) Program 

Systematic testing of landing pages, CTAs, forms77 78 

Strategic 

Maximize funnel efficiency 

Tactical Activities 

Activity Name 

Description 

Classification 

Dependencies/Notes 

Website Content Updates 

Regular refresh of pages, case studies, bios, offerings79 80 

Tactical 

Quarterly minimum 

Landing Page Creation 

Campaign-specific pages optimized for conversion81 

Tactical 

Per campaign 

Blog Publishing Program 

Weekly or bi-weekly thought leadership articles82 83 

Tactical 

SEO & authority building 

White Paper/eBook Development 

In-depth content behind lead-gen forms84 85 86 

Tactical 

2-4 per year 

Video Content Production 

Explainer videos, customer testimonials, demos87 88 

Tactical 

Multi-format reuse 

Infographic Design 

Visual data storytelling for social and web 

Tactical 

Shareability focus 

Interactive Tools (Calculators, Assessments) 

ROI calculators, maturity models, quizzes89 

Tactical 

Lead qualification 

Webinar Series 

Educational sessions on demand and live90 91 92 

Tactical 

Lead generation 

Podcast Production 

Regular audio/video series on industry topics93 

Tactical 

Long-form thought leadership 

 

8. Email Marketing & Campaigns 

Strategic Activities 

Activity Name 

Description 

Classification 

Dependencies/Notes 

Email Marketing Strategy 

Segmentation approach, cadence, personalization, nurture journeys94 

Strategic 

CRM-dependent 

Lead Nurture Program Design 

Multi-touch sequences for different stages and personas95 96 

Strategic 

Marketing automation 

Privacy & Compliance Framework 

Consent management, data protection policies97 98 

Strategic 

Legal requirement 

Tactical Activities 

Activity Name 

Description 

Classification 

Dependencies/Notes 

Campaign Email Series 

Event promotion, content offers, product launches99 100 

Tactical 

4-12 per year 

Newsletter Publishing 

Regular updates to subscriber base101 

Tactical 

Monthly typical 

Personalized Outreach Templates 

1:1 email templates for sales use102 103 

Tactical 

Sales enablement 

Email A/B Testing 

Subject lines, CTAs, send times, content 

Tactical 

Continuous optimization 

Re-engagement Campaigns 

Win back inactive subscribers 

Tactical 

List health 

 

9. Social Media Marketing 

Strategic Activities 

Activity Name 

Description 

Classification 

Dependencies/Notes 

Social Media Strategy 

Channel selection, voice/tone, content mix, engagement approach104 

Strategic 

Resource allocation 

Paid Social Advertising Strategy 

Platform selection, targeting, budget allocation105 

Strategic 

Performance-driven 

Employee Advocacy Program 

Enable staff to amplify company content106 

Strategic 

Organic reach multiplier 

Social Listening & Engagement 

Monitor conversations, respond to mentions107 

Strategic 

Reputation management 

Tactical Activities 

Activity Name 

Description 

Classification 

Dependencies/Notes 

Organic Social Posting 

Regular content across LinkedIn, X, Instagram, Facebook108 

Tactical 

Daily/weekly cadence 

Paid Social Campaigns 

Boosted posts, lead gen ads, brand awareness109 

Tactical 

Campaign-based 

LinkedIn Articles/Thought Leadership 

Long-form posts by executives110 

Tactical 

Authority building 

Social Media Contests/Giveaways 

Engagement and follower growth tactics 

Tactical 

Audience building 

Live Social Events 

LinkedIn Live, X Spaces, Instagram Live 

Tactical 

Real-time engagement 

 

10. Events & Experiential Marketing 

Strategic Activities 

Activity Name 

Description 

Classification 

Dependencies/Notes 

Annual Event Strategy 

Conference selection, sponsorship tiers, speaking opportunities111 112 

Strategic 

Budget & ROI-driven 

Proprietary Event Development 

AI for Business Summit, customer conferences113 114 

Strategic 

Brand building 

Virtual Event Platform Strategy 

Webinar tools, virtual booth technology 

Strategic 

Hybrid future 

Tactical Activities 

Activity Name 

Description 

Classification 

Dependencies/Notes 

Conference Sponsorships 

Booth presence, speaking slots, networking115 116 

Tactical 

3-5 per year 

Webinar Delivery 

Educational sessions, product demos117 118 

Tactical 

Monthly/quarterly 

Executive Dinners/Roundtables 

Intimate gatherings with prospects and customers119 120 

Tactical 

Relationship depth 

Speaking Engagements 

Present at industry events and conferences121 

Tactical 

Thought leadership 

Trade Show Participation 

Industry-specific exhibitions 

Tactical 

Vertical penetration 

Community Events 

Microsoft Community Days, user groups122 

Tactical 

Grassroots engagement 

Workshop/Training Sessions 

Hands-on learning experiences 

Tactical 

Customer education 

 

11. Content Creation & Thought Leadership 

Strategic Activities 

Activity Name 

Description 

Classification 

Dependencies/Notes 

Thought Leadership Platform 

Establish POV on industry trends and challenges123 

Strategic 

Executive involvement 

Content Governance Model 

Approval workflows, brand compliance, legal review 

Strategic 

Risk management 

Content Repurposing Framework 

Multi-format reuse strategy (podcast → blog → deck → social)124 125 

Strategic 

Efficiency multiplier 

Tactical Activities 

Activity Name 

Description 

Classification 

Dependencies/Notes 

Blog Post Creation 

Weekly articles on industry topics126 

Tactical 

SEO & nurture 

White Papers 

Research-backed, in-depth reports127 128 

Tactical 

Lead magnets 

eBooks 

Comprehensive guides on specific topics129 130 

Tactical 

Mid-funnel content 

Case Study Development 

Customer success stories with metrics131 132 

Tactical 

Proof points 

Infographics 

Visual data stories 

Tactical 

Social shareability 

Slide Decks/Presentations 

Shareable presentations on key topics 

Tactical 

Enablement 

Video Series 

Short-form and long-form video content133 134 

Tactical 

Multi-channel distribution 

Podcast Episodes 

Audio interviews and discussions135 

Tactical 

Depth & personality 

Executive Bylines 

Articles published in industry media 

Tactical 

Third-party credibility 

 

12. Analyst Relations & Public Relations 

Strategic Activities 

Activity Name 

Description 

Classification 

Dependencies/Notes 

Analyst Relations (AR) Program 

Engage Gartner, Forrester, IDC for research and validation136 

Strategic 

Category leadership 

Public Relations Strategy 

Media targeting, spokesperson training, crisis planning137 

Strategic 

Reputation management 

Executive Visibility Program 

Speaking, interviews, awards, board positions138 

Strategic 

Personal brand building 

Tactical Activities 

Activity Name 

Description 

Classification 

Dependencies/Notes 

Analyst Briefings 

Regular updates to analyst firms on strategy and offerings 

Tactical 

Quarterly/bi-annual 

Press Releases 

Announce news, partnerships, customer wins 

Tactical 

As events warrant 

Media Pitches 

Proactive outreach to journalists with story ideas 

Tactical 

Ongoing 

Byline Placements 

Secure executive articles in trade publications 

Tactical 

4-8 per year 

Awards Submissions 

Enter industry recognition programs 

Tactical 

Annual cycle 

Podcast Guest Appearances 

Executives on industry podcasts 

Tactical 

Reach new audiences 

 

13. Partner & Channel Marketing 

Strategic Activities 

Activity Name 

Description 

Classification 

Dependencies/Notes 

Partner Marketing Strategy 

Market-to vs. market-through approach139 

Strategic 

Channel economics 

Co-Marketing Program Design 

Joint campaigns, co-branded assets, lead sharing 

Strategic 

Partner agreements 

Partner Enablement Program 

Training, certification, sales tools140 141 

Strategic 

Channel scale 

Microsoft Relationship Strategy 

GAPP participation, co-sell alignment, competencies142 143 

Strategic 

Ecosystem leverage 

Tactical Activities 

Activity Name 

Description 

Classification 

Dependencies/Notes 

Partner Portal/Resource Center 

Centralized hub for partner assets144 

Tactical 

Self-service enablement 

Partner Pitch Deck 

Abbreviated deck for partner use145 

Tactical 

Easy amplification 

Co-Branded Collateral 

Joint marketing materials with partners 

Tactical 

Partnership marketing 

Partner Email Templates 

OFT templates for partner outreach146 

Tactical 

Ease of use 

Partner Campaigns 

Dedicated campaigns to/through partners147 

Tactical 

Quarterly 

Partner Newsletters 

Regular updates to partner ecosystem 

Tactical 

Monthly 

Joint Events/Webinars 

Co-hosted educational sessions 

Tactical 

Audience expansion 

Partner Spotlights 

Feature partners in company content148 

Tactical 

Mutual promotion 

 

14. Sales Enablement & Collateral 

Strategic Activities 

Activity Name 

Description 

Classification 

Dependencies/Notes 

Sales Enablement Strategy 

Define roles, tools, training, content needs149 

Strategic 

Sales-marketing alignment 

Bill of Materials (BoM) Architecture 

Standard asset packages for offerings150 151 

Strategic 

Consistency & efficiency 

Sales Playbook Development 

Documented sales motions, objection handling, talk tracks 

Strategic 

Repeatable excellence 

Tactical Activities 

Activity Name 

Description 

Classification 

Dependencies/Notes 

Pitch Deck Creation/Updates 

Master presentation with modular slides152 153 154 

Tactical 

Quarterly refresh 

One-Pagers/Sell Sheets 

Concise offering summaries155 

Tactical 

Per offering 

Battle Cards 

Competitive comparison guides156 157 

Tactical 

Per competitor 

ROI Calculators 

Value quantification tools158 

Tactical 

Business case support 

Demo Environments 

Sandbox environments for product demonstrations 

Tactical 

Hands-on experience 

Proposal Templates 

Standardized response frameworks 

Tactical 

Efficiency 

Email Templates 

Cadence sequences for different scenarios159 

Tactical 

Personalization at scale 

Objection Handling Guides 

Responses to common concerns160 

Tactical 

Sales confidence 

 

15. Demand Generation & Lead Management 

Strategic Activities 

Activity Name 

Description 

Classification 

Dependencies/Notes 

Demand Generation Strategy 

Integrated approach across channels161 

Strategic 

Pipeline goals 

Account-Based Marketing (ABM) Program 

Targeted campaigns for named accounts 

Strategic 

High-value focus 

Lead Scoring Model 

Criteria for MQL, SQL, SAL definitions162 

Strategic 

Sales handoff clarity 

Marketing Qualified Lead (MQL) Process 

Nurture paths and conversion criteria163 164 

Strategic 

Funnel optimization 

Tactical Activities 

Activity Name 

Description 

Classification 

Dependencies/Notes 

Targeted LinkedIn Campaigns 

Lead gen forms, sponsored content165 166 

Tactical 

Audience precision 

Content Download Campaigns 

Gated assets with lead capture167 168 

Tactical 

Top-of-funnel 

Webinar Registration Campaigns 

Drive attendance to educational events169 

Tactical 

Event marketing 

Retargeting/Remarketing 

Ads to website visitors who didn't convert 

Tactical 

Stay top-of-mind 

Contact List Development 

LinkedIn Sales Navigator, event attendees170 

Tactical 

Database growth 

Lead Nurture Sequences 

Multi-touch email journeys171 

Tactical 

Automated workflows 

 

16. Brand Awareness & Advertising 

Strategic Activities 

Activity Name 

Description 

Classification 

Dependencies/Notes 

Brand Awareness Strategy 

Channels, messaging, measurement172 173 

Strategic 

Top-of-funnel investment 

Paid Media Strategy 

Budget allocation across search, social, display174 

Strategic 

Performance targets 

Sponsorship Strategy 

Event, podcast, community sponsorships 

Strategic 

Brand association 

Tactical Activities 

Activity Name 

Description 

Classification 

Dependencies/Notes 

Paid Search (SEM) 

Google Ads, Bing Ads for branded and non-branded keywords 

Tactical 

Intent capture 

Display Advertising 

Banner ads on industry sites 

Tactical 

Awareness & retargeting 

LinkedIn Sponsored Content 

Native ads in feed175 

Tactical 

B2B reach 

Podcast Sponsorships 

Audio ads on relevant shows 

Tactical 

Niche audiences 

Conference Sponsorships 

Logo placement, booth space176 

Tactical 

In-person visibility 

Community Sponsorships 

Support for industry groups, meetups 

Tactical 

Grassroots credibility 

 

17. Customer Marketing & Retention 

Strategic Activities 

Activity Name 

Description 

Classification 

Dependencies/Notes 

Customer Lifecycle Marketing 

Onboarding, adoption, expansion, renewal strategies177 

Strategic 

Customer success alignment 

Customer Advocacy Program 

Identify, enable, and reward champions 

Strategic 

Reference development 

Retention & Expansion Strategy 

Upsell, cross-sell, renewal campaigns 

Strategic 

Revenue growth 

Tactical Activities 

Activity Name 

Description 

Classification 

Dependencies/Notes 

Customer Onboarding Campaigns 

Welcome sequences, getting-started resources 

Tactical 

Time-to-value reduction 

Customer Newsletter 

Regular updates on product, best practices, community 

Tactical 

Engagement & retention 

Customer Case Study Capture 

Interview and document success stories178 

Tactical 

Social proof 

Reference Program 

Incentivize customer references 

Tactical 

Sales support 

Renewal Campaigns 

Proactive outreach before contract expiration 

Tactical 

Retention 

Upsell/Cross-Sell Campaigns 

Promote additional offerings to existing customers 

Tactical 

Expansion revenue 

Customer Milestone Recognition 

Celebrate anniversaries, achievements 

Tactical 

Relationship deepening 

 

18. Metrics, Analytics & Reporting 

Strategic Activities 

Activity Name 

Description 

Classification 

Dependencies/Notes 

Marketing OKRs/KPIs Framework 

Define objectives and key results179 180 

Strategic 

Goal alignment 

Attribution Model Design 

Multi-touch attribution across customer journey 

Strategic 

ROI understanding 

Dashboard & Reporting Architecture 

Executive, campaign, channel dashboards 

Strategic 

Data-driven decisions 

Marketing Mix Modeling 

Analyze contribution of each channel/tactic 

Strategic 

Budget optimization 

Tactical Activities 

Activity Name 

Description 

Classification 

Dependencies/Notes 

Monthly Marketing Reviews 

Performance review against goals181 

Tactical 

Accountability 

Campaign Post-Mortems 

Analyze what worked and what didn't 

Tactical 

Continuous improvement 

A/B Testing Programs 

Systematic testing of messaging, design, offers 

Tactical 

Optimization 

Competitive Benchmarking 

Track share of voice, website traffic, engagement182 

Tactical 

Market position 

Website Analytics 

Traffic, conversion, user behavior analysis183 

Tactical 

Optimization insights 

Email Performance Analysis 

Open rates, CTR, conversion tracking 

Tactical 

Campaign refinement 

Social Media Analytics 

Engagement, reach, follower growth184 

Tactical 

Content optimization 

 

19. Marketing Operations & Technology 

Strategic Activities 

Activity Name 

Description 

Classification 

Dependencies/Notes 

Marketing Technology Stack Selection 

Choose CRM, automation, analytics, social tools185 186 

Strategic 

Integration critical 

Data Management Strategy 

Data quality, governance, privacy compliance187 

Strategic 

Foundation for all 

Marketing Process Documentation 

Standard operating procedures for campaigns, approvals 

Strategic 

Scalability 

Tactical Activities 

Activity Name 

Description 

Classification 

Dependencies/Notes 

CRM Implementation & Optimization 

HubSpot, Salesforce configuration188 

Tactical 

Data hygiene 

Marketing Automation Setup 

Email workflows, lead scoring, nurture tracks 

Tactical 

Efficiency gain 

Integration Projects 

Connect tools for data flow (CRM ↔ email ↔ web) 

Tactical 

Seamless experience 

Contact Database Hygiene 

Dedupe, enrich, segment lists189 

Tactical 

Deliverability & relevance 

Tag & UTM Parameter Strategy 

Track campaign performance across channels 

Tactical 

Attribution accuracy 

 

20. Internal Marketing & Communications 

Strategic Activities 

Activity Name 

Description 

Classification 

Dependencies/Notes 

Internal Marketing Strategy 

Align company on positioning, launches, priorities190 

Strategic 

Cultural alignment 

Employee Engagement in Marketing 

Advocacy, content contribution, social sharing191 

Strategic 

Organic amplification 

Cross-Functional Alignment 

Regular reviews with product, sales, delivery192 

Strategic 

Organizational coherence 

Tactical Activities 

Activity Name 

Description 

Classification 

Dependencies/Notes 

Monthly Marketing Updates 

Share results, plans with broader company193 

Tactical 

Transparency 

Quarterly Marketing Reviews 

Cross-departmental sessions on strategy194 

Tactical 

Feedback loops 

Launch Readiness Programs 

Prepare organization for new offerings/campaigns 

Tactical 

Coordinated GTM 

Marketing Newsletter (Internal) 

Regular updates to staff on marketing activities 

Tactical 

Awareness & engagement 

 

Key Principles for Activity Selection 

Based on Synozur's marketing philosophy195, prioritize activities that: 

Enforce Message Discipline - Protect and consistently communicate core messaging196 

Demonstrate Customer Obsession - Listen deeply and make customers the hero197 

Build Multi-Faceted Assets - Create complete Bill of Materials, not just surface content198 

Enable Relentless Reuse - Amplify ideas across formats (podcast → webinar → blog → deck)199 

Focus and Differentiate - Choose activities that reinforce unique differentiation200 

Measure What Matters - Tie to OKRs and business outcomes201 

Maintain Authenticity - Use AI for scale but preserve human voice202 

Know Product-Market Fit - Scale only after validation203 

 

Implementation Framework 

Prioritization Criteria 

When selecting activities for annual plan: 

Strategic Alignment - Does it advance business goals and ICP targeting? 

Resource Availability - Do we have budget, people, skills? 

Expected Impact - What is potential ROI and pipeline contribution? 

Competitive Advantage - Does it differentiate us meaningfully? 

Feasibility - Can we execute with quality given constraints? 

Dependencies - What must be in place first? 

Typical Annual Mix 

A balanced commercial B2B marketing plan typically includes: 

3-5 strategic initiatives (e.g., MPF development, website replatform, new offering launch, analyst relations program) 

10-15 ongoing tactical programs (e.g., blog publishing, email campaigns, social media, events) 

20-30 campaign executions (e.g., webinars, white papers, case studies, conferences) 

Continuous activities (e.g., social posting, lead nurture, analytics reviews) 

Resource Planning 

Activities require different resource types: 

Creative: Design, writing, video production 

Technical: Web development, marketing automation, analytics 

Strategic: Research, planning, stakeholder management 

Operational: Project management, vendor coordination, budget management 

 

Orbit AI Application Notes 

For the Orbit AI app to propose marketing activities effectively: 

Required Inputs 

Go-to-Market Plan Elements: ICP, value proposition, competitive position, market maturity 

Product Mix: Offerings, pricing model, sales cycle length, customer type 

Company Context: Stage (startup/growth/mature), budget, team size, industry 

Strategic Goals: Awareness, demand gen, thought leadership, partnership, retention 

Constraints: Budget, headcount, geographic focus, timeline 

AI Recommendation Logic 

Match activities to company stage - Startups need awareness; mature companies need retention 

Align to buying journey - Early stage needs top-of-funnel; late stage needs enablement 

Balance strategic vs. tactical - Include foundation work plus execution 

Consider dependencies - MPF before campaigns; website before heavy traffic generation 

Respect resource constraints - Don't recommend resource-intensive activities without capacity 

Sequence logically - Build foundation → create assets → distribute → measure → optimize 

Output Format 

For each recommended activity, provide: 

Activity name and category 

Strategic vs. tactical classification 

Rationale (why it fits this GTM plan/product mix) 

Success metrics 

Estimated resource requirements (time, budget, skills) 

Dependencies and prerequisites 

Typical timeline 

Example deliverables 

 

This comprehensive framework provides 150+ candidate activities across 20 marketing functions, grounded in both Synozur's internal best practices204 205 206 207 208 and commercial marketing standards209. Each activity is classified as strategic or tactical, with clear descriptions suitable for both book publication and AI-driven marketing plan generation. 



",3375,116500d0-357e-4ace-a7af-7264ed58e22a,t,2026-01-21 22:56:29.339923,2026-01-21 22:56:29.339923,,
b872b6a8-1735-445e-9247-9f7908dd3c39,Best Practices for Product Management and Roadmap Management,"This document outlines best practices for product management, feature development, innovation, and roadmap management by combining internal insights and industry research. It emphasizes the importance of aligning product vision and strategy with customer and business value, focusing on outcomes over outputs, empowering cross-functional teams, prioritizing based on data and risk, using clear metrics for success, and fostering a culture of knowledge sharing. Together, these practices help product leaders drive innovation and deliver solutions that truly meet user and business needs.",methodology,docx,2026 Best Practices for Product Management.docx,"

Best Practices for Product Management, Feature Development, Innovation & Roadmap Management

Summary

This document outlines best practices for product management, feature development, innovation, and roadmap management by combining internal insights and industry research. It emphasizes the importance of aligning product vision and strategy with customer and business value, focusing on outcomes over outputs, empowering cross-functional teams, prioritizing based on data and risk, using clear metrics for success, and fostering a culture of knowledge sharing. Together, these practices help product leaders drive innovation and deliver solutions that truly meet user and business needs.

Introduction

Effective product leadership demands a delicate blend of strategic planning, empathetic understanding of customers and stakeholders, disciplined delivery and room for creativity. Internal guidance authored by Chris McNulty stresses that technology products should be guided by “business priorities, user needs and realistic resources,” not features for features’ sake. At the same time, external thought leaders and industry guides emphasize that strong planning improves product–market fit, reduces risks and encourages collaboration. Careful road mapping and continuous knowledge sharing can help product leaders move from idea to outcome and sustain innovation. This overview synthesizes internal insights and external research into a holistic set of best practices for product management, feature development, innovation and roadmap management. [report.md | PowerPoint]

Product Management Best Practices

Align product vision and strategy with customer and business value

Start with a clear product vision and strategic context. Before committing to features, ask what problems the product will solve and how it advances your organization’s mission and objectives. Atlassian notes that product planning must begin with ideation and market research (customer interviews, needs analysis and competitive assessment) to ensure you are addressing real customer problems. A clear vision statement and strategic objectives act as a “north star” for the team.

Focus on outcomes over outputs. Internal guidance emphasizes that more than 60 % of enterprise software features are rarely used, so features should be tied to specific use cases and measurable outcomes. Industry experts echo this shift: modern roadmaps are most effective when they frame items around the value delivered to users and the business rather than a list of features. Defining initiatives such as “Enable marketing teams to seamlessly share campaign performance data” sets a clear user goal without prescribing solutions. [report.md | PowerPoint]

Empower cross‑functional teams and decentralized decision‑making. Marty Cagan’s product operating model emphasizes empowering product teams to make decisions, with product, design and engineering working in tandem to solve problems. Agile product management builds on this by encouraging collaboration, regular communication and self‑organizing teams that can rapidly adapt.

Prioritize based on multiple risks and data. Cagan recommends evaluating features across four critical risks—value (will customers buy/use it?), usability, feasibility and business viability. External frameworks such as MoSCoW (must‑have, should‑have, could‑have, won’t‑have) and RICE (Reach, Impact, Confidence, Effort) help teams take an evidence‑based approach to trade‑offs. Involving stakeholders and customers in the prioritization process is essential; gather input through surveys, interviews and internal discussions and weigh options against strategic goals and metrics.

Use metrics and success criteria to guide decisions. Robust product management uses key metrics (customer lifetime value, retention, churn rates, etc.) to evaluate priorities, track progress and measure success. Connect each desired outcome to specific, measurable success indicators to ensure accountability.

Promote knowledge sharing and learning. An internal article emphasizes that knowledge sharing accelerates learning, enhances collaboration, improves decision‑making and fosters innovation. Encourage cross‑functional collaboration, hold regular knowledge‑sharing sessions and maintain repositories where insights and past lessons are easily accessible. This culture helps teams build on prior successes and failures instead of reinventing the wheel.

Feature Development and Iterative Improvement

Build customer‑centered solutions and validate early

Develop minimum viable products (MVPs) to test assumptions. Internal best practices recommend launching a minimal set of key capabilities to validate product requirements and gather real user feedback. Rapid experimentation and prototypes help confirm the value and usability of ideas before large investments. [report.md | PowerPoint]

Employ lean and agile methods. Agile product management uses short sprints to build, test and refine features based on continuous feedback. Feature‑Driven Development (FDD) is an agile method where teams deliver small, frequent feature releases and involve users directly in development. FDD’s five‑step cycle—develop an overall model, build a features list, plan by feature, design by feature and build by feature—allows scalable teams to move quickly and track progress.

Seek and prioritize user feedback. External guidance highlights that user feedback offers a direct line to customer needs and pain points. Establishing user‑friendly channels—such as in‑app surveys, community forums and social platforms—encourages feedback. Feedback should be categorized by frequency, severity and impact on user experience and turned into actionable backlog items. Cross‑functional collaboration ensures that feedback is understood and addressed holistically.

Use data and experimentation to inform design. A/B testing and data analysis enable product teams to compare multiple design options and validate which features better meet user needs. Present hypotheses through wireframes or low‑fidelity prototypes, test them with users and iterate quickly. As internal guidelines note, early usability testing with prototypes or wireframes helps validate product design before development investment. [report.md | PowerPoint]

Build secure, scalable, and maintainable architectures. Chris McNulty’s guidance stresses designing products for scalability, high availability and performance, often via modular or microservices architectures and security by design. Using DevOps practices, automated testing and infrastructure as code helps shorten release cycles while ensuring quality and compliance. [report.md | PowerPoint]

Innovation Management

Adopt a strategic and customer‑value‑driven approach

Link innovation to clear strategic goals and value delivery. External frameworks note that innovation involves more than new ideas; it is about creating value, organizational resilience and market leadership. Innovation roadmaps outline strategic goals, initiatives and activities needed to drive business growth and ensure that new efforts align with business strategy and customer needs.

Understand the types of innovation. According to Aha’s innovation roadmap guide, innovations can be incremental (e.g., iterative improvements like new flavors of an existing product), architectural (reconfiguring components to enter new markets), disruptive (delivering greater value to under‑served markets, e.g., Netflix), and radical (creating entirely new markets or technologies, e.g., biotechnologies). Businesses should also consider innovation across business models, channels, processes, and organizations to remain competitive and resilient.

Employ a structured innovation process. Crafting an innovation roadmap involves identifying and analyzing strategic inputs, agreeing on what to deliver, establishing parameters and aligning resources. Clear processes for communicating status, reviewing progress and identifying risks help manage the complexity of innovation initiatives.

Promote a culture of exploration and learning. Internal emphasis on knowledge sharing shows that innovation flourishes when insights, lessons and ideas flow freely across disciplines. Encourage experimentation, maintain a balance between exploration and exploitation and ensure that cross‑functional teams are empowered to propose and test new ideas. This aligns with the product discovery loop advocated by Marty Cagan, where teams continuously learn through rapid experimentation and user feedback.

Include structured time for innovation. Microsoft’s FHL (often abbreviated as Fix-Hack-Learn) is an internal innovation sprint where, for about a week, employees across engineering, product management and design are given dedicated time away from day-to-day work to fix nagging issues, hack on new ideas and learn new skills.  During FHL, teams self-organize to tackle problems ranging from bug-fixes and performance improvements to exploratory prototypes, integration opportunities and new user experiences.  Posts from past participants note that everyone—from engineers and product managers to designers and engineering managers—comes together to brainstorm, pitch projects, build demos and present them in just a few days, with many ideas going on to influence real products.  The event emphasizes a growth-mindset culture—nearly 40 % of one MSN organization registered to take part—by combining a “fix-a-thon” (dedicated time to tackle technical debt) with open-charter hacking and instructional sessions to encourage experimentation, creativity and collaboration.  This mixture of fixing, hacking and learning (sometimes informally referenced as “Fix-Hack-Lean” to emphasize lean experimentation) helps employees rapidly prototype solutions, learn new technologies and drive innovation into the product roadmap while strengthening cross-team relationships. 

Product Roadmap Management

Treat the roadmap as a dynamic, strategic communication tool

Infuse the roadmap with vision and business context. A product roadmap should incorporate the product’s vision, overall direction and underlying “why.” It must unite team members around common goals and include milestones and success metrics. The roadmap is not just a list of features; it is “a prototype of your company’s strategy” designed to guide teams from vision to realization.

Design for agility and flexibility. Modern roadmaps should be adaptable—two‑thirds of product managers adjust their roadmaps monthly or even weekly. Avoid over‑committing to specific dates; frameworks like the Now‑Next‑Later timeline present work in horizons (active, upcoming, future), letting teams adjust as new information emerges. Theme‑based organization groups initiatives by strategic pillars such as “User Experience” or “Reliability,” providing a high‑level narrative without promising specific features.

Base decisions on evidence and clear criteria. Roadmaps should be prioritized using structured frameworks. MoSCoW and RICE help separate must‑have, should‑have, could‑have and won’t‑have items. Evidence‑based prioritization uses scoring systems that weigh customer value, business impact, strategic alignment and effort to create a ranked list. Considering multiple factors reduces the influence of the “loudest voice in the room.”

Plan with parallel horizons—from strategy to delivery. Align long‑term vision, mid‑term roadmaps, and short‑term iteration or sprint planning. Creately’s “Agile planning onion” concept describes nested layers of planning: vision (long‑term business objectives), roadmap (strategic milestones), release planning (intermediate delivery schedule) and iteration planning (short task-level execution). Ensuring coherence across these layers avoids misalignment between daily tasks and strategic objectives.

Tailor communication to stakeholders and maintain transparency. The roadmap is a tool for aligning and communicating with executives, engineering, marketing, sales and customers. Provide different views for each audience—high‑level strategic overviews for executives, timeline-focused details for sales/marketing and more granular feature details for development teams. Maintain a regular cadence of roadmap reviews and invite stakeholder input. Clearly document prioritization criteria and communicate decisions to build trust and shared understanding. External guidance emphasizes that transparent communication—prompt updates, open discussion and clarity on changes—keeps stakeholders aligned and fosters trust.

Integrate customer feedback and data into roadmaps. Product roadmaps should evolve based on quantitative metrics (customer lifetime value, retention, churn) and qualitative user feedback. Soliciting customer feedback through surveys or community forums is “mandatory” in roadmap development. Regularly review new insights and adjust priorities accordingly, maintaining a balance between quick wins and longer‑term strategic investments.

Institutionalize continuous discovery. The Bricx Labs guide urges product teams to establish a cadence for continuous discovery and maintain a separate backlog of ideas, which allows teams to explore new opportunities without disrupting committed work. This supports agile adaptation and ensures that emerging insights have a place for future prioritisation.

Conclusion and Recommendations

Across both internal guidance and external frameworks, several themes emerge that define world‑class product management and innovation:

Customer‑centricity is paramount. Focus every initiative on solving real customer problems and delivering measurable value. Use prototypes, user research and feedback loops to validate assumptions and refine features. 

Prioritization must be intentional and data‑backed. Evaluate opportunities against risks (value, usability, feasibility and viability) and apply structured frameworks such as MoSCoW or RICE. Link roadmaps to clear metrics so that decisions and trade‑offs are transparent.

Embrace agile ways of working. Adopt iterative, cross‑functional processes that deliver early and often, adjust based on feedback and encourage continuous improvement. Leverage feature‑driven development practices where small, frequent releases reduce risk and facilitate incremental innovation.

Cultivate a culture of learning and knowledge sharing. Internal guidance underscores the importance of centralized knowledge repositories, regular sharing sessions and cross‑disciplinary collaboration to accelerate learning and innovation. Encourage mentorship and open communication to capture institutional knowledge and avoid reinventing solutions.

Be strategic and flexible in road mapping. Build roadmaps as living documents that reflect the product vision, strategic themes and realistic time horizons. Organize roadmaps around outcomes and themes, adopt flexible frameworks like Now‑Next‑Later and update them frequently to reflect new insights. Communicate clearly with stakeholders by tailoring information to their needs and establishing transparent feedback loops.

Invest in robust, scalable architectures and operational excellence. Design products with performance, security and compliance in mind; implement DevOps practices, automated testing and infrastructure as code to support rapid iteration and reduce risks. 

By integrating these practices, product leaders can navigate the complexities of modern product development, ensure that resources are invested wisely and foster an environment where innovation and customer satisfaction thrive.



",2042,116500d0-357e-4ace-a7af-7264ed58e22a,t,2026-01-22 20:36:14.608227,2026-01-22 20:36:14.608227,,
