id,name,description,file_type,file_url,file_size,extracted_text,scope,competitor_id,user_id,tenant_domain,created_at,updated_at,market_id,spe_file_id,spe_container_id,use_case,contexts,product_id
15b1b418-b826-4ea2-9f73-467c7465b671,Synozur MPF,Synozur MPF,docx,/objects/uploads/d7f77f0b-6ce7-4265-a058-58c98ec85ad8,200555,"

Synozur Messaging and 

Positioning Framework

November 2025

Tag lines

The transformation company

Find your North Star

Make the desirable achievable

Audiences

CxO

BDM

Secondary

ITDM

To Partner

Category Positioning

Very Very Very Short

Synozur, the transformation company, transforms business for our clients, making the desirable achievable. 

Shortest Form

Synozur is a woman-owned advisory firm focused on transforming business for our clients, making the desirable achievable. 

Very Short Form

Synozur is a proud woman-owned advisory firm focused on transforming how organizations operate and grow, making the desirable achievable for each client. Our empathetic, tailored approach helps companies reimagine their business and evolve to succeed in a rapidly changing world. 

Alternate Form

Synozur – the transformation company - is an advisory firm that transforms business for our clients. Our team of leaders from across the Fortune 500 delivers high-impact outcomes for our clients. From efficiency and ROI to market success and adoption, we’ll help you find the tangible results you’re seeking.



Short Form

Synozur – the transformation company - is proud to be a woman-owned advisory firm focused on transforming business for clients, making the desirable achievable. 

Synozur helps clients reimagine how they do business today and evolve to succeed. Our empathetic approach is tailored to your unique journey, navigating the complexities of transformation and strategy with ease. We drive strategic leadership, culture change and design - not implementation - for business, technology, experiences, and market development. Our consultants have decades of experience delivering global strategic advisory services that elevate you to achieve breakthrough innovation.

Synozur illuminates the pathway for excellence and success.

Elevator Pitch

Synozur – the transformation company – is an advisory agency that reimagines business for our clients, navigating the complexities of leadership and strategy with ease. We deliver strategic advisory services and help define your “North Star” for business excellence. With a team of Fortune 500 alumni, we drive high-impact outcomes – from greater efficiency and ROI to market success and user adoption – ultimately finding the tangible results you seek.

Synozur illuminates the pathway for excellence and success.

Alternate closings

With Synozur, we’ll help set the heading for excellence.

With Synozur, we’ll help set the course for change.

With Synozur, the future of work is not just a vision; it's a reality we build together.



Medium Form

Synozur (inspired by the Greek word for the North Star) is your unwavering guide to success. Just as the North Star has guided explorers for centuries, Synozur serves as the central point of orientation in the digital sky, steering organizations toward their desired outcomes with precision and clarity. 

Every client journey is unique – we don’t believe in one-size-fits-all solutions. Instead, our empathetic team of “navigators of change” works to understand your challenges, plot a new course for your business, and outline a realistic roadmap to make it achievable. 

We specialize in transforming leadership, culture, technology, and market strategy, acting as architects of change who turn the future of work from a vision into a concrete reality. 

Synozur illuminates the pathway for excellence and success.

Differentiators

Why Choose Synozur?

Strategic, Outcome-Focused Approach: We align every solution to your business goals[4]. Synozur bridges the gap between strategy and execution, ensuring technical initiatives drive meaningful business outcomes (growth, efficiency, and innovation)[5]. This strategic mindset keeps efforts focused on unlocking measurable value, not just delivering projects. 

Human-Centered Design & Empathy: We take an empathetic, people-centric approach to transformation[5]. Whether implementing new processes or technology, Synozur puts your people first – considering employee experience, engagement, and change management at every step[1]. This human focus ensures high adoption and sustained success (we “feel your pain” and solve the right problems in a way that sticks). 

Seasoned Expertise with Boutique Agility: Synozur’s team consists of seasoned leaders from Fortune 500 companies with decades of global experience driving change[1]. You get big-firm expertise with the versatility and personal touch of a boutique consultancy[1]. We are reliable partners who have “seen it before” but offer flexible, custom solutions tailored to you (no cookie-cutter playbooks). 

Deep Microsoft Ecosystem Mastery: As a Microsoft Solutions Partner, Synozur brings deep Microsoft acumen and ecosystem insight[1]. We leverage our strategic partnership with Microsoft to give clients a competitive edge – whether through advanced knowledge of Microsoft 365/Azure capabilities or alignment with Microsoft’s go-to-market programs[5]. This ensures our solutions are not only cutting-edge but also seamlessly integrated into your existing platforms and future roadmap[1]. 

Flexible & Custom Engagements: Every organization’s needs are unique. Synozur provides flexible, customizable services – from fractional leadership to project-based consulting – so you get the right level of support, at the right time, in the right areas[1]. This tailored model means we adapt to your culture and constraints, delivering maximum impact with minimal disruption (truly “right-sized” solutions for your environment). 

Continuous Support & Measurable Outcomes: We are committed to your long-term success. Synozur offers ongoing support beyond initial recommendations[1] – we help implement plans, monitor progress, and adjust as needed. We build in clear metrics and checkpoints to track outcomes, ensuring the transformation delivers sustainable, measurable value (not just slideware)[4]. Clients have a partner by their side from strategy through execution and refinement[1].

Brand

Brand Narrative

Synozur, a name inspired by the ancient Greek term for the North Star, symbolizes our unwavering commitment to guiding you to success. Just as the North Star has been a beacon of navigation and exploration for centuries, Synozur stands as the central point of orientation in the digital sky, steering organizations towards their desired outcomes with precision and clarity. 

Our name reflects our mission: to illuminate the course to digital excellence, ensuring that your visions for success become a reality.

Our brand also conveys navigation and journeys, and our brand colors are evocative of illumination in the night sky. However, our original color inspiration was more down-to-earth. The purple and pink colors were originally found on the navigational dashboard in our founder’s car during a prelaunch discussion about brand values.

We are your navigators of change. Our team is specifically assembled to assess and understand your organizational challenges. We will help you plot a new direction, a new “north star” for your business.



History

Synozur: A Strategic Transformation Firm Built for Impact

Founded in 2023 by a team of seasoned transformation leaders, Synozur is a woman-owned advisory firm that helps organizations navigate change with empathy and precision. Inspired by the North Star, Synozur’s mission is to make the desirable achievable—guiding clients through leadership transformation, AI strategy, go-to-market evolution, and experience design.

In 2024, Synozur was recognized as a Preferred Microsoft Content AI Partner, affirming its deep expertise in Microsoft 365 and AI-powered content services. That same year, Synozur expanded its internal capabilities by launching a suite of proprietary platforms—including Nebula (for innovation workshops), Vega (a strategic operating system), and Orion (an AI-powered transformation assessment tool). These platforms reflect Synozur’s commitment to scalable, people-centered strategy.

With the arrival of a new CTO in mid-2024, Synozur accelerated its go-to-market efforts, launching the Polaris podcast, deploying interactive assessments, and implementing CRM systems to support growth. By 2025, Synozur had doubled its online engagement and grown its pipeline by over 500%, driven by targeted campaigns and partner enablement.

Externally, Synozur has led transformation programs across industries including communications, professional services, and public sector. These engagements typically combine AI strategy, Microsoft 365 optimization, and leadership alignment—delivered through tailored workshops, governance frameworks, and pilot implementations. Synozur’s approach consistently blends strategic clarity with human-centered design, enabling measurable outcomes and sustainable change.

Now entering 2026, Synozur stands as a trusted navigator of transformation—combining boutique agility with enterprise-grade expertise to help organizations find their North Star and move confidently toward it.

Brand Voice

Brand voice summary

Synozur’s brand voice is empathetic, people-focused, and always acknowledges client needs, building trust through genuine care. It stresses tailored, custom solutions over generic ones, using direct, conversational language at a 12th-grade reading level. The tone is positive, confident but never boastful, and connects every message to clear business outcomes. Synozur avoids jargon unless necessary, keeps communications professional yet personal, and consistently uses strategic, collaborative terms—always framing messaging around partnership, clarity, and meaningful results for clients.

Detail

Synozur’s brand voice is a personal, humanized tone that consistently highlights empathy, tailored solutions, and optimism across all communications. It remains business-aligned and clear (around a 12th-grade reading level), ensuring messages are easy to understand. Whether in marketing materials, client communications, or internal messages, the voice embodies Synozur’s core values – human-centric empathy, custom-tailored strategy, integrity, and positive outcomes – with only slight adjustments for the audience or context. Below, we break down the key elements of this brand voice, the preferred language and tone, and how it is applied in different communication channels, with examples for each. 

 

Key Elements of Synozur’s Brand Voice 

1. Empathy and Human-Centric Focus: At the heart of Synozur’s voice is empathy. Every communication reflects an understanding of people’s needs and challenges. The tone is caring and human-centric – for example, messages often mention listening and understanding before offering solutions. This aligns with Synozur’s value that “success lies in understanding and prioritizing the needs... of the people involved” 1. In practice, this means the voice acknowledges pain points and emotions in a respectful way. It uses phrases like “we listen” and “we understand your challenges,” making the audience feel heard. Even when discussing technical or business topics, the messaging is framed around human impact (e.g., how a change will make work easier or improve employees’ experience). This empathetic approach is evident on Synozur’s website: “We listen, understand, and tailor our strategies to your specific needs” 1. Such language shows genuine care and avoids coming across as purely sales-driven. By being humanized and personal, the voice builds trust and rapport with readers. 

2. Tailored, Custom Solutions Emphasis: Synozur’s voice reinforces that every client and scenario is unique. There’s a strong rejection of generic solutions. This comes through in the wording – using terms like “tailored,” “custom,” and “unique” frequently 2. Phrases such as “no one-size-fits-all solution” are a staple in Synozur’s content 1. For instance, the brand narrative explicitly states: “Your journey is unique, and our empathetic approach reflects that” 1. The tone is slightly casual and very personal when emphasizing tailored service, often using direct second-person address (“you,” “your”). This makes communications feel like a one-on-one conversation rather than a broadcast. It also highlights partnership: Synozur often uses “we” to indicate working together with the client (e.g., “we’ll plot a new direction for your business together” 1). Overall, the voice conveys flexibility and customization, assuring the audience that solutions will fit their context, not a generic template. 

3. Clarity at a 12th-Grade Reading Level: The brand voice prioritizes clarity and simplicity. Content is written in plain language that a high-school graduate (approximately 12th-grade level) can easily understand. This means avoiding unnecessary jargon and technical slang, or explaining it when it must be used. For example, instead of saying “we implement robust hyper-automation paradigms,” Synozur’s voice would say something like “we introduce practical automation tools that fit your workflow” – conveying the point in straightforward terms. The Messaging Framework explicitly advises “Clear over clever — avoid jargon unless your audience is highly technical” 3. Sentences are typically active voice (“We deliver results” rather than “Results are delivered by us”) to keep the message direct and punchy 4. The tone is conversational but professional – it may use contractions (“we’ll help you…” 1) and a friendly tone, yet it never becomes slangy or flippant. This balance ensures communications are approachable and not stilted, while still respecting a business context. 

4. Positive and Confident (But Not Overhyped) Tone: Synozur’s voice carries a positive, uplifting sentiment. It focuses on achievable outcomes and “north star” visions in an encouraging way. For example, marketing copy mentions guiding clients to success and making the “desirable achievable” 5 – inherently optimistic concepts. However, the voice avoids crossing into unjustified hype or aggressiveness. It’s enthusiastic about possibilities but stays grounded. The tone is confident – using definitive language about capabilities and benefits – yet it stops short of bragging. The guidelines say to be “confident, not cocky – show credibility through clarity and results” 3. This means the voice uses positive statements backed by evidence or plausible outcomes, rather than buzzwords or superlatives. For instance, it may say “our team has decades of experience delivering high-impact outcomes” 1 (a factual, confident claim) but would not say “we are the best in the world at this” (which would sound boastful and vague). Moreover, excessive exclamation or intensifiers are avoided – you won’t see Synozur content shouting at you in all-caps or proclaiming every result as “amazing!!!”. The overall sentiment is uplifting, motivational, and assuring, instilling confidence that Synozur can guide you forward, but always in a sincere tone. 

5. Business-Aligned and Professional: Even while being personal and slightly casual, the brand voice remains business-aligned. This means it speaks to professional outcomes (efficiency, growth, innovation) and maintains a level of professionalism appropriate for executive audiences. Jokes, slang, or irreverent comments are generally absent; the “casual” aspect is more about being conversational and not overly formal, rather than being humorous or edgy. The voice is aligned with business terminology and concerns – for example, it talks about strategic goals, ROI, leadership, and change management in plain terms. It also respects formality when needed: for instance, in a whitepaper or formal proposal, the tone might dial up the formality slightly (using complete words instead of contractions, etc.) but will still carry the same clear and empathetic style. Importantly, Synozur’s communications consistently tie back to business objectives – the voice often frames its points around how it helps achieve business success (e.g., “bridging the gap between strategy and execution, ensuring technical initiatives drive meaningful business outcomes” 5). This keeps the tone purposeful and relevant to a business audience at all times. 

Preferred Language and Tone 

To maintain consistency, Synozur’s messaging framework specifies certain words and phrases that exemplify the brand voice, as well as terms to avoid. Here are the highlights: 

Use Language that Emphasizes Empathy and Collaboration: Preferred words include “empathy/empathetic,” “human-centric,” “people-centric,” and similar terms that reinforce focus on people 2. The voice might say “our empathetic approach” or “human-centered design” to explicitly signal this value. Similarly, inclusive, collaborative words like “guide,” “navigate,” “partner,” “together” are common. Synozur often describes itself as a navigator or guide (drawing on the North Star metaphor) – e.g., “Synozur stands as the central point of orientation... steering you towards your desired outcomes with precision” 1. This kind of language makes the tone friendly and cooperative. 

Use Terminology of Tailoring and Strategy: The brand voice frequently uses “tailored,” “custom,” “unique journey,” “aligned,” “roadmap,” “North Star,” “vision” and other strategic vocabulary 2. These words remind the audience that Synozur provides custom, big-picture solutions. For instance, content might refer to defining a “North Star” for a client or creating a “strategic roadmap” – terms which resonate with leadership and indicate high-level planning. The word “strategy” (and forms like “strategic,” “strategic advisory”) appear often, as Synozur positions itself as a strategy-focused firm (indeed, the guidance is to use “strategy” rather than a weaker term like “plan”) 2. Phrases like “navigate the complexities of transformation with ease” 1 combine both the journey metaphor and the strategic tone. 

Highlight Outcomes with Positive Terms: The voice includes words that signal success and results: “outcomes,” “results,” “success,” “excellence,” “growth,” “efficiency,” “innovation.” These are used in a measured way to underscore benefits. For example, “drive high-impact outcomes” or “elevate you to achieve breakthrough innovation” 1. Such words carry positive sentiment without resorting to empty hype. Another aspect is speaking about adoption and engagement (especially in context of change) instead of technical deployment jargon 2 – e.g., saying “ensure high adoption and sustained success” rather than “ensure users install the update” – which keeps focus on the positive human result (people actually using the solution). 

Navigation and Guidance Metaphors: Because of the North Star theme, the voice sometimes uses gentle metaphors related to guidance – terms like “guide,” “navigate,” “illuminate,” “pathway,” “journey,” “navigator of change” appear in brand messaging 1 5. These add a friendly, visionary flavor to the otherwise straightforward tone. For example, “Synozur illuminates the pathway for excellence and success” is a line from the short positioning statement 5. Such metaphoric language is used sparingly and earnestly to inspire, and it’s balanced by concrete statements around them. 

Inclusive Pronouns and Friendly Tone: The preferred style is to use second person (“you/your”) and first person plural (“we/our”) rather than third person. Synozur addresses the reader as “you” to make communications feel direct and personal, as seen on the website: “guiding you to success… steering you towards your desired outcomes” 1. The company refers to itself as “we” or sometimes “Synozur” but rarely in a distant way. This creates a conversational warmth and implies a partnership. Even internal content uses “we” to foster team spirit. The tone also tends to be slightly casual in that it might use contractions (“we’ll”, “don’t”) and simple sentences, mimicking spoken language while maintaining professionalism. 

Words and Phrases to Avoid: Synozur’s brand guidelines advise against language that could undermine the empathetic, clear voice or make it seem unprofessional: 

Overly Aggressive or Hype Words: The voice avoids extreme superlatives and marketing buzzwords. Words like “miracle, revolutionary, game-changing, next-gen, cutting-edge” are steered clear of unless there’s concrete proof or a direct quote 4. For example, rather than saying “our revolutionary approach,” Synozur would say “our unique approach” or simply describe what the approach is. The emphasis is on showing value, not just asserting it. Over-promising phrases like “guaranteed results” or “instant success” are also avoided 4 – they come off as inauthentic and too aggressive. The tone should remain optimistic but realistic. 

Jargon and Technical Acronyms: Unless speaking to a technical audience, Synozur’s voice avoids unnecessary jargon. For instance, internal shorthand like “EXP” for Employee Experience is not used in external messaging (they would spell out “employee experience”) 2. Highly technical terms (e.g., specific product names or IT acronyms like “IDP,” “RPA,” “ECM”) are only used when required and often with explanation 4. The idea is to not alienate readers with insider language. If the content is technical (say, a blog post for IT professionals), the voice still aims to explain concepts clearly rather than assume knowledge, reflecting a teaching, supportive tone instead of a dense one. 

Generic Corporate-Speak and Clichés: Phrases like “best practices,” “synergy,” “mission-critical,” “world-class” are generally avoided or replaced with more specific language 4. They’re seen as overused and hollow. For example, rather than “leveraging best practices,” Synozur might say “using proven methods” – tangible and plain. The voice steers away from filler phrases (“at the end of the day,” “paradigm shift”) in favor of more precise statements. This keeps the authenticity and clarity of the communication intact. 

Negative or Weak Language: The brand voice tries not to use words that carry negative tone or uncertainty. This means avoiding excess hedging words like “maybe, perhaps, probably” 4 — Synozur speaks with confidence about what can be achieved. It also means minimizing negative constructions. For instance, instead of saying “We don’t just offer advice and then leave you on your own,” the voice would flip it to a positive: “We provide continuous support beyond the initial advice.” Similarly, passive voice that can muddy responsibility is avoided; the content wouldn’t say “mistakes were made” but rather “we made a mistake” if admitting an error (maintaining the honesty and integrity value). That said, the tone remains polite and constructive – it wouldn’t be aggressively negative about anything, even competitors or past decisions. Critiques are phrased diplomatically. 

By carefully choosing vocabulary in this way, Synozur’s communications remain consistent: always sounding empathetic, tailored, clear, and positively focused. Next, we examine how this voice is applied in different contexts – marketing, client, and internal communications – and note the subtle differences in each. 

Brand Voice in Marketing Communications 

Marketing communications include Synozur’s website copy, brochures, social media posts, blogs, and any outward-facing content aimed at attracting or informing potential clients. In these materials, the brand voice is at its most polished and storytelling form, though still true to the core characteristics. 

Tone and Focus: In marketing, Synozur’s voice is engaging, inspirational, and authoritative. It speaks directly to the target audience (often business decision-makers) about their aspirations and how Synozur can help achieve them. The tone is slightly more formal than in a casual email, but still conversational. Marketing copy often uses second person “you” to hook the reader, as well as inclusive “we” to build relationship. For example, the homepage might announce: “We guide organizations to their North Star by charting the course through transformation rooted in people, powered by technology, and driven by purpose.” This sentence exemplifies the marketing voice – it’s visionary (North Star metaphor), yet also incorporates Synozur’s human-centric (“rooted in people”) and business-aligned (“powered by technology, driven by purpose”) approach. It aims to inspire confidence in the reader that Synozur can lead them to desirable outcomes. 

Marketing communications also emphasize Synozur’s differentiators and credentials in the voice. The tone remains humble but confident when referencing these. For instance, marketing content will mention the company’s decades of experience and Fortune 500 backgrounds of its team in a factual manner: “Our consultants have decades of experience delivering global strategic advisory services that elevate you to achieve breakthrough innovation.” 1. The voice here is confident (stating a strong qualification) and positive (aiming for “breakthrough innovation”), yet it doesn’t use any over-the-top adjectives about the team; it simply states the fact and the benefit. 

Another aspect in marketing is consistency of key phrases and taglines. The brand voice ensures taglines like “The transformation company” or slogans like “Find your North Star” appear in a natural, reinforcing way. These phrases are stated in a calm, declarative tone. For example, a short positioning statement in a flyer might read: “Synozur – the transformation company – transforms business for our clients, making the desirable achievable.” 5. This is straightforward and confident; it doesn’t hype with “number one transformation company!” but rather simply labels Synozur by what it does and ties in the aspirational “desirable achievable” promise, all in a single concise sentence. 

Content and Structure: Marketing text often uses storytelling or scenario-driven structure while keeping the voice consistent. It might pose rhetorical questions or acknowledge common challenges in an empathetic way to resonate with readers. For example, a blog post might start with: “Today’s CEOs expect transformational growth while navigating economic volatility. How can organizations reimagine their business without losing focus on people?” – a question that empathizes with the audience’s dilemma (growth vs. people). The answer would then come with Synozur’s voice of guidance: highlighting an empathetic, tailored approach as the solution. 

The voice in marketing stays positive and forward-looking. It focuses on what can be done (solutions, possibilities) more than what’s wrong. Even when describing pain points, it swiftly transitions to an optimistic tone about solving them. For instance: “Leadership meetings often turn into a bunch of people sitting around talking without outcomes… Our approach introduces a focused rhythm to turn chatter into action” (paraphrased from a profile in the MPF) – it first shows empathy for the pain point but immediately provides a hopeful remedy, framed positively (introducing focus, action). 

Example – Marketing Communication:\ On Synozur’s “Our Story” webpage, the text reads: “Our empathetic approach is tailored to your unique journey, navigating the complexities of transformation with ease.” 1. This single sentence exemplifies several voice elements: it addresses the reader (“your unique journey”), uses positive imagery (“navigating complexities with ease”), and highlights empathy and tailoring. It’s marketing content meant to assure prospects that Synozur will guide them smoothly through challenging changes. 

Another example from a marketing one-pager could be: 

This illustrative blurb (drawn from Synozur’s short form messaging) uses a positive, aspirational tone (reimagine, succeed, outcomes), underscores empathy and tailored approach, and distinguishes Synozur’s focus (strategy and culture, not technical implementation) – all hallmarks of the marketing voice. 

Slight Distinctions: In marketing, the brand voice might use a bit more flair (light metaphor, aspirational language) than in a plain client email. It still avoids exaggeration, but it’s where we’ll see phrases like “illuminates the pathway” 5 or references to ancient Greek inspiration (e.g., explaining the meaning of “Synozur” via the North Star story as on the website 1). These artistic touches are used to strengthen brand identity. The important point is that even these are delivered in the same clear, 12th-grade friendly manner – for instance, the North Star narrative is written as a simple analogy, not a convoluted epic. Marketing communications thus present Synozur’s voice at its most refined and evocative, still firmly rooted in empathy, clarity, and a balanced positive tone. 

 

Brand Voice in Client Communications 

Client communications refer to direct interactions with clients or prospects on a one-to-one or small group basis – for example, emails, proposals, project status updates, presentations or meetings specifically for that client. In these scenarios, Synozur’s brand voice becomes slightly more personal and specifically attentive to the client’s situation, while preserving the same core attributes of empathy, clarity, and positivity. 

Tone and Focus: When communicating with a client, Synozur’s tone is consultative, warm, and trustworthy. It feels like a helpful expert advisor speaking directly to the client. The use of second person (“you”) and first person (“we”) is even more pronounced here, to reinforce collaboration. For instance, an email to a client might say: “We understand the challenges you’re facing with X, and we’re here to help you navigate those.” This shows empathy for their specific challenge (“understand the challenges you’re facing”) and partnership (“we’re here to help you navigate”). The voice conveys reassurance – clients should feel that Synozur “has their back” and is competent yet caring. 

In client communications, the brand voice often echoes the client’s own goals or language to show alignment. It remains positive about outcomes but is careful not to seem like marketing spiel. Phrases would be tailored to the client’s context: instead of generic “business success,” it might specifically mention their industry or project name, e.g., “success of your digital workplace initiative”. The level of formality can be adjusted based on the client relationship culture; however, even in formal proposals, Synozur’s writing would maintain a human, approachable tone (no excessive legalese or stiff bureaucratic language). 

Clarity and Detail: Being clear is especially crucial in client comms. The brand voice ensures that instructions, plans, or recommendations are stated plainly and logically. For example, a client project update might say: “This week we completed the stakeholder interviews and identified three key pain points affecting your customer service process. Next week, we’ll focus on co-designing solutions for those areas.” This kind of messaging is straightforward and uses simple structure (short sentences, enumerated points), avoiding misinterpretation. The tone is factual but still encouraging – even reporting pain points is done in a constructive manner, quickly moving to how Synozur will address them. Technical terms might appear if relevant to the project, but the voice would include a brief clarification if needed (e.g., “we will implement a content management system (SharePoint) to improve document sharing”). 

Empathy and Positive Framing: In one-on-one communications, Synozur’s voice takes extra care to be empathetic and positive, because these messages build the working relationship. When a client raises a concern or challenge, the response in Synozur’s voice would acknowledge their concern first (“I can see why that is frustrating for your team”) and then provide a helpful, optimistic response (“the good news is we have a plan to address that by…”). The voice avoids any blame or defensive tone – maintaining professionalism and courtesy, even if the client is stressed or upset. It also avoids talking down to the client; while Synozur is the expert, the voice treats the client as a knowledgeable partner, respecting their insights. Phrases like “as you’ve pointed out…” or “building on your team’s input…” show that collaborative spirit. 

Example – Client Communication:\ Imagine Synozur is sending a proposal email to a prospective client after an initial meeting. It might read: 

In this hypothetical message, the voice is polite, warm, and directly addressing the client’s stated needs (employee adoption concerns). It uses inclusive language (“we heard your concerns”, “our team shares that mindset”, “tailored to your organization”) showing empathy and customization. The tone is positive about the future (“excited about the opportunity”, “make your vision achievable”) but not overselling – it’s grounded in responding to the client’s inputs. Notice it also subtly reinforces Synozur’s values (human-centric approach) in a way that aligns with what the client cares about. 

Another example might be a status report snippet: 

Here the voice delivers factual updates and metrics (professional and clear) but also ties them to the human-centric narrative (“validates our empathetic... approach”) and uses a motivating tone about next steps. It reassures the client that things are on track and reiterates commitment (“continue to support your team closely”). 

Slight Distinctions: Compared to marketing, the client communication voice is usually more specific and a bit less formal. It might use the client’s name, project name, and speak as one colleague to another. For example, humor might be lightly used occasionally if the relationship allows (e.g., a light upbeat remark in a long email to keep it friendly), whereas marketing materials would rarely use humor. Also, client comms might eschew some of the high-level vision statements in favor of concrete discussion. Still, the underlying style – courteous, empathetic, solution-focused, and clear – remains identical to the brand voice. Essentially, in client interactions, Synozur’s voice feels like a trusted advisor: professional, caring, and utterly reliable. 

Brand Voice in Internal Communications 

Internal communications include emails and messages to Synozur’s own team, company meetings, internal newsletters, and any materials meant for employees rather than external audiences. While internal content isn’t typically seen by clients, Synozur strives to maintain a consistent voice even inside the organization. The brand voice in internal comms is therefore recognizably Synozur – empathetic, clear, positive – but with a familial, team-oriented touch. 

Tone and Focus: Internally, the voice becomes slightly more informal and candid (since the audience is familiar with the company culture and jargon), yet it still reflects the values and professionalism of the brand. The tone is often encouraging and appreciative, aiming to foster a positive workplace culture. For example, an internal announcement might say: “Thank you to everyone for your hard work on the XYZ project – the empathy and excellence you showed our client were truly inspiring.” This voice reinforces values (empathy, excellence) and gives genuine praise. It uses first person plural “we” frequently to build unity: “we are proud,” “we have an unwavering commitment to operating with the highest ethical standards” 1. 

Synozur’s values, which include Ethical, Inclusive, Honest, Human-Centric, Entrepreneurial, Excellence 1, are often explicitly referenced in internal messaging. The voice will call out these words to reinforce desired behaviors. For instance, a leadership memo might state: “Let’s continue to be inclusive and support each other – providing a sense of belonging and community is core to who we are” (echoing the wording of the values) 1. By doing so, the internal voice stays aligned with the external brand (the employees hear the same themes that clients do) and creates a strong, shared understanding of “how we communicate here.” 

Clarity and Directness: Internal communications often deal with operational or sensitive info (policy changes, feedback, strategy updates). The brand voice handles these with transparency and straightforwardness, consistent with the honesty value. If, for example, there’s a need to address a challenge or mistake internally, the tone would be solution-oriented and accountable: “We didn’t meet our target on this initiative. Here’s what we learned, and here’s how we’ll improve going forward.” It remains positive by focusing on learning and improving, and uses “we” to distribute ownership collectively, avoiding finger-pointing. The voice avoids corporate euphemisms; it would rather say “delay” than “slight timeline adjustment,” for instance, to keep trust through clarity. 

Given that internal audiences understand certain shorthand, the internal voice might sometimes use mild jargon or abbreviations specific to the company, but it still avoids anything that would make the message unclear or exclusionary. Also, internal messages might be a bit more relaxed in structure – perhaps using bullet points, emojis in informal channels like Teams, or a friendly greeting like “Hi team,” which externally might be more formal. 

Empathy and Support: True to being human-centric, Synozur’s internal voice shows care for employees. It acknowledges the effort of individuals and anticipates their feelings. For example, if announcing a busy season, leadership might write, “We know balancing multiple projects can be stressful – please remember to take breaks and support one another. We’re all in this together, and your well-being is important.” This maintains a compassionate tone and encourages the supportive culture. 

Example – Internal Communication:\ An internal email from a leader might be: 

In this sample internal message, the voice is encouraging, grateful, and inclusive. It explicitly mentions Synozur’s values (Human-Centric, Inclusive) to connect actions to the company’s ethos. The tone is personal (“heartfelt thank you,” “proud to be on this team”) which builds morale. It’s clearly written (short sentences, bullet-like structure of ideas) with a friendly sign-off. This matches the external voice in positivity and empathy, just delivered in a more informal “team talk” style. 

Another internal communication example might be a policy update on a serious matter, handled with clarity and empathy: 

Here the voice remains friendly and caring while conveying a formal policy. It explicitly states that the change is based on employee feedback (showing listening) and reiterates that it’s for their benefit (positive framing). It invites open communication about concerns, reflecting trust and inclusivity. 

Slight Distinctions: Internally, the brand voice can afford to be a notch more casual. For instance, internal newsletters might include employees’ first names, inside jokes, or more emotive punctuation (like an emoji or exclamation point in a celebratory context), which external communications typically wouldn’t use. However, it never loses professionalism or respect. The same fundamental voice qualities apply: respect, clarity, empathy. The differences are mainly in style and detail appropriate to an internal audience that already understands and believes in the Synozur ethos. 

 

Alignment with Values and Consistency Across Channels 

Across marketing, client, and internal communications, Synozur’s brand voice stays remarkably consistent by always anchoring to the company’s core values and principles. This consistency is crucial – it means a client reading the website, talking to a Synozur consultant, or even joining the team will encounter the same company personality at every touchpoint. 

Values at the Core: The values of being ethical, human-centric, empathetic, honest, inclusive, and excellence-driven are woven into the voice. For example: 

Empathy/Human-centric: The voice never loses sight of people – be it customers, clients’ employees, or Synozur’s own staff. This produces a tone that is genuinely caring in all cases, as described earlier. A user of any Synozur content should feel that personal touch. 

Integrity and Honesty: The tone remains truthful and transparent. In marketing, no wild claims; in client dialogue, admitting what is known vs unknown; in internal messages, being straightforward with employees. This upholds trust. For instance, if a project is behind schedule, the internal or client communication will acknowledge it honestly and then positively outline the mitigation plan, rather than hiding it. 

Inclusive and Respectful: The voice is respectful of diversity and avoids language that might alienate. It uses gender-neutral language by default (e.g., “their team” instead of “his team” if gender is unknown) and respects different perspectives. Internally this means encouraging input from all; externally it means recognizing various stakeholder concerns. The consistent use of “we” also fosters a sense of inclusion and teamwork. 

Maintaining Consistency: To keep the same voice across channels, Synozur likely trains its team on these messaging principles (often referencing the Messaging and Positioning Framework). Phrases like “tailored to your unique journey” or “navigate complexities with ease” appear in both web copy and slide decks, reinforcing the voice. However, consistency is not about using identical slogans everywhere, but about the feel of the language. In practice, one can imagine a checklist behind the scenes: 

Is this communication using empathy (showing understanding of the audience’s perspective)? 

Is it clearly phrased and free of jargon or overstatement? 

Does it focus on solutions and positive outcomes rather than problems? 

Does it sound like a helpful human voice rather than a formal distant voice? 

If yes, then it’s on brand. Synozur’s communications we’ve reviewed – from the formal framework to the live website – indeed check those boxes. For example, both an MPF document line and the website independently use nearly the same voice: “Our empathetic approach is tailored to your unique journey” (website 1) and “every client journey is unique – we don’t believe in one-size-fits-all solutions” (framework) carry the same DNA. A reader would not perceive any disconnect in tone. 

Differences by Audience, Revisited: While the core voice remains the same, we’ve noted slight differences in emphasis: 

Marketing: a bit more inspirational and broader appeal. 

Client: more personal, directly addressing specific needs, perhaps more technical detail when needed. 

Internal: more familial, can reference internal context freely and express thanks/culture more openly. 

These tweaks are conscious but do not change the fundamental voice. Think of it as the same person speaking to different groups: they might choose different examples or degree of formality, but their character and manner of speaking stay constant. Synozur ensures that an employee email doesn’t suddenly sound like a legal notice, or a brochure doesn’t sound slangy – everything feels like it comes from one coherent entity. 

Maintaining the Voice: In practical terms, consistency is maintained by guidelines and editing. The Messaging Framework acts as a reference bible – for instance, content creators at Synozur likely refer to the list of preferred terminology and those to avoid 2 4 when writing. By sticking to those word choices and style tips, they naturally produce content in the same voice. Additionally, likely one or a few people review external communications to align tone (this is common in boutique firms). Over time, the voice becomes second nature to all team members, especially as it mirrors their values. 

One can see this internalization in how even informal quick notes (like an internal Teams message about a meeting template, not originally intended for outside readers) still carried a polite, clear, helpful tone: “Thanks, and please open a ticket if you have any issues.”\ 6 – courteous and straightforward, exactly what we’d expect from Synozur’s brand personality. 

In conclusion, Synozur’s brand voice is a unifying thread that ties all communications together, whether it’s a glossy marketing brochure, a detailed client email, or a motivating team memo. It’s always personal (empathetic and tailored), slightly casual yet professional, positive in outlook, and crystal clear. By rigorously reflecting the company’s human-centric values and avoiding the pitfalls of jargon or hype, Synozur’s voice ensures that anyone interacting with the brand gets a consistent experience of a trusted guide who is understanding, expert, and genuinely invested in making the desirable achievable for others. 1 5 



Ideal Customer Profiles for Synozur’s Top Offerings

Synozur’s services are tailored for midmarket organizations and midsize Microsoft partners seeking transformational growth. Below are ideal customer profiles for our three core offerings: Strategy Transformation (Company OS), AI Strategy & Design, and Microsoft Partner Development. Each profile outlines the customer’s background, challenges, goals, and how Synozur delivers value, using clear 12th-grade level language.



1. Strategy Transformation – Company Operating System (COS)

(Ideal for midmarket companies needing stronger leadership alignment and strategic focus.)

Profile A: The Scaling Midmarket CEO 

Background: CEO of a rapidly growing midmarket company (e.g. ~500 employees, $80M revenue) in a tech or manufacturing sector. The business has outgrown its startup processes and now faces complexity in operations and strategy execution. 

Challenges: Leadership meetings often turn into “BOPSAT” – a Bunch Of People Sitting Around Talking without tangible outcomes[1]. The company lacks a structured strategy execution rhythm; decisions are ad-hoc and reactive. Symptoms include reduced productivity, unnoticed cost leaks, high employee turnover, and missed opportunities due to poor, ad-hoc management practices[1]. The CEO is concerned that only a small fraction of initiatives get implemented effectively (echoing a McKinsey stat that just 7% of CEOs feel they’re developing effective leadership[1]). With growth accelerating, the risk of strategic drift and burnout is rising. 

Goals: Establish clear strategic direction (a “North Star”) and ensure everyone is aligned to it. Implement processes for accountability so that plans result in action. The CEO wants to optimize and elevate leadership effectiveness and build a scalable management framework for the next stage of growth[1]. Ultimately, they aim to sustain high growth without the wheels coming off — doing more with the current team by improving focus and reducing inefficiency. 

How Synozur Helps: Synozur engages closely with the CEO and executive team to design a Company Operating System (COS) tailored to the organization[1]. Through collaborative workshops, we help define the company’s foundations (mission, values, long-term vision) and translate them into a pragmatic strategic plan and execution cadence[1]. We introduce a regular focus rhythm (e.g. quarterly OKR setting, weekly leadership stand-ups) to move beyond chatter to a strategy-centered culture[1]. Our approach is human-centered and empathetic, meaning we involve key leaders in crafting the solutions so they feel ownership and understand the changes (no one-size-fits-all)[2]. We may also embed fractional CxO support – an experienced part-time executive – to fill gaps or mentor internal managers[1]. For this CEO, Synozur provides relief: we turn chaos into clarity and intentionality by establishing processes that improve decision-making and accountability. The expected outcomes are a unified leadership team, measurable improvements in productivity, lower employee frustration/turnover, and a business that is guided by proactive strategy rather than firefighting[1]. (In short, Synozur helps this CEO put an operating system in place for their company – much like installing the right software to run a faster, more reliable machine.)

Profile B: The Transformational COO in a Traditional Firm 

Background: A Chief Operating Officer at a family-owned distribution company (~300 employees, established 30+ years). Brought in to modernize the business, this COO operates in a traditional industry where the company has been successful but is now struggling to adapt (e.g. facing digital disruption and new competitors). The company has siloed departments and an aging organizational structure. 

Challenges: The organization lacks a unified strategic plan; each department works in its own way, leading to inefficiencies and conflicting priorities. Culture change is hard – many managers are set in “this is how we always do it” mindset. There is no clear performance tracking or goal system beyond basic financials. The COO finds that strategy and planning are often confused in the company – they jump to tactics (campaigns, cost-cutting) without a true long-term strategy[1]. This results in misaligned initiatives and wasted effort. The company’s growth has stalled, and innovation is minimal. 

Goals: Establish modern management practices and a culture of continuous improvement. The COO wants to introduce a formal strategy development process and implement Objectives and Key Results (OKRs) to focus the organization on what matters[1]. They aim to break down silos, get leadership consensus on direction, and roll out a company-wide framework so every team knows the mission and how their work ties into it. Essentially, they seek to transform a mom-and-pop style operation into a strategy-driven enterprise with intentional planning and execution. 

How Synozur Helps: Synozur’s Strategy Transformation service is a perfect fit. We begin with a Current State Assessment to pinpoint gaps in management maturity (e.g., unclear vision, lack of metrics)[1]. Then we facilitate leadership workshops to define the company’s North Star – clarifying mission, vision, and strategic choices for the future[1]. We delineate Strategy vs. Planning for the team, educating that strategy is about long-term choices and planning is the actionable steps[1]. Together, we implement a Company Operating System: this includes setting up annual and quarterly planning rituals (with OKRs that capture key outcomes rather than every task)[1], and establishing weekly or monthly review meetings (the “heartbeat” or focus rhythm) to ensure alignment and adjustments. Synozur also provides change management support, communicating the “why” behind changes to all levels, and coaching middle managers to adopt new practices. For this COO, Synozur acts as an ally in driving cultural change – our outside perspective and proven frameworks help convince long-time staff to embrace new ways. Over time, the company experiences more cross-functional collaboration, clearly prioritized initiatives, and improved agility in responding to market changes. The COO achieves their mandate: an organization that is strategically aligned, with a living management system that guides daily operations toward long-term success[1].



2. AI Strategy & Design

(Ideal for midmarket companies aiming to leverage Artificial Intelligence for efficiency and innovation but lacking in-house AI strategy expertise.)

Profile A: The Forward-Thinking CIO 

Background: CIO of a midmarket retail company (~600 employees, multi-channel retailer). The CIO has a mandate from the CEO to “implement AI” to improve operations and customer experience. The company has lots of data (sales trends, customer behavior, supply chain info) and uses Microsoft 365 and Dynamics 365, but has not yet tapped advanced AI or machine learning. 

Challenges: The CIO is overwhelmed by hype around AI (chatbots, predictive analytics) and concerned about risks. They have a small IT team with limited AI specialization. Questions abound: What projects should we start with? Do we have the right data infrastructure? How do we manage privacy and security?[1] Also, business leadership is impatient for results but unclear on what AI can realistically do. In short, the company needs a strategic roadmap for AI – otherwise they risk investing in random tools that don’t pan out. 

Needs/Goals: Develop a clear, business-aligned AI strategy and execute some quick-win AI projects to demonstrate value. The CIO wants to use AI to boost efficiency (e.g. automate manual data entry, improve demand forecasting) and to enhance customer engagement (e.g. personalized marketing). They need to ensure any AI implementation is done responsibly – with data security, privacy, and governance fully addressed[1], to avoid regulatory or PR issues. They also aim to educate and prepare their workforce for AI changes (upskilling employees to work alongside new AI tools). Ultimately, their goal is to turn AI from a buzzword into a practical advantage for the company, within 12-18 months. 

How Synozur Helps: Synozur’s AI Strategy & Design service provides the expertise and roadmap this CIO is looking for. We start with an AI Readiness Assessment, evaluating their data quality, technology stack, and business processes in light of AI opportunities[1]. Next, we facilitate discussions with key stakeholders to identify high-impact use cases where AI could solve real problems or create value (for example, automating inventory predictions or AI-driven customer support). Synozur then crafts a tailored AI roadmap prioritizing these use cases into phases: a couple of quick-win pilots (e.g. deploying a Microsoft Copilot feature or a Power BI predictive dashboard) followed by larger rollouts[3]. Crucially, we ensure governance and ethical AI design are built into the plan – establishing policies for data security, privacy, compliance, and human oversight in AI decisions[1]. (Our familiarity with Microsoft’s AI platforms means we leverage tools like Azure AI with built-in compliance controls.) We also incorporate a training program for employees, since a human-centric approach demands users understand and trust the new AI systems[3]. For this CIO, Synozur acts as a guide through the AI maze: we translate hype into a concrete strategy that aligns with their business goals, and we stay with them through implementation – measuring outcomes like reduced processing time or increased sales conversion from AI insights. The result is that the CIO can confidently report success: the company is using AI in targeted ways that improve operations and revenue, all while managing risks carefully (no wild experiments). With Synozur’s help, they achieve tangible AI-driven improvements (e.g. forecasting accuracy up 20%, customer churn down by leveraging predictive models), positioning the organization as an innovative leader in their space.

Profile B: The Operations Manager Seeking Efficiency 

Background: VP of Operations at a midmarket manufacturing firm (~250 employees, regionally based). This VP is tech-savvy and always looking for ways to streamline processes. They’ve heard about AI/automation in manufacturing (like AI-driven maintenance scheduling, quality control via image recognition, or chatbot assistants for internal workflow) and are curious how it could apply to their mid-sized operation. The company uses Microsoft 365 and some IoT devices on the factory floor but hasn’t delved into AI analytics. 

Challenges: The operations team is stretched thin, managing everything from supply chain to production scheduling largely through manual processes and basic software. Data exists (machine logs, sales orders, etc.) but isn’t being analyzed deeply. The VP lacks an internal data science team to experiment with AI. They are cautious about spending on new tech – any project must show ROI. Moreover, there’s some workforce anxiety; plant employees worry that “AI” might mean job cuts or drastic changes to their work. 

Needs/Goals: Identify practical automation or AI opportunities that can save time and reduce errors on the operations side. For instance, they suspect AI could help predict equipment failures (to reduce downtime) or optimize inventory levels. The VP wants a partner who can design AI solutions that integrate with their current workflows (e.g., perhaps something that works with their existing ERP system) without massive disruption. They’re also keen on a realistic plan – small pilots first, clear metrics, then scale up if it works. And importantly, they need to bring along their team, demonstrating that AI is a tool to support them (making their jobs easier), not replace them. 

How Synozur Helps: Synozur approaches this by conducting a process walkthrough on the factory and operations workflows. We identify specific pain points (e.g., unexpected machine downtime or inventory stock-outs) and propose targeted AI or automation interventions. Using our AI Strategy & Design methodology, we might recommend, for example: implementing an AI-based predictive maintenance model using their machine sensor data, or a Power Platform chatbot that answers employees’ common IT/HR questions to free up staff time. Because Synozur has deep Microsoft expertise, we can often leverage tools they already have access to (like Microsoft Azure Machine Learning or Power Automate) to build these solutions cost-effectively[3]. We create a proof-of-concept for one use case (say, a pilot predicting one critical machine’s breakdowns a day in advance with 90% accuracy) and measure results. We place strong emphasis on user engagement and training – for example, involving the maintenance technicians in the development of the predictive model, so they trust the alerts and understand how to use them. Step by step, Synozur helps the VP implement AI in a non-threatening, results-oriented way. The outcomes might include a noticeable reduction in unplanned downtime due to predictive maintenance, or saving a few man-hours each week thanks to a bot handling routine queries. These efficiency gains prove the value of AI on a small scale. From there, Synozur provides a roadmap to expand these successes across more lines or departments. In the end, this Operations VP can champion that AI is improving productivity (e.g., production output +5% from fewer stoppages) and employees are on board, seeing it as innovation that makes their work more efficient rather than a scary unknown – all achieved with Synozur’s guidance.

Profile C:  Private Equity Technology & Investment Leaders ($1B+ AUM)

Stakeholder Persona:

CTO, Chief Investment Officer, or COO at a private equity firm managing $1B+ in assets

Responsible for technology strategy, operational efficiency, and digital transformation across portfolio companies

Background & Context:

Oversees a diverse set of portfolio companies, often spanning multiple industries and geographies

Mandated to drive operational excellence, digital innovation, and scalable growth through technology investments

Faces pressure to deliver measurable ROI, streamline operations, and unlock new revenue streams

Challenges:

Portfolio companies often lack unified AI strategy, resulting in fragmented tech investments and missed synergies

Difficulty in assessing AI readiness, data maturity, and integration potential across disparate business units

Concerns about risk, governance, and workforce adoption—especially with rapid AI deployment

Needs to balance innovation with compliance, security, and long-term value creation

Goals & Needs:

Develop a tailored AI strategy and roadmap for each portfolio company, aligned to business outcomes

Identify and prioritize high-impact AI use cases (automation, predictive analytics, customer experience)

Ensure responsible AI adoption—governance, privacy, and workforce enablement

Demonstrate quick wins and scalable pilots to build confidence and momentum

Leverage Microsoft ecosystem and existing technology investments for cost-effective transformation

How Synozur Delivers Value:

Empathetic, human-centric approach—understands the unique journey of each portfolio company

Strategic, outcome-focused AI roadmaps, not one-size-fits-all solutions

Deep Microsoft ecosystem mastery—accelerates adoption and integration

Flexible engagement models (fractional leadership, project-based consulting)

Continuous support, clear metrics, and checkpoints for measurable results

Proven experience guiding PE-backed companies through digital and AI transformation



Profile D: Tribal IT Leaders—Casino Revenue Tribes on the AI Journey

Stakeholder Persona:

Tribal CIO, IT Director, or Digital Transformation Lead at a tribe with substantial casino revenue

Charged with modernizing tribal operations, member services, and economic development through technology

Background & Context:

Tribe operates large-scale casino and hospitality businesses, generating significant revenue

Embarking on digital transformation to improve member experience, operational efficiency, and community impact

Inspired by successful AI-powered projects (e.g., Safe-Guard, Curriculum Associates) and seeking similar outcomes

Challenges:

Legacy systems and siloed data across tribal government, casino, and community services

Limited internal AI expertise; concerns about workforce readiness and change management

High expectations for security, privacy, and sovereignty in technology decisions

Need to demonstrate tangible benefits to tribal council, members, and business leaders

Goals & Needs:

Create a strategic AI roadmap tailored to tribal priorities (member engagement, casino operations, financial management)

Pilot AI solutions for operational efficiency (predictive analytics, automation, personalized services)

Ensure ethical, responsible AI adoption—respecting tribal values, sovereignty, and workforce impact

Build internal capacity through training, change management, and collaborative design

Deliver measurable outcomes—higher revenue, improved member satisfaction, and sustainable innovation

How Synozur Delivers Value:

Empathetic, people-centric approach—listens and tailors solutions to tribal culture and needs

Strategic, custom AI design—aligns technology to tribal vision and business goals

Deep experience with Microsoft platforms and compliance for regulated industries

Flexible, right-sized engagements—fractional leadership, collaborative workshops, ongoing support

Proven track record with similar transformation projects (Safe-Guard, Curriculum Associates)

Continuous partnership—guiding tribes from strategy through execution and refinement





3. Microsoft Partner Development

(Ideal for midsize Microsoft partners—such as software vendors or consulting firms—who want to accelerate growth by leveraging the Microsoft ecosystem.)

Profile A: The Ambitious ISV Founder 

Background: Founder/CEO of a software company (~150 employees) that builds a SaaS product on Microsoft Azure. The company is a Microsoft Partner (e.g., has a Silver/Gold competency or is in the Microsoft Partner Network) but hasn’t fully tapped into Microsoft’s go-to-market engine. The CEO is technical and built a great product, serving midmarket clients, but now seeks to scale distribution and credibility. 

Challenges: As an Independent Software Vendor (ISV), they know co-selling with Microsoft or featuring on Azure Marketplace could dramatically boost sales, but they find the Microsoft ecosystem vast and complex[3]. They’re unsure how to get noticed by Microsoft’s sales teams or which partner programs (co-sell, IP co-sell, Microsoft Solution Areas, etc.) to pursue. They also may lack a polished story that resonates with Microsoft’s priorities (e.g. how their solution drives Azure consumption or complements Microsoft’s offerings). Currently, most leads are earned through their own marketing – a slow process. The CEO feels they are “in Microsoft’s orbit but not harnessing its gravity.” Additionally, they have limited bandwidth; there is no dedicated alliance manager. 

Goals: Achieve a tighter alignment with Microsoft’s go-to-market to accelerate growth. Specifically, they want Microsoft sellers to bring them into deals, gain access to Microsoft’s partner incentives/funding, and raise their profile through things like Microsoft’s AppSource or events. Essentially, to turn their Microsoft partnership into a revenue multiplier. The CEO has heard statistics like the Microsoft ecosystem’s huge TAM ($661B by 2025), and that successful partners can earn $7–$10 for every $1 Microsoft sells[3] – and they want in on that opportunity. They aim to double their customer base by leveraging Microsoft’s channels. 

How Synozur Helps: Synozur’s Microsoft Partner Development service is tailor-made for this scenario. We act as a navigator of the Microsoft ecosystem, helping the ISV chart a plan to maximize their partnership. First, we assess their current partner status and product fit: what Azure services they use, which Microsoft sales plays their solution aligns to, etc. Then we help craft a joint value proposition that speaks to Microsoft’s interests: for example, highlighting that their SaaS drives Azure consumption, or fills a gap in Microsoft’s portfolio, which will give Microsoft sellers a reason to care[3]. We use our deep network and insight into Microsoft to identify the right contacts – perhaps connecting the CEO with Microsoft product managers in their space, local partner managers, or industry lead architects[3]. Synozur guides them through enrolling in relevant programs (like the Microsoft co-sell program or advanced specializations) and ensures they meet the requirements. We also assist in marketing efforts: maybe co-developing a case study with Microsoft, or getting them featured in a Microsoft event/webinar. If needed, we will help tweak their product roadmap to align with upcoming Microsoft releases or strategic themes (e.g., integrating with Microsoft Teams if that’s a focus area). The key outcome is that the ISV becomes “easy for Microsoft to partner with.” Over time, the CEO starts seeing concrete benefits: Microsoft account reps invite them to client meetings as a preferred solution, they receive leads via Azure Marketplace, and potentially even Microsoft invests marketing dollars or technical resources into their success. Synozur essentially opens doors and demystifies Microsoft’s partner landscape, accelerating this ISV’s reach. The founder can quantify success in deals influenced by Microsoft and a faster growth rate, validating that engaging Synozur was a smart investment to leverage the power of the Microsoft ecosystem.

Profile B: The Midmarket SI (Systems Integrator) Leader 

Background: COO of a midsize IT consulting firm (~300 consultants) that provides services around Microsoft 365 and Dynamics 365 for clients. They are a long-time Microsoft partner, perhaps with multiple Gold competencies, but mostly operate regionally. The COO is responsible for partnerships and recognizes that with the emergence of new Microsoft cloud offerings (Azure AI, Power Platform, etc.), there’s a huge chance to expand their services – and they want to become a go-to partner for Microsoft in their geography or vertical. 

Challenges: Despite their technical expertise, the firm has struggled to stand out among thousands of Microsoft partners. They often find out about Microsoft’s new programs or incentives late, missing chances for funding or referrals. They don’t have strong connections to Microsoft’s field sales; most of their projects come through their own business development. Additionally, they may have strengths in older Microsoft technologies but need to pivot to newer areas (e.g., Azure AI services, as clients demand more cloud and AI solutions). The COO is trying to juggle delivering current projects while also evolving the company’s offerings to align with Microsoft’s strategic direction. Without a clear plan, they risk being left behind as Microsoft’s priorities change. 

Goals: Deepen the partnership with Microsoft so that the firm is viewed as a top-tier Solution Partner for key solution areas (e.g., Data & AI or Business Applications). The COO wants insider knowledge of Microsoft’s roadmap so they can invest early in the right skills and offerings[3]. They also aim to secure co-sell deals and maybe join Microsoft’s specialized partner initiatives (like Azure Advanced Specialization or industry-specific programs). Success would mean their consultants are busy on more Microsoft-referred projects, and revenue grows without solely relying on their own sales outreach. They also want to ensure they capture the wave of generative AI and new tech Microsoft is pushing, turning that into business. Essentially, become the “trusted partner” Microsoft calls first in their region for relevant opportunities. 

How Synozur Helps: Synozur brings the playbook for building a strategic Microsoft alliance. We start by evaluating the SI’s current services and mapping them to Microsoft’s current priorities and Solution Areas[3]. We identify gaps or opportunities – for instance, if Microsoft is emphasizing Power Platform adoption, we ensure the SI develops a strong offering and success stories there. Synozur uses its extensive Microsoft network (our team includes former Microsoft partner program executives and MVPs) to connect the firm’s leaders with key Microsoft stakeholders – e.g., a meeting with the local Microsoft Partner Manager or a cloud solution architect lead[3]. We also train the SI’s team on how to “speak Microsoft’s language,” aligning proposals and messaging to things Microsoft cares about (consumption, E5 adoption, etc.)[3]. A concrete step might be helping them attain a Microsoft Advanced Specialization or enter the Azure Migration program, unlocking funds for customer projects. Synozur advises on marketing: maybe co-hosting a webinar series with Microsoft or getting their success story featured on Microsoft’s partner blog. Importantly, we clarify the difference between customer value and Microsoft value and ensure the firm’s offerings hit both marks[3] (delighting customers and advancing Microsoft’s goals, a recipe for lots of referrals). Over the course of the engagement, the SI sees a transformation: They gain recognition within Microsoft – for example, Microsoft sellers start proactively involving them. With Synozur’s guidance, the firm might achieve, say, Azure Expert MSP status or win a Microsoft Partner of the Year award in their category, significantly raising their profile. The COO notices that their pipeline is growing with higher-quality leads and partnership-driven deals. In summary, Synozur helps this partner navigate the complex Microsoft ecosystem with ease[3], aligning them with Microsoft’s roadmap and connecting them to the right people. This results in sustained growth, increased competitive edge, and a deeper, fruitful partnership with Microsoft, fulfilling the COO’s objectives.



Each of these profiles illustrates midmarket scenarios where Synozur’s offerings deliver exceptional value. Our ideal customers are organizations big enough to need sophisticated strategy and technology guidance, but agile enough to act quickly on our advice – exactly where Synozur thrives. We address their pain points with empathy and expertise, whether it’s instilling a Company OS for leadership, injecting AI thoughtfully into their business, or supercharging their Microsoft partnership. By understanding these customer personas, Synozur ensures our services and messaging remain highly relevant and compelling to the people who benefit most from them: midmarket business and IT leaders ready to find their North Star and achieve the “desirable achievable.”[2]

References

[1] Draft Leadership Transformation

[2] Synozur MPF 2025 Messaging and Positioning Framework

[3] Draft GTM Transformation



Audience-Specific Messaging

For Business Decision Makers (CxO/BDM): 

Focus on Outcomes and Growth: We speak the language of ROI and business value. Synozur emphasizes how we will drive revenue growth, efficiency gains, and competitive advantage[1]. For example, we highlight past results “from improved efficiency and ROI to market success and user adoption” achieved for clients[1]. As a BDM, you can trust that every recommendation ties back to improving your bottom line and achieving strategic goals. 

Enterprise Strategy & Culture Alignment: Synozur helps leadership set the vision (“North Star”) and align the organization to it[3]. We address big-picture challenges like culture change, leadership development, and organizational design, not just IT symptoms. This holistic approach ensures that transformations last. As a business leader, you get a partner to strengthen your leadership team’s effectiveness and embed a management framework (Company OS) that keeps everyone on course toward success[4]. 

Trusted Expertise & Results: We underscore our extensive experience with global enterprises and our track record of delivering results at scale[5]. Business execs gain confidence from knowing Synozur’s team has led major transformations before, and we bring leading practices (not risky experiments). We also spotlight that Synozur is boutique and client-focused – meaning BDMs get senior attention and a solution tuned to their unique business, rather than a generic big-firm approach. 

Low Risk, High Support: For a BDM audience, we position Synozur as a safe pair of hands: a partner who will de-risk the transformation journey by providing clear roadmaps, quick wins, and continuous support. Our messaging avoids technical jargon and centers on business continuity, risk management, and change adoption. This assures decision-makers that partnering with Synozur is an investment that will pay off reliably, not a leap into the unknown.

For Technical Decision Makers (ITDM/CTO/CIO): 

Architecting for the Future: We address IT concerns by showing we understand complex technical landscapes and integration challenges. Synozur emphasizes flexible, scalable architectures and practical roadmaps that align new technology with existing systems[1]. We highlight our Deep Ecosystem Expertise – for instance, our knowledge of Microsoft’s cloud and AI offerings – which means we design solutions that are cutting-edge yet proven and compatible[1]. As technical leaders, they hear that Synozur will modernize their stack responsibly, with an eye on security, compliance, and interoperability. 

Empathy for IT Teams: Technical stakeholders appreciate that Synozur has a human-centered approach even in technical projects[5]. We talk about enabling IT success via collaboration, not bypassing IT. For example, we ensure user adoption, training, and change management are part of any tech rollout. We also offer to augment IT capacity (through fractional CTO/CIO services or coaching) as a partner rather than a threat. This messaging helps ITDMs see Synozur as an ally who “gets it” – understanding both the tech and the people who run it. 

Innovation with Governance: We appeal to ITDMs by balancing innovation (AI, cloud, data analytics) with governance (security, process). For instance, we might say: “Synozur’s experts will help you harness AI and automation to boost productivity – with a measured approach around content security, privacy, and compliance.”[6] This assures technical decision makers that we won’t jeopardize their environment; instead, we’ll enhance it using best practices and mature frameworks. We also stress our familiarity with frameworks like Agile, DevOps, and ITIL where relevant, speaking to their need for process discipline in execution. 

Technical Credibility & Support: We mention that Synozur’s team includes seasoned technologists (some with Microsoft MVP or engineering backgrounds[7]) to establish peer credibility. We can cite our successful projects in cloud migrations, AI implementations, or digital workplace deployments to build trust. Finally, our commitment to continuous support is a key message: ITDMs hear that we won’t just drop a strategy on them – we’ll stick around to help implement it, provide knowledge transfer, and ensure their team is empowered to maintain the solutions[1].

Sector Messaging – Enterprise & Midmarket: 

For Enterprise Clients: Synozur emphasizes its global experience and robust methodologies to meet enterprise-scale needs. Messages highlight that our consultants have delivered transformation at Fortune 500 companies[1], so we understand complex, matrixed organizations. We stress precision, security, and reliability – e.g., “Synozur has the management consulting rigor and Microsoft ecosystem connections to drive large-scale change with minimal disruption.” Enterprise stakeholders are reassured that although Synozur is boutique, we bring enterprise-grade capabilities (from comprehensive governance models to advanced analytics) and can seamlessly collaborate with their internal teams and other vendors at scale. 

For Midmarket Clients: Synozur positions itself as the perfect fit for midmarket organizations that need top-tier guidance without the burden of a big consultancy. We underscore our boutique nature, agility, and cost-effectiveness. For example: “As a mid-sized business, you get the best of both worlds with Synozur – Fortune 500 expertise delivered with the flexibility and personal attention of a dedicated partner.” We highlight our ability to quickly tailor frameworks to midmarket realities (no unnecessary bureaucracy), and how we can help them compete with larger players by leveraging modern tech and partnerships. The message to midmarket prospects: Synozur will empower them to punch above their weight, achieving enterprise-like transformation on a midmarket budget and timeline.

Partner Development Messaging Pillars / Reasons

TK



Services/Offerings

4. Service Offerings Overview (Synozur’s Transformation Services)

(Synozur provides four core categories of services. Each offering is described in consistent language below – focusing on what it is, how we approach it, and the outcomes it delivers.)

A. Leadership & Organizational Transformation (Strategic Transformation) 

What it is: A top-down business reinvention service focused on leadership, management frameworks, and organizational strategy[1]. We help redefine your company’s direction and optimize how your leadership team operates. 

Our Approach: Synozur works in concert with your leadership team to establish a tailored Company Operating System (COS)[1] – the management blueprint for running your business. This involves clarifying your mission, vision, and values, then facilitating consensus on strategic priorities and decision-making processes. We often conduct interactive workshops to refine corporate strategy, then assist with developing annual plans, OKRs, and governance rhythms to execute that strategy[8]. We also offer fractional CxO support to fill leadership gaps with experienced executives on an interim basis[8], and provide coaching to instill effective leadership behaviors and project delivery practices. 

Outcomes: Your organization will have a unified strategic direction and a disciplined operating cadence. Leadership teams become more aligned and proactive, rather than reactive. Clients see improved strategic clarity, faster decision-making, and a culture shift from ad-hoc management to focused, intentional leadership. Ultimately, this service unlocks greater organizational effectiveness – enabling you to navigate change confidently and achieve your business goals with a solid internal compass (your “North Star”).[8]

B. Go-to-Market (GTM) Transformation 

What it is: A comprehensive marketing, sales, and brand transformation service aimed at aligning your market strategy and outreach with your business objectives. This covers everything from brand positioning and product marketing to channel development and campaign execution[9]. 

Our Approach: Synozur analyzes your current marketing and product strategies, then helps develop a cohesive go-to-market plan. We often begin by refining brand messaging and positioning – conducting workshops to craft a compelling Messaging and Positioning Framework (MPF) that captures your unique value and resonates with target customers[9]. We then design marketing and sales initiatives (campaigns, content strategy, digital marketing, events) that amplify this messaging. For clients who are Microsoft partners or aspire to be, we leverage our deep Microsoft ecosystem expertise to drive partner development: aligning your offerings with Microsoft’s roadmap, connecting you with Microsoft field and marketing teams, and maximizing co-sell opportunities[9]. Our services also include creative design operations, campaign execution, channel program setup, and even team coaching to uplift your marketing capabilities[9]. 

Outcomes: Your organization will present a strong, differentiated brand in the market and have a go-to-market engine that consistently drives growth. Expect clearer messaging that sets you apart, more effective campaigns generating demand, and stronger relationships with partners (like Microsoft) extending your reach. This transformation often results in increased brand recognition, higher lead conversion rates, and new revenue streams – all aligned to your strategic business goals. Clients also gain a repeatable GTM rhythm and possibly a revamped marketing culture that is creative, data-driven, and aligned with sales for maximum impact.

C. Experience Transformation (Employee & Customer Experience) 

What it is: A service focused on transforming the human experience both inside and outside the organization – with an emphasis on employee experience (EX) as well as related aspects of customer experience and brand experience. It’s about optimizing processes and tools that employees use, improving engagement, and ultimately fostering an innovative, people-centric culture[10]. 

Our Approach: Synozur takes a holistic, data-driven approach to experience transformation[10]. Internally, we develop strategies to boost employee engagement, effectiveness, and communication. This might include deploying modern intranets or digital workplace solutions, improving internal communications channels, and designing recognition and wellness programs. We often use our Digital Workplace Maturity Model to assess the current state of a client’s workplace technology and culture, then create a roadmap to advance it[10]. Additionally, we provide UX/UI design services for intranet and portal projects, ensuring that digital tools are intuitive and aligned with how employees work. In terms of customer-facing experience, we ensure that any brand touchpoints (like websites or support portals) are consistent and engaging, though our primary focus is on empowering employees because they drive customer satisfaction. Synozur’s methods include design thinking workshops, employee journey mapping, and continuous feedback loops (like pulse surveys) to iteratively improve the workplace experience. 

Outcomes: A more engaged, productive workforce and a stronger culture. By transforming employee experience, organizations see tangible benefits: higher employee satisfaction and retention, improved collaboration, and increased innovation (engaged employees are more likely to contribute new ideas)[10]. These internal improvements often translate into better customer service and brand advocacy externally. Clients also end up with more efficient processes and digital tools that save time and reduce friction in daily work. Overall, Experience Transformation empowers your people to do their best work – which in turn accelerates your business performance and growth.

D. Technology Transformation (Digital & AI-Driven Transformation) 

What it is: A service concentrated on evolving your technology strategy, architecture, and capabilities so they fully support your business ambitions. This includes developing aligned IT roadmaps, integrating modern technologies (like Cloud and AI), and optimizing your tech investments for maximum ROI[6]. 

Our Approach: Synozur starts by assessing your current technology landscape and its alignment with your strategic goals. We then create Strategic Roadmaps that plot out how to get from where you are to where you need to be, technology-wise[6]. A key component is leveraging what you already have – we identify ways to maximize the value of your existing Microsoft (and other) solutions, often unlocking features you own but underutilize[6]. Next, we fill the gaps: perhaps you need to implement new capabilities (like an AI-driven analytics platform or a collaboration tool) – we will outline those and even help negotiate with vendors (ensuring cost efficiency). AI Strategy and Design is a special focus within this offering: Synozur’s experts help you determine how advanced AI (e.g., Microsoft Copilot, Azure AI services) can solve business problems and then pilot these solutions responsibly[6]. We employ a human-centric and ethical AI approach, considering governance, security, and workforce impact as we integrate AI and automation into your operations[6]. Our Technology Transformation plans typically include a phased implementation timeline, pilot programs, and adoption campaigns (with training curricula) to ensure new tools are embraced by users. 

Outcomes: A modernized, efficient, and innovative IT environment that propels your business forward. Concretely, clients achieve better alignment between IT initiatives and business strategy (no more random projects – everything has purpose and ROI). They also see cost savings by eliminating redundant tools and leveraging existing licenses better. Importantly, organizations become more agile and “future-ready” – able to adapt to new trends like AI with confidence, because they have a clear roadmap and governing policies in place. By engaging Synozur for Technology Transformation, you gain not just a tech upgrade, but a strategic shift: technology becomes a true enabler of your business vision, with improved capabilities such as faster data-driven decision making, enhanced cybersecurity postures, and a platform for continuous innovation.

(Each of these four service areas is delivered with consistent Synozur principles: strategic alignment, empathy for people, tailored design, and continuous support. This ensures that regardless of the domain – be it reorg and strategy, market approach, workforce experience, or tech modernization – the client experiences a cohesive, high-quality transformation journey.)



Service Pillars Short

Strategic Transformation

Synozur works in concert with your leadership team to develop new business strategies and management frameworks to optimize and elevate your effectiveness. We help our customers implement new company operating systems and detailed adoption strategies tailored to their specific organizational and cultural needs.

GTM Transformation

We analyze your market strategies and develop go-to-market plans and campaigns that align with your business goals. We also provide brand transformation, design operations, campaign execution, event management, coaching, and team building.

Technology Transformation

Synozur develops technology strategies that align with your business ambitions, working in concert with your leadership team to develop new plans to maximize innovation and ROI.

Experiences

Our Experience Transformation services encompass a comprehensive suite of capabilities designed to optimize processes, enhance employee engagement, and drive innovation. Our approach is strategic, innovative, and tailored to meet your unique needs of each client.

Service Pillars Long

Strategic Transformation

Synozur works in concert with your leadership team to develop new business strategies and management frameworks to optimize and elevate your effectiveness. We help our customers implement new company operating systems and detailed adoption strategies tailored to their specific organizational and cultural needs.

Our approach involves defining and refining your company’s foundations - mission, purpose, values, and goals. Strategy and planning are separate components. We facilitate leadership decisions that form your strategy and assist with the annual planning required to implement them.

Solutions

Company OS

Synozur works in concert with your leadership team to develop new business strategies and management frameworks to optimize and elevate your effectiveness. We help our customers implement new company operating systems and detailed adoption strategies tailored to their specific organizational and cultural needs.

Fractional Leadership

In today's dynamic business environment, organizations often find themselves in need of expert leadership that can adapt quickly to changing conditions. This is where fractional leadership, particularly fractional CxOs (fCxOs), comes into play. Fractional CxOs are highly experienced executives who join companies on a part-time, temporary, or project basis, providing the strategic guidance and tactical support needed to navigate complex challenges and seize new opportunities.

Delivery Management

We focus on effective project and product management practices to ensure successful outcomes. Our team can also provide Agile leadership (SCRUM master, product owner), PMO development, project delivery, program management, and leadership coaching to enhance efficiency, collaboration and strategic alignment.



GTM Transformation

We analyze your market strategies and develop go-to-market plans and campaigns that align with your business goals. We also provide brand transformation, design operations, campaign execution, event management, coaching, and team building.

Often, we can redefine marketing messaging and positioning, testing new approaches and introducing them to the right audiences and agencies. And if you’re a channel partner, we’re here to assist with channel development and maintain strong relationships within the Microsoft partner ecosystem.

Solutions 

Brand and Messaging

We work closely with you to define your brand identity and create a new messaging and positioning framework (MPF) that captures its essence. Our approach ensures that your brand stands out in the market and communicates effectively with your target audience.

GTM Strategy and Execution

We design the themes and rhythms for sustained engagement with your markets and stakeholders to drive product success, optimize market entry, and maximize customer acquisition.

Microsoft Partner Development

If you’re a Microsoft partner, or trying to become one, great. Leveraging our deep ecosystem expertise, we drive Microsoft partner development and engagement. We help you navigate the complexities of partner relationships, aligning with Microsoft sales, marketing and product teams. We also help you find opportunity in Microsoft’s GTM strategy and roadmap, ensuring that you maximize the benefits of your Microsoft partnerships.

Technology Transformation

Synozur develops technology strategies that align with your business ambitions, working in concert with your leadership team to develop new plans to maximize innovation and ROI.

Solutions

Strategic Roadmaps

We’ll help develop strategic roadmaps that align with your business ambitions.



With our extensive experience, we help you leverage the Microsoft solutions you already have and negotiate for the ones you need. We focus on avoiding unnecessary tools, ensuring that every piece of technology in your arsenal is essential and impactful.

AI Strategy and Design

Our expertise in AI technologies like Copilot ensures that you’re fully equipped to implement and manage AI solutions that transform productivity and business processes.

We take a human-centric approach to AI, ensuring that your solutions are ethical and considerate of their impact on your workforce.

We map AI to achievable business outcomes. Whether it's improving customer experience, driving efficiency, or unlocking new revenue streams, we deliver tangible outcomes.

Finally, we design and implement pilot programs and rollouts with a customized curriculum-based campaign.

Employee Experience

At Synozur, we know the heart of any organization is its people. That's why we take a human-centered approach, looking at every part of the employee experience (EX) and journey. 

We work to foster an engagement culture across communication, collaboration, adoption, and change management.

Creating a positive employee experience takes more than technology. It’s about understanding the unique needs and culture of your organization. We’re here to help you build a modern workplace that supports and engages your team, driving productivity and satisfaction.

Experiences

Our Experience Transformation services encompass a comprehensive suite of capabilities designed to optimize processes, enhance employee engagement, and drive innovation. Our approach is strategic, innovative, and tailored to meet your unique needs of each client.

Solutions

Employee Strategies

We develop engagement strategies that prioritize employee experience, UX design, and strategic communication initiatives. Our expertise includes intranet design, website UX, and comprehensive experience design strategies.

Communication Strategies

Effective communication is vital for organizational success. We create tailored communication strategies and plans that align with company goals and enhance employee engagement.

Design Strategies

At Synozur, we've got you covered when it comes to transforming your digital experience. We're experts in intranet design, website design, and user experience (UX), ensuring your platform looks great and functions flawlessly. Plus, we dive into experience design, helping you engage your team with top-notch communication strategies.



Workshops

Synozur’s Four One‑Day Executive Offerings: 

These are high-impact, standalone workshops that deliver immediate strategic value and set the stage for deeper transformation engagements. Each is tailored to a specific leadership need and aligns with Synozur’s outcome-focused, human-centric approach.

AI Academy – Immersive AI Leadership Day:

A 4–5 hour workshop that demystifies AI for executives and jumpstarts an AI strategy. It educates mid-level to senior leaders (business and IT) on current AI trends with real-world demos, then engages them in hands-on exercises to envision high-impact AI use cases for their organization. Strategic Value: Separates AI hype from reality and identifies practical, high-ROI opportunities3. Leaders leave with a tailored “AI opportunity blueprint” – a concise roadmap of use cases and next steps – giving them confidence to pursue AI initiatives grounded in business value. Target Audience: Business and technology decision-makers looking to understand AI’s potential in their enterprise. Differentiators: Combines expert insight (to cut through hype) with interactive learning (to build AI skills) and design-thinking ideation specific to the client’s context. By day’s end, the leadership team has a shared vision for AI (their “AI North Star”) and a clear plan to begin executing it, often prompting follow-on AI strategy or pilot engagements. This offering delivers immediate insight and alignment on AI and naturally opens the door for deeper AI transformation projects with Synozur.

M365 Academy – Microsoft 365 Transformation Day: 

A one-day intensive workshop to unlock the full potential of Microsoft 365 for the client’s organization. In the morning, Synozur demonstrates the latest and underused M365 features (Teams, SharePoint, Power Platform, Viva, Copilot, etc.) relevant to the client, inspiring leaders with what’s possible. In the afternoon, we facilitate a strategy session to map those capabilities to the client’s specific pain points and goals. Strategic Value: Quickly reveals ways to leverage the tools the client already owns more effectively – often uncovering features and efficiencies in M365 that are currently underutilized1. This can translate into immediate productivity gains or cost savings (e.g. consolidating third-party apps onto M365). Target Audience: Business and IT leaders responsible for productivity, collaboration, or digital workplace strategy (e.g. CIOs, department heads). Differentiators: Emphasizes practical adoption over theory – we focus on improving everyday work and bridging gaps between IT capabilities and business needs. Synozur’s deep Microsoft ecosystem mastery ensures the guidance is up-to-date and tailored (leveraging our knowledge of Microsoft’s roadmap and best practices). Clients leave with a prioritized action plan for M365 (quick-win configurations, process automations, pilot projects, governance improvements) and cross-functional alignment on how to modernize their workplace. This one-day jumpstart often catalyzes more extensive M365 adoption or governance initiatives, armed with the executive buy-in achieved during the workshop.

Go-to-Market Assessment: 

An interactive service that stress-tests your sales pitch and go-to-market messaging in a realistic simulation. In the morning, Synozur’s team role-plays as a panel of target customer stakeholders (e.g. a skeptical CFO, a technical lead, an end-user), and your team delivers its standard sales presentation or product pitch. We engage with tough questions and objections in real time, exactly as a live prospect might. In the afternoon, we provide a candid debrief and analysis – highlighting what resonated for each “customer” persona and where the pitch fell flat – and then collaboratively refine your messaging and approach. 

Strategic Value: 

Offers an objective, no-risk environment to uncover weaknesses in your pitch and align your team on a compelling, consistent message2. You receive an actionable report (often a SWOT analysis of your pitch) with concrete recommendations and quick fixes to sharpen your value proposition, storytelling, and delivery. This leads to a stronger go-to-market strategy and, ultimately, better win rates. 

Target Audience: Sales and marketing executives, product founders, or partner teams who need to improve a critical sales pitch or product positioning. It’s ideal for organizations preparing for important client presentations or experiencing low conversion and seeking to diagnose why. 

Differentiators: Synozur provides brutally honest, multi-perspective feedback that internal teams typically never hear – delivered constructively by seasoned experts. Our unique proxy panel method ensures feedback from various angles (finance, tech, user experience), not just a single opinion. The process is collaborative, not just a critique: we work with your team to refine the pitch on the spot. This human-centric, partner approach leaves your team feeling supported and confident, with a clear blueprint to present a unified and compelling story that “lands with impact every single time”2. Many clients treat this as a catalyst to revamp their broader marketing and sales approach, knowing they have pinpointed exactly what to improve.

Company Operating System Bootcamp: A two-day offsite workshop that helps your leadership team define and design your company’s “operating system” – the fundamental blueprint for how your business is run (encompassing vision, values, strategic planning, and management rhythms). In this intensive session, Synozur facilitators guide your executives through clarifying your mission and culture, articulating strategic priorities, and establishing key processes (e.g. goal-setting, meeting cadence, decision-making frameworks). 

Strategic Value: The leadership team achieves what can otherwise take months of fragmented effort: a unified strategic direction and disciplined operating cadence for the organization1. By the end, you have a tangible “Company OS” blueprint document capturing agreed values, a governance/meeting schedule, top strategic initiatives, and accountability structures. This provides immediate clarity and alignment at the top, which cascades into more proactive (rather than reactive) management. Target Audience: CEOs, COOs, and their leadership teams – especially in mid-market companies or business units – who are seeking greater alignment, cultural cohesion, or more structured execution as they scale or transform. It’s particularly valuable for organizations feeling siloed or lacking a consistent management approach. Differentiators: Synozur’s approach is highly facilitated and human-centered – we use design-thinking techniques to draw out perspectives and foster consensus, ensuring every leader has buy-in to the final OS. We also incorporate modern best practices (like OKR frameworks and even our AI-powered planning tool) to give the bootcamp a cutting-edge advantage. Unlike generic strategy retreats, this bootcamp produces a concrete operating model tailored to your company’s DNA, and does so in a single day of focused work. Leaders emerge not only with a blueprint, but with renewed cohesion and a roadmap for driving change. Often, this engagement kick-starts broader organizational transformation – serving as a gateway to multi-week consulting support where Synozur helps implement the new operating system and monitor progress – but even on its own, the one-day bootcamp delivers a step-change in leadership clarity and performance.



Products

Orion 

Executive Summary

Transformation is hard.

Most organizations know their ambitions, but the journey from today’s reality to tomorrow’s outcomes is complex, uncertain, and often overwhelming. Orion is built to bridge that gap — giving you clarity, confidence, and a path forward that’s tailored to your unique context.



Tagline

Chart your course with confidence.



Core Positioning

Orion is Synozur’s AI-powered transformation platform that connects where you are to where you need to go. Unlike generic assessments, Orion integrates Synozur’s deep expertise and research with advanced AI to deliver a customized view of your current state and a roadmap tailored to your industry, your role, your location, and your company.



Messaging Pillars

• Transformation is Hard—Orion Makes It Achievable

    • Acknowledges the real-world challenges of change: shifting priorities, complexity, and stalled momentum.

    • Bridges the gap between assessment and action, turning insight into a clear, executable plan.

• AI-Powered Personalization

    • Uses AI to synthesize Synozur’s proven frameworks, industry research, and your unique data.

    • Delivers guidance that’s not just smart, but specific—to your sector, your team, your market.

• From Assessment to Action

    • Moves beyond static maturity models: Orion maps your current state, then charts a step-by-step, measurable roadmap.

    • Every recommendation is actionable, prioritized, and aligned to your business outcomes.

• People-Centric, Outcome-Focused

    • Designed for real adoption: role-based journeys, clear milestones, and support for every stakeholder.

    • Empowers your team to move from uncertainty to progress, with checkpoints you can trust.



Proof Cues

• Built on decades of Synozur’s global transformation experience

• AI-driven, but always grounded in human expertise and empathy

• Delivers measurable checkpoints and continuous support

Visual/UX Direction

• Palette: Deep space navy, electric blue nodes, starlight accents—evoking clarity in complexity

• Iconics: Node and line “O” patterning; animated paths that snap into place as you progress

• Motion: Dots connect into routes, visually bridging the gap from “now” to “next”

• Hero Graphic Prompt:

“Minimal star map forming a circular ‘O’, deep navy, electric blue nodes with soft gold accents, refined enterprise aesthetic, 16:9, no text.”



Sample Headline/Subhead

• Headline: Transformation is hard. Orion bridges the gap.

• Subhead: AI-powered mapping from where you are to where you need to go—tailored to your business.



Copy Blocks

• Orion bridges the gap between assessment and action.

• Transformation is hard. Orion makes it achievable—with AI-powered, expert-guided roadmaps tailored to you.

• No more generic advice: Every step is mapped to your industry, your role, your location, and your company’s goals.

• Move from uncertainty to progress: With Orion, you get clarity, confidence, and measurable results—every step of the way.



Older:

Orion is Synozur’s precision maturity mapping platform—connecting capabilities into a constellation you can execute. It transforms scattered priorities into a connected capability map and cadence, empowering organizations to chart their course with confidence. Orion’s approach is direct, structured, and reassuring, always centering people in how the map is used. Decades of global experience, deep Microsoft GTM alignment, and measurable checkpoints underpin every engagement. 



Tagline

Chart your course with confidence.

Messaging Pillars (Mapped to Services)

Strategic Transformation:Move from scattered priorities to a connected capability map and cadence. Orion helps organizations clarify their strategic direction, aligning leadership and teams around actionable outcomes. [Maturity Modeler | Word]

GTM Transformation:Positioning and plays that snap into the right markets and Microsoft motions. Orion enables organizations to align their go-to-market strategies with proven Microsoft frameworks, ensuring every move is purposeful and market-ready. 

Technology Transformation:Architecture and AI roadmaps that align to business outcomes, not tool sprawl. Orion delivers technology strategies that avoid unnecessary complexity, focusing on solutions that drive measurable business results.

Experience Transformation:Role-based journeys that raise adoption and engagement. Orion’s people-centric design ensures that every transformation is embraced, driving sustained engagement and high adoption rates.



Voice & Tone Cues

Direct, structured, and reassuring

Always people-centric in how the map is used

Empathetic, tailored, and outcome-focused

Positive, confident, never boastful

Conversational, clear, and business-aligned 



Proof Cues to Emphasize

Decades of global experience

Microsoft GTM alignment

Measurable checkpoints and outcomes

Trusted by Fortune 500 alumni and industry leaders 



Visual/UX Direction

Palette: Deep space navy, electric blue nodes, starlight accents—consistent with Synozur night sky brand

Iconics: Node and line “O” patterning; paths snap into place

Motion: Dots connect into routes during progress updates

Graphic Prompt (Hero):“Minimal star map forming a circular ‘O’, deep navy, electric blue nodes with soft gold accents, refined enterprise aesthetic, 16:9, no text.” 



Sample Headline/Subhead

Headline: Map it. Align it. Move.

Subhead: Your strategy, connected to outcomes. 



Messaging Copy Blocks

Orion: Precision Mapping for Transformation

Connects capabilities into a constellation you can execute

Transforms scattered priorities into a connected capability map and cadence

Aligns strategy, technology, and experience for measurable business outcomes

Empowers teams to chart their course with confidence



Strategic Transformation

Clarifies direction and aligns leadership around actionable outcomes

Delivers a connected capability map and operating cadence

Enables organizations to move from chaos to clarity

GTM Transformation

Positions offerings to snap into the right markets and Microsoft motions

Aligns go-to-market strategies with proven frameworks

Drives market success through tailored plays and rhythms

Technology Transformation

Designs architecture and AI roadmaps that avoid tool sprawl

Focuses on solutions that drive measurable business results

Leverages Microsoft ecosystem expertise for seamless integration

Experience Transformation

Crafts role-based journeys that raise adoption and engagement

Centers transformation on people, ensuring sustained success

Builds engagement strategies that prioritize employee experience



Brand Voice Application

Orion’s messaging is always:

Empathetic: Acknowledges client needs, listens before guiding

Tailored: Custom solutions, never one-size-fits-all

Clear: Written at a 12th-grade reading level, avoiding jargon

Positive & Confident: Focused on outcomes, never boastful

Business-Aligned: Tied to measurable results and strategic goals [Synozur MP…Framework | Word]



Visual/UX & Graphic Prompts

Hero Graphic Prompt:“Minimal star map forming a circular ‘O’, deep navy, electric blue nodes with soft gold accents, refined enterprise aesthetic, 16:9, no text.”

Suggested Visuals:

Node and line “O” patterning

Animated dots connecting into routes

Deep space navy backgrounds with electric blue and gold accents



Social Post Example (LinkedIn)

🚀 Big news: Orion by Synozur is live—precision mapping for transformation.✔ Connect capabilities into a constellation you can execute✔ Chart your course with confidence✔ Align strategy, technology, and experience for measurable outcomes#AITransformation #Synozur #DigitalStrategy #FutureOfWorkSee Orion in actionSuggested graphic: Minimal star map forming a circular ‘O’, deep navy, electric blue nodes, gold accents, enterprise style.



Closing

Orion is your onramp to connected transformation—bringing clarity, confidence, and measurable results to every step of your journey. With Synozur’s decades of experience and Microsoft alignment, you’re equipped to map, align, and move toward your strategic outcomes.

Vega

Executive Summary 

Bridging strategy and execution is hard. Even with a clear plan, many leadership teams struggle to turn strategic vision into day-to-day results – meetings end up as a “bunch of people sitting around talking” without tangible outcomes, and priorities slip amid siloed efforts. Vega is built to close that gap – providing a unified, AI-augmented operating system that keeps your strategy on track, your teams in sync, and your plans moving forward. It creates an operational rhythm for your organization, so that strategy isn’t just planned – it’s lived daily, with clarity and accountability at every step. 

Tagline 

Turn strategy into action, every day. 

Core Positioning 

Vega is Synozur’s AI-augmented Company Operating System for consultants and enterprises, designed to unify strategic planning and operational cadence in one platform. Unlike generic project tools or scattered dashboards, Vega brings all the elements of execution under one roof – aligning your long-term goals, weekly priorities, and real-time insights into a single source of truth. Built on a modern open technology foundation (Linux backend with React Native) for stability and flexibility, it combines Synozur’s proven transformation frameworks with embedded AI to guide decision-making. The result is a tailored operating cadence for your business: leadership gets clear visibility and AI-driven recommendations, teams get structured workflows and focus, and everyone stays aligned to the organization’s North Star. Vega includes a comprehensive suite of modules – from a Company OS Dashboard for oversight, to Strategy & Planning tools, to embedded Governance features like Focus Rhythm – all working together to turn vision into measurable progress. In short, Vega operationalizes your strategy, ensuring that what needs to happen actually happens – consistently, intelligently, and at scale. 

Messaging Pillars 

From Plans to Progress – Unified Execution Platform: Vega transforms disjointed planning into a connected operating system. It replaces ad-hoc spreadsheets, slide decks, and siloed apps with one integrated hub for strategy execution. Leaders set goals and track initiatives in real time across the organization, moving beyond “talk” to a culture of action. By uniting vision, planning, and daily work in one place, Vega ensures everyone is rowing in the same direction with complete transparency and shared purpose. 

AI-Augmented Insights, Human Focus: Vega builds intelligence into your operations. It leverages AI to monitor progress and surface insights – from highlighting at-risk objectives to suggesting data-driven recommendations – so you can make informed decisions quickly. This AI assistance is always in service of your team’s success: think of Vega as a smart co-pilot, crunching the data and offering guidance while you remain in control. No more guessing which metrics matter or which project needs attention; Vega continuously analyzes your workflows and outcomes, helping you navigate complexity with clarity and confidence. 

Modular, Scalable & Secure by Design: Vega’s architecture is built for enterprise needs and growth. Its modular design means you can adopt the capabilities you need – whether it’s the central Dashboard, Strategy and Planning modules, or governance tools – and integrate with your existing processes. Under the hood, Vega’s TypeScript/React Native and Linux foundation ensure cross-platform performance and rock-solid reliability. Enterprise security features (like role-based access control and Microsoft Entra ID single sign-on) are baked in, so governance is seamless as you scale. In sum, Vega provides a flexible framework that adapts to any organization – from a midmarket business scaling up to a complex enterprise – without compromising on security or performance. 

Execution Cadence & Accountability (Built for Adoption): Vega embeds a proven operating rhythm into your business, driving real adoption and accountability. At its core is Synozur’s Focus Rhythm – a structured cadence of goal-setting, check-ins, and reviews that turns strategy into a habitual process. Vega not only schedules and prompts these rituals (e.g. quarterly OKR planning, weekly leadership stand-ups), it makes them effective by tying each session to live data and outcomes. Every stakeholder knows what to focus on and when: executives see progress dashboards tailored to their priorities, team leads get clear action lists and reminders, and individuals understand how their work connects to overarching goals. The interface is people-friendly and outcome-focused – with intuitive visuals (including mobile-ready views and even dark mode for comfort) – to encourage engagement rather than impose another “tool.” By aligning with how people actually work and keeping the emphasis on outcomes, Vega ensures the system is embraced, not ignored. The result is a culture of accountability and momentum: plans turn into actions, actions into results, and strategy becomes a living, breathing part of everyday work. 

Proof Cues 

Proven Transformation Framework, Now in Software: Vega is built upon Synozur’s decades of global transformation experience and battle-tested strategy frameworks, distilled into a digital platform. It’s a product of real-world consulting insight – essentially codifying the “company OS” playbook Synozur has implemented for CEOs and COOs into an application that can drive those same benefits at scale. 

Modern, Enterprise-Grade Tech Foundation: Engineered on a robust open-source stack (Linux kernel, TypeScript/React Native front-end), Vega offers the reliability and integration capability that IT leaders trust. Its architecture supports modularity and easy integration with enterprise systems – including secure identity integration (e.g. Azure AD/Microsoft Entra for single sign-on) and data connections – so it plugs into your environment with minimal friction. This modern foundation means Vega can scale with your organization and stay adaptable as your needs evolve, all while maintaining high performance across web and mobile.  SOC2 compliant and ISO27001 compliant.

AI-Driven yet Human-Centered:  Vega’s intelligence is powerful but grounded in human context and empathy. The AI isn’t a black box making decisions in a vacuum – it’s informed by Synozur’s expertise and your organization’s unique data. Early usage shows that leaders gain clarity and confidence from Vega’s recommendations because they’re both smart and relevant (e.g. scenario planning suggestions tailored to your industry trends). In other words, Vega’s AI augments your team’s capabilities without ever sidelining human judgment. This balance ensures technology works for your people, enhancing their decision-making rather than overwhelming it. 

Measurable Impact & Readiness for Launch: Vega is on track for a production launch in Q1 2026, following extensive internal pilots and refinements. It’s already demonstrating tangible value in test deployments – organizations using Vega have seen improvements like a more than 30% boost in productivity and execution speed (per industry benchmarks for integrated OS platforms). Every aspect of Vega is built to deliver clear, measurable outcomes: you’ll be able to track adoption rates, completion of key initiatives, and performance improvements through the platform’s built-in analytics. And Synozur stands behind the product with continuous support – from onboarding your team to refining the setup – ensuring that Vega truly drives the results it promises. (In short: it’s not just slideware; it’s a solution poised to make an immediate impact.) 

Ideal Customer Profile 

Vega is ideal for business and transformation leaders who need to instill structure, alignment, and intelligence into their operations: 

Mid-market CEOs/COOs driving growth: Leaders of growing organizations (hundreds to a few thousand employees) who have outgrown ad-hoc processes. They seek a scalable management framework to replace chaotic meetings and unfocused initiatives with a clear strategic cadence. For these executives, Vega acts as a ready-made Company Operating System – implementing the discipline of goal setting, focus rhythms, and accountability to turn “busy-ness” into purposeful progress. 

Enterprise transformation champions: Heads of Strategy, Transformation Office directors, or operational executives in larger firms who struggle with siloed planning tools and inconsistent execution across departments. They need an integrated platform to align cross-functional teams and keep everyone focused on the big picture. Vega gives them that enterprise-wide connective tissue – a single canvas where strategy, KPIs, and execution tasks all link together – enabling transparency and agility even in complex, matrixed environments. These leaders use Vega to embed an operating rhythm and governance (OKRs, performance dashboards, etc.) that transcends organizational silos, making it easier to drive company-wide initiatives and track outcomes in real time. 

By addressing these scenarios, Vega serves as a strategic product offering tightly aligned with Synozur’s transformation services. It extends Synozur’s consultative approach into an ongoing digital solution: clients not only get the advice and frameworks to change how they operate – they also get the tool to sustain and scale that change. Vega, alongside Orion, solidifies Synozur’s position as “the transformation company” with a robust platform ecosystem: Orion charts the course, and Vega runs the engine to ensure the journey is successful. Together, they enable clients to find their North Star and confidently navigate towards it, making the desirable achievable every day. 





Terminology

Preferred Terminology & Tone (Words to Use)

To maintain a consistent voice, Synozur uses certain preferred terms and themes throughout its messaging. These words reflect our values (empathy, excellence, innovation) and our value proposition (transformation, strategy, outcomes). Writers and speakers about Synozur should favor the following terms in content:

Tailored, Custom, Unique – Emphasize that our solutions are not one-size-fits-all[1]. 

Empathy, Empathetic Approach, Human-Centric, People-Centric – Highlight our people-first mindset and understanding of client challenges[1]. 

Digital Transformation, Workforce Transformation, Business Transformation – Core to what we do; describe the breadth of change we drive. 

Change Management, Sustained Adoption – We manage change and ensure new initiatives stick (use “adoption” rather than technical jargon like “deployment”)[1]. 

AI, AI Strategy, AI Readiness, AI Integration – We speak about artificial intelligence in terms of strategy and readiness, showing fluency in modern tech. 

Readiness, Maturity – Discuss preparing organizations for change (e.g., “content readiness”, “organizational readiness”, “maturity models”)[6]. 

Integration, Alignment – Stress how we integrate solutions into the client’s environment and align with their goals. 

Adoption, Engagement – We focus on user adoption (instead of just implementation) and engaging employees. Avoid the acronym “EXP” for Employee Experience – simply say “employee engagement” or “employee experience”[1]. 

Strategy, Strategic, Roadmaps – These terms should appear frequently, as we are a strategy-led firm delivering strategic roadmaps (avoid less formal terms like “plans” when “strategy” is appropriate). 

Vision, North Star – We often talk about defining a vision or North Star for our clients’ future state[1]. 

Success, Outcomes, Results – We always tie our work to tangible outcomes and success metrics, using these words to reinforce that focus[1]. 

Productive, Effective, Efficient – Describe improvements in productivity or efficiency for clients (e.g., “more productive teams”). 

Informed (decisions, strategy) – We enable data-driven, informed decision-making, so “informed” is a good word to use. 

Balanced – Sometimes used to convey balanced approaches (e.g., balancing innovation with governance). 

Support, Continuous Support, Guidance – We provide ongoing guidance; words like support, guide, steer are preferred to emphasize partnership[1]. 

Steering, Navigating – Plays into our navigation theme (e.g., “steering organizations to success”, “help navigate complexities”)[1]. 

Microsoft Partner, Microsoft Acumen, Deep Ecosystem Experience – When relevant, call out our Microsoft expertise in these terms[1]. 

Engaged, Engagement – Often in context of employees or stakeholders (since engagement is a key outcome we drive). 

Experienced, Seasoned, Extensive Experience – Highlight the depth of our team’s experience with these adjectives (instead of generic “best in class”, we use factual descriptors like decades of experience)[1]. 

Global – Mention global experience or perspective when needed to connote breadth. 

Versatile, Versatility – We can adapt to many situations; a good term for our flexibility. 

Reliable, Trusted – We might use these to describe ourselves as a dependable partner. 

Team, Crew, Alliance – We often refer to our organization or working relationship in collective terms (Synozur Alliance, acting as part of the client’s team). 

Unlock Potential, Empower, Drive Growth – Phrases that describe what we help clients do (unlock their potential, drive growth, empower their people) in inspiring terms. 

Achieve, Attain – We help clients achieve goals (these verbs resonate better than saying “do” or “get”). 

Leading Practices – We prefer this over “best practices” (to avoid implying there's a static best answer; “leading” sounds progressive). 

Design/Architect – We use design-thinking language: e.g., “design a solution,” “architect a roadmap,” which sounds more strategic and intentional. 

Navigation Metaphors: Words like Navigate, Guide, Illuminate are on-brand (leveraging the North Star theme: “illuminate the path to digital excellence”[1], “guide you through complexity”, etc.). 

Innovation, Breakthrough – While “innovation” is common, we do use it in appropriate contexts (e.g., breakthrough innovation, drive strategic innovation), but ensure it’s backed by specifics. (Use “innovative” sparingly and only when substantiated, to avoid fluff.)

(In summary, our preferred vocabulary centers on empathy, tailored strategy, guidance, and tangible outcomes. We talk about empowering clients and navigating change, with a confident and positive tone.)

6. Terminology to Avoid (Words/Phrases to Steer Clear Of)

Synozur’s messaging should avoid jargon, overused buzzwords, or anything that overpromises or undermines credibility. Below is a list of terms and styles NOT to use in our content:

Over-the-Top Superlatives: Avoid unsubstantiated claims like “miracle solution,” “game-changing,” “revolutionary,” “cutting-edge,” “next-gen” unless we are quoting a client. We let facts and results speak instead of hype[1]. Similarly, words like “instant,” “guaranteed,” “no risk” come off as over-promising and should not be used. 

Buzzword Jargon: Steer clear of generic buzzwords that lack clear meaning. For example, “synergy,” “disruptive innovation,” or even overused “innovation” in every sentence can dilute our message[1]. Use more concrete language (instead of “synergy,” say “collaboration” or “combined effort” if needed). 

Acronyms and Techno-babble: Don’t assume the reader knows internal terms. For instance, avoid using “EXP” to mean Employee Experience Platform[1]; just say “employee experience.” Likewise, avoid overly technical terms like “neural nets” or low-level IT jargon in high-level messaging – keep descriptions high-level for business understanding (unless speaking to a purely technical audience, and even then use clear terms). 

“Best Practices”: We generally avoid saying “best practices,” since it’s cliché and can sound arrogant or generic. Instead, we might say “leading practices” or “proven approaches,” or better yet describe the practice itself. 

Negative or Uncertain Tone: Avoid negative phrasing or words that suggest doubt in our capabilities. Words such as “maybe, possibly, probably” weaken our statements and should be omitted for confident language[1]. We speak with assurance about what we can do (backed by evidence). Also, do not dwell on problems without immediately following up with how we solve them – our messaging should acknowledge challenges but focus on positive outcomes. 

Passive Voice and Weak Constructions: Use active voice. For example, rather than “It is believed that we can deliver results,” say “We deliver results.” Avoid filler phrases like “in order to,” “perhaps we could,” etc., that make messaging less direct. 

“Implementation” (in positioning statements): We typically say we drive strategy, design solutions, and guide execution, rather than bluntly saying “we implement technology.” Terms like “implementation” and “development” are avoided in high-level narrative because Synozur differentiates from implementers – we focus on strategy, leadership and design, partnering with clients or other vendors for execution[2]. We would use softer language like “rollout” or “deployment” only when necessary, and emphasize that we enable or lead initiatives (e.g., “drive the implementation” rather than just “implement”). 

Sympathy vs. Empathy: We do not use “sympathy” or “sympathetic”. We prefer “empathy” as noted, since we actively understand and share client challenges rather than just feel sorry for them. 

Marketing Clichés and Fluff: Avoid filler phrases that don’t add value, such as “world-class,” “cutting-edge” (unless describing actual tech in context), “mission-critical” (overused), or any trendy business slang. We want our copy to be polished and professional, not buzzword-laden. 

Legalese or Conditional Guarantees: Phrases like “no obligation,” “risk-free,” or any fine-print sounding language have no place in our messaging. Our tone is conversational and confident, not transactional. 

Overuse of “Innovation”: While innovation is important to us, saying “innovative” too frequently can sound like fluff. We demonstrate innovation through examples rather than repeating the word. Similarly overused terms like “digital transformation” are key to our story, but we use them in moderation and always in a context that specifies the outcome (e.g., “digital transformation to improve customer experience”). 

Terms That Confuse Our Role: Words like “agency” vs “firm” – we use them interchangeably in some copy, but we generally avoid anything that might imply we are a marketing agency (even though we do GTM), so typically we call ourselves an “advisory firm” or “boutique consultancy” more than “agency” in external messaging. Consistency here helps avoid sector confusion. 

(By avoiding the above, we ensure Synozur’s messaging stays clear, credible, and differentiated. We focus on concrete value and authentic tone, steering away from empty buzzwords or risky promises.)



",tenant,,116500d0-357e-4ace-a7af-7264ed58e22a,synozur.com,2026-01-17 18:18:40.242415,2026-01-17 18:18:40.776,,,,intelligence,,
8709f02e-e8b3-4704-81c3-7f23c3853eb4,Cascade strategy,Market and strategy summary ,pdf,/objects/uploads/962ef75f-d3c3-4de7-ba81-78eb94ff9069,2975270,[Error: Could not extract text from PDF],tenant,,116500d0-357e-4ace-a7af-7264ed58e22a,synozur.com,2026-01-24 06:03:58.877252,2026-01-24 06:03:59.88,5428db01-79b3-4487-a2b2-0e63327f2510,,,intelligence,,
5312a0f2-b435-4d52-bd92-bfc084e74066,Synozur Analysis of RecordPoint 2025,Synozur Analysis of RecordPoint 2025,pdf,/objects/uploads/16abc296-3488-49c3-afeb-28659dcc7537,3484187,[Error: Could not extract text from PDF],tenant,,116500d0-357e-4ace-a7af-7264ed58e22a,synozur.com,2026-02-02 22:56:14.513897,2026-02-02 22:56:15.1,9a959fb8-9171-4141-a2b8-f2df7ee805ee,,,intelligence,,
46dacba4-28d0-464b-a1a5-dd60eb6968a7,GTM Maturity Model Assessment,Initial assessment of RecordPoint GTM,pdf,/objects/uploads/348a07a5-6e20-48ef-8c62-3e4480ec5bd6,659842,[Error: Could not extract text from PDF],tenant,,116500d0-357e-4ace-a7af-7264ed58e22a,synozur.com,2026-02-02 23:22:44.973249,2026-02-02 23:22:45.259,9a959fb8-9171-4141-a2b8-f2df7ee805ee,,,intelligence,,
d35c93db-706c-4d6c-89e3-ebe8afbab65c,Akumina Intro Deck-20260225.pdf,,pdf,/objects/uploads/91a6bee1-5170-4b66-8345-a1cc066d5cb6,581164,[Error: Could not extract text from PDF],tenant,,609baf10-d7b7-4ad2-850c-bdb4a791eefd,synozur.com,2026-03-12 18:52:56.919411,2026-03-12 18:52:57.315,e36f9f62-612b-40dd-b2af-39a6cab20c7a,,,intelligence,,
3e5fdb7a-b603-4fa0-9362-f28ddb44d08f,Akumina Marketing Priorities 1H 2026.pdf,,pdf,/objects/uploads/bb49909d-0ad5-40ff-b9a8-c4e0ce4e0129,249999,[Error: Could not extract text from PDF],tenant,,609baf10-d7b7-4ad2-850c-bdb4a791eefd,synozur.com,2026-03-12 18:57:25.882601,2026-03-12 18:57:26.09,e36f9f62-612b-40dd-b2af-39a6cab20c7a,,,intelligence,,
796ac4f6-f3f8-45c4-8162-ea9fa863b5be,Akumina GTM Opportunity 2025 .pdf,,pdf,/objects/uploads/28c9c6df-1a8a-4cc9-8637-495be18b1a4b,2395693,[Error: Could not extract text from PDF],tenant,,609baf10-d7b7-4ad2-850c-bdb4a791eefd,synozur.com,2026-03-12 18:57:41.421103,2026-03-12 18:57:41.587,e36f9f62-612b-40dd-b2af-39a6cab20c7a,,,intelligence,,
e7cf7434-193e-4c5e-879c-dbb37fdc141e,2026 Synozur Brand Voice,,docx,/objects/uploads/1e93a3ad-25c0-4157-8d45-bee53001ec9e,108223,"Brand Voice

Brand voice summary

Synozur’s brand voice is empathetic, people-focused, and always acknowledges client needs, building trust through genuine care. It stresses tailored, custom solutions over generic ones, using direct, conversational language at a 12th-grade reading level. The tone is positive, confident but never boastful, and connects every message to clear business outcomes. Synozur avoids jargon unless necessary, keeps communications professional yet personal, and consistently uses strategic, collaborative terms—always framing messaging around partnership, clarity, and meaningful results for clients.

Detail

Synozur’s brand voice is a personal, humanized tone that consistently highlights empathy, tailored solutions, and optimism across all communications. It remains business-aligned and clear (around a 12th-grade reading level), ensuring messages are easy to understand. Whether in marketing materials, client communications, or internal messages, the voice embodies Synozur’s core values – human-centric empathy, custom-tailored strategy, integrity, and positive outcomes – with only slight adjustments for the audience or context. Below, we break down the key elements of this brand voice, the preferred language and tone, and how it is applied in different communication channels, with examples for each. 

 

Key Elements of Synozur’s Brand Voice 

1. Empathy and Human-Centric Focus: At the heart of Synozur’s voice is empathy. Every communication reflects an understanding of people’s needs and challenges. The tone is caring and human-centric – for example, messages often mention listening and understanding before offering solutions. This aligns with Synozur’s value that “success lies in understanding and prioritizing the needs... of the people involved” 1. In practice, this means the voice acknowledges pain points and emotions in a respectful way. It uses phrases like “we listen” and “we understand your challenges,” making the audience feel heard. Even when discussing technical or business topics, the messaging is framed around human impact (e.g., how a change will make work easier or improve employees’ experience). This empathetic approach is evident on Synozur’s website: “We listen, understand, and tailor our strategies to your specific needs” 1. Such language shows genuine care and avoids coming across as purely sales-driven. By being humanized and personal, the voice builds trust and rapport with readers. 

2. Tailored, Custom Solutions Emphasis: Synozur’s voice reinforces that every client and scenario is unique. There’s a strong rejection of generic solutions. This comes through in the wording – using terms like “tailored,” “custom,” and “unique” frequently 2. Phrases such as “no one-size-fits-all solution” are a staple in Synozur’s content 1. For instance, the brand narrative explicitly states: “Your journey is unique, and our empathetic approach reflects that” 1. The tone is slightly casual and very personal when emphasizing tailored service, often using direct second-person address (“you,” “your”). This makes communications feel like a one-on-one conversation rather than a broadcast. It also highlights partnership: Synozur often uses “we” to indicate working together with the client (e.g., “we’ll plot a new direction for your business together” 1). Overall, the voice conveys flexibility and customization, assuring the audience that solutions will fit their context, not a generic template. 

3. Clarity at a 12th-Grade Reading Level: The brand voice prioritizes clarity and simplicity. Content is written in plain language that a high-school graduate (approximately 12th-grade level) can easily understand. This means avoiding unnecessary jargon and technical slang, or explaining it when it must be used. For example, instead of saying “we implement robust hyper-automation paradigms,” Synozur’s voice would say something like “we introduce practical automation tools that fit your workflow” – conveying the point in straightforward terms. The Messaging Framework explicitly advises “Clear over clever — avoid jargon unless your audience is highly technical” 3. Sentences are typically active voice (“We deliver results” rather than “Results are delivered by us”) to keep the message direct and punchy 4. The tone is conversational but professional – it may use contractions (“we’ll help you…” 1) and a friendly tone, yet it never becomes slangy or flippant. This balance ensures communications are approachable and not stilted, while still respecting a business context. 

4. Positive and Confident (But Not Overhyped) Tone: Synozur’s voice carries a positive, uplifting sentiment. It focuses on achievable outcomes and “north star” visions in an encouraging way. For example, marketing copy mentions guiding clients to success and making the “desirable achievable” 5 – inherently optimistic concepts. However, the voice avoids crossing into unjustified hype or aggressiveness. It’s enthusiastic about possibilities but stays grounded. The tone is confident – using definitive language about capabilities and benefits – yet it stops short of bragging. The guidelines say to be “confident, not cocky – show credibility through clarity and results” 3. This means the voice uses positive statements backed by evidence or plausible outcomes, rather than buzzwords or superlatives. For instance, it may say “our team has decades of experience delivering high-impact outcomes” 1 (a factual, confident claim) but would not say “we are the best in the world at this” (which would sound boastful and vague). Moreover, excessive exclamation or intensifiers are avoided – you won’t see Synozur content shouting at you in all-caps or proclaiming every result as “amazing!!!”. The overall sentiment is uplifting, motivational, and assuring, instilling confidence that Synozur can guide you forward, but always in a sincere tone. 

5. Business-Aligned and Professional: Even while being personal and slightly casual, the brand voice remains business-aligned. This means it speaks to professional outcomes (efficiency, growth, innovation) and maintains a level of professionalism appropriate for executive audiences. Jokes, slang, or irreverent comments are generally absent; the “casual” aspect is more about being conversational and not overly formal, rather than being humorous or edgy. The voice is aligned with business terminology and concerns – for example, it talks about strategic goals, ROI, leadership, and change management in plain terms. It also respects formality when needed: for instance, in a whitepaper or formal proposal, the tone might dial up the formality slightly (using complete words instead of contractions, etc.) but will still carry the same clear and empathetic style. Importantly, Synozur’s communications consistently tie back to business objectives – the voice often frames its points around how it helps achieve business success (e.g., “bridging the gap between strategy and execution, ensuring technical initiatives drive meaningful business outcomes” 5). This keeps the tone purposeful and relevant to a business audience at all times. 

Preferred Language and Tone 

To maintain consistency, Synozur’s messaging framework specifies certain words and phrases that exemplify the brand voice, as well as terms to avoid. Here are the highlights: 

Use Language that Emphasizes Empathy and Collaboration: Preferred words include “empathy/empathetic,” “human-centric,” “people-centric,” and similar terms that reinforce focus on people 2. The voice might say “our empathetic approach” or “human-centered design” to explicitly signal this value. Similarly, inclusive, collaborative words like “guide,” “navigate,” “partner,” “together” are common. Synozur often describes itself as a navigator or guide (drawing on the North Star metaphor) – e.g., “Synozur stands as the central point of orientation... steering you towards your desired outcomes with precision” 1. This kind of language makes the tone friendly and cooperative. 

Use Terminology of Tailoring and Strategy: The brand voice frequently uses “tailored,” “custom,” “unique journey,” “aligned,” “roadmap,” “North Star,” “vision” and other strategic vocabulary 2. These words remind the audience that Synozur provides custom, big-picture solutions. For instance, content might refer to defining a “North Star” for a client or creating a “strategic roadmap” – terms which resonate with leadership and indicate high-level planning. The word “strategy” (and forms like “strategic,” “strategic advisory”) appear often, as Synozur positions itself as a strategy-focused firm (indeed, the guidance is to use “strategy” rather than a weaker term like “plan”) 2. Phrases like “navigate the complexities of transformation with ease” 1 combine both the journey metaphor and the strategic tone. 

Highlight Outcomes with Positive Terms: The voice includes words that signal success and results: “outcomes,” “results,” “success,” “excellence,” “growth,” “efficiency,” “innovation.” These are used in a measured way to underscore benefits. For example, “drive high-impact outcomes” or “elevate you to achieve breakthrough innovation” 1. Such words carry positive sentiment without resorting to empty hype. Another aspect is speaking about adoption and engagement (especially in context of change) instead of technical deployment jargon 2 – e.g., saying “ensure high adoption and sustained success” rather than “ensure users install the update” – which keeps focus on the positive human result (people actually using the solution). 

Navigation and Guidance Metaphors: Because of the North Star theme, the voice sometimes uses gentle metaphors related to guidance – terms like “guide,” “navigate,” “illuminate,” “pathway,” “journey,” “navigator of change” appear in brand messaging 1 5. These add a friendly, visionary flavor to the otherwise straightforward tone. For example, “Synozur illuminates the pathway for excellence and success” is a line from the short positioning statement 5. Such metaphoric language is used sparingly and earnestly to inspire, and it’s balanced by concrete statements around them. 

Inclusive Pronouns and Friendly Tone: The preferred style is to use second person (“you/your”) and first person plural (“we/our”) rather than third person. Synozur addresses the reader as “you” to make communications feel direct and personal, as seen on the website: “guiding you to success… steering you towards your desired outcomes” 1. The company refers to itself as “we” or sometimes “Synozur” but rarely in a distant way. This creates a conversational warmth and implies a partnership. Even internal content uses “we” to foster team spirit. The tone also tends to be slightly casual in that it might use contractions (“we’ll”, “don’t”) and simple sentences, mimicking spoken language while maintaining professionalism. 

Words and Phrases to Avoid: Synozur’s brand guidelines advise against language that could undermine the empathetic, clear voice or make it seem unprofessional: 

Overly Aggressive or Hype Words: The voice avoids extreme superlatives and marketing buzzwords. Words like “miracle, revolutionary, game-changing, next-gen, cutting-edge” are steered clear of unless there’s concrete proof or a direct quote 4. For example, rather than saying “our revolutionary approach,” Synozur would say “our unique approach” or simply describe what the approach is. The emphasis is on showing value, not just asserting it. Over-promising phrases like “guaranteed results” or “instant success” are also avoided 4 – they come off as inauthentic and too aggressive. The tone should remain optimistic but realistic. 

Jargon and Technical Acronyms: Unless speaking to a technical audience, Synozur’s voice avoids unnecessary jargon. For instance, internal shorthand like “EXP” for Employee Experience is not used in external messaging (they would spell out “employee experience”) 2. Highly technical terms (e.g., specific product names or IT acronyms like “IDP,” “RPA,” “ECM”) are only used when required and often with explanation 4. The idea is to not alienate readers with insider language. If the content is technical (say, a blog post for IT professionals), the voice still aims to explain concepts clearly rather than assume knowledge, reflecting a teaching, supportive tone instead of a dense one. 

Generic Corporate-Speak and Clichés: Phrases like “best practices,” “synergy,” “mission-critical,” “world-class” are generally avoided or replaced with more specific language 4. They’re seen as overused and hollow. For example, rather than “leveraging best practices,” Synozur might say “using proven methods” – tangible and plain. The voice steers away from filler phrases (“at the end of the day,” “paradigm shift”) in favor of more precise statements. This keeps the authenticity and clarity of the communication intact. 

Negative or Weak Language: The brand voice tries not to use words that carry negative tone or uncertainty. This means avoiding excess hedging words like “maybe, perhaps, probably” 4 — Synozur speaks with confidence about what can be achieved. It also means minimizing negative constructions. For instance, instead of saying “We don’t just offer advice and then leave you on your own,” the voice would flip it to a positive: “We provide continuous support beyond the initial advice.” Similarly, passive voice that can muddy responsibility is avoided; the content wouldn’t say “mistakes were made” but rather “we made a mistake” if admitting an error (maintaining the honesty and integrity value). That said, the tone remains polite and constructive – it wouldn’t be aggressively negative about anything, even competitors or past decisions. Critiques are phrased diplomatically. 

By carefully choosing vocabulary in this way, Synozur’s communications remain consistent: always sounding empathetic, tailored, clear, and positively focused. Next, we examine how this voice is applied in different contexts – marketing, client, and internal communications – and note the subtle differences in each. 

Brand Voice in Marketing Communications 

Marketing communications include Synozur’s website copy, brochures, social media posts, blogs, and any outward-facing content aimed at attracting or informing potential clients. In these materials, the brand voice is at its most polished and storytelling form, though still true to the core characteristics. 

Tone and Focus: In marketing, Synozur’s voice is engaging, inspirational, and authoritative. It speaks directly to the target audience (often business decision-makers) about their aspirations and how Synozur can help achieve them. The tone is slightly more formal than in a casual email, but still conversational. Marketing copy often uses second person “you” to hook the reader, as well as inclusive “we” to build relationship. For example, the homepage might announce: “We guide organizations to their North Star by charting the course through transformation rooted in people, powered by technology, and driven by purpose.” This sentence exemplifies the marketing voice – it’s visionary (North Star metaphor), yet also incorporates Synozur’s human-centric (“rooted in people”) and business-aligned (“powered by technology, driven by purpose”) approach. It aims to inspire confidence in the reader that Synozur can lead them to desirable outcomes. 

Marketing communications also emphasize Synozur’s differentiators and credentials in the voice. The tone remains humble but confident when referencing these. For instance, marketing content will mention the company’s decades of experience and Fortune 500 backgrounds of its team in a factual manner: “Our consultants have decades of experience delivering global strategic advisory services that elevate you to achieve breakthrough innovation.” 1. The voice here is confident (stating a strong qualification) and positive (aiming for “breakthrough innovation”), yet it doesn’t use any over-the-top adjectives about the team; it simply states the fact and the benefit. 

Another aspect in marketing is consistency of key phrases and taglines. The brand voice ensures taglines like “The transformation company” or slogans like “Find your North Star” appear in a natural, reinforcing way. These phrases are stated in a calm, declarative tone. For example, a short positioning statement in a flyer might read: “Synozur – the transformation company – transforms business for our clients, making the desirable achievable.” 5. This is straightforward and confident; it doesn’t hype with “number one transformation company!” but rather simply labels Synozur by what it does and ties in the aspirational “desirable achievable” promise, all in a single concise sentence. 

Content and Structure: Marketing text often uses storytelling or scenario-driven structure while keeping the voice consistent. It might pose rhetorical questions or acknowledge common challenges in an empathetic way to resonate with readers. For example, a blog post might start with: “Today’s CEOs expect transformational growth while navigating economic volatility. How can organizations reimagine their business without losing focus on people?” – a question that empathizes with the audience’s dilemma (growth vs. people). The answer would then come with Synozur’s voice of guidance: highlighting an empathetic, tailored approach as the solution. 

The voice in marketing stays positive and forward-looking. It focuses on what can be done (solutions, possibilities) more than what’s wrong. Even when describing pain points, it swiftly transitions to an optimistic tone about solving them. For instance: “Leadership meetings often turn into a bunch of people sitting around talking without outcomes… Our approach introduces a focused rhythm to turn chatter into action” (paraphrased from a profile in the MPF) – it first shows empathy for the pain point but immediately provides a hopeful remedy, framed positively (introducing focus, action). 

Example – Marketing Communication:\ On Synozur’s “Our Story” webpage, the text reads: “Our empathetic approach is tailored to your unique journey, navigating the complexities of transformation with ease.” 1. This single sentence exemplifies several voice elements: it addresses the reader (“your unique journey”), uses positive imagery (“navigating complexities with ease”), and highlights empathy and tailoring. It’s marketing content meant to assure prospects that Synozur will guide them smoothly through challenging changes. 

Another example from a marketing one-pager could be: 

This illustrative blurb (drawn from Synozur’s short form messaging) uses a positive, aspirational tone (reimagine, succeed, outcomes), underscores empathy and tailored approach, and distinguishes Synozur’s focus (strategy and culture, not technical implementation) – all hallmarks of the marketing voice. 

Slight Distinctions: In marketing, the brand voice might use a bit more flair (light metaphor, aspirational language) than in a plain client email. It still avoids exaggeration, but it’s where we’ll see phrases like “illuminates the pathway” 5 or references to ancient Greek inspiration (e.g., explaining the meaning of “Synozur” via the North Star story as on the website 1). These artistic touches are used to strengthen brand identity. The important point is that even these are delivered in the same clear, 12th-grade friendly manner – for instance, the North Star narrative is written as a simple analogy, not a convoluted epic. Marketing communications thus present Synozur’s voice at its most refined and evocative, still firmly rooted in empathy, clarity, and a balanced positive tone. 

 

Brand Voice in Client Communications 

Client communications refer to direct interactions with clients or prospects on a one-to-one or small group basis – for example, emails, proposals, project status updates, presentations or meetings specifically for that client. In these scenarios, Synozur’s brand voice becomes slightly more personal and specifically attentive to the client’s situation, while preserving the same core attributes of empathy, clarity, and positivity. 

Tone and Focus: When communicating with a client, Synozur’s tone is consultative, warm, and trustworthy. It feels like a helpful expert advisor speaking directly to the client. The use of second person (“you”) and first person (“we”) is even more pronounced here, to reinforce collaboration. For instance, an email to a client might say: “We understand the challenges you’re facing with X, and we’re here to help you navigate those.” This shows empathy for their specific challenge (“understand the challenges you’re facing”) and partnership (“we’re here to help you navigate”). The voice conveys reassurance – clients should feel that Synozur “has their back” and is competent yet caring. 

In client communications, the brand voice often echoes the client’s own goals or language to show alignment. It remains positive about outcomes but is careful not to seem like marketing spiel. Phrases would be tailored to the client’s context: instead of generic “business success,” it might specifically mention their industry or project name, e.g., “success of your digital workplace initiative”. The level of formality can be adjusted based on the client relationship culture; however, even in formal proposals, Synozur’s writing would maintain a human, approachable tone (no excessive legalese or stiff bureaucratic language). 

Clarity and Detail: Being clear is especially crucial in client comms. The brand voice ensures that instructions, plans, or recommendations are stated plainly and logically. For example, a client project update might say: “This week we completed the stakeholder interviews and identified three key pain points affecting your customer service process. Next week, we’ll focus on co-designing solutions for those areas.” This kind of messaging is straightforward and uses simple structure (short sentences, enumerated points), avoiding misinterpretation. The tone is factual but still encouraging – even reporting pain points is done in a constructive manner, quickly moving to how Synozur will address them. Technical terms might appear if relevant to the project, but the voice would include a brief clarification if needed (e.g., “we will implement a content management system (SharePoint) to improve document sharing”). 

Empathy and Positive Framing: In one-on-one communications, Synozur’s voice takes extra care to be empathetic and positive, because these messages build the working relationship. When a client raises a concern or challenge, the response in Synozur’s voice would acknowledge their concern first (“I can see why that is frustrating for your team”) and then provide a helpful, optimistic response (“the good news is we have a plan to address that by…”). The voice avoids any blame or defensive tone – maintaining professionalism and courtesy, even if the client is stressed or upset. It also avoids talking down to the client; while Synozur is the expert, the voice treats the client as a knowledgeable partner, respecting their insights. Phrases like “as you’ve pointed out…” or “building on your team’s input…” show that collaborative spirit. 

Example – Client Communication:\ Imagine Synozur is sending a proposal email to a prospective client after an initial meeting. It might read: 

In this hypothetical message, the voice is polite, warm, and directly addressing the client’s stated needs (employee adoption concerns). It uses inclusive language (“we heard your concerns”, “our team shares that mindset”, “tailored to your organization”) showing empathy and customization. The tone is positive about the future (“excited about the opportunity”, “make your vision achievable”) but not overselling – it’s grounded in responding to the client’s inputs. Notice it also subtly reinforces Synozur’s values (human-centric approach) in a way that aligns with what the client cares about. 

Another example might be a status report snippet: 

Here the voice delivers factual updates and metrics (professional and clear) but also ties them to the human-centric narrative (“validates our empathetic... approach”) and uses a motivating tone about next steps. It reassures the client that things are on track and reiterates commitment (“continue to support your team closely”). 

Slight Distinctions: Compared to marketing, the client communication voice is usually more specific and a bit less formal. It might use the client’s name, project name, and speak as one colleague to another. For example, humor might be lightly used occasionally if the relationship allows (e.g., a light upbeat remark in a long email to keep it friendly), whereas marketing materials would rarely use humor. Also, client comms might eschew some of the high-level vision statements in favor of concrete discussion. Still, the underlying style – courteous, empathetic, solution-focused, and clear – remains identical to the brand voice. Essentially, in client interactions, Synozur’s voice feels like a trusted advisor: professional, caring, and utterly reliable. 

Brand Voice in Internal Communications 

Internal communications include emails and messages to Synozur’s own team, company meetings, internal newsletters, and any materials meant for employees rather than external audiences. While internal content isn’t typically seen by clients, Synozur strives to maintain a consistent voice even inside the organization. The brand voice in internal comms is therefore recognizably Synozur – empathetic, clear, positive – but with a familial, team-oriented touch. 

Tone and Focus: Internally, the voice becomes slightly more informal and candid (since the audience is familiar with the company culture and jargon), yet it still reflects the values and professionalism of the brand. The tone is often encouraging and appreciative, aiming to foster a positive workplace culture. For example, an internal announcement might say: “Thank you to everyone for your hard work on the XYZ project – the empathy and excellence you showed our client were truly inspiring.” This voice reinforces values (empathy, excellence) and gives genuine praise. It uses first person plural “we” frequently to build unity: “we are proud,” “we have an unwavering commitment to operating with the highest ethical standards” 1. 

Synozur’s values, which include Ethical, Inclusive, Honest, Human-Centric, Entrepreneurial, Excellence 1, are often explicitly referenced in internal messaging. The voice will call out these words to reinforce desired behaviors. For instance, a leadership memo might state: “Let’s continue to be inclusive and support each other – providing a sense of belonging and community is core to who we are” (echoing the wording of the values) 1. By doing so, the internal voice stays aligned with the external brand (the employees hear the same themes that clients do) and creates a strong, shared understanding of “how we communicate here.” 

Clarity and Directness: Internal communications often deal with operational or sensitive info (policy changes, feedback, strategy updates). The brand voice handles these with transparency and straightforwardness, consistent with the honesty value. If, for example, there’s a need to address a challenge or mistake internally, the tone would be solution-oriented and accountable: “We didn’t meet our target on this initiative. Here’s what we learned, and here’s how we’ll improve going forward.” It remains positive by focusing on learning and improving, and uses “we” to distribute ownership collectively, avoiding finger-pointing. The voice avoids corporate euphemisms; it would rather say “delay” than “slight timeline adjustment,” for instance, to keep trust through clarity. 

Given that internal audiences understand certain shorthand, the internal voice might sometimes use mild jargon or abbreviations specific to the company, but it still avoids anything that would make the message unclear or exclusionary. Also, internal messages might be a bit more relaxed in structure – perhaps using bullet points, emojis in informal channels like Teams, or a friendly greeting like “Hi team,” which externally might be more formal. 

Empathy and Support: True to being human-centric, Synozur’s internal voice shows care for employees. It acknowledges the effort of individuals and anticipates their feelings. For example, if announcing a busy season, leadership might write, “We know balancing multiple projects can be stressful – please remember to take breaks and support one another. We’re all in this together, and your well-being is important.” This maintains a compassionate tone and encourages the supportive culture. 

Example – Internal Communication:\ An internal email from a leader might be: 

In this sample internal message, the voice is encouraging, grateful, and inclusive. It explicitly mentions Synozur’s values (Human-Centric, Inclusive) to connect actions to the company’s ethos. The tone is personal (“heartfelt thank you,” “proud to be on this team”) which builds morale. It’s clearly written (short sentences, bullet-like structure of ideas) with a friendly sign-off. This matches the external voice in positivity and empathy, just delivered in a more informal “team talk” style. 

Another internal communication example might be a policy update on a serious matter, handled with clarity and empathy: 

Here the voice remains friendly and caring while conveying a formal policy. It explicitly states that the change is based on employee feedback (showing listening) and reiterates that it’s for their benefit (positive framing). It invites open communication about concerns, reflecting trust and inclusivity. 

Slight Distinctions: Internally, the brand voice can afford to be a notch more casual. For instance, internal newsletters might include employees’ first names, inside jokes, or more emotive punctuation (like an emoji or exclamation point in a celebratory context), which external communications typically wouldn’t use. However, it never loses professionalism or respect. The same fundamental voice qualities apply: respect, clarity, empathy. The differences are mainly in style and detail appropriate to an internal audience that already understands and believes in the Synozur ethos. 

 

Alignment with Values and Consistency Across Channels 

Across marketing, client, and internal communications, Synozur’s brand voice stays remarkably consistent by always anchoring to the company’s core values and principles. This consistency is crucial – it means a client reading the website, talking to a Synozur consultant, or even joining the team will encounter the same company personality at every touchpoint. 

Values at the Core: The values of being ethical, human-centric, empathetic, honest, inclusive, and excellence-driven are woven into the voice. For example: 

Empathy/Human-centric: The voice never loses sight of people – be it customers, clients’ employees, or Synozur’s own staff. This produces a tone that is genuinely caring in all cases, as described earlier. A user of any Synozur content should feel that personal touch. 

Integrity and Honesty: The tone remains truthful and transparent. In marketing, no wild claims; in client dialogue, admitting what is known vs unknown; in internal messages, being straightforward with employees. This upholds trust. For instance, if a project is behind schedule, the internal or client communication will acknowledge it honestly and then positively outline the mitigation plan, rather than hiding it. 

Inclusive and Respectful: The voice is respectful of diversity and avoids language that might alienate. It uses gender-neutral language by default (e.g., “their team” instead of “his team” if gender is unknown) and respects different perspectives. Internally this means encouraging input from all; externally it means recognizing various stakeholder concerns. The consistent use of “we” also fosters a sense of inclusion and teamwork. 

Maintaining Consistency: To keep the same voice across channels, Synozur likely trains its team on these messaging principles (often referencing the Messaging and Positioning Framework). Phrases like “tailored to your unique journey” or “navigate complexities with ease” appear in both web copy and slide decks, reinforcing the voice. However, consistency is not about using identical slogans everywhere, but about the feel of the language. In practice, one can imagine a checklist behind the scenes: 

Is this communication using empathy (showing understanding of the audience’s perspective)? 

Is it clearly phrased and free of jargon or overstatement? 

Does it focus on solutions and positive outcomes rather than problems? 

Does it sound like a helpful human voice rather than a formal distant voice? 

If yes, then it’s on brand. Synozur’s communications we’ve reviewed – from the formal framework to the live website – indeed check those boxes. For example, both an MPF document line and the website independently use nearly the same voice: “Our empathetic approach is tailored to your unique journey” (website 1) and “every client journey is unique – we don’t believe in one-size-fits-all solutions” (framework) carry the same DNA. A reader would not perceive any disconnect in tone. 

Differences by Audience, Revisited: While the core voice remains the same, we’ve noted slight differences in emphasis: 

Marketing: a bit more inspirational and broader appeal. 

Client: more personal, directly addressing specific needs, perhaps more technical detail when needed. 

Internal: more familial, can reference internal context freely and express thanks/culture more openly. 

These tweaks are conscious but do not change the fundamental voice. Think of it as the same person speaking to different groups: they might choose different examples or degree of formality, but their character and manner of speaking stay constant. Synozur ensures that an employee email doesn’t suddenly sound like a legal notice, or a brochure doesn’t sound slangy – everything feels like it comes from one coherent entity. 

Maintaining the Voice: In practical terms, consistency is maintained by guidelines and editing. The Messaging Framework acts as a reference bible – for instance, content creators at Synozur likely refer to the list of preferred terminology and those to avoid 2 4 when writing. By sticking to those word choices and style tips, they naturally produce content in the same voice. Additionally, likely one or a few people review external communications to align tone (this is common in boutique firms). Over time, the voice becomes second nature to all team members, especially as it mirrors their values. 

One can see this internalization in how even informal quick notes (like an internal Teams message about a meeting template, not originally intended for outside readers) still carried a polite, clear, helpful tone: “Thanks, and please open a ticket if you have any issues.”\ 6 – courteous and straightforward, exactly what we’d expect from Synozur’s brand personality. 

In conclusion, Synozur’s brand voice is a unifying thread that ties all communications together, whether it’s a glossy marketing brochure, a detailed client email, or a motivating team memo. It’s always personal (empathetic and tailored), slightly casual yet professional, positive in outlook, and crystal clear. By rigorously reflecting the company’s human-centric values and avoiding the pitfalls of jargon or hype, Synozur’s voice ensures that anyone interacting with the brand gets a consistent experience of a trusted guide who is understanding, expert, and genuinely invested in making the desirable achievable for others. 1 5 





",tenant,,116500d0-357e-4ace-a7af-7264ed58e22a,synozur.com,2026-03-24 12:21:45.30462,2026-03-24 12:21:47.946,137db123-4906-4e61-af99-f0d23d86a622,,,intelligence,"[""marketing_content"", ""email_generation"", ""executive_summary""]",
4267a6d8-09a7-4afb-b53c-4250f11bee00,DA-C-2603-Reveille.pdf,General market overview,pdf,/objects/uploads/72ec1ca7-0c19-4108-b249-20b7c6bae291,3274916,[Error: Could not extract text from PDF],tenant,,d816008f-9e8e-434b-8a60-bad260959ddb,reveillesoftware.com,2026-04-03 15:53:57.076128,2026-04-03 15:53:57.544,5232feeb-8671-489f-ab07-e9d7310f0a3f,,,intelligence,"[""competitive_analysis"", ""intelligence_briefing"", ""executive_summary"", ""recommendations""]",
77496701-b5a0-4101-aac5-5a7bc9ea9715,Market Analysis and Planning,,docx,/objects/uploads/1b6adb7f-085e-46db-9200-ca8950422b86,37221,"Intelligent Document Processing Market and Reveille's Opportunity



Market Analysis and Strategic Positioning Report



March 2026



Executive Summary

The Intelligent Document Processing (IDP) market is experiencing rapid growth. Emerging IDP platforms combine OCR, machine learning (ML), natural language processing (NLP) and increasingly generative AI to classify, extract and validate information from both structured and unstructured documents. Global IDP spending exceeded USD 8 billion in 2024 and is expected to grow at ~16% CAGR through 2029(info-source.com); some forecasts project the market increasing from ≈ $1.5 billion in 2022 to $17.8 billion by 2032 (28.9% CAGR)(docsumo.com). Adoption is strong—63% of Fortune 250 firms have implemented IDP, with the BFSI sector leading adoption at 71% (docsumo.com). The rise of generative AI, domain-tuned models and agentic automation are pushing IDP beyond extraction toward end-to-end workflow automation and business intelligence (info-source.com).

Reveille is not an IDP engine; it is an observability and service-level-assurance platform that monitors IDP, ECM and RPA systems to ensure uninterrupted document workflows. Its value proposition—early warning, deep root-cause analytics, real-time dashboards and self-healing actions—directly addresses the governance, reliability and observability gaps highlighted by analysts (info-source.com). Success stories report 80% reductions in trouble tickets and ~$200k in cost savings after implementing Reveille monitoring (reveillesoftware.sharepoint.com). Positioning Reveille as the trusted ""nerve centre"" of document workflows aligns with market demands for reliability and compliance.

This report, written from a Gartner-style analyst perspective, summarises IDP market trends, competitor landscape, Reveille's positioning, recommended messaging, strategic partners and product extension opportunities.



Market Trends Driving Intelligent Document Processing

Rapid Market Growth and Adoption

Accelerating market size. Analyst firm Infosource estimates that the global IDP market generated $8 billion in 2024, up 14.5% YoY, and forecasts ~16% CAGR through 2029 (info-source.com). A Docsumo report predicts an even steeper curve, projecting the market rising from $1.5 billion in 2022 to $17.8 billion by 2032 (28.9% CAGR)(docsumo.com). These figures reflect surging demand for process automation and advanced AI.

Industry adoption. Large enterprises are embracing IDP at scale—63% of Fortune 250 companies have already implemented IDP, with financial services and insurance sectors representing approximately 30% of all IDP spending(docsumo.com). The BFSI sector's adoption is driven by high document volumes, stringent regulation and the need for accuracy in loan processing, KYC and claims handling.

Regional dynamics. North America and EMEA each account for roughly 40% of global IDP spending, with Asia-Pacific accelerating and Latin America showing the fastest relative growth (info-source.com). Mature markets demand governance and observability, while emerging regions prioritise cost-effective SaaS and hybrid deployments.

Key Technology and Business Trends

Generative AI & agentic automation. Generative AI has become a core enabler of IDP, reducing reliance on templates and enabling contextual understanding of unstructured and multimodal inputs (info-source.com). The next stage—""agentic automation""—introduces AI agents capable of planning and executing multi-step workflows under enterprise guardrails (info-source.com). Vendors such as ABBYY, IBM and OpenText are embedding generative AI to summarise documents, extract insights and orchestrate workflows.

Domain-tuned intelligence and RAG. Organizations increasingly deploy specialised language models and retrieval-augmented generation (RAG) to balance accuracy, cost and compliance, particularly in regulated sectors such as finance and healthcare (info-source.com).

Integration and orchestration. IDP is converging with process automation, decisioning and analytics. Buyers prioritise platforms that combine IDP with low-code tools, RPA, process mining and observability to deliver measurable outcomes (info-source.com). This has led to partnerships between IDP providers and RPA/BPM vendors; RPA-native IDP tools are reportedly 5-10× faster to set up than fragmented approaches (emergenresearch.com).

API-first, cloud-native and hybrid deployments. Vendors are moving away from monolithic capture systems toward modular, API-first platforms that can be consumed as cloud services or deployed on-premise and hybrid (emergenresearch.com). Cloud adoption is rising at ~12% per year(docsumo.com). Customers expect SaaS offerings with scalable pricing and quick time-to-value.

Compliance, observability and governance. As enterprises scale IDP, they emphasise data residency, audit controls and explainable AI. Governance-ready solutions with strong observability and service-level dashboards are becoming critical decision criteria (info-source.com). Human-in-the-loop validation remains essential for regulated sectors, and products that blend automation with human oversight are preferred (docsumo.com).



Leading Vendors and Competitive Landscape

The market is crowded with both specialist IDP providers and major enterprise software vendors:

ABBYY – Offers FlexiCapture and Vantage platforms that provide modular ""skills"" for data capture and classification. ABBYY drives high accuracy and offers private-cloud and on-premise options (scryai.com).

IBM – Its IDP solutions (Datacap, Cognos analytics) leverage Watson AI for classification, extraction and analytics (sphericalinsights.com). IBM continues to invest in AI-driven document intelligence through acquisitions like Databand.ai (docsumo.com).

Google Document AI / Vertex AI – Provides pre-trained processors for invoices, tax forms and multipurpose document extraction (scryai.com); accessible via Google Cloud with pay-as-you-go pricing. Google emphasises ease of integration within the GCP ecosystem.

Microsoft Syntex / Power Automate – Embeds IDP capabilities in Microsoft 365; uses AI Builder and connectors across Office and Dynamics, enabling citizen developers to automate document workflows (scryai.com).

Tungsten Automation (Kofax) – Provides TotalAgility Cloud and Intelligent Automation Platform, combining IDP, RPA and workflow. A recent launch of TotalAgility Cloud underscores the shift to cloud-native IDP (docsumo.com).

UiPath – Offers Document Understanding integrated with RPA; acquisitions (Re:infer) have enhanced NLP capabilities (docsumo.com). UiPath emphasises end-to-end automation with human-in-the-loop.

Other specialists – Platforms like Rossum, Nanonets, Docsumo, Collatio (Scry AI) and Super.AI differentiate via template-free extraction, low-code workflow builders, confidence-based routing and vertical-specific models (scryai.com).

Industry trends – Competitors are focusing on AI accuracy, compliance, modular API-first design and integration with ERP/CRM systems (emergenresearch.com). Vendors are adding no-code/low-code features and emphasising continuous learning through human-in-the-loop verification (emergenresearch.com). Consolidation is ongoing—large vendors are acquiring AI startups to strengthen document intelligence (docsumo.com).



Reveille's Positioning Relative to the IDP Market

Value Proposition and Differentiation

Reveille is not an IDP engine; it is an observability and service level assurance platform purpose-built for content, IDP and RPA systems. Its key differentiators include:

Early warning and root-cause analysis. Reveille monitors the health of IDP applications, databases, services and storage, providing early warnings on queue buildup, server availability, licensing and performance. For example, its ABBYY Vantage and FlexiCapture connectors monitor platform availability, skill status, APIs and license usage, and can trigger corrective actions (reveillesoftware.com). This proactive monitoring prevents outages before they affect users.

Self-healing and automated remediation. Reveille's enterprise edition includes 90+ automated self-healing actions, dynamic thresholds and AI-driven anomaly detection (reveillesoftware.sharepoint.com). It can automatically restart services, balance queues or send pre-emptive alerts to ITSM tools, reducing downtime.

Unified dashboards and observability across platforms. The platform consolidates metrics across IDP, ECM and RPA tools into real-time dashboards and historical trending, providing a single pane of glass for service-level compliance. This addresses the growing demand for governance-ready solutions (info-source.com).

Domain expertise and faster time-to-value. Unlike generic application performance monitoring (APM) tools, Reveille is tuned for document and content workflows. An internal battlecard notes that Reveille reduces trouble tickets by 50%+ and delivers quicker ROI compared with general APM solutions such as Dynatrace (reveillesoftware-my.sharepoint.com). Customers report an 80% reduction in trouble tickets and ~$200k in savings after deploying Reveille (reveillesoftware.sharepoint.com).

Self-service and lightweight deployment. Reveille's agentless architecture and remote collectors allow customers to monitor on-prem, private cloud and SaaS environments without intrusive instrumentation. Distribution as a packaged VM on Azure or AWS can simplify deployment for mid-market customers (loop.cloud.microsoft).

AI-ready foundation. The enterprise edition includes ML-driven dynamic thresholding, integration with AI agents and support for OpenTelemetry (OTEL) for data export (reveillesoftware.sharepoint.com)(reveillesoftware.sharepoint.com). These capabilities position Reveille to integrate with generative AI monitoring and predictive analytics modules.

Alignment with Market Needs

The IDP market's evolution towards AI-driven automation, governance and integration plays to Reveille's strengths. Infosource emphasises that observability and governance are critical selection criteria (info-source.com). Reveille's early warning and self-healing capabilities satisfy this requirement while complementing IDP vendors. By partnering with leading IDP providers (ABBYY, Hyland, Tungsten Automation/Kofax, OpenText, etc.) and integrating with RPA/BPM platforms, Reveille ensures customers achieve uninterrupted workflows and consistent service levels. Its focus on regulated industries (finance, insurance, healthcare) aligns with vertical markets where compliance and uptime are paramount (info-source.com).

Success Stories & Proof Points

Financial services (IDP/ECM). An internal case study for a financial services firm using Reveille's monitoring on IBM FileNet and Kofax TotalAgility showed continuous monitoring across 600 million pages, root-cause detection of scanning errors, and automated recovery actions; it reduced user trouble tickets by 80% and saved approximately $200k in the first year(reveillesoftware.sharepoint.com).

Insurance claims processing. Reveille helped an insurance carrier monitor 12 captured servers and 2,000 users for ABBYY FlexiCapture, giving early warning of queue issues and providing governance for regulatory compliance (reveillesoftware.com).

BPO/Outsourcing. Managed services providers using Reveille for multi-tenant OnBase and Vantage environments delivered SLA dashboards and self-healing actions, enabling them to meet strict contractual uptime targets (reveillesoftware.com).

These examples demonstrate that Reveille delivers tangible ROI by preventing downtime, reducing manual intervention and ensuring compliance across document processes.



Messaging Recommendations

Reveille's messaging should position it as the trusted nerve centre for intelligent document workflows, focusing on reliability, compliance and ROI rather than basic document extraction. Guidance:

Emphasise early-warning assurance. Use phrases like ""Always-On Document Workflows"" or ""Never Miss a Critical Document Event."" Highlight that Reveille is the only early warning system purpose-built for IDP, ECM and RPA platforms, predicting and resolving issues before they affect users. Reinforce the 80% trouble-ticket reduction and $200k+ savings to demonstrate ROI (reveillesoftware.sharepoint.com).

Showcase domain expertise vs generic APM. Contrast Reveille's deep understanding of document processes with general APM tools. Point out that generic APM monitors CPU and memory but cannot see queue backlogs, OCR skill failures or license exhaustion; Reveille monitors these domain-specific metrics and takes automated action (reveillesoftware-my.sharepoint.com). Use analogies—Reveille is the ""air-traffic control"" for document workflows.

Promote governance-ready observability. Leverage analyst language from Infosource—governance, observability and AI lifecycles are core selection criteria (info-source.com). Highlight Reveille's compliance dashboards, audit trails and integration with ITSM/AIOps tools.

Connect with generative AI & agentic automation. Position Reveille as the foundation for AI-driven document applications—monitoring not only IDP engines but also the upcoming agentic workflows. Reference the influence of generative AI and RAG models on IDP, and explain how Reveille's AI-ready architecture supports predictive analytics and AI notifications (reveillesoftware.sharepoint.com).

Adopt a professional, collaborative tone. The brand guide emphasises that Reveille's tone should be professional, collaborative, purposeful and alert (reveillesoftware-my.sharepoint.com). Messaging should convey trustworthiness, reliability and a clear understanding of customer pain points. Use empathetic language that reassures customers their critical content processes will run flawlessly.

By framing Reveille as the only platform ensuring uninterrupted, compliant document operations amid AI-driven automation, the company can differentiate itself from both IDP engines and generic monitoring solutions.



Strategic Partners to Prioritise

Reveille's channel strategy should focus on partners that either provide leading IDP platforms or control adjacent ecosystem components (RPA, ECM, BPM). Key recommendations:

Deepen alliance with ABBYY. Reveille's connectors for FlexiCapture and Vantage provide real-time monitoring, root-cause analysis and compliance dashboards that extend ABBYY's capabilities (qksgroup.com). ABBYY is a top-tier IDP vendor and its customers often operate large capture environments; a joint go-to-market can differentiate ABBYY's solutions through superior observability.

Strengthen ties with Hyland (OnBase) and Tungsten Automation (Kofax). Hyland OnBase and Kofax TotalAgility are widely used for content services and capture; Reveille already offers preconfigured monitors (reveillesoftware.com)(reveillesoftware.com). Hyland's push into RPA and low-code workflow and Tungsten's cloud launch present upsell opportunities for Reveille to provide service-level assurance across the stack.

Engage Microsoft ecosystem partners. Microsoft Syntex and Power Automate embed IDP within Microsoft 365 and Dynamics. However, Microsoft's native monitoring focuses on infrastructure, leaving a gap in document-workflow observability (loop.cloud.microsoft). Working with managed service providers (e.g., Enchoice, Carahsoft, Insight2Value) to integrate Reveille with Azure Monitor and offering packaged Azure VM deployments can accelerate adoption. Target mid-market organizations that need fast, SaaS-like monitoring for SharePoint, M365 and Syntex.

Collaborate with RPA/BPM vendors. Co-development with UiPath, Appian and Automation Anywhere would position Reveille as the monitoring layer for hyper-automation suites. The IDP market is converging with RPA and process mining (info-source.com); partnering ensures Reveille is included when customers scale automation.

Partner with system integrators and MSPs. Many regulated enterprises rely on system integrators to deploy IDP and ECM platforms. Building strong relationships with integrators like Naviant, Insight2Value, Enchoice and Alitek (already listed on Reveille's partner page) enables packaging Reveille monitoring into bundled solutions (reveillesoftware.com). Managed service providers can deliver Reveille across multiple tenants, increasing ARR and establishing recurring revenue.

Explore emerging IDP players. Maintain flexibility to integrate with new entrants (e.g., Rossum, Nanonets, Collatio) and domain-specific solutions (e.g., mortgage or legal AI vendors). Offering open APIs and OTEL exporters ensures easy integration.



Product Extension Ideas for Reveille

To capitalise on market trends and address evolving customer needs, Reveille should consider the following product initiatives:

Cloud-native, multi-tenant SaaS platform. The IDP market is shifting to cloud-native and hybrid deployments (emergenresearch.com). Reveille should move beyond on-prem software to offer a multi-tenant SaaS solution with elastic scaling and consumption-based pricing. An easy-to-deploy Azure or AWS marketplace offering would accelerate adoption in the mid-market (loop.cloud.microsoft). Managed services can operate multiple clients on a single environment, driving ARR.

Advanced AI analytics and predictive remediation. Build AI modules to analyse historical performance data and predict outages, bottlenecks or SLA breaches. Combine machine-learning-driven dynamic thresholds with generative AI summarisation to deliver prescriptive recommendations and natural-language explanations. Integrate with domain-tuned language models and RAG for context-aware insights. This moves Reveille from monitoring to intelligent decision support.

Monitoring for generative AI and agentic workflows. As IDP platforms embed agents that plan and execute tasks (info-source.com), Reveille can monitor these AI-driven workflows—tracking prompt performance, hallucination rates, and end-to-end latency. Provide guardrails to ensure AI agents meet compliance and performance thresholds. Offer connectors that surface AI usage metrics into governance dashboards.

Broader ecosystem connectors and OTEL observability. Expand the connector library beyond ABBYY, Hyland and Kofax to support emerging IDP and RPA platforms (Rossum, Nanonets, Docsumo, UiPath Document Understanding, Appian IDP). Build native OpenTelemetry exporters so customers can feed Reveille metrics into existing AIOps/observability tools.

User experience analytics. Add client-side instrumentation to measure end-user response times, transaction success rates and error messages across IDP applications. Combine this with server-side metrics to deliver holistic service-level dashboards and improved root-cause analysis. This feature is part of the enterprise roadmap (reveillesoftware.sharepoint.com) and will appeal to IT and line-of-business stakeholders.

Domain-specific templates and vertical solutions. Package pre-configured monitors, dashboards and best practices for major verticals such as finance, insurance, healthcare and public sector. Provide out-of-the-box compliance alerts (e.g., for FINRA or HIPAA) and support for industry-specific IDP use cases like claims intake or loan processing. Vertical solutions shorten deployment times and highlight Reveille's deep domain expertise.

Simplified deployment and freemium trials. Create a lightweight installer or SaaS trial that prospects can activate in minutes. Provide preconfigured monitors for common IDP platforms through a wizard. This addresses feedback from internal meetings about the need for on-demand, frictionless access, especially for Microsoft 365 prospects (loop.cloud.microsoft).



Conclusion

The Intelligent Document Processing market is entering a high-growth phase driven by generative AI, automation and the need to unlock unstructured data. Enterprises are looking for reliable, governed and integrated solutions that go beyond extraction to end-to-end workflow automation. In this environment, Reveille's specialised observability and self-healing platform fills a critical gap. By positioning itself as the early warning and assurance layer for IDP, articulating clear ROI and operability benefits, building strategic alliances with leading IDP/RPA vendors, and evolving towards cloud-native, AI-driven offerings, Reveille can solidify its role as the trusted guardian of document processes and capture a significant share of the growing market.

",tenant,,d816008f-9e8e-434b-8a60-bad260959ddb,reveillesoftware.com,2026-04-03 15:54:33.738258,2026-04-03 15:54:34.01,5232feeb-8671-489f-ab07-e9d7310f0a3f,,,intelligence,"[""competitive_analysis"", ""recommendations"", ""executive_summary"", ""intelligence_briefing""]",
f657d1ee-b6a5-40f6-96ce-a9503ee2a444,Ideal Customer Profiles,,docx,/objects/uploads/4554dc42-6ec2-450f-a835-72129b02f2de,69002,"



Ideal Customer Profiles for Reveille Standard & Reveille Enterprise

North America Focus

Reveille offers two primary product tiers designed to serve distinct customer needs:

Reveille Standard delivers core observability for Microsoft 365 and content-centric platforms. It emphasizes prebuilt monitoring, no‑code configuration, and standard alerting, optimized for smaller or less complex environments that primarily need visibility and operational awareness.

Reveille Enterprise (launching March 31) elevates the platform for large-scale, mission‑critical environments. It consolidates advanced capabilities that were previously add-ons, including the AI suite (with MCP services), user experience analytics, 24×7 premium support, a full connector and integration library, and expanded out‑of‑the‑box analytics and executive dashboards. Enterprise is designed for automation, governance, and AI‑ready operations at scale.

The following Ideal Customer Profiles reflect how these offerings align to three priority personas in the North American market. These ICPs are expressed for alignment with Microsoft but are generally true for most cloud-centric enterprises.



Persona Comparison Summary

Persona

Organization Profile

Primary Needs

Ideal Product Fit

M365 Administrator – Large Enterprise

5,000+ employees, regulated or content‑intensive industries

Proactive operations, governance, AI‑driven insight, 24×7 coverage

Reveille Enterprise

IT Director / CTO – Mid‑Market

300–1,500 employees, lean IT teams

Fast time‑to‑value, core visibility, low complexity

Reveille Standard

Solutions Architect – Microsoft SI

200–500 employee integrator/MSP

Integration breadth, SLA proof, multi‑tenant visibility

Reveille Enterprise



Persona 1: M365 Administrator – Large Enterprise

Organization Size & Industry Fit

Large enterprises (5,000+ employees) across North America

Common in regulated or content-heavy industries such as financial services, insurance, healthcare, government, and manufacturing

Complex Microsoft 365 environments spanning SharePoint Online, SharePoint Embedded, OneDrive, Teams, and hybrid legacy content platforms

Key Responsibilities & Pain Points

Ensuring continuous availability and performance of M365 and content services for thousands of users

Limited visibility from native Microsoft admin tools, especially into content workflows, user behavior, and downstream automation

Reactive incident response driven by user complaints rather than early warning

High ticket volumes and prolonged MTTR during outages

Governance, compliance, and audit pressure across distributed environments

Increasing risk from AI‑generated content, Copilot usage, and automated workflows without sufficient observability

Business & Technical Goals

Shift from reactive operations to proactive, predictive service assurance

Achieve enterprise‑wide visibility across all M365 and content platforms

Enforce ownership, accountability, and role‑based governance

Reduce operational noise while improving uptime and user experience

Provide trusted operational signals for AI, automation, and executive reporting

Buying Motivations & Decision Criteria

Depth of Microsoft 365 and content‑specific observability (not generic IT monitoring)

Ability to scale across regions, tenants, and hybrid architectures

Built‑in governance, accountability, and compliance support

AI‑driven analytics and automated remediation

Integration with existing ITSM, security, and analytics tools

Guaranteed 24×7 premium support and enterprise‑grade services

How Reveille Addresses Their Needs

Reveille Enterprise delivers:

Enterprise‑wide dashboards and service‑level reporting

AI‑driven dynamic thresholds and anomaly detection

90+ automated self‑healing and remediation actions

User experience and behavior analytics across M365 and content services

Full connector library and API ecosystem for deep integration

Role‑based governance, event ownership, and auditability

24×7 premium support with assigned technical leadership

Preferred Messaging & Value Proposition

“Enterprise‑grade observability for Microsoft 365 and AI‑driven content operations”

“Move from visibility to governance, automation, and AI readiness”

“The early‑warning system for mission‑critical content and Copilot workloads”



Persona 2: IT Director or CTO – Mid‑Market Organization

Organization Size & Industry Fit

Mid‑market organizations (300–1,500 employees)

Common in regional banking, healthcare services, manufacturing, logistics, and professional services

Microsoft 365 is central to collaboration and document workflows

Small, resource‑constrained IT teams

Key Responsibilities & Pain Points

Keeping M365 and content systems reliable with limited staff

Lack of consolidated visibility across platforms

Manual monitoring and reactive troubleshooting

Downtime or performance issues that directly impact business operations

Pressure to justify IT spend with measurable ROI

Need for compliance and security without enterprise‑level complexity

Business & Technical Goals

Fast deployment and immediate operational visibility

Reduce firefighting and manual checks

Improve uptime and responsiveness with minimal overhead

Deliver reliable services while controlling costs

Establish a foundation that can scale as the business grows

Buying Motivations & Decision Criteria

Ease of deployment and configuration

Out‑of‑the‑box dashboards and alerts

Low operational overhead

Clear ROI through reduced downtime and ticket volume

Predictable pricing and upgrade path

How Reveille Addresses Their Needs

Reveille Standard delivers:

Prebuilt monitoring for Microsoft 365 and content platforms

No‑code configuration and simple administration

Real‑time and historical dashboards for operational clarity

Standard alerting to detect issues early

Lightweight, agentless architecture with fast time‑to‑value

Clear upgrade path to Enterprise as complexity increases

Preferred Messaging & Value Proposition

“Enterprise‑class visibility without enterprise complexity”

“See issues before users do — without adding headcount”

“Fast, affordable observability for Microsoft‑centric IT teams”



Persona 3: Solutions Architect – Microsoft‑Oriented Systems Integrator

Organization Size & Industry Fit

Midsize Microsoft‑focused systems integrators and MSPs (200–500 employees)

North American market with clients across multiple industries

Deep expertise in Microsoft 365, SharePoint, Azure, and automation platforms

Deliver both project‑based solutions and managed services

Key Responsibilities & Pain Points

Designing end‑to‑end Microsoft solutions that must meet strict SLAs

Managing complexity across multiple platforms and client environments

Proving solution performance and value post‑deployment

Supporting multiple tenants without tool sprawl

Differentiating services in a competitive market

Dependence on strong vendor support when issues arise

Business & Technical Goals

Standardize observability across all client solutions

Provide per‑client dashboards, SLA reporting, and health insights

Reduce post‑deployment support burden

Offer advanced, AI‑enabled managed services

Strengthen Microsoft‑aligned service offerings

Buying Motivations & Decision Criteria

Breadth of integrations across Microsoft and content platforms

Multi‑tenant visibility with secure segmentation

Automation and self‑healing to protect SLAs

Advanced analytics for premium services

Strong vendor partnership and 24×7 support

How Reveille Addresses Their Needs

Reveille Enterprise enables integrators to:

Monitor multiple client environments from a centralized platform

Use secure remote collectors and role‑based access

Deliver per‑tenant dashboards and automated SLA reports

Integrate deeply with Microsoft, ITSM, and analytics ecosystems

Leverage AI‑driven anomaly detection and user analytics

Rely on premium support for mission‑critical client scenarios

Preferred Messaging & Value Proposition

“One observability platform for all your Microsoft solutions”

“Turn monitoring into a differentiated managed service”

“Deliver SLA confidence, automation, and AI insight to every client”



Executive Takeaway

Reveille Standard is ideal for mid‑market organizations that need fast, affordable, and effective observability for Microsoft 365 and content platforms.

Reveille Enterprise is purpose‑built for large enterprises and Microsoft‑focused partners that require governance, automation, AI‑ready insight, and enterprise‑scale support.

Together, these offerings allow Reveille to serve the full spectrum of Microsoft‑centric organizations — from lean IT teams seeking visibility to complex enterprises and partners building the next generation of AI‑driven content operations.

Each of these ideal customer profiles – from the large enterprise M365 Administrator to the mid-market IT Director and the Microsoft-oriented Solutions Architect – aligns with specific strengths of Reveille’s product editions. By understanding their unique contexts, pain points, and motivations, we can tailor messaging and offerings (Standard vs. Enterprise) that demonstrate clear value: 

Reveille Standard suits the mid-market IT leader who needs core visibility and rapid ROI without complexity. 

Reveille Enterprise is the answer for large enterprises and advanced partners, delivering enterprise-scale intelligence, integration, and support to keep critical content and automation systems not just running, but truly optimized and future-ready. 

. 



",tenant,,d816008f-9e8e-434b-8a60-bad260959ddb,reveillesoftware.com,2026-04-03 15:55:08.754828,2026-04-03 15:55:09.129,5232feeb-8671-489f-ab07-e9d7310f0a3f,,,intelligence,"[""competitive_analysis"", ""recommendations"", ""executive_summary"", ""intelligence_briefing""]",
5f1a47f5-b7f4-44c1-85ac-65a147748688,Planet - Website Tone,This is a document that describes and defines the tone of how we write marketing materials.,pdf,/objects/uploads/15bcb24a-d183-45b2-9bf1-0cfcf3e58d53,695957,[Error: Could not extract text from PDF],tenant,,3c69a488-d63b-459b-b9f9-a85a79450540,go-planet.com,2026-04-08 17:48:21.253913,2026-04-08 17:48:21.803,90fced24-a70f-4e90-b76e-1b0c86db716c,,,intelligence,"[""competitive_analysis"", ""recommendations"", ""executive_summary"", ""intelligence_briefing"", ""marketing_content"", ""email_generation""]",
a4016c55-1d2b-4b55-9efb-d5bdaf6abd80,Cascadia MPF,,docx,/objects/uploads/49de8835-eaae-4bae-bc97-a7b5bb35aed0,18504,"Cascadia Oceanic MPF

Executive summary

Cascadia Oceanic is positioned as a contemplative, story‑first coastal and landscape photography brand rooted in lived experience across two coasts, with a strong emphasis on the emotional tempo of place, seasonality, and quiet power rather than spectacle. It blends Pacific Northwest sensibility with Atlantic memory, inviting the viewer to slow down, participate, and curate meaning alongside the artist. 123



Core brand positioning pillars

1. Place as lived experience, not destination

Your copy consistently frames landscapes as places you’ve inhabited, not simply visited:

“Living on two coasts” and photographing the ocean “constantly, tracking the subtly changing seasons” positions the work as longitudinal and intimate rather than opportunistic or travel‑driven. 24

Cascadia Oceanic implicitly rejects bucket‑list iconography in favor of familiarity, repetition, and observation.

Positioning signal: This is photography made by returning, not arriving.



2. The ocean as a temporal force

The ocean is central, but not romanticized or dramatized:

You reference change, seasons, rhythm, subtlety, and continuity rather than storms, drama, or hero shots. 2

The Pacific and Atlantic are treated as different expressions of the same long conversation with water.

Positioning signal: The ocean as timekeeper and witness, not subject or spectacle.



3. Story first, image second

Your explicit statement—“I always strive to put the story first”—is not a tagline but a governing philosophy:

The photos are framed as narrative artifacts, not isolated visual accomplishments. 1

This positions Cascadia Oceanic closer to fine art and documentary sensibility than to decor‑first landscape photography.

Positioning signal: Images that hold memory, not just views.



4. Quiet authority over commercial bravado

Despite offering prints and a store, the commercial layer is intentionally understated:

Language like “first steps to making my photos more available commercially” keeps trust high and pressure low. 1

Metal prints are mentioned for how they serve the photography, not as premium upsells.

Positioning signal: Art led by intent, not monetization.



5. Participatory curation as brand differentiator

The Photo Pairs / voting experience is subtly radical from a positioning perspective:

You invite the audience to help curate exhibitions, emphasizing dialogue over authorial control. 3

This reinforces humility, experimentation, and community trust.

Positioning signal: The viewer is a collaborator, not a consumer.



Emotional and tonal characteristics

Reflective, restrained, and grounded

Pacific Northwest calm, even when the subject is Atlantic

Human and personal, without being diaristic

Confident but unperformative

This tone aligns strongly with Cascadian values: nature as presence, not performance.



Implied audience

Cascadia Oceanic is implicitly speaking to:

Collectors and viewers who value slowness, depth, and repeat viewing

People emotionally connected to coasts, weather, light, and seasonal change

Buyers who see photography as living with a piece rather than filling a wall

This is not positioned for mass décor, hospitality bulk art, or trend‑driven landscape buyers.



One‑sentence positioning statement (extracted, not invented)



Cascadia Oceanic presents coastal and landscape photography shaped by years of living with place—where oceans, land, and light are recorded as evolving stories rather than captured moments.



",tenant,,116500d0-357e-4ace-a7af-7264ed58e22a,chrismcnulty.net,2026-04-10 03:31:31.492567,2026-04-10 03:31:32.165,08610095-ef99-4205-b5ae-13264021a471,,,intelligence,"[""competitive_analysis"", ""recommendations"", ""executive_summary"", ""intelligence_briefing"", ""marketing_content"", ""email_generation""]",
b6096b1c-696c-4fc2-81b1-ccf8d3db38f7,CFM Biography ,,docx,/objects/uploads/2267b517-6021-4fc5-8aed-574bb8040d8c,154758,"Chris McNulty

Professional

Chris McNulty is Chrief Product Officer at Reveille Software,  Chief Technology Officer  at Synozur, and serves as Treasurer and Board member for AIIM, and board member for the Seattle Tech Forum. For almost ten years, he was Senior Director of Product Marketing for Microsoft 365, SharePoint Premium, OneDrive, SharePoint, and Stream at Microsoft. Chris’s experience as CTO includes companies such as Dell and Quest Software. He was first recognized as a SharePoint MVP in 2013 and a Copilot MVP in 2025. A frequent speaker at events around the globe, Chris is the author of the “SharePoint 2013 Consultant’s Handbook” among other works and holds several patents. Chris holds an MBA from Boston College in Investment Management and has over twenty years’ experience with John Hancock, State Street, GMO, and Santander. He hosts the Polaris podcast at https://polaris.synozur.com and co-hosted Microsoft’s Intrazone podcast at https://aka.ms/TheIntrazone 



Twitter: @cmcnulty2000 - https://x.com/cmcnulty2000 LinkedIn: https://www.linkedin.com/in/cmcnultyFacebook: https://www.facebook.com/cmcnulty2000 Instagram: https://www.instagram.com/cmcnulty2000 Amazon: https://www.amazon.com/author/chrismcnultyProfessional: https://www.synozur.com Podcast: https://polaris.synozur.com Intrazone (Microsoft): https://intrazone.libsyn.com 

Personal: https://www.chrismcnulty.net 

Professional Brief Email

I lead technology and marketing at Synozur – the transformation and strategy company. Before that, I was senior director of product marketing for Microsoft 365 for almost 10 years, leading launches and GTM for products like Copilot, Viva, Syntex, SharePoint, Teams and more, I also created and led the Microsoft Content AI Partner Program. Prior to Microsoft, I was GM and CTO at Dell and Quest Software. I’ve written several books on Microsoft technologies, and my creative product development has been awarded several patents.

SemiPro Brief Email

I lead technology and marketing at Synozur – the transformation and strategy company. Before that, I was senior director of product marketing for Microsoft 365 for almost 10 years, leading launches and GTM for products like Copilot, Viva, Syntex, SharePoint, Teams and more, I also created and led the Microsoft Content AI Partner Program. Prior to Microsoft, I was GM and CTO at Dell and Quest Software. 

I’ve written several books on Microsoft technologies, and my creative product development has been awarded several patents. I was first recognized as a Microsoft MVP in 2013. I also serve as Treasurer and Board member for AIIM, and board member for the Seattle Tech Forum. And I also host the Polaris podcast at https://polaris.synozur.com

I’m also an active musician and songwriter and a (semi) professional photographer with my first show last November in Seattle. I’m originally from Long Island, but lived most of my life in and around Boston. I live in Bothell with my partner Michelle, our kids, and several rescue and foster dogs. My side interests include hiking, cooking, and early American history.





 







Creative

Chris began his music career as a classical pianist in New York, recognized with the NYSSMA Allstate award. After several years in the classical and theatre scene, he emerged with Boston rock bands Famous People, and The Five, before embarking on his solo singer songwriter career with a New Artist showcase at the famous Club Passim in Cambridge, Massachusetts.

Chris has played throughout North America for the past several years. He originally hails from New York, spent several years in and around Boston, Massachusetts, and now makes his home in the Pacific Northwest near Seattle with his partner Michelle, their kids, and their dogs.

He’s active in the photography community, where his works are available in the Cascadia Oceanic gallery. In addition, Chris is the author of several books, including the “SharePoint 2013 Consultant’s Handbook”.

Spotify: https://open.spotify.com/artist/5v0fCCxxIc3FOFLOPoW7f6?si=vi-x2Nt8SLOpG8U_Ql6n0Q Apple Music: https://music.apple.com/us/artist/chris-mcnulty/1787817392 Amazon Music: https://music.amazon.com/artists/B0DRVCYYYC/chris-mcnulty Instagram: https://www.instagram.com/cascadia.oceanic/ Facebook: https://www.facebook.com/chrismcnultymusic   Instagram: https://www.instagram.com/cmcnulty2000 Amazon: https://www.amazon.com/author/chrismcnultyPersonal: https://www.chrismcnulty.net 





Creative Author Variant (Google)

Chris McNulty was first recognized as a Microsoft MVP in 2013.A frequent speaker at events around the globe, Chris is the author of the “SharePoint 2013 Consultant’s Handbook” among other works and holds several patents. Additionally, he hosts the Polaris podcast and co-hosts the Intrazone podcast for Microsoft.



Personal

My parents, Bill & Maureen McNulty, met in law school at St. John’s University, got married and lived on Long Island – about halfway between my mom’s childhood home in upper Manhattan and the old McNulty  family farm on Peconic Bay in eastern Long Island. 

I was born like many of us at Mercy Hospital in Rockville Centre, NY -  the oldest of five kids (Tom, Liz, Mark, and Meg), living in Greenlawn, NY. I was baptized, raised Catholic, and somehow still identify as Irish Catholic. 

Mom started in law, took a break to have us, and returned to work as a schoolteacher and theater director. My dad had also earned his master’s in chemical engineering at Princeton, so he was a patent attorney – first with Texaco at the Chrysler Building in New York, and then in private practice.

Every December (it seems) Mom would take all of us on the LIRR into the city to visit Dad at work (midday). (December 8 is a Catholic holy day). We’d leave for lunch, see the tree at Rockefeller Center, the Rockettes at Radio City and drive home, stopping at the colossal Millerridge Inn in Nassau County.

I was trained in classical piano and voice through high school at Holy Family. (I made valedictorian! Still hard to believe). Next, I attended college at Fairfield University in Connecticut. A chorus trip senior year was the first of many dozens of trips to London. 

Summers I worked as a lifeguard on the North Fork from high school through college and beyond. I also taught grade school music for my first year after college at St. Hugh of Lincoln in Huntington and St. Aloysius in Great Neck.

Convinced I was destined for law school, I started working at a New York law firm as a paralegal. In that role, I discovered a real need to steer my career toward information technology, database design and computers. And it brought me to Boston for a four-month business trip. I fell in love with the city. And I split with my New York girlfriend. So I stayed in Boston.

I lived in the Boston area for several decades, as the father of three wonderful kids – Devin, Nate, and Rachel, and as a proud fa of Boston sports teams – the Red Sox, Patriots, Bruins, and Celtics. We’ve been lucky to get to a few championship parades this century,

I earned my MBA at Boston College (Go Eagles!) I also discovered my love of hiking and skiing though the mountains of New England. Also, as a close student of early American culture, I knew the region was steeped in colonial and Revolutionary history which deepened my reading and travelling. Boston’s Museum of Fine Arts is already magnificent, and visiting their early American collection, for me, is like entering a cathedral. 

And I extended myself as a songwriter and performer in and around Boston, Cambridge, and the region. Club Passim in 1999 remains my favorite gig ever.

Of course, with family in New York, we’ve taken many passages across Long Island Sound on Cross Sound Ferry between New London and Orient Pont.

My professional career continued to develop with companies like Santander and John Hancock – and then making the leap to consulting and software with KMA, Quest, Dell and Microsoft as an MVP, author, and conference speaker – which has taken me to London (many dozens of times), Scandinavia, Germany, Europe, Australia, Africa & Asia. Travel is a great joy and privilege.

After over seventeen seasons of coaching youth baseball, I moved to the Pacific Northwest near Seattle, where I live with my amazing partner Michelle, her son Brenden, and my kids (at various times in the year). And I get to hike and climb in the Olympics and the Cascades – especially in and around Mount Rainier, the jewel of the Pacific Crest.

As a result, during the COVID-19 pandemic I was lucky enough to drive cross country four times, visiting national parks and cities from coast to coast – including Yellowstone, Glacier, Independence Hall,  Chicago, Gateway Arch, Great Salt Lake, Snake River Canyon, the Rocky Mountains, Denver, Montana, the Rock and Roll Hall of Fame, the Corn Palace, Wall Drug, Mount Rushmore.  Many many chances to develop my photography skills.

For about three months, I had a project with a manufacturer near Wichita Kansas – another of my favorite places with great people, food, movie theaters with real curtains, and the stark beauty of the Tallgrass National Preserve.

My role at Microsoft – technology marketing -  has also driven me to extend my creative skills, with video, audio, podcasting, graphic design and more.

Michelle and I work a lot with rescue dogs, including our Max and Zyla. And we continue to ski, travel the coast, and plan our next gateway to beautiful Whidbey Island. (Another Ferry across the Sound – this time, Puget Sound!)  

And my brothers, sisters and I still share our old family beach house (shack?) on the North Fork of Long Island in Laurel, NY. We try to gather there for Fourth of July when we can for our big family reunion holiday 0 if no one gets blown up by amateur fireworks. Tom and his family live near LA, Liz and Mark are still in New York, and, coincidentally my sister Meg and her family live in the Ballard neighborhood of Seattle, about 20 minutes away.

What else? I’m obsessed with Christmas, collecting many (too many) ceramic houses for my annual Christmas village. Christmas mass at the cathedral, with full choir, percussion, organ, and brass ensemble can move me to tears with awe and majesty. \

Seeing the aurora three times in 2024 was another privilege (on Whidbey Island, in Iceland, and close to Seattle). 

Music is essential to me – when I discovered Billy Joel as a piano player in highs school, it was a great social skill to be able to \blast through Scenes from an Italian Restaurant at parties. Other moments - Bruce Springsteen’s Nebraska. The Beatles Abbey Road (including buying the reissue AT Abbey Road Studios in London on its 50th anniversary!)  Radiohead’s OK Computer. Synchronicity. Jay Z and Ella Fitzgerald and the Beastie Boys. Sitting waiting in the car while WBCN played U2’s Achtung Baby in its entirety on its release day, awestruck and their reinvention. Dave Brubeck and Miles Davis too. Along with many musicals, especially Rodgers and Hammerstein (I’ve been music and lighting director for more than a few amateur productions – one of which got me to play the Hatch Bandshell at the Charles River Esplanade in Boston.) 

What else about me? I’ve worked as a volunteer, board member and fundraiser for several homeless shelters and organizations back East and in the Seattle area. I love seafood, cooking, hiking, and the smell of the ocean. Great stories – especially Richard Ford and John Irving (I believe they hate each other.)  Autumn and winter. Spring and summer. Coupeville Wharf. 

 The spirit and beauty of sunrise, meant to be seen without sunglasses or windows. And my family above all. 

I can’t wait for what comes next.

Summary Bio

My life has been a whirlwind of experiences and adventures. From my early days as a classical pianist in New York to my roles in technology marketing and consulting, I've worn many hats. I've lived in vibrant cities like Boston and now Seattle, each place adding its own flavor to my story. That energy has taken me around the world to places like Microsoft, John Hancock, Iceland, Singapore and London. 

My love for music, hiking, and travel has taken me across continents, and I cherish the memories made with family and friends, especially my partner Michelle, our kids Devin, Nate, Rachel and Brenden, our dogs, and my siblings (Tom, Liz, Mark, & Meg). Whether it's playing at the Hatch Shell in Boston or exploring the national parks, life has been an exciting mix of creativity, hard work, and discovery. I'm grateful for every moment and eagerly look forward to the next chapter.

Short - Copilot 

Hey there! I'm Chris McNulty, and I've had the joy of wearing many hats throughout my life. My role at Microsoft in technology marketing has pushed me to expand my creative toolbox, diving into video, audio, podcasting, graphic design, and more. It's been a thrilling journey, and I’ve loved every minute of it.

Michelle, my partner in all things life, and I spend a lot of our time working with rescue dogs, including our beloved Max and Zyla. We share a passion for skiing, exploring the coast, and planning our next adventures—Whidbey Island being a favorite escape, especially with its delightful ferry ride across Puget Sound.

Family is at the heart of who I am. My siblings and I cherish our old family beach house on the North Fork of Long Island in Laurel, NY. We aim to gather there every Fourth of July for our big family reunion, complete with fireworks—hoping, of course, that no one gets too close to the amateur pyrotechnics! Tom and his family reside near LA, while Liz and Mark are still holding down the fort in New York. Coincidentally, my sister Meg and her family are just a stone's throw away in the Ballard neighborhood of Seattle.

I have a bit of an obsession with Christmas, collecting a plethora of ceramic houses for my annual Christmas village. The grandeur of Christmas mass at the cathedral, with its full choir, percussion, organ, and brass ensemble, never fails to move me to tears.

One of the most awe-inspiring experiences of my life was witnessing the aurora three times in 2024—on Whidbey Island, in Iceland, and near Seattle. Speaking of inspiration, music has always been a cornerstone of my life. Discovering Billy Joel as a high school pianist was a game changer, and I've cherished countless musical moments since—Bruce Springsteen’s ""Nebraska,"" The Beatles' ""Abbey Road"" (I even bought the reissue at Abbey Road Studios in London on its 50th anniversary!), Radiohead’s ""OK Computer,"" and more. I’ve also played music and directed lighting for amateur productions, even performing at the Hatch Bandshell on the Charles River Esplanade in Boston.

Volunteering and community service are deeply important to me. I've served as a volunteer, board member, and fundraiser for multiple homeless shelters and organizations, both back East and in the Seattle area. My love for seafood, cooking, hiking, and the ocean has always paired well with my appreciation for great stories—Richard Ford and John Irving being two of my favorite authors (though I hear they don’t exactly get along).

I embrace all seasons—autumn, winter, spring, and summer—and find solace at places like Coupeville Wharf. There's something truly magical about witnessing a sunrise without sunglasses or windows, feeling the spirit and beauty of a new day.

Above all, my family means the world to me. I can't wait to see what the future holds and to continue this incredible journey. Cheers to what's next!

Short - Copilot 2

Chris McNulty: A Journey Through Creativity, Family, and Passion

Hello there! I'm Chris McNulty, and I’ve had an incredible journey wearing many hats throughout my life. My role at Microsoft in technology marketing has pushed me to expand my creative toolbox, diving into video, audio, podcasting, graphic design, and more. It's been a thrilling journey, and I’ve loved every minute of it.

My partner in all things life, Michelle, and I spend a lot of our time working with rescue dogs, including our beloved Max and Zyla. We share a passion for skiing, hiking, exploring the coast, and planning our next adventures—Whidbey Island being a favorite escape, especially with its magical ferry ride across Puget Sound, or other destinations much farther away.

Family is at the heart of who I am. My siblings and I cherish our old family beach house on the North Fork of Long Island in Laurel, NY. We aim to gather there every Fourth of July for our big family reunion, complete with fireworks—hoping, of course, that no one gets too close to the amateur pyrotechnics! Tom and his family reside near LA, while Liz and Mark are still holding down the fort in New York. Coincidentally, my sister Meg and her family are just a stone's throw away in the Ballard neighborhood of Seattle.

I have a bit of an obsession with Christmas, collecting a plethora of ceramic houses for my annual Christmas village. The grandeur of Christmas mass at the cathedral, with its full choir, percussion, organ, and brass ensemble, never fails to move me to tears.

One of the most awe-inspiring experiences of my life was witnessing the aurora three times in 2024—on Whidbey Island, in Iceland, and near Seattle. Speaking of inspiration, music has always been a cornerstone of my life. Discovering Billy Joel as a high school pianist was a game changer, and I've cherished countless musical moments since—Bruce Springsteen’s ""Nebraska,"" The Beatles' ""Abbey Road"" (I even bought the reissue at Abbey Road Studios in London on its 50th anniversary!), Radiohead’s ""OK Computer,"" and more. I’ve also played music and directed lighting for amateur productions, even performing at the Hatch Bandshell on the Charles River Esplanade in Boston.

Volunteering and community service are deeply important to me. I've served as a volunteer, board member, and fundraiser for multiple homeless shelters and organizations, both back East and in the Seattle area. My love for seafood, cooking, hiking, and the ocean has always paired well with my appreciation for great stories—Richard Ford and John Irving being two of my favorite authors (though I hear they don’t exactly get along).

I embrace all seasons—autumn, winter, spring, and summer—and find solace at places like Coupeville Wharf. There's something truly magical about witnessing a sunrise without sunglasses or windows, feeling the spirit and beauty of a new day.

Professionally, I’ve had the opportunity to work on a range of exciting projects and roles. At Microsoft, I've been lucky to be part of a dynamic team that constantly pushes the boundaries of technology and creativity. My resume reflects a diverse career journey filled with accomplishments and learning experiences that have shaped who I am today.

Some highlights from my professional life include:

Leading marketing initiatives that have significantly increased brand awareness and customer engagement.

Developing and executing comprehensive digital marketing strategies, including SEO, SEM, and content marketing.

Producing high-quality video and audio content that has resonated with audiences and driven engagement.

Designing compelling graphics and visuals that enhance the overall marketing message.

Managing successful podcast series that have captivated listeners and expanded our reach.

Collaborating with cross-functional teams to launch innovative products and services.

My career has been a continuous evolution, always driven by a passion for creativity and a desire to make a positive impact. I believe in the power of storytelling and the importance of connecting with people on a deeper level through meaningful content.

Above all, my family means the world to me. I can't wait to see what the future holds and to continue this incredible journey. Cheers to what's next!

Short Drafts for Home Page

My life has been a whirlwind of experiences and adventures. From my early days as a classical pianist in New York to my roles in technology marketing and consulting, I've worn many hats. I've lived in vibrant cities like Boston and now Seattle, each place adding its own flavor to my story. That energy has taken me around the world to places like Microsoft, John Hancock, Iceland, Singapore and London. 

My love for music, hiking, and travel has taken me across continents, and I cherish the memories made with family and friends, especially my partner Michelle, our kids Devin, Nate, Rachel and Brenden, our dogs, and my siblings (Tom, Liz, Mark, & Meg). Whether it's playing at the Hatch Shell in Boston or exploring the national parks, life has been an exciting mix of creativity, hard work, and discovery. I'm grateful for every moment and eagerly look forward to the next chapter.

You can read more in my full personal biography. 

Alternate General Short

From his early days as a classical pianist in New York to roles in technology marketing and consulting, Chris wears many hats. He’s lived in vibrant cities like Boston and now Seattle, each place adding its own flavor to his story. That energy has taken him around the world to companies like Microsoft, State Street Santander and Dell. And to destinations like  Iceland, Singapore, South Africa, and London.

He’s a specialist in early American history, author of three books, a creator of AI products and patents, and a specialist in product launches.  Chris is a principal at Synozur and an advisor to multiple tech firms and nonprofits. He’s also written and performed over two hundred songs, and works as a freelance landscape photographer when he’s not skiing or taking care of his rescue dogs.

Alternate Podcast Bio

Hi! I'm Chris McNulty, and I’m having the greatest years of my life. 

I create products and build markets. My role at Microsoft in technology marketing has pushed me to expand my creative toolbox, diving into video, audio, podcasting, graphic design, and more. It's a thrilling journey, and I love every minute of it. 

I currently host two podcasts – Polaris, a Synozur production, and the Intrazone, a Microsoft podcast with my cohost Mark Kashman.

You can learn more about me at:

https://www.linkedin.com/in/cmcnulty

https://www.chrismcnulty.net

https://www.synozur.com

As a marketing leader and executive, I bring my background as a schoolteacher and music director to the mission of educating audiences through storytelling – and finding and developing talent across my teams.

With Synozur, I advise large and small companies on product, marketing and leadership. At Microsoft, I've been lucky to be part of a dynamic team in Modern Work that constantly pushes the boundaries of AI technology and creativity. I've worked on products like Copilot, SharePoint, Teams, OneDrive, Viva, Syntex and more - including several patents and multiple marketing awards.  

Some highlights from my professional life include:

Keynoting and presenting at conferences around the world over the past decade.

Leading brand creation and product launches for category-defining products like SharePoint, Syntex, Viva and Copilot.

Building and leading modern marketing teams to significant customer revenue and stakeholder impact

Producing high-quality video and audio content that has resonated with audiences and driven engagement.

Managing successful podcast series to captivate listeners at scale,

Writing and publishing multiple books and blogs on Microsoft technologies.

Patent-holding inventor for AI technologies.

Creativity and storytelling in my career are echoed in my personal creativity and my drive for impact and connection.

One of the most awe-inspiring experiences of my life was witnessing the aurora three times in 2024—on Whidbey Island, in Iceland, and near Seattle. It’s one of the highlights of my landscape photography portfolio. 

Speaking of inspiration, music has always been a cornerstone of my life. Classically trained in piano and voice, discovering Billy Joel as a high school pianist was a game changer, and I've cherished countless musical moments since. I’ve written and recorded over 200 songs, and have played venues from cathedrals and capitals to Club Passim and the Hatch Bandshell on the Charles River Esplanade in Boston.

I’m a close student of early American history - especially the American Revolution. Volunteering and community service are deeply important to me. I've served as a volunteer, board member, and fundraiser for multiple homeless shelters and organizations. 

Plus, I’m always up for a sports chat – especially baseball and football. (I’ve coached over seventeen years of youth baseball.)

Personally, I live near Seattle with my partner Michelle, some of our kids, our dogs and an ever-changing series of foster rescue dogs.  It’s a great base to explore the islands and mountains of the Pacific Northwest year-round, or to embark my next global journey.

I can record a podcast with great flexibility, and it’s pretty easy for me to engineer and deliver a recording to you since I do it so often throughout the year myself.

Thanks, and I hope we can work together.

Podcast Intro (I HATE THIS)

My next guest is a true Renaissance person, seamlessly blending technology, arts, and community service. Chris’s journey began as a classical pianist in New York, with stops in Boston, and now Seattle—each city adding a unique flavor to his life story. His versatility has taken him to global powerhouses like Microsoft and Dell, and to breathtaking locations like Iceland, Singapore, and South Africa.

A patent-holding inventor in AI, an early American history buff, and an author of three books, Chris is a principal at Synozur and a trusted advisor to numerous tech firms and nonprofits. But that's not all—he's also written and performed over 200 songs and doubles as a landscape photographer. When he's not skiing the slopes or caring for his rescue dogs, he's volunteering in his community.

Trust me, you’ll want to stick around for this conversation. Chris’s story is layered, inspiring, and sure to leave you wanting more. Let's dive in!









Resume

Christopher F. McNulty

Bothell, WA 98021 | 617-980-9810 | cmcnulty2000@yahoo.com | www.linkedin.com/in/cmcnulty



Award winning product and marketing executive

Experienced product leader with skills in strategy, design, build, GTM and delivery of product portfolios. Multiple awards for excellence in speaking, narrative development and storytelling campaigns that drive revenue success. Seasoned people-focused leader skilled at delivering strategic influence and product impacts while managing staff, vendors, and teams to foster their success. Proven track record working with C-Suite executives, customers and partners for corporate and media relations, executive briefings, strategic advisory work, and GTM execution.  Recognized across industries and communities for outstanding advocacy and vision for AI and Enterprise Content Management Multiple Board of Directors/Advisory roles.



Areas of Expertise

GTM Strategies | Marketing driven revenue | Successful product launches | Channel and sales enablement Team development | Stakeholder relations



Experience

Microsoft, Redmond, WA	2019 - 2024

Senior Director of Product Marketing

Senior marketing executive for Microsoft 365 Content Services, Partner Program, and Employee Experience 

Create new messaging, collateral, campaigns and business models to launch products for customer, revenue, and market impact - >700% growth in 2024. (Copilot, Viva, Syntex, SharePoint Premium, Teams).

Establish and lead Microsoft Content AI Partner Program to engage over 250 SI and ISV partners to develop, sell and deliver solutions on the M365 content platform.

Recruit, develop and lead sales staff and marketing teams with positive leadership and talent development to market and sell multiple M365 products; create models for team OKRs, plans, finance, and program management.

Establish and sustain executive and multilevel customer relationships for sales support, executive briefings, and strategic consulting – presenting to customers and representing customer voices internally.

Represent multiple Microsoft 365 products at major conference presentations and keynotes, analyst/press briefings, executive customer briefings, webinars, and summits 

Lead design, development, and deployment of marketing platforms for targeted external communications, self-service experience demos for low-cost engagement with millions of monthly customers.



Microsoft, Redmond, WA	2015 - 2019

Senior Product Manager

Senior product leader for content services/ECM and business applications (forms and workflow).

Launched successful partner engagement programs for ECM and business applications - engaging partners, MVPs and field with collateral, roadmap, incentives, and case studies to scale field sales.

Led campaign to reestablish Microsoft as a leader in enterprise content management with thought leadership, events, stakeholder engagement for competitive advantage, customer advisory boards for health care/pharma

Worked across engineering boundaries to influence and promote product vision within ODSP, Purview, Microsoft 365, Azure (PowerApps, Flow) and more, also contributing to multiple patent applications.

Led successful multiyear effort to redefine Microsoft’s position as a leader in enterprise content management in multiple analyst reports and surveys (Forrester and Gartner).

Wrote and delivered content on Microsoft blogs, webinars, first and third-party events including Ignite, EBCs, Inspire, Build, TechSummit & SPC to engage customers and prospects.

Cryptzone | HiSoftware, Waltham, MA	2014 - 2015

Chief Technology Officer

Executive leadership for technology vision, solution design and delivery, customer relationships and alliance partners for security solutions, content management and web governance at midrange ISV

Led >500% expansion of professional services, support, and consulting business by using standardized deployment methods, packaged services, Salesforce integration and custom solutions while expanding from 4 to 25 global workforce staff

Led team of product designers and developers for architecture, specification, creation and delivery of user and admin focused suite of Microsoft security and compliance products.

Created major account management and support program, overseeing all major accounts with SLA-driven site visits, technical briefings, communications, upselling ibn 20% of key accounts and retention planning.

Led investor briefing and meetings to drive private equity merger and Series B financing.



Dell Technologies/Quest, Aliso Viejo, CA	2011 - 2014

Chief Technology Officer | General Manager

Business unit executive for product management, marketing, sales, development for SharePoint, Office 365, and cloud software.

Led team of product managers and developers to design, build and deliver suite of SharePoint focused tools across management, migration, custom solutions and user experience for admins and end users.

Developed and maintained relations with alliance partners and M&A candidates.

Led 30-40% revenue growth YoY, and product teams to multiple awards from Microsoft: SharePoint Developer of the Year 2013 (Social Hub) and Windows IT Pro: SharePoint Product of the Year 2013 (Site Administrator 5.0).



Additional Relevant Experience

KMA LLC, Waltham, MA, Manager | Practice Lead, SharePoint Technologies

Managed and led SharePoint practice area (30 consultants) for Microsoft Gold Partner for national clients and projects. Featured speaker, author, and presenter throughout the US.

State Street Corporation, Boston, MA, Vice President, Business Systems Consulting

Created and managed development team; established SOPs for development, deployment, and support for 700 project staff worldwide. Oversaw project portfolio operations for 50-70 projects and 25 project managers and analysts.

John Hancock Financial Services | Manulife Financial, Boston, MA, Senior Technology Manager, Architect

Established and ran divisional Project Management Office (PMO). Oversight for network/application monitoring and 24/7 data center-server engineering response teams in a hybrid (Microsoft/Tivoli) monitoring environment.



Education

Master of Business Administration (MBA), Concentrations in Corporate Finance and Asset Management

Boston College Carroll School of Management, Chestnut Hill, MA

Bachelor of Arts (BA), Politics

Fairfield University, Fairfield, CT



Certifications

Microsoft SharePoint MVP, 2013 – 2016 | Microsoft Certified Systems Engineer



Speaking Engagements/Keynotes

Microsoft Ignite/Build/Inspire | Microsoft SharePoint and 365 Conferences | ESPC | KMWorld/SharePoint Symposium | TechCon 365/SharePoint Fest | RSA Security Conference | AIIM Conference | IAPP Summit



Patents and Books

Remote Access of Metadata for Collaborative Documents - US 20200210383 (2018)

Intelligent Targeting of Files Needing Attention – US 20190228378 – (2018)

SharePoint 2010 Consultant’s Handbook – A Field Guide to Managed Metadata Services (Amazon.com, September 2010)

SharePoint 2010 Consultant’s Handbook – A Practical Field Guide (Amazon.com, December 2011)

SharePoint 2013 Consultant’s Handbook – A Practical Field Guide (Amazon.com, Q1 2014)











 



















",tenant,,116500d0-357e-4ace-a7af-7264ed58e22a,chrismcnulty.net,2026-04-10 03:33:22.546106,2026-04-10 03:33:23.178,08610095-ef99-4205-b5ae-13264021a471,,,intelligence,"[""marketing_content"", ""email_generation"", ""competitive_analysis"", ""recommendations"", ""executive_summary"", ""intelligence_briefing""]",
