id,tenant_domain,action,cost_tier,period_start,occurred_at,succeeded,actor_user_id,resource_id,metadata,user_id
c54aab3b-42cd-4965-9dc4-ddc5d6f6f18f,synozur.com,linkedinRefresh,low,2026-05-04 20:42:29.39217,2026-05-04 20:42:29.39217,t,,,,116500d0-357e-4ace-a7af-7264ed58e22a
ba5c7d6d-be11-4b4a-a565-1396b84b1481,synozur.com,manualWebsiteMonitor,low,2026-05-04 20:42:40.020215,2026-05-04 20:42:40.020215,t,,,,116500d0-357e-4ace-a7af-7264ed58e22a
9a32b585-1a04-4850-a8ee-c09c6fc1628c,synozur.com,linkedinRefresh,low,2026-05-04 20:42:47.526146,2026-05-04 20:42:47.526146,t,,,,116500d0-357e-4ace-a7af-7264ed58e22a
9ba7774b-8693-426d-90b2-3fe6357a481b,synozur.com,linkedinRefresh,low,2026-05-04 20:42:55.756627,2026-05-04 20:42:55.756627,t,,,,116500d0-357e-4ace-a7af-7264ed58e22a
93fdc9e6-9181-416e-bf68-a0898d611f39,synozur.com,linkedinRefresh,low,2026-05-04 20:43:06.336363,2026-05-04 20:43:06.336363,t,,,,116500d0-357e-4ace-a7af-7264ed58e22a
4b6e96b9-de75-4b88-b8c7-73b512ecbf78,synozur.com,linkedinRefresh,low,2026-05-04 20:43:13.932249,2026-05-04 20:43:13.932249,t,,,,116500d0-357e-4ace-a7af-7264ed58e22a
0b386928-4097-4bcc-a122-8c8e1e88f7c8,synozur.com,linkedinRefresh,low,2026-05-04 20:43:27.586174,2026-05-04 20:43:27.586174,t,,,,116500d0-357e-4ace-a7af-7264ed58e22a
2de1d7dd-10e2-4b5d-9fce-9dba9ece551f,synozur.com,linkedinRefresh,low,2026-05-04 20:43:38.805903,2026-05-04 20:43:38.805903,t,,,,116500d0-357e-4ace-a7af-7264ed58e22a
d41afea6-727d-49f1-b51d-d61ae467500a,synozur.com,linkedinRefresh,low,2026-05-04 20:43:51.228659,2026-05-04 20:43:51.228659,t,,,,116500d0-357e-4ace-a7af-7264ed58e22a
27b0671b-890d-4768-8337-b98120b947ab,synozur.com,linkedinRefresh,low,2026-05-04 20:44:05.141756,2026-05-04 20:44:05.141756,t,,,,116500d0-357e-4ace-a7af-7264ed58e22a
44a3f941-7a44-4159-ab04-f8414a4e9b36,synozur.com,linkedinRefresh,low,2026-05-04 20:44:13.813803,2026-05-04 20:44:13.813803,t,,,,116500d0-357e-4ace-a7af-7264ed58e22a
53ed939a-e3a6-46f1-a3e5-b5a85fe15395,synozur.com,manualBriefingRebuild,high,2026-05-04 20:44:31.390972,2026-05-04 20:44:31.390972,t,,,,116500d0-357e-4ace-a7af-7264ed58e22a
c8122f22-fa89-40ac-9571-673e7abdf6d2,synozur.com,manualBriefingRebuild,high,2026-05-04 21:14:26.585751,2026-05-04 21:14:26.585751,t,,,,116500d0-357e-4ace-a7af-7264ed58e22a
ed3039a4-a2b4-43cd-9ed5-32c80322195a,synozur.com,manualCrawl,medium,2026-05-05 21:44:54.197805,2026-05-05 21:44:54.197805,t,,,,41b7378d-31af-402a-b50d-4d8e204bbd7d
69dc98d4-6b95-4772-8177-2c7221ad1ee0,synozur.com,manualCrawl,medium,2026-05-05 21:45:09.279075,2026-05-05 21:45:09.279075,t,,,,6a963bc8-8605-4bdb-ae33-32efe0d5e27d
4b6a4bb5-0175-4c8b-b685-dd01a29dd123,synozur.com,manualCrawl,medium,2026-05-05 21:45:22.981497,2026-05-05 21:45:22.981497,t,,,,6a963bc8-8605-4bdb-ae33-32efe0d5e27d
7b8f532c-8e23-45f6-a773-3d9b3f3b7fd8,synozur.com,manualCrawl,medium,2026-05-05 21:45:27.300637,2026-05-05 21:45:27.300637,t,,,,6a963bc8-8605-4bdb-ae33-32efe0d5e27d
12d9026c-e4c6-43ef-a9e2-4407bd2de6b8,synozur.com,manualCrawl,medium,2026-05-05 21:45:32.109072,2026-05-05 21:45:32.109072,t,,,,6a963bc8-8605-4bdb-ae33-32efe0d5e27d
2c8edc23-71c5-43ab-b109-7c3ce614ef75,synozur.com,regenerateAll,high,2026-05-05 21:45:59.863697,2026-05-05 21:45:59.863697,t,,,,41b7378d-31af-402a-b50d-4d8e204bbd7d
2721ce74-ce61-4587-bf08-1c43461364fd,synozur.com,manualCrawl,medium,2026-05-05 21:45:44.245148,2026-05-05 21:45:44.245148,t,,,,6a963bc8-8605-4bdb-ae33-32efe0d5e27d
a23d7b45-5b96-4e59-b903-601076d1f010,synozur.com,manualCrawl,medium,2026-05-05 21:47:04.157554,2026-05-05 21:47:04.157554,t,,,,d16785bb-93ce-4fc1-b10c-4ed18d8d7acd
a3ab5ce1-a9f6-4d5c-a7b8-f6a0470801b3,synozur.com,manualCrawl,medium,2026-05-05 21:49:21.511856,2026-05-05 21:49:21.511856,t,,,,41b7378d-31af-402a-b50d-4d8e204bbd7d
4cc045d8-be42-4e6d-98b2-38729d738777,synozur.com,manualCrawl,medium,2026-05-05 21:49:21.929128,2026-05-05 21:49:21.929128,t,,,,41b7378d-31af-402a-b50d-4d8e204bbd7d
44c87a30-2a57-4416-824a-7099eb621d93,synozur.com,manualBriefingRebuild,high,2026-05-05 21:52:51.219764,2026-05-05 21:52:51.219764,t,,,,d16785bb-93ce-4fc1-b10c-4ed18d8d7acd
b1856c8b-c63c-4fd3-974b-b90ab89e2006,synozur.com,manualCrawl,medium,2026-05-05 21:52:48.308568,2026-05-05 21:52:48.308568,t,,,,d16785bb-93ce-4fc1-b10c-4ed18d8d7acd
92303192-13aa-4ca5-91d2-cc51739261c8,synozur.com,manualCrawl,medium,2026-05-05 21:52:49.166123,2026-05-05 21:52:49.166123,t,,,,d16785bb-93ce-4fc1-b10c-4ed18d8d7acd
6b56d0b1-3098-4f8a-8843-56f2a979c721,synozur.com,manualCrawl,medium,2026-05-05 21:53:21.450037,2026-05-05 21:53:21.450037,t,,,,41b7378d-31af-402a-b50d-4d8e204bbd7d
9ee74658-777b-4bc2-9bc5-c8d51fa4a4c4,synozur.com,manualBriefingRebuild,high,2026-05-05 21:53:24.853034,2026-05-05 21:53:24.853034,t,,,,900566a4-436d-4c5d-b9ef-3c15df72a303
70055e36-b213-42ae-8863-0058eef62f4d,synozur.com,manualBriefingRebuild,high,2026-05-05 21:53:31.213054,2026-05-05 21:53:31.213054,t,,,,c6dfbcda-8020-46c6-a5e8-d13f4238fa37
c5774430-937c-4f5b-a5c7-b21725ac348a,synozur.com,manualCrawl,medium,2026-05-05 21:53:25.285261,2026-05-05 21:53:25.285261,t,,,,41b7378d-31af-402a-b50d-4d8e204bbd7d
a613fddc-d5a6-4abc-876c-24afd008815d,synozur.com,manualCrawl,medium,2026-05-05 21:53:36.382719,2026-05-05 21:53:36.382719,t,,,,41b7378d-31af-402a-b50d-4d8e204bbd7d
da1e105d-7f19-47b5-9a8a-846a31a88d28,synozur.com,manualCrawl,medium,2026-05-05 21:53:40.935215,2026-05-05 21:53:40.935215,t,,,,41b7378d-31af-402a-b50d-4d8e204bbd7d
efbb8471-0e82-4bcb-899c-919ca31e5288,synozur.com,manualCrawl,medium,2026-05-05 21:53:53.154642,2026-05-05 21:53:53.154642,t,,,,41b7378d-31af-402a-b50d-4d8e204bbd7d
e4e7baca-a3b0-4ece-a9e1-3965a4181ccd,synozur.com,manualCrawl,medium,2026-05-05 21:53:53.862979,2026-05-05 21:53:53.862979,t,,,,41b7378d-31af-402a-b50d-4d8e204bbd7d
998f0477-f6f5-4f8d-8b8b-f53b4677a3e0,synozur.com,manualCrawl,medium,2026-05-05 21:53:52.627505,2026-05-05 21:53:52.627505,t,,,,41b7378d-31af-402a-b50d-4d8e204bbd7d
8b25406e-55db-4ad6-bf4a-cac00586f2b2,synozur.com,manualCrawl,medium,2026-05-05 21:54:06.729317,2026-05-05 21:54:06.729317,t,,,,41b7378d-31af-402a-b50d-4d8e204bbd7d
54bd4af9-97d9-47d6-a1d4-9067e1af53c2,synozur.com,manualCrawl,medium,2026-05-05 21:54:05.416946,2026-05-05 21:54:05.416946,t,,,,41b7378d-31af-402a-b50d-4d8e204bbd7d
22e41e2a-bfcd-4adb-b0a1-abf4ef57fbd6,synozur.com,manualCrawl,medium,2026-05-05 21:54:08.359975,2026-05-05 21:54:08.359975,t,,,,41b7378d-31af-402a-b50d-4d8e204bbd7d
d114f69c-794a-40a7-8e00-69d6d01f0ae0,synozur.com,manualCrawl,medium,2026-05-05 21:54:20.377684,2026-05-05 21:54:20.377684,t,,,,41b7378d-31af-402a-b50d-4d8e204bbd7d
cd1ab83b-f638-4387-938f-04a4542fe594,synozur.com,manualCrawl,medium,2026-05-05 21:54:29.084888,2026-05-05 21:54:29.084888,t,,,,41b7378d-31af-402a-b50d-4d8e204bbd7d
1220103a-db17-43df-9690-456d9a0e3c8a,synozur.com,manualBriefingRebuild,high,2026-05-05 21:54:56.623547,2026-05-05 21:54:56.623547,t,,,,116500d0-357e-4ace-a7af-7264ed58e22a
54deddda-8959-49d3-98b4-d2c3094beddd,synozur.com,manualBattlecardRegen,medium,2026-05-05 21:55:36.400931,2026-05-05 21:55:36.400931,t,,,,d16785bb-93ce-4fc1-b10c-4ed18d8d7acd
f0130f21-e9c9-4b9b-9ba8-1201a312ff9d,synozur.com,manualCrawl,medium,2026-05-05 21:56:28.95949,2026-05-05 21:56:28.95949,t,,,,d16785bb-93ce-4fc1-b10c-4ed18d8d7acd
82150c1c-47a3-41fc-9360-de41796c6547,synozur.com,aiResearch,high,2026-05-05 21:59:48.726534,2026-05-05 21:59:48.726534,t,,,,d5b93415-3a37-4128-bc4b-40e2a29197a8
e76f6af5-31e6-4fa8-81c3-b7a196ddac48,synozur.com,manualCrawl,medium,2026-05-05 21:59:44.522574,2026-05-05 21:59:44.522574,t,,,,d16785bb-93ce-4fc1-b10c-4ed18d8d7acd
1ad8b08e-22cc-4214-953b-9b3a6280cb65,synozur.com,manualBattlecardRegen,medium,2026-05-05 21:59:28.9321,2026-05-05 21:59:28.9321,t,,,,c6dfbcda-8020-46c6-a5e8-d13f4238fa37
f5f5be0f-044f-47e3-8e61-ed61f1950d05,synozur.com,manualBattlecardRegen,medium,2026-05-05 22:00:12.98488,2026-05-05 22:00:12.98488,t,,,,d16785bb-93ce-4fc1-b10c-4ed18d8d7acd
e4a9719d-1706-4e9e-9cf4-ddc41f340550,synozur.com,manualCrawl,medium,2026-05-05 22:01:00.928202,2026-05-05 22:01:00.928202,t,,,,d5b93415-3a37-4128-bc4b-40e2a29197a8
f378fba2-b544-4e57-967a-2a44d42a8d87,synozur.com,manualBattlecardRegen,medium,2026-05-05 22:01:01.244223,2026-05-05 22:01:01.244223,t,,,,c6dfbcda-8020-46c6-a5e8-d13f4238fa37
235c2f13-86ff-4a19-ba97-b553a6529daf,synozur.com,manualCrawl,medium,2026-05-05 22:02:20.523049,2026-05-05 22:02:20.523049,t,,,,d16785bb-93ce-4fc1-b10c-4ed18d8d7acd
3b0e0996-0425-4f7f-923d-df7fc189a38b,synozur.com,manualBattlecardRegen,medium,2026-05-05 22:02:03.913815,2026-05-05 22:02:03.913815,t,,,,c6dfbcda-8020-46c6-a5e8-d13f4238fa37
abaa1905-0332-42ea-abac-9c4a50e3741f,synozur.com,manualBattlecardRegen,medium,2026-05-05 22:03:48.614759,2026-05-05 22:03:48.614759,t,,,,c6dfbcda-8020-46c6-a5e8-d13f4238fa37
fb4840f4-9b47-4160-bfa2-bc95c2d40ea4,synozur.com,aiResearch,high,2026-05-05 22:05:27.977467,2026-05-05 22:05:27.977467,t,,,,116500d0-357e-4ace-a7af-7264ed58e22a
d9f09761-b109-45d2-9d07-c0d6bc1e0d92,synozur.com,manualBattlecardRegen,medium,2026-05-05 22:05:04.333313,2026-05-05 22:05:04.333313,t,,,,c6dfbcda-8020-46c6-a5e8-d13f4238fa37
e4fa0bc4-72ed-45ce-a03c-29b9ed91dfc8,synozur.com,manualBattlecardRegen,medium,2026-05-05 22:07:05.750495,2026-05-05 22:07:05.750495,t,,,,c6dfbcda-8020-46c6-a5e8-d13f4238fa37
f6f33273-78dd-48b8-af06-b4685df54395,synozur.com,aiPersonaGen,medium,2026-05-05 22:11:33.129677,2026-05-05 22:11:33.129677,t,,,,116500d0-357e-4ace-a7af-7264ed58e22a
672c03cf-9707-43eb-b25c-3ad832cda806,synozur.com,aiPersonaGen,medium,2026-05-05 22:12:21.230696,2026-05-05 22:12:21.230696,t,,,,c6dfbcda-8020-46c6-a5e8-d13f4238fa37
adf770a2-399f-4cf2-80e4-5589e78432b5,synozur.com,aiResearch,high,2026-05-05 22:12:12.961077,2026-05-05 22:12:12.961077,t,,,,d16785bb-93ce-4fc1-b10c-4ed18d8d7acd
0342b6fc-00d8-4a45-b69a-5b9e56fe1280,synozur.com,manualCrawl,medium,2026-05-05 22:18:45.46696,2026-05-05 22:18:45.46696,f,,,,116500d0-357e-4ace-a7af-7264ed58e22a
6fe23503-6eed-4794-87c0-09668339f4f6,synozur.com,aiResearch,high,2026-05-05 22:24:02.313362,2026-05-05 22:24:02.313362,t,,,,c6dfbcda-8020-46c6-a5e8-d13f4238fa37
61ff4727-2535-4c88-a0f8-34ef92b1e79f,synozur.com,manualCrawl,medium,2026-05-05 22:28:01.972904,2026-05-05 22:28:01.972904,t,,,,900566a4-436d-4c5d-b9ef-3c15df72a303
ef3e665e-82d5-495a-b3c6-4d86c0784dc5,synozur.com,manualCrawl,medium,2026-05-05 22:30:36.240015,2026-05-05 22:30:36.240015,,,,,c6dfbcda-8020-46c6-a5e8-d13f4238fa37
16868112-4080-4804-8f29-c470f6fb39c1,synozur.com,manualCrawl,medium,2026-05-05 22:30:34.168373,2026-05-05 22:30:34.168373,t,,,,c6dfbcda-8020-46c6-a5e8-d13f4238fa37
65fb083e-c08b-4db7-852a-9f5fe18e4da6,synozur.com,manualCrawl,medium,2026-05-05 22:30:33.004831,2026-05-05 22:30:33.004831,t,,,,c6dfbcda-8020-46c6-a5e8-d13f4238fa37
257e290c-ee1e-4f39-ad8a-fa2503354815,synozur.com,manualCrawl,medium,2026-05-05 22:30:35.773658,2026-05-05 22:30:35.773658,t,,,,c6dfbcda-8020-46c6-a5e8-d13f4238fa37
7cc6b927-c3fc-4b7d-81cd-07d291284d10,synozur.com,manualCrawl,medium,2026-05-05 22:30:57.057764,2026-05-05 22:30:57.057764,t,,,,c6dfbcda-8020-46c6-a5e8-d13f4238fa37
9d1f3690-ca5f-465f-a7e5-56034e6b4655,synozur.com,manualBriefingRebuild,high,2026-05-05 22:36:38.867207,2026-05-05 22:36:38.867207,t,,,,41b7378d-31af-402a-b50d-4d8e204bbd7d
4d45852f-ac96-47cd-9d64-8f8334b9ed49,synozur.com,manualBriefingRebuild,high,2026-05-05 22:37:32.105896,2026-05-05 22:37:32.105896,t,,,,d5b93415-3a37-4128-bc4b-40e2a29197a8
62d18a31-7264-4abc-8947-48d175db7d42,synozur.com,manualBriefingRebuild,high,2026-05-05 22:40:41.637617,2026-05-05 22:40:41.637617,t,,,,41b7378d-31af-402a-b50d-4d8e204bbd7d
6eae0a0b-e3c5-49a9-bf80-83315239d5e5,synozur.com,manualCrawl,medium,2026-05-05 22:47:09.171925,2026-05-05 22:47:09.171925,t,,,,d5b93415-3a37-4128-bc4b-40e2a29197a8
5ce548cf-dd43-42a8-90b4-4064805812c8,synozur.com,manualCrawl,medium,2026-05-05 22:47:22.342453,2026-05-05 22:47:22.342453,t,,,,d5b93415-3a37-4128-bc4b-40e2a29197a8
e2e654cf-8f1e-4364-b8b0-b386938d52d8,synozur.com,manualCrawl,medium,2026-05-05 22:47:31.090097,2026-05-05 22:47:31.090097,t,,,,d5b93415-3a37-4128-bc4b-40e2a29197a8
1e8bfa87-bd86-4eef-b629-b7188f2fad9a,synozur.com,manualCrawl,medium,2026-05-05 22:47:35.782841,2026-05-05 22:47:35.782841,t,,,,d5b93415-3a37-4128-bc4b-40e2a29197a8
312a9685-7cc1-4b12-9bd7-53b7d6fccceb,synozur.com,manualCrawl,medium,2026-05-05 22:47:52.583065,2026-05-05 22:47:52.583065,t,,,,d5b93415-3a37-4128-bc4b-40e2a29197a8
2c89f84a-48d1-4e66-88bf-13e34b9dba16,synozur.com,manualBattlecardRegen,medium,2026-05-05 22:47:51.924091,2026-05-05 22:47:51.924091,t,,,,116500d0-357e-4ace-a7af-7264ed58e22a
bb58bebe-9b7f-4ba3-b985-caf09a548e6d,synozur.com,manualBattlecardRegen,medium,2026-05-05 22:48:07.992025,2026-05-05 22:48:07.992025,t,,,,116500d0-357e-4ace-a7af-7264ed58e22a
a27f49da-aa47-41f1-b541-31e23fe4bebb,synozur.com,manualCrawl,medium,2026-05-05 22:48:08.177989,2026-05-05 22:48:08.177989,f,,,,d5b93415-3a37-4128-bc4b-40e2a29197a8
33e731fa-ba7b-4d30-a02e-dcf81970dff7,synozur.com,manualBriefingRebuild,high,2026-05-05 23:05:35.443748,2026-05-05 23:05:35.443748,t,,,,116500d0-357e-4ace-a7af-7264ed58e22a
c467e0bc-3460-482e-a383-114ddfeff2fa,synozur.com,manualBattlecardRegen,medium,2026-05-05 23:13:42.24343,2026-05-05 23:13:42.24343,t,,,,6a963bc8-8605-4bdb-ae33-32efe0d5e27d
2c08ee9e-f82a-4857-9a1a-c19a43088e43,synozur.com,manualBattlecardRegen,medium,2026-05-05 23:14:39.507968,2026-05-05 23:14:39.507968,t,,,,6a963bc8-8605-4bdb-ae33-32efe0d5e27d
ece3228d-bb1c-479c-8043-93a41d3fc4fe,synozur.com,manualBattlecardRegen,medium,2026-05-05 23:15:53.73267,2026-05-05 23:15:53.73267,t,,,,6a963bc8-8605-4bdb-ae33-32efe0d5e27d
cce61e9e-49ff-41d9-9f12-a067280987c5,synozur.com,manualBriefingRebuild,high,2026-05-06 00:07:12.721092,2026-05-06 00:07:12.721092,t,,,,6a963bc8-8605-4bdb-ae33-32efe0d5e27d
0811fe6f-10a4-417c-97cd-b1f14e39df53,synozur.com,manualBriefingRebuild,high,2026-05-06 00:07:51.389819,2026-05-06 00:07:51.389819,t,,,,d5b93415-3a37-4128-bc4b-40e2a29197a8
7f5b5283-b46c-4758-80b5-3403467149b7,synozur.com,manualBriefingRebuild,high,2026-05-06 00:08:06.147851,2026-05-06 00:08:06.147851,t,,,,d9f6861d-f090-4103-8bb2-a5c8489552b5
4dc6c8bd-9a6d-46e7-b163-d52f50cc63f4,synozur.com,manualBattlecardRegen,medium,2026-05-06 00:11:55.188821,2026-05-06 00:11:55.188821,t,,,,d5b93415-3a37-4128-bc4b-40e2a29197a8
cc0812e2-d0e3-436e-b113-38bec7c9505a,synozur.com,aiResearch,high,2026-05-06 15:10:28.51719,2026-05-06 15:10:28.51719,t,,,,116500d0-357e-4ace-a7af-7264ed58e22a
ae3366fb-23da-46a7-b0cc-81e3dda893fb,synozur.com,aiResearch,high,2026-05-06 15:35:26.834262,2026-05-06 15:35:26.834262,t,,,,609baf10-d7b7-4ad2-850c-bdb4a791eefd
525344c3-859c-42b6-874c-340305e5bc9b,synozur.com,aiResearch,high,2026-05-06 15:39:53.676777,2026-05-06 15:39:53.676777,,,,,609baf10-d7b7-4ad2-850c-bdb4a791eefd
78a36583-3e93-4fec-981c-e689e4338006,synozur.com,aiResearch,high,2026-05-06 15:45:53.63019,2026-05-06 15:45:53.63019,t,,,,6a963bc8-8605-4bdb-ae33-32efe0d5e27d
502c14bc-ef57-411b-a1cb-7943e5174f0d,synozur.com,aiResearch,high,2026-05-06 15:46:47.572466,2026-05-06 15:46:47.572466,t,,,,d16785bb-93ce-4fc1-b10c-4ed18d8d7acd
b1ee4242-cf33-47ed-80b8-ad5d699c4eaa,synozur.com,aiResearch,high,2026-05-06 15:47:36.573206,2026-05-06 15:47:36.573206,t,,,,d5b93415-3a37-4128-bc4b-40e2a29197a8
0710178d-a0ea-494d-8fed-a398bc18227b,synozur.com,aiResearch,high,2026-05-06 15:55:44.378143,2026-05-06 15:55:44.378143,t,,,,900566a4-436d-4c5d-b9ef-3c15df72a303
cefabdfd-a882-4b61-8cd4-6dcc5fd90184,synozur.com,aiResearch,high,2026-05-06 15:57:09.479492,2026-05-06 15:57:09.479492,t,,,,c6dfbcda-8020-46c6-a5e8-d13f4238fa37
a5e9c3ff-705c-46ca-8fde-c8940c157b75,synozur.com,aiResearch,high,2026-05-06 16:27:45.948654,2026-05-06 16:27:45.948654,t,,,,d9f6861d-f090-4103-8bb2-a5c8489552b5
9bbc080d-5b5d-4545-bb24-90801dc2103d,synozur.com,aiResearch,high,2026-05-06 17:28:25.30228,2026-05-06 17:28:25.30228,t,,,,d5b93415-3a37-4128-bc4b-40e2a29197a8
3b50cd0d-8037-40cb-a3b0-10c4a3f0a008,synozur.com,manualCrawl,medium,2026-05-06 17:40:24.131631,2026-05-06 17:40:24.131631,t,,,,41b7378d-31af-402a-b50d-4d8e204bbd7d
a4b1f3ef-98ae-4292-890c-bbd321e560f4,synozur.com,manualCrawl,medium,2026-05-06 17:40:37.053043,2026-05-06 17:40:37.053043,t,,,,41b7378d-31af-402a-b50d-4d8e204bbd7d
f65e7b5c-d468-4f25-91e7-e1df0bab89d0,synozur.com,manualCrawl,medium,2026-05-06 17:40:49.295765,2026-05-06 17:40:49.295765,t,,,,41b7378d-31af-402a-b50d-4d8e204bbd7d
8082107f-6264-43e6-bbab-4de7d1c7d5a8,synozur.com,manualCrawl,medium,2026-05-06 17:40:59.842632,2026-05-06 17:40:59.842632,t,,,,41b7378d-31af-402a-b50d-4d8e204bbd7d
ddd66a9a-47de-4d3e-b8b5-e675ef362525,synozur.com,manualCrawl,medium,2026-05-06 17:41:14.715517,2026-05-06 17:41:14.715517,t,,,,41b7378d-31af-402a-b50d-4d8e204bbd7d
130237aa-6e68-492b-8a2c-79a838aaf5a9,synozur.com,manualCrawl,medium,2026-05-06 17:41:21.701699,2026-05-06 17:41:21.701699,t,,,,41b7378d-31af-402a-b50d-4d8e204bbd7d
f982c6d9-d415-47e1-9785-13b6432cd15e,synozur.com,aiResearch,high,2026-05-06 17:57:15.422063,2026-05-06 17:57:15.422063,t,,,,116500d0-357e-4ace-a7af-7264ed58e22a
566bd803-b433-4aa8-9aab-8da41c93427a,synozur.com,manualBriefingRebuild,high,2026-05-06 18:05:32.355153,2026-05-06 18:05:32.355153,t,,,,d5b93415-3a37-4128-bc4b-40e2a29197a8
b614b75a-3f4d-4b17-a394-b029b2635e89,synozur.com,linkedinRefresh,low,2026-05-07 21:23:43.970314,2026-05-07 21:23:43.970314,t,,,,41b7378d-31af-402a-b50d-4d8e204bbd7d
3a1fc710-6b5d-4058-9bab-1273bc64a85e,synozur.com,manualCrawl,medium,2026-05-07 21:23:51.000606,2026-05-07 21:23:51.000606,t,,,,41b7378d-31af-402a-b50d-4d8e204bbd7d
69f13275-56f1-4b91-8fcd-b968a43250ff,synozur.com,manualCrawl,medium,2026-05-07 21:23:51.829968,2026-05-07 21:23:51.829968,t,,,,41b7378d-31af-402a-b50d-4d8e204bbd7d
b69bfbec-0bea-4d33-b700-16f74af5108c,synozur.com,manualCrawl,medium,2026-05-07 21:24:02.337727,2026-05-07 21:24:02.337727,t,,,,41b7378d-31af-402a-b50d-4d8e204bbd7d
1a9d7457-682a-4f29-85ab-7d49b8eb34ce,synozur.com,manualCrawl,medium,2026-05-07 21:24:06.67535,2026-05-07 21:24:06.67535,t,,,,41b7378d-31af-402a-b50d-4d8e204bbd7d
1cf8c46b-4a7e-4280-a7b8-e88282ad403b,synozur.com,manualCrawl,medium,2026-05-07 21:24:18.359428,2026-05-07 21:24:18.359428,t,,,,41b7378d-31af-402a-b50d-4d8e204bbd7d
0e57c545-f712-41b9-a4fd-ce997030c0cb,synozur.com,manualCrawl,medium,2026-05-07 21:24:29.27061,2026-05-07 21:24:29.27061,t,,,,41b7378d-31af-402a-b50d-4d8e204bbd7d
2f45412f-1f45-4c89-999e-1377fd63b188,reveillesoftware.com,manualBriefingRebuild,high,2026-05-08 18:32:11.70869,2026-05-08 18:32:11.70869,t,,,,116500d0-357e-4ace-a7af-7264ed58e22a
4b7249e0-1372-4c2b-8b49-d429ec389f2f,reveillesoftware.com,manualBriefingRebuild,high,2026-05-08 21:59:12.58274,2026-05-08 21:59:12.58274,t,,,,116500d0-357e-4ace-a7af-7264ed58e22a
c72d2a13-9774-4b76-9bfa-25755cb905e2,reveillesoftware.com,aiPersonaGen,medium,2026-05-08 22:01:58.28356,2026-05-08 22:01:58.28356,t,,,,116500d0-357e-4ace-a7af-7264ed58e22a
20a6243e-3d50-4f37-9a12-5003dd6830e9,reveillesoftware.com,aiResearch,high,2026-05-08 22:04:05.546214,2026-05-08 22:04:05.546214,t,,,,116500d0-357e-4ace-a7af-7264ed58e22a
14958b8c-e698-4551-b573-535fdd6ae1ed,reveillesoftware.com,manualCrawl,medium,2026-05-08 22:15:11.759839,2026-05-08 22:15:11.759839,t,,,,116500d0-357e-4ace-a7af-7264ed58e22a
4b55c138-2684-4407-8c32-0a7df18a1eba,reveillesoftware.com,aiResearch,high,2026-05-08 22:15:57.884398,2026-05-08 22:15:57.884398,t,,,,116500d0-357e-4ace-a7af-7264ed58e22a
5c3cc107-559f-4003-a0c6-947741a906dd,reveillesoftware.com,manualBattlecardRegen,medium,2026-05-08 22:16:48.747,2026-05-08 22:16:48.747,t,,,,116500d0-357e-4ace-a7af-7264ed58e22a
55fdfd0e-acb1-4280-b301-0d9ffbdd5dfc,reveillesoftware.com,manualBattlecardRegen,medium,2026-05-08 22:17:55.150843,2026-05-08 22:17:55.150843,t,,,,116500d0-357e-4ace-a7af-7264ed58e22a
f405ebca-4683-4843-8d15-5423d8efaee2,reveillesoftware.com,aiResearch,high,2026-05-08 22:16:11.404618,2026-05-08 22:16:11.404618,t,,,,116500d0-357e-4ace-a7af-7264ed58e22a
f59c8113-6229-456f-bb5f-c8e0fcce1095,synozur.com,manualCrawl,medium,2026-05-09 00:00:19.387748,2026-05-09 00:00:19.387748,t,,,,116500d0-357e-4ace-a7af-7264ed58e22a
0c39335f-def3-4137-9f7d-1cfac0e30a94,synozur.com,aiPostGen,medium,2026-05-09 00:02:54.383236,2026-05-09 00:02:54.383236,t,,,,116500d0-357e-4ace-a7af-7264ed58e22a
c12a581d-ca63-4037-9832-17ec1c540e95,synozur.com,manualCrawl,medium,2026-05-09 00:18:51.25757,2026-05-09 00:18:51.25757,t,,,,116500d0-357e-4ace-a7af-7264ed58e22a
f42c9b4d-4294-492e-8aac-2dd820ee3224,synozur.com,aiResearch,high,2026-05-09 00:18:22.986784,2026-05-09 00:18:22.986784,t,,,,116500d0-357e-4ace-a7af-7264ed58e22a
1c711eab-e541-4726-94a9-749d4958b001,synozur.com,manualCrawl,medium,2026-05-09 00:18:56.733704,2026-05-09 00:18:56.733704,t,,,,116500d0-357e-4ace-a7af-7264ed58e22a
a5a67ecf-e2ab-4f66-baa9-8a930510d759,synozur.com,manualCrawl,medium,2026-05-09 00:19:10.843746,2026-05-09 00:19:10.843746,t,,,,116500d0-357e-4ace-a7af-7264ed58e22a
3e274e2f-af8f-4a69-9639-45b2cd51da8f,synozur.com,aiResearch,high,2026-05-09 00:19:01.577295,2026-05-09 00:19:01.577295,t,,,,116500d0-357e-4ace-a7af-7264ed58e22a
13396bee-1378-44d3-a971-9f31d62f6be0,synozur.com,aiResearch,high,2026-05-09 00:19:09.920834,2026-05-09 00:19:09.920834,t,,,,116500d0-357e-4ace-a7af-7264ed58e22a
1b50c0c4-7d32-4220-835f-c6cbd1d9bf9f,synozur.com,aiResearch,high,2026-05-11 04:17:50.97117,2026-05-11 04:17:50.97117,t,,,,116500d0-357e-4ace-a7af-7264ed58e22a
b840d885-c0a8-4f61-81cb-43134ab08019,synozur.com,aiResearch,high,2026-05-11 04:18:50.164312,2026-05-11 04:18:50.164312,t,,,,116500d0-357e-4ace-a7af-7264ed58e22a
0117dbd7-31ec-43e1-b266-bc42e1728110,synozur.com,manualCrawl,medium,2026-05-11 04:19:07.210333,2026-05-11 04:19:07.210333,t,,,,116500d0-357e-4ace-a7af-7264ed58e22a
afdcf34d-1f56-4819-82a9-6f855ab0d325,synozur.com,manualCrawl,medium,2026-05-11 04:19:52.82372,2026-05-11 04:19:52.82372,t,,,,116500d0-357e-4ace-a7af-7264ed58e22a
c66cea6a-3f07-4f55-961f-563feefc3d5e,synozur.com,manualCrawl,medium,2026-05-11 04:20:40.364239,2026-05-11 04:20:40.364239,t,,,,116500d0-357e-4ace-a7af-7264ed58e22a
bfc3cff5-2873-49f4-86f7-f7b173f7f13b,synozur.com,manualCrawl,medium,2026-05-11 04:20:48.184475,2026-05-11 04:20:48.184475,t,,,,116500d0-357e-4ace-a7af-7264ed58e22a
7dad6fb5-5874-44f5-85d0-07d796bfd61a,synozur.com,manualCrawl,medium,2026-05-11 04:20:59.895207,2026-05-11 04:20:59.895207,t,,,,116500d0-357e-4ace-a7af-7264ed58e22a
982072d7-2acf-4d21-bfa8-88fca8b75030,synozur.com,manualCrawl,medium,2026-05-11 04:21:12.069902,2026-05-11 04:21:12.069902,t,,,,116500d0-357e-4ace-a7af-7264ed58e22a
0f31b9b7-efab-41b4-9166-fcf8b61faf9f,synozur.com,manualCrawl,medium,2026-05-11 04:21:16.667914,2026-05-11 04:21:16.667914,t,,,,116500d0-357e-4ace-a7af-7264ed58e22a
31528570-bf1a-4201-8447-c006ebef841f,synozur.com,manualCrawl,medium,2026-05-11 04:21:28.992389,2026-05-11 04:21:28.992389,t,,,,116500d0-357e-4ace-a7af-7264ed58e22a
f11d929a-af8b-4a42-a53b-21611a52cc32,synozur.com,manualCrawl,medium,2026-05-11 04:21:39.640355,2026-05-11 04:21:39.640355,t,,,,116500d0-357e-4ace-a7af-7264ed58e22a
de1c7cda-36bd-45c3-a69c-bee808d82b68,synozur.com,manualCrawl,medium,2026-05-11 04:21:55.711038,2026-05-11 04:21:55.711038,t,,,,116500d0-357e-4ace-a7af-7264ed58e22a
1b9a2deb-809e-4263-b936-c7f16eb3b7e6,synozur.com,manualWebsiteMonitor,low,2026-05-11 04:22:01.230101,2026-05-11 04:22:01.230101,t,,,,116500d0-357e-4ace-a7af-7264ed58e22a
a403d5be-d480-4537-9288-290849045eea,synozur.com,manualBattlecardRegen,medium,2026-05-11 04:22:16.395195,2026-05-11 04:22:16.395195,t,,,,116500d0-357e-4ace-a7af-7264ed58e22a
3c44b966-f52e-4846-94bd-f439d6e47008,synozur.com,aiPersonaGen,medium,2026-05-11 04:22:42.695701,2026-05-11 04:22:42.695701,t,,,,116500d0-357e-4ace-a7af-7264ed58e22a
eee7542d-fcef-46e7-8c1e-cf832ce324a9,synozur.com,manualBattlecardRegen,medium,2026-05-11 04:22:21.694955,2026-05-11 04:22:21.694955,t,,,,116500d0-357e-4ace-a7af-7264ed58e22a
a9a112eb-06a6-420b-a722-d0faadf5b4d0,synozur.com,manualBattlecardRegen,medium,2026-05-11 14:16:25.923151,2026-05-11 14:16:25.923151,t,,,,116500d0-357e-4ace-a7af-7264ed58e22a
df4ae760-33e4-4d31-95b3-1db6773e517c,synozur.com,manualBattlecardRegen,medium,2026-05-11 14:16:31.16512,2026-05-11 14:16:31.16512,t,,,,116500d0-357e-4ace-a7af-7264ed58e22a
28603e18-e409-4d75-b906-594041a981a0,synozur.com,manualBriefingRebuild,high,2026-05-11 14:17:33.758291,2026-05-11 14:17:33.758291,t,,,,116500d0-357e-4ace-a7af-7264ed58e22a
ea2e1816-b7d1-4222-be77-292bf3b9f473,synozur.com,aiResearch,high,2026-05-11 14:17:06.185252,2026-05-11 14:17:06.185252,t,,,,116500d0-357e-4ace-a7af-7264ed58e22a
b5a7ed22-465a-4a6e-bd10-75012101188a,synozur.com,aiResearch,high,2026-05-11 14:17:00.468483,2026-05-11 14:17:00.468483,t,,,,116500d0-357e-4ace-a7af-7264ed58e22a
74bacefb-15e9-4c8d-9b32-f61925098eaa,synozur.com,manualBriefingRebuild,high,2026-05-11 14:38:10.900361,2026-05-11 14:38:10.900361,t,,,,116500d0-357e-4ace-a7af-7264ed58e22a
a627842b-2de2-4679-b6c7-a5c1535054d2,synozur.com,manualCrawl,medium,2026-05-11 15:44:06.267831,2026-05-11 15:44:06.267831,t,,,,116500d0-357e-4ace-a7af-7264ed58e22a
7105c2c9-04ec-420a-af19-13e305f15a11,synozur.com,manualCrawl,medium,2026-05-11 15:44:19.74083,2026-05-11 15:44:19.74083,t,,,,116500d0-357e-4ace-a7af-7264ed58e22a
38b9690a-876f-474b-aa93-861a505f1304,synozur.com,manualCrawl,medium,2026-05-11 15:44:35.366985,2026-05-11 15:44:35.366985,t,,,,116500d0-357e-4ace-a7af-7264ed58e22a
367e93cf-37df-4d5a-bfc5-1633c613744b,synozur.com,manualCrawl,medium,2026-05-11 15:44:48.245823,2026-05-11 15:44:48.245823,t,,,,116500d0-357e-4ace-a7af-7264ed58e22a
2ea7c1b5-f26c-41b7-8121-96240184cdc2,synozur.com,manualCrawl,medium,2026-05-11 15:45:09.563353,2026-05-11 15:45:09.563353,t,,,,116500d0-357e-4ace-a7af-7264ed58e22a
5bad6a4a-add3-4322-bcb5-4283874e1357,synozur.com,linkedinRefresh,low,2026-05-11 17:04:56.728117,2026-05-11 17:04:56.728117,t,,,,116500d0-357e-4ace-a7af-7264ed58e22a
1836ac33-0807-4e58-bff9-d83e4ac14ff0,synozur.com,linkedinRefresh,low,2026-05-11 17:05:01.044851,2026-05-11 17:05:01.044851,t,,,,116500d0-357e-4ace-a7af-7264ed58e22a
76136e75-b166-4ec7-a323-e4ee3333dfbf,synozur.com,linkedinRefresh,low,2026-05-11 17:05:14.283422,2026-05-11 17:05:14.283422,t,,,,116500d0-357e-4ace-a7af-7264ed58e22a
1aab29f4-a6fa-4933-92af-654133dce6d4,synozur.com,linkedinRefresh,low,2026-05-11 17:05:19.466996,2026-05-11 17:05:19.466996,t,,,,116500d0-357e-4ace-a7af-7264ed58e22a
4303363c-cd7e-4da1-9429-c7c23055b9fd,synozur.com,linkedinRefresh,low,2026-05-11 17:05:33.526873,2026-05-11 17:05:33.526873,t,,,,116500d0-357e-4ace-a7af-7264ed58e22a
ee3e1fe2-4389-4a48-8105-b3f33c888f54,synozur.com,linkedinRefresh,low,2026-05-11 17:05:42.899192,2026-05-11 17:05:42.899192,t,,,,116500d0-357e-4ace-a7af-7264ed58e22a
b6edfdc4-e671-4fec-893f-74bc4a5ea725,synozur.com,manualBriefingRebuild,high,2026-05-11 17:05:50.611204,2026-05-11 17:05:50.611204,t,,,,116500d0-357e-4ace-a7af-7264ed58e22a
66b42ab6-06b3-41ee-ae0b-2af9825dc7a1,synozur.com,aiPersonaGen,medium,2026-05-11 18:18:41.697486,2026-05-11 18:18:41.697486,t,,,,116500d0-357e-4ace-a7af-7264ed58e22a
efdf9f20-a492-44f1-9b30-ad7bc10a1836,synozur.com,manualCrawl,medium,2026-05-11 20:49:21.916202,2026-05-11 20:49:21.916202,t,,,,609baf10-d7b7-4ad2-850c-bdb4a791eefd
b5225d7d-eb9b-4ac4-9651-9857940423fa,synozur.com,manualCrawl,medium,2026-05-11 20:49:22.950809,2026-05-11 20:49:22.950809,t,,,,609baf10-d7b7-4ad2-850c-bdb4a791eefd
eab3e6a6-d335-434f-ad8a-d5eb8057ae9b,synozur.com,manualCrawl,medium,2026-05-11 20:49:33.312304,2026-05-11 20:49:33.312304,t,,,,609baf10-d7b7-4ad2-850c-bdb4a791eefd
17bf1b70-664d-4ec5-80df-cb6990c034f6,synozur.com,manualCrawl,medium,2026-05-11 20:49:35.311056,2026-05-11 20:49:35.311056,t,,,,609baf10-d7b7-4ad2-850c-bdb4a791eefd
aaf82d39-f488-4eff-bc96-7722faa1a7af,synozur.com,manualCrawl,medium,2026-05-11 20:49:34.557946,2026-05-11 20:49:34.557946,t,,,,609baf10-d7b7-4ad2-850c-bdb4a791eefd
4e4a0216-f982-47c6-9472-02dac6efcd80,synozur.com,manualCrawl,medium,2026-05-11 20:49:45.211169,2026-05-11 20:49:45.211169,t,,,,609baf10-d7b7-4ad2-850c-bdb4a791eefd
e50ab006-6c25-4761-b7e7-6d05f6208a35,synozur.com,manualCrawl,medium,2026-05-11 20:50:00.909819,2026-05-11 20:50:00.909819,t,,,,609baf10-d7b7-4ad2-850c-bdb4a791eefd
9c034a65-8c58-4666-b8f0-ee52735a263f,synozur.com,manualCrawl,medium,2026-05-11 20:50:12.023009,2026-05-11 20:50:12.023009,t,,,,609baf10-d7b7-4ad2-850c-bdb4a791eefd
343d1bca-348c-4e90-9554-71fb06ec5944,synozur.com,manualCrawl,medium,2026-05-11 20:50:21.433665,2026-05-11 20:50:21.433665,t,,,,609baf10-d7b7-4ad2-850c-bdb4a791eefd
dec55ca1-033e-46b4-97dc-d442a6aeb36d,synozur.com,manualWebsiteMonitor,low,2026-05-11 20:50:32.176438,2026-05-11 20:50:32.176438,t,,,,609baf10-d7b7-4ad2-850c-bdb4a791eefd
3da180bf-b086-4ab3-aedd-68bc3fb7c06a,synozur.com,linkedinRefresh,low,2026-05-11 20:50:35.788119,2026-05-11 20:50:35.788119,t,,,,609baf10-d7b7-4ad2-850c-bdb4a791eefd
406e8bb3-3979-4eea-b1c0-185fe9148b86,synozur.com,manualCrawl,medium,2026-05-11 20:50:42.69455,2026-05-11 20:50:42.69455,t,,,,609baf10-d7b7-4ad2-850c-bdb4a791eefd
81acf8fd-63c9-4938-81df-b573bfba58ae,synozur.com,manualWebsiteMonitor,low,2026-05-11 20:50:48.606435,2026-05-11 20:50:48.606435,t,,,,609baf10-d7b7-4ad2-850c-bdb4a791eefd
8d09d8ff-5103-40a9-a6c5-392174922d84,synozur.com,linkedinRefresh,low,2026-05-11 20:50:55.671904,2026-05-11 20:50:55.671904,t,,,,609baf10-d7b7-4ad2-850c-bdb4a791eefd
49ed8093-2ba3-448a-9b36-e26b19c410e5,synozur.com,manualCrawl,medium,2026-05-11 20:51:00.328915,2026-05-11 20:51:00.328915,t,,,,609baf10-d7b7-4ad2-850c-bdb4a791eefd
b692a0b2-034c-4447-9bc4-f881c1759cc7,synozur.com,manualWebsiteMonitor,low,2026-05-11 20:51:12.057391,2026-05-11 20:51:12.057391,t,,,,609baf10-d7b7-4ad2-850c-bdb4a791eefd
e621e93d-4342-420a-b7d3-0fc0db3ce01c,synozur.com,linkedinRefresh,low,2026-05-11 20:51:14.962454,2026-05-11 20:51:14.962454,t,,,,609baf10-d7b7-4ad2-850c-bdb4a791eefd
e48db81a-05fc-44c9-807e-c9a44ebb97b9,synozur.com,manualBriefingRebuild,high,2026-05-11 21:04:07.680241,2026-05-11 21:04:07.680241,t,,,,609baf10-d7b7-4ad2-850c-bdb4a791eefd
b11dafcc-21af-4d1f-a4e4-04e209a7ff8f,synozur.com,aiPostGen,medium,2026-05-21 13:50:47.627371,2026-05-21 13:50:47.627371,t,,,,116500d0-357e-4ace-a7af-7264ed58e22a
a2c585ab-9868-4ba6-b900-aa70a8a4333a,synozur.com,aiPostGen,medium,2026-05-21 14:16:44.35026,2026-05-21 14:16:44.35026,t,,,,116500d0-357e-4ace-a7af-7264ed58e22a
328a9c86-0474-49e4-bbf2-b12eb8955f82,synozur.com,linkedinRefresh,low,2026-05-21 17:35:53.097702,2026-05-21 17:35:53.097702,t,,,,609baf10-d7b7-4ad2-850c-bdb4a791eefd
41b7cb18-1bbb-4a73-b282-12768d7a73c8,synozur.com,linkedinRefresh,low,2026-05-21 17:35:54.416733,2026-05-21 17:35:54.416733,t,,,,609baf10-d7b7-4ad2-850c-bdb4a791eefd
8034356f-9f0b-43cb-890f-c846137b1f92,synozur.com,regenerateAll,high,2026-05-21 17:36:12.083085,2026-05-21 17:36:12.083085,t,,,,609baf10-d7b7-4ad2-850c-bdb4a791eefd
848a636f-a2cf-4967-9081-41eb31c86581,synozur.com,aiPersonaGen,medium,2026-05-21 17:44:52.23705,2026-05-21 17:44:52.23705,t,,,,609baf10-d7b7-4ad2-850c-bdb4a791eefd
d48a281e-753e-4e99-bbbf-14ab6bb52589,synozur.com,manualCrawl,medium,2026-05-21 17:54:05.054505,2026-05-21 17:54:05.054505,t,,,,609baf10-d7b7-4ad2-850c-bdb4a791eefd
4ed03d21-fa7c-490e-90f1-45d1e16b5a8b,synozur.com,manualCrawl,medium,2026-05-21 17:54:16.961385,2026-05-21 17:54:16.961385,t,,,,609baf10-d7b7-4ad2-850c-bdb4a791eefd
7b9cfe63-97fa-4cca-b5e9-b25967e766ba,synozur.com,manualCrawl,medium,2026-05-21 17:54:31.709495,2026-05-21 17:54:31.709495,t,,,,609baf10-d7b7-4ad2-850c-bdb4a791eefd
cf9f9ae5-0acf-4bdd-931d-13b4e343b4f7,synozur.com,manualCrawl,medium,2026-05-21 17:54:48.397739,2026-05-21 17:54:48.397739,t,,,,609baf10-d7b7-4ad2-850c-bdb4a791eefd
d7bcba28-effb-4dbc-b62d-e08c51d9cd89,synozur.com,manualCrawl,medium,2026-05-21 17:54:52.500726,2026-05-21 17:54:52.500726,t,,,,609baf10-d7b7-4ad2-850c-bdb4a791eefd
dff98709-49b8-4c26-a440-aff36809f9a6,synozur.com,manualCrawl,medium,2026-05-21 17:55:05.695145,2026-05-21 17:55:05.695145,t,,,,609baf10-d7b7-4ad2-850c-bdb4a791eefd
ef54d619-d7a8-4e6b-b38c-b6a5c867dec4,synozur.com,linkedinRefresh,low,2026-05-21 18:00:20.976622,2026-05-21 18:00:20.976622,t,,,,116500d0-357e-4ace-a7af-7264ed58e22a
c9e5ef6d-93cc-4fcb-9bd7-381fb8d7a389,synozur.com,linkedinRefresh,low,2026-05-21 18:00:26.751019,2026-05-21 18:00:26.751019,t,,,,116500d0-357e-4ace-a7af-7264ed58e22a
06df54ba-35e9-4ae0-a496-f31f86764210,synozur.com,linkedinRefresh,low,2026-05-21 18:00:36.740032,2026-05-21 18:00:36.740032,t,,,,116500d0-357e-4ace-a7af-7264ed58e22a
2c305e9c-67e3-4990-89dc-b90b7cf67771,synozur.com,linkedinRefresh,low,2026-05-21 18:00:41.382489,2026-05-21 18:00:41.382489,t,,,,116500d0-357e-4ace-a7af-7264ed58e22a
cc25e538-50c5-419f-93e2-1901c52f2dbd,synozur.com,linkedinRefresh,low,2026-05-21 18:00:55.203745,2026-05-21 18:00:55.203745,t,,,,116500d0-357e-4ace-a7af-7264ed58e22a
9c0b704f-20c3-4389-95fe-4881b40653ca,synozur.com,aiResearch,high,2026-05-21 18:02:04.124738,2026-05-21 18:02:04.124738,t,,,,116500d0-357e-4ace-a7af-7264ed58e22a
7e4f79ef-60fe-49f4-a637-7eb8f371b28f,synozur.com,aiResearch,high,2026-05-21 18:02:44.097111,2026-05-21 18:02:44.097111,t,,,,116500d0-357e-4ace-a7af-7264ed58e22a
5858233c-9fc0-496f-83ff-518a0c03bc67,synozur.com,aiResearch,high,2026-05-21 18:03:17.453486,2026-05-21 18:03:17.453486,t,,,,116500d0-357e-4ace-a7af-7264ed58e22a
114b0c70-a42c-4640-a342-b4e6d1cfb455,synozur.com,linkedinRefresh,low,2026-05-21 18:03:26.985116,2026-05-21 18:03:26.985116,t,,,,116500d0-357e-4ace-a7af-7264ed58e22a
012a123b-6495-433d-ba2e-05117f4d2010,synozur.com,aiResearch,high,2026-05-21 18:03:44.326462,2026-05-21 18:03:44.326462,t,,,,116500d0-357e-4ace-a7af-7264ed58e22a
c6e58205-1681-487a-af98-3dbdd7327845,synozur.com,linkedinRefresh,low,2026-05-21 18:03:54.633721,2026-05-21 18:03:54.633721,t,,,,116500d0-357e-4ace-a7af-7264ed58e22a
2967ac78-4bc9-4feb-8010-3cb917846edf,synozur.com,manualCrawl,medium,2026-05-21 18:04:08.607118,2026-05-21 18:04:08.607118,t,,,,116500d0-357e-4ace-a7af-7264ed58e22a
1281496b-bd43-4e3a-84f7-b44755ab2bcd,synozur.com,manualCrawl,medium,2026-05-21 18:04:22.144236,2026-05-21 18:04:22.144236,t,,,,116500d0-357e-4ace-a7af-7264ed58e22a
ad536a25-7a23-4fd6-8d94-6016c23cf08a,synozur.com,manualCrawl,medium,2026-05-21 18:04:37.978118,2026-05-21 18:04:37.978118,t,,,,116500d0-357e-4ace-a7af-7264ed58e22a
4c954a56-fb0b-44fd-b678-8cebd2764bbc,synozur.com,manualCrawl,medium,2026-05-21 18:04:54.966478,2026-05-21 18:04:54.966478,t,,,,116500d0-357e-4ace-a7af-7264ed58e22a
4a50627c-9de0-4921-8310-6b64717d5a56,synozur.com,manualCrawl,medium,2026-05-21 18:04:58.290343,2026-05-21 18:04:58.290343,t,,,,116500d0-357e-4ace-a7af-7264ed58e22a
b4a6905d-1c47-4cd9-ad1b-543e995272ee,synozur.com,manualCrawl,medium,2026-05-21 18:05:13.250316,2026-05-21 18:05:13.250316,t,,,,116500d0-357e-4ace-a7af-7264ed58e22a
2c259e46-3c4a-44ae-b18e-a75fd6c5bed6,synozur.com,manualBriefingRebuild,high,2026-05-21 18:06:03.311365,2026-05-21 18:06:03.311365,t,,,,116500d0-357e-4ace-a7af-7264ed58e22a
b688f3ce-d7df-487d-a3a3-89abbf755f96,synozur.com,aiPostGen,medium,2026-05-24 16:33:18.751313,2026-05-24 16:33:18.751313,t,,,,116500d0-357e-4ace-a7af-7264ed58e22a
8c71bfb4-f101-4c71-8d40-3166925151e5,synozur.com,aiResearch,high,2026-05-26 15:55:56.691686,2026-05-26 15:55:56.691686,t,,,,116500d0-357e-4ace-a7af-7264ed58e22a
e19aa75b-6064-43f1-b7dc-1b717ed297b5,synozur.com,manualCrawl,medium,2026-05-26 15:58:16.704847,2026-05-26 15:58:16.704847,t,,,,116500d0-357e-4ace-a7af-7264ed58e22a
314b3c52-a369-4d4b-9011-6b311af4a6e0,synozur.com,manualCrawl,medium,2026-05-26 15:58:39.600181,2026-05-26 15:58:39.600181,t,,,,116500d0-357e-4ace-a7af-7264ed58e22a
6fc3e151-67de-47e4-98f9-0b8469abbf51,synozur.com,manualCrawl,medium,2026-05-26 15:58:49.798965,2026-05-26 15:58:49.798965,t,,,,116500d0-357e-4ace-a7af-7264ed58e22a
5ab1174c-f3a4-4345-bdc7-9ac406a29c1e,synozur.com,manualCrawl,medium,2026-05-26 15:59:01.238919,2026-05-26 15:59:01.238919,t,,,,116500d0-357e-4ace-a7af-7264ed58e22a
a8e76b8b-007d-4b31-9126-8cc827cbdf91,synozur.com,manualCrawl,medium,2026-05-26 15:59:20.63963,2026-05-26 15:59:20.63963,t,,,,116500d0-357e-4ace-a7af-7264ed58e22a
afcfb82b-7fa1-4233-80c3-834f2c7fe41f,synozur.com,manualCrawl,medium,2026-05-26 15:59:37.771879,2026-05-26 15:59:37.771879,t,,,,116500d0-357e-4ace-a7af-7264ed58e22a
064d6c59-f24f-46be-93a2-9f97135e2bb5,synozur.com,manualCrawl,medium,2026-05-26 15:59:55.127431,2026-05-26 15:59:55.127431,t,,,,116500d0-357e-4ace-a7af-7264ed58e22a
6e9711cd-78b4-44c4-8b1d-5bd74af31eeb,synozur.com,manualCrawl,medium,2026-05-26 16:00:07.881489,2026-05-26 16:00:07.881489,t,,,,116500d0-357e-4ace-a7af-7264ed58e22a
893d92f5-4679-49f8-800e-2f11a9f71385,synozur.com,linkedinRefresh,low,2026-05-26 16:11:58.351507,2026-05-26 16:11:58.351507,t,,,,116500d0-357e-4ace-a7af-7264ed58e22a
20d07e1a-4a1b-46eb-8bca-12ee99332a16,synozur.com,linkedinRefresh,low,2026-05-26 16:12:03.066098,2026-05-26 16:12:03.066098,t,,,,116500d0-357e-4ace-a7af-7264ed58e22a
935bb338-ec45-4c1b-a32e-22f9db2b5a8c,synozur.com,linkedinRefresh,low,2026-05-26 16:12:13.79617,2026-05-26 16:12:13.79617,f,,,,116500d0-357e-4ace-a7af-7264ed58e22a
752165e7-5a96-4f9f-b73b-d8736ce22d61,synozur.com,linkedinRefresh,low,2026-05-26 16:12:14.76463,2026-05-26 16:12:14.76463,t,,,,116500d0-357e-4ace-a7af-7264ed58e22a
3efb22ec-ab47-4ce8-9d10-e81b32fb6782,synozur.com,linkedinRefresh,low,2026-05-26 16:12:25.553446,2026-05-26 16:12:25.553446,f,,,,116500d0-357e-4ace-a7af-7264ed58e22a
7e0e36a4-3bb9-43b0-84af-f3d9b0464100,synozur.com,linkedinRefresh,low,2026-05-26 16:12:26.489451,2026-05-26 16:12:26.489451,t,,,,116500d0-357e-4ace-a7af-7264ed58e22a
8b6037aa-ecea-4730-887d-0714d021908c,synozur.com,linkedinRefresh,low,2026-05-26 16:12:37.022931,2026-05-26 16:12:37.022931,t,,,,116500d0-357e-4ace-a7af-7264ed58e22a
e329c92e-41f7-4fca-9c8b-4c84d98e945f,synozur.com,linkedinRefresh,low,2026-05-26 16:12:50.628581,2026-05-26 16:12:50.628581,t,,,,116500d0-357e-4ace-a7af-7264ed58e22a
a290ad50-a14f-40ea-9605-8572d82b4aad,synozur.com,linkedinRefresh,low,2026-05-26 16:13:04.412306,2026-05-26 16:13:04.412306,t,,,,116500d0-357e-4ace-a7af-7264ed58e22a
7ab5ab5a-0ce4-4411-b54d-48dbfe18afa3,synozur.com,manualBriefingRebuild,high,2026-05-26 16:13:14.590831,2026-05-26 16:13:14.590831,t,,,,116500d0-357e-4ace-a7af-7264ed58e22a
1c213076-2c94-4e17-a00d-e4fe3c5765d9,synozur.com,manualCrawl,medium,2026-05-27 17:18:00.016709,2026-05-27 17:18:00.016709,t,,,,116500d0-357e-4ace-a7af-7264ed58e22a
8d041209-d7ff-431b-b175-a5e9cd316c01,synozur.com,manualCrawl,medium,2026-05-27 17:18:09.569871,2026-05-27 17:18:09.569871,t,,,,116500d0-357e-4ace-a7af-7264ed58e22a
34f7240c-2e68-411c-9c72-fc51d2a42391,synozur.com,manualCrawl,medium,2026-05-27 17:18:18.69867,2026-05-27 17:18:18.69867,t,,,,116500d0-357e-4ace-a7af-7264ed58e22a
88c94997-9c3e-4673-b415-4620f6b23468,synozur.com,manualCrawl,medium,2026-05-27 17:18:25.2451,2026-05-27 17:18:25.2451,t,,,,116500d0-357e-4ace-a7af-7264ed58e22a
cff3ec0e-f8bf-4394-8ee4-741de5809bec,synozur.com,manualCrawl,medium,2026-05-27 17:18:31.341612,2026-05-27 17:18:31.341612,t,,,,116500d0-357e-4ace-a7af-7264ed58e22a
b0ae808c-4f94-4066-9b44-5e6bffcf2bf1,synozur.com,manualCrawl,medium,2026-05-27 17:18:39.688126,2026-05-27 17:18:39.688126,t,,,,116500d0-357e-4ace-a7af-7264ed58e22a
070ed665-134e-4a05-b03a-60ccccaf42f7,synozur.com,manualBriefingRebuild,high,2026-05-27 17:19:33.836473,2026-05-27 17:19:33.836473,t,,,,116500d0-357e-4ace-a7af-7264ed58e22a
24ed7018-ddfd-49d7-8701-ffdcedf2ee41,synozur.com,manualBattlecardRegen,medium,2026-05-27 17:18:54.385012,2026-05-27 17:18:54.385012,t,,,,116500d0-357e-4ace-a7af-7264ed58e22a
1c4e5c87-0d24-4eea-9f25-bb566184ae89,synozur.com,manualBattlecardRegen,medium,2026-05-27 17:18:54.842392,2026-05-27 17:18:54.842392,t,,,,116500d0-357e-4ace-a7af-7264ed58e22a
a9659107-1b01-4bb9-85e9-32a2bf047909,synozur.com,manualBriefingRebuild,high,2026-05-27 17:21:43.315842,2026-05-27 17:21:43.315842,t,,,,116500d0-357e-4ace-a7af-7264ed58e22a
10916fc0-b368-4e8c-83c9-7b7cffbd2186,synozur.com,manualBriefingRebuild,high,2026-05-27 19:16:14.983406,2026-05-27 19:16:14.983406,t,,,,116500d0-357e-4ace-a7af-7264ed58e22a
335dee0f-a141-4ba8-ab5f-5d6feb589e78,synozur.com,aiResearch,high,2026-05-28 21:45:09.584166,2026-05-28 21:45:09.584166,t,,,,116500d0-357e-4ace-a7af-7264ed58e22a
b6bb3020-c0ec-4dc3-a139-cede71e85d1f,synozur.com,manualCrawl,medium,2026-05-30 01:46:35.538703,2026-05-30 01:46:35.538703,t,,,,116500d0-357e-4ace-a7af-7264ed58e22a
43b8271a-3508-4322-859b-86f43b160ce1,synozur.com,manualCrawl,medium,2026-05-30 01:46:43.866784,2026-05-30 01:46:43.866784,t,,,,116500d0-357e-4ace-a7af-7264ed58e22a
64bda014-3dda-499e-af90-e4f9e0de4db0,synozur.com,manualCrawl,medium,2026-05-30 01:46:56.70133,2026-05-30 01:46:56.70133,t,,,,116500d0-357e-4ace-a7af-7264ed58e22a
8b332c32-f6da-4130-b9c5-6491ea928039,synozur.com,manualCrawl,medium,2026-05-30 01:47:02.032695,2026-05-30 01:47:02.032695,t,,,,116500d0-357e-4ace-a7af-7264ed58e22a
309601a0-d302-4566-93f8-a1cc2a3d962b,synozur.com,manualCrawl,medium,2026-05-30 01:47:18.958914,2026-05-30 01:47:18.958914,t,,,,116500d0-357e-4ace-a7af-7264ed58e22a
3d53cb3f-ac35-4b5c-8b41-d52b3cd3fe59,synozur.com,manualCrawl,medium,2026-05-30 01:47:29.911308,2026-05-30 01:47:29.911308,t,,,,116500d0-357e-4ace-a7af-7264ed58e22a
86b61139-2b36-4c0b-99b4-d45bdcbd817c,synozur.com,manualCrawl,medium,2026-05-30 01:47:39.180731,2026-05-30 01:47:39.180731,t,,,,116500d0-357e-4ace-a7af-7264ed58e22a
4453bb20-c41f-4438-b8dc-89151f726fb5,synozur.com,seoSweep,high,2026-05-30 01:50:19.605077,2026-05-30 01:50:19.605077,t,,,,116500d0-357e-4ace-a7af-7264ed58e22a
cba2fde5-2e91-4584-8f06-ba77d8952a48,synozur.com,seoSweep,high,2026-05-30 01:52:58.161804,2026-05-30 01:52:58.161804,t,,,,116500d0-357e-4ace-a7af-7264ed58e22a
a5f2556f-d635-4f0f-97a0-95c09c2e89be,synozur.com,seoSweep,high,2026-06-01 18:58:16.781665,2026-06-01 18:58:16.781665,t,,,,116500d0-357e-4ace-a7af-7264ed58e22a
d7c7500b-43c2-4eee-85ed-e5a184f1242b,synozur.com,aiPostGen,medium,2026-06-01 20:34:42.853019,2026-06-01 20:34:42.853019,t,,,,116500d0-357e-4ace-a7af-7264ed58e22a
5de789f3-c32f-432e-a364-9f4ce32772df,synozur.com,aiPostGen,medium,2026-06-01 20:50:31.986577,2026-06-01 20:50:31.986577,t,,,,116500d0-357e-4ace-a7af-7264ed58e22a
c7cda01b-35c5-480d-8bb4-e2c0c7854246,synozur.com,aiEmailGen,medium,2026-06-05 13:17:27.81114,2026-06-05 13:17:27.81114,t,,,,116500d0-357e-4ace-a7af-7264ed58e22a
22d5bdbf-20d8-471c-b8f6-d0001d4dd56e,synozur.com,manualBattlecardRegen,medium,2026-06-05 13:50:44.535163,2026-06-05 13:50:44.535163,t,,,,116500d0-357e-4ace-a7af-7264ed58e22a
703a251c-6aa5-450e-b519-1b2267512a88,synozur.com,manualBattlecardRegen,medium,2026-06-05 13:50:47.002919,2026-06-05 13:50:47.002919,t,,,,116500d0-357e-4ace-a7af-7264ed58e22a
a647cb19-993d-4a88-93dc-52ae12c50cab,synozur.com,manualBattlecardRegen,medium,2026-06-05 13:52:17.611483,2026-06-05 13:52:17.611483,t,,,,116500d0-357e-4ace-a7af-7264ed58e22a
6933d583-a7ea-484f-b91c-e4d27b4be40b,synozur.com,manualBattlecardRegen,medium,2026-06-05 13:52:18.688535,2026-06-05 13:52:18.688535,t,,,,116500d0-357e-4ace-a7af-7264ed58e22a
e60dc94e-0883-4aa8-975d-a2194c2008f1,synozur.com,manualBattlecardRegen,medium,2026-06-05 13:55:40.980757,2026-06-05 13:55:40.980757,t,,,,116500d0-357e-4ace-a7af-7264ed58e22a
6e7e2c58-b69e-4954-af33-01ab4b77b1e4,synozur.com,manualBriefingRebuild,high,2026-06-05 13:56:41.614357,2026-06-05 13:56:41.614357,t,,,,116500d0-357e-4ace-a7af-7264ed58e22a
f85b309e-6c5b-4dd4-899f-976d209a8ff4,synozur.com,aiResearch,high,2026-06-05 13:57:13.184123,2026-06-05 13:57:13.184123,t,,,,116500d0-357e-4ace-a7af-7264ed58e22a
d84aea16-e183-48ec-a4b1-bb2777584c42,synozur.com,manualBattlecardRegen,medium,2026-06-05 14:39:23.773666,2026-06-05 14:39:23.773666,t,,,,116500d0-357e-4ace-a7af-7264ed58e22a
70dc1241-47b4-4819-b02d-1d092b135c97,synozur.com,aiPersonaGen,medium,2026-06-05 14:40:00.260517,2026-06-05 14:40:00.260517,t,,,,116500d0-357e-4ace-a7af-7264ed58e22a
9c69beb5-0812-43a3-9af7-031950a17552,synozur.com,aiResearch,high,2026-06-05 14:39:46.352966,2026-06-05 14:39:46.352966,t,,,,116500d0-357e-4ace-a7af-7264ed58e22a
dbceb062-2de3-4521-8a32-13557dbf2cfd,synozur.com,manualBattlecardRegen,medium,2026-06-05 14:39:25.507625,2026-06-05 14:39:25.507625,t,,,,116500d0-357e-4ace-a7af-7264ed58e22a
5b3fb5cb-8935-4ae4-99ec-99c87b9210c7,synozur.com,aiResearch,high,2026-06-05 14:39:52.156212,2026-06-05 14:39:52.156212,t,,,,116500d0-357e-4ace-a7af-7264ed58e22a
7dc69ffb-9b46-4859-9acd-873f8dd9ddb4,synozur.com,manualBattlecardRegen,medium,2026-06-05 14:42:59.428583,2026-06-05 14:42:59.428583,t,,,,116500d0-357e-4ace-a7af-7264ed58e22a
2c0c1a49-886a-43a9-b60b-4a415e3ae718,synozur.com,aiPostGen,medium,2026-06-07 16:13:46.989449,2026-06-07 16:13:46.989449,t,,,,116500d0-357e-4ace-a7af-7264ed58e22a
cb0e3a5b-8fa7-4604-a6d6-747f78f616e2,synozur.com,aiPostGen,medium,2026-06-07 17:17:42.362311,2026-06-07 17:17:42.362311,t,,,,116500d0-357e-4ace-a7af-7264ed58e22a
aadcdda5-29bb-44d8-b0f5-d7de749e596e,synozur.com,aiPostGen,medium,2026-06-07 17:36:46.737128,2026-06-07 17:36:46.737128,t,,,,116500d0-357e-4ace-a7af-7264ed58e22a
18f051f7-e5ea-4176-a535-0fd4dda78f91,synozur.com,aiPostGen,medium,2026-06-07 18:03:11.621435,2026-06-07 18:03:11.621435,t,,,,116500d0-357e-4ace-a7af-7264ed58e22a
83f182b2-3a04-44f8-8f81-2034ad70ba8f,synozur.com,aiPostGen,medium,2026-06-07 20:16:14.783341,2026-06-07 20:16:14.783341,t,,,,116500d0-357e-4ace-a7af-7264ed58e22a
2a9215f1-c0c2-4768-9d9c-f01214e6749b,synozur.com,aiPostGen,medium,2026-06-08 18:53:02.44731,2026-06-08 18:53:02.44731,t,,,,116500d0-357e-4ace-a7af-7264ed58e22a
369ddbc0-f2ca-4fa9-9ba6-d51d757ee1b9,synozur.com,aiPostGen,medium,2026-06-08 18:58:15.280204,2026-06-08 18:58:15.280204,t,,,,116500d0-357e-4ace-a7af-7264ed58e22a
c320832c-4d3b-4c39-9dbb-099b332e34ba,synozur.com,aiPostGen,medium,2026-06-08 19:59:42.571837,2026-06-08 19:59:42.571837,t,,,,116500d0-357e-4ace-a7af-7264ed58e22a
9d12a9bc-a547-4e30-8b3b-ebda44cdff47,synozur.com,aiPostGen,medium,2026-06-08 20:27:53.933968,2026-06-08 20:27:53.933968,t,,,,116500d0-357e-4ace-a7af-7264ed58e22a
2a68af7e-2b68-4bd6-90d1-057f9125d1a9,synozur.com,aiPostGen,medium,2026-06-08 20:53:29.721518,2026-06-08 20:53:29.721518,t,,,,116500d0-357e-4ace-a7af-7264ed58e22a
673ac16a-e754-48c0-a2cb-07243694fdba,synozur.com,aiPostGen,medium,2026-06-08 21:27:54.899749,2026-06-08 21:27:54.899749,t,,,,116500d0-357e-4ace-a7af-7264ed58e22a
86b19aaa-8f8d-4ac4-8d45-10757236fb7f,synozur.com,aiPostGen,medium,2026-06-08 21:30:45.428407,2026-06-08 21:30:45.428407,t,,,,116500d0-357e-4ace-a7af-7264ed58e22a
176f25aa-7303-4f4c-928d-cd7a0c27b57c,synozur.com,manualCrawl,medium,2026-06-08 23:24:27.377651,2026-06-08 23:24:27.377651,t,,,,116500d0-357e-4ace-a7af-7264ed58e22a
b6346e63-562c-4282-abad-5e1525c240de,synozur.com,aiEmailGen,medium,2026-06-08 23:30:41.676029,2026-06-08 23:30:41.676029,t,,,,116500d0-357e-4ace-a7af-7264ed58e22a
d8ef2d0f-f7d4-40ef-a941-a6273f4b998f,synozur.com,aiEmailGen,medium,2026-06-08 23:38:50.91577,2026-06-08 23:38:50.91577,t,,,,116500d0-357e-4ace-a7af-7264ed58e22a
dd0fc281-f061-4e42-918c-54c71e68662b,synozur.com,aiResearch,high,2026-06-09 01:47:28.473132,2026-06-09 01:47:28.473132,t,,,,116500d0-357e-4ace-a7af-7264ed58e22a
b1ba90ee-7e8f-40cd-8375-141d4d713e63,synozur.com,aiResearch,high,2026-06-09 01:50:55.143327,2026-06-09 01:50:55.143327,t,,,,116500d0-357e-4ace-a7af-7264ed58e22a
1d03ca29-68c9-4c3c-afdd-3689dbc4306c,synozur.com,manualBattlecardRegen,medium,2026-06-09 13:39:31.809003,2026-06-09 13:39:31.809003,t,,,,116500d0-357e-4ace-a7af-7264ed58e22a
1a22731d-2eb7-4bab-b9ae-fee43e229487,synozur.com,manualBattlecardRegen,medium,2026-06-09 13:39:31.818017,2026-06-09 13:39:31.818017,t,,,,116500d0-357e-4ace-a7af-7264ed58e22a
15701474-683e-4383-bb71-6f42139bd18a,synozur.com,manualBattlecardRegen,medium,2026-06-09 13:39:31.849247,2026-06-09 13:39:31.849247,t,,,,116500d0-357e-4ace-a7af-7264ed58e22a
8ced8fec-7861-4364-ad80-efa1ac176969,synozur.com,manualBattlecardRegen,medium,2026-06-09 13:39:31.867187,2026-06-09 13:39:31.867187,t,,,,116500d0-357e-4ace-a7af-7264ed58e22a
385fa31a-db0d-4952-a9da-26bc8a6155ac,synozur.com,manualBattlecardRegen,medium,2026-06-09 13:39:31.878167,2026-06-09 13:39:31.878167,t,,,,116500d0-357e-4ace-a7af-7264ed58e22a
583a21d2-bab2-451d-a479-40d851623f15,synozur.com,aiResearch,high,2026-06-09 22:28:04.345653,2026-06-09 22:28:04.345653,t,,,,116500d0-357e-4ace-a7af-7264ed58e22a
057b9a8b-5772-44f1-bad7-0e60251ebe28,synozur.com,aiPersonaGen,medium,2026-06-09 22:55:39.245579,2026-06-09 22:55:39.245579,t,,,,116500d0-357e-4ace-a7af-7264ed58e22a
44f5029d-6aed-4269-8d52-98f3f8e4141d,synozur.com,linkedinRefresh,low,2026-06-10 11:42:05.655543,2026-06-10 11:42:05.655543,t,,,,116500d0-357e-4ace-a7af-7264ed58e22a
4c679545-abd9-4584-b90f-e23f01bcf53c,synozur.com,linkedinRefresh,low,2026-06-10 11:42:16.697039,2026-06-10 11:42:16.697039,t,,,,116500d0-357e-4ace-a7af-7264ed58e22a
e44c0744-43d9-4e03-926f-1f049f6d790d,synozur.com,aiResearch,high,2026-06-10 11:44:11.982803,2026-06-10 11:44:11.982803,t,,,,116500d0-357e-4ace-a7af-7264ed58e22a
a8e4dda1-0180-4e35-b059-ea2ca20c3a04,chrismcnulty.net,manualCrawl,medium,2026-06-11 00:42:03.529867,2026-06-11 00:42:03.529867,t,,,,116500d0-357e-4ace-a7af-7264ed58e22a
f73cf8de-d01c-4d82-a2cc-8dd40ea42cc5,chrismcnulty.net,manualCrawl,medium,2026-06-11 00:42:50.637095,2026-06-11 00:42:50.637095,t,,,,116500d0-357e-4ace-a7af-7264ed58e22a
51acfab6-f122-41a4-94a7-217cdc846aa3,chrismcnulty.net,manualCrawl,medium,2026-06-11 01:58:53.957031,2026-06-11 01:58:53.957031,t,,,,116500d0-357e-4ace-a7af-7264ed58e22a
57b74bfe-e98f-4bd1-be54-d4ecfeae80b3,chrismcnulty.net,aiPostGen,medium,2026-06-11 02:04:08.829081,2026-06-11 02:04:08.829081,t,,,,116500d0-357e-4ace-a7af-7264ed58e22a
e9696644-da91-468a-9b4f-1952ae19bca9,chrismcnulty.net,aiEmailGen,medium,2026-06-11 14:53:35.366307,2026-06-11 14:53:35.366307,t,,,,116500d0-357e-4ace-a7af-7264ed58e22a
774cd967-9e68-4479-a6c5-1f15a7e9798d,synozur.com,aiResearch,high,2026-06-11 15:38:51.761983,2026-06-11 15:38:51.761983,t,,,,116500d0-357e-4ace-a7af-7264ed58e22a
656569ca-9abe-4da5-8398-57617f3fb516,synozur.com,manualWebsiteMonitor,low,2026-06-11 15:39:01.319359,2026-06-11 15:39:01.319359,t,,,,116500d0-357e-4ace-a7af-7264ed58e22a
94136f2f-587a-4bf2-a5e3-3882b375d658,synozur.com,linkedinRefresh,low,2026-06-11 15:39:13.957524,2026-06-11 15:39:13.957524,t,,,,116500d0-357e-4ace-a7af-7264ed58e22a
ee6a345e-a5aa-420a-b32c-23f80961527f,synozur.com,seoSweep,high,2026-06-11 15:40:13.947434,2026-06-11 15:40:13.947434,t,,,,116500d0-357e-4ace-a7af-7264ed58e22a
1fcd8e0f-6a1e-46d9-99fe-bfc41a70506c,synozur.com,seoSweep,high,2026-06-11 15:41:27.582611,2026-06-11 15:41:27.582611,t,,,,116500d0-357e-4ace-a7af-7264ed58e22a
98772443-7aac-472c-af95-87c54a71f21d,synozur.com,manualCrawl,medium,2026-06-11 15:39:37.667832,2026-06-11 15:39:37.667832,f,,,,116500d0-357e-4ace-a7af-7264ed58e22a
d8ec6a46-42c0-4071-afdc-59a2311c2649,synozur.com,seoSweep,high,2026-06-11 15:45:07.279217,2026-06-11 15:45:07.279217,t,,,,116500d0-357e-4ace-a7af-7264ed58e22a
defd3ab0-7ce7-40dc-98d3-b86a48989c2e,synozur.com,seoSweep,high,2026-06-11 15:45:31.1266,2026-06-11 15:45:31.1266,t,,,,116500d0-357e-4ace-a7af-7264ed58e22a
6a2e904f-adae-43ca-bc3a-97d93955ba95,synozur.com,seoSweep,high,2026-06-11 15:46:26.188517,2026-06-11 15:46:26.188517,t,,,,116500d0-357e-4ace-a7af-7264ed58e22a
13a17fcc-4a0b-4ad6-b5b2-99f42521e1bb,synozur.com,linkedinRefresh,low,2026-06-11 18:01:50.772267,2026-06-11 18:01:50.772267,t,,,,116500d0-357e-4ace-a7af-7264ed58e22a
0c187f4f-410c-4a99-afc4-e4bed64d7411,synozur.com,linkedinRefresh,low,2026-06-11 18:01:58.359101,2026-06-11 18:01:58.359101,t,,,,116500d0-357e-4ace-a7af-7264ed58e22a
99695bb9-9f23-46e5-ab78-86e24a157a38,synozur.com,linkedinRefresh,low,2026-06-11 18:02:16.445723,2026-06-11 18:02:16.445723,t,,,,116500d0-357e-4ace-a7af-7264ed58e22a
83ba3b1f-98a2-484e-bba8-6382041bf2ab,synozur.com,linkedinRefresh,low,2026-06-11 18:02:21.643206,2026-06-11 18:02:21.643206,t,,,,116500d0-357e-4ace-a7af-7264ed58e22a
b1382712-4a66-40f0-8f02-9dcf7b78b16e,synozur.com,aiResearch,high,2026-06-11 18:02:14.079215,2026-06-11 18:02:14.079215,t,,,,116500d0-357e-4ace-a7af-7264ed58e22a
02692903-4053-4f41-8e39-658d7aa6fbb7,synozur.com,linkedinRefresh,low,2026-06-11 18:02:38.536612,2026-06-11 18:02:38.536612,t,,,,116500d0-357e-4ace-a7af-7264ed58e22a
f5d4fc55-5c25-4435-9432-7b436cf44951,synozur.com,linkedinRefresh,low,2026-06-11 18:02:51.573759,2026-06-11 18:02:51.573759,t,,,,116500d0-357e-4ace-a7af-7264ed58e22a
566058b6-3536-40ec-9290-5e3e0b79e148,synozur.com,seoSweep,high,2026-06-11 18:20:08.562366,2026-06-11 18:20:08.562366,t,,,,116500d0-357e-4ace-a7af-7264ed58e22a
342a8d9f-9925-4ccf-bb2a-76f4624d92e8,synozur.com,seoSweep,high,2026-06-11 18:20:47.301958,2026-06-11 18:20:47.301958,t,,,,116500d0-357e-4ace-a7af-7264ed58e22a
e79d05e7-2075-446a-83d6-11e86adae57a,synozur.com,manualBattlecardRegen,medium,2026-06-11 23:40:02.146334,2026-06-11 23:40:02.146334,t,,,,116500d0-357e-4ace-a7af-7264ed58e22a
7b24f89d-4473-4678-ba0d-eaa530295ec5,synozur.com,manualBattlecardRegen,medium,2026-06-11 23:40:02.160279,2026-06-11 23:40:02.160279,t,,,,116500d0-357e-4ace-a7af-7264ed58e22a
6f51e59f-3866-4d27-824a-79ff54c88cb1,synozur.com,manualBattlecardRegen,medium,2026-06-11 23:40:02.274625,2026-06-11 23:40:02.274625,t,,,,116500d0-357e-4ace-a7af-7264ed58e22a
70e09744-9b0f-41f2-8ee3-328269021c54,synozur.com,manualBattlecardRegen,medium,2026-06-11 23:40:02.323869,2026-06-11 23:40:02.323869,t,,,,116500d0-357e-4ace-a7af-7264ed58e22a
7a2990ad-d5e8-4299-a9c9-211d7c5ad57a,synozur.com,manualBattlecardRegen,medium,2026-06-11 23:40:02.343197,2026-06-11 23:40:02.343197,t,,,,116500d0-357e-4ace-a7af-7264ed58e22a
06b25df9-328a-4c50-8bfb-1fcf9cbbbb36,synozur.com,manualBattlecardRegen,medium,2026-06-11 23:40:02.348046,2026-06-11 23:40:02.348046,t,,,,116500d0-357e-4ace-a7af-7264ed58e22a
07b2d222-291e-45a5-870e-3e1805dc3a9d,synozur.com,manualBattlecardRegen,medium,2026-06-11 23:40:02.453371,2026-06-11 23:40:02.453371,f,,,,116500d0-357e-4ace-a7af-7264ed58e22a
1a96f91a-e539-4c37-bd1b-9a975c870809,synozur.com,manualBattlecardRegen,medium,2026-06-11 23:40:02.450804,2026-06-11 23:40:02.450804,f,,,,116500d0-357e-4ace-a7af-7264ed58e22a
ef64a423-5766-4b22-9a9e-3a98d68c756e,synozur.com,manualBattlecardRegen,medium,2026-06-11 23:40:02.444124,2026-06-11 23:40:02.444124,f,,,,116500d0-357e-4ace-a7af-7264ed58e22a
bdca9f3b-84c8-4c89-b8e2-a19703d4a25c,synozur.com,manualBattlecardRegen,medium,2026-06-11 23:40:02.471737,2026-06-11 23:40:02.471737,f,,,,116500d0-357e-4ace-a7af-7264ed58e22a
acf8efcf-9949-4593-a78b-d05954ae608e,synozur.com,manualBattlecardRegen,medium,2026-06-11 23:40:02.456041,2026-06-11 23:40:02.456041,f,,,,116500d0-357e-4ace-a7af-7264ed58e22a
0415b23a-1381-4ee4-b6c2-afb6a018d6b3,synozur.com,manualCrawl,medium,2026-06-11 23:41:34.40157,2026-06-11 23:41:34.40157,f,,,,116500d0-357e-4ace-a7af-7264ed58e22a
777b9a1d-9568-4f77-974e-a6bd740e15e0,synozur.com,manualCrawl,medium,2026-06-11 23:53:29.263568,2026-06-11 23:53:29.263568,t,,,,116500d0-357e-4ace-a7af-7264ed58e22a
98bed0f9-f9d9-4137-a220-472954f7d67f,synozur.com,manualBattlecardRegen,medium,2026-06-11 23:53:22.830575,2026-06-11 23:53:22.830575,f,,,,116500d0-357e-4ace-a7af-7264ed58e22a
6077a32d-2647-4286-9059-8974b7eac37e,synozur.com,manualBattlecardRegen,medium,2026-06-11 23:53:36.772208,2026-06-11 23:53:36.772208,f,,,,116500d0-357e-4ace-a7af-7264ed58e22a
095398f1-2afe-499c-82f8-b0876af6b07d,synozur.com,aiFeatureExtract,medium,2026-06-11 23:56:00.979561,2026-06-11 23:56:00.979561,t,,,,116500d0-357e-4ace-a7af-7264ed58e22a
5540484e-65c8-443e-926f-3638f3f3793e,synozur.com,manualCrawl,medium,2026-06-11 23:53:27.682369,2026-06-11 23:53:27.682369,f,,,,116500d0-357e-4ace-a7af-7264ed58e22a
61bf24f3-a37c-48bd-929c-c8546f9d4a85,synozur.com,aiPostGen,medium,2026-06-12 20:32:17.444927,2026-06-12 20:32:17.444927,t,,,,116500d0-357e-4ace-a7af-7264ed58e22a
10317e4e-e78a-4495-ac26-13c9fb736a7a,synozur.com,aiPostGen,medium,2026-06-12 20:32:17.900855,2026-06-12 20:32:17.900855,t,,,,116500d0-357e-4ace-a7af-7264ed58e22a
fdc32db5-232a-4e1b-bc85-28d75f2df1cc,synozur.com,aiPostGen,medium,2026-06-12 21:03:39.301698,2026-06-12 21:03:39.301698,t,,,,116500d0-357e-4ace-a7af-7264ed58e22a
c6d8a83e-170b-4fa6-87de-75a97f95ceae,synozur.com,generateProspectDossier,high,2026-06-14 17:32:22.987533,2026-06-14 17:32:22.987533,t,,,,116500d0-357e-4ace-a7af-7264ed58e22a
f2cfb252-0a2e-4e6f-9650-71f6a1524b1f,synozur.com,discoverProspects,high,2026-06-14 17:36:53.164274,2026-06-14 17:36:53.164274,t,,,,116500d0-357e-4ace-a7af-7264ed58e22a
dd79f014-59dd-4d64-9a7d-eb4a96b97d3e,synozur.com,discoverProspects,high,2026-06-14 18:09:56.128929,2026-06-14 18:09:56.128929,t,,,,116500d0-357e-4ace-a7af-7264ed58e22a
d464165d-d6db-48cc-8785-23831a7cc73e,synozur.com,discoverProspects,high,2026-06-14 20:38:37.787893,2026-06-14 20:38:37.787893,t,,,,116500d0-357e-4ace-a7af-7264ed58e22a
b9018514-31ab-4e45-8bf6-507505f1a1f3,synozur.com,generateProspectDossier,high,2026-06-14 21:52:14.027527,2026-06-14 21:52:14.027527,t,,,,116500d0-357e-4ace-a7af-7264ed58e22a
28a0a2ae-a62c-43c1-9b66-afbc9ea8c44d,synozur.com,generateProspectDossier,high,2026-06-14 21:52:52.09182,2026-06-14 21:52:52.09182,t,,,,116500d0-357e-4ace-a7af-7264ed58e22a
0b9e3eea-2684-4519-880b-689c9895fea5,synozur.com,generateProspectDossier,high,2026-06-14 21:53:03.062235,2026-06-14 21:53:03.062235,t,,,,116500d0-357e-4ace-a7af-7264ed58e22a
ae95cca3-7ca6-4ff0-85dd-0f403a270db5,synozur.com,generateOutreachDraft,medium,2026-06-14 21:53:37.146729,2026-06-14 21:53:37.146729,t,,,,116500d0-357e-4ace-a7af-7264ed58e22a
7e9d6260-833e-402f-b780-e0869e7ed0f5,synozur.com,discoverProspects,high,2026-06-14 23:47:39.284485,2026-06-14 23:47:39.284485,t,,,,116500d0-357e-4ace-a7af-7264ed58e22a
82906f93-192b-4f90-bb11-3bb0a32e6901,synozur.com,discoverProspects,high,2026-06-15 00:09:04.797134,2026-06-15 00:09:04.797134,t,,,,116500d0-357e-4ace-a7af-7264ed58e22a
ce0fbdd9-822e-48dd-8ce3-ceff361bbe0a,synozur.com,generateProspectDossier,high,2026-06-15 00:10:31.794928,2026-06-15 00:10:31.794928,t,,,,116500d0-357e-4ace-a7af-7264ed58e22a
251e9063-a1b6-450d-b4f1-0d7504e72837,synozur.com,discoverProspects,high,2026-06-15 04:01:42.878793,2026-06-15 04:01:42.878793,f,,,,116500d0-357e-4ace-a7af-7264ed58e22a
aa5d77e0-e6d6-45b4-9a5f-15c6130c219a,synozur.com,generateProspectDossier,high,2026-06-15 04:01:57.762769,2026-06-15 04:01:57.762769,t,,,,116500d0-357e-4ace-a7af-7264ed58e22a
c543b682-887f-4eda-81e2-4ab8466b53fc,synozur.com,generateProspectDossier,high,2026-06-15 04:09:10.982662,2026-06-15 04:09:10.982662,t,,,,116500d0-357e-4ace-a7af-7264ed58e22a
82984254-dae9-41d1-9fbd-cff03b52f456,synozur.com,generateProspectDossier,high,2026-06-15 04:09:12.628765,2026-06-15 04:09:12.628765,t,,,,116500d0-357e-4ace-a7af-7264ed58e22a
a632d207-2f50-41a4-a821-ecb928434dd0,synozur.com,generateProspectDossier,high,2026-06-15 04:09:14.840486,2026-06-15 04:09:14.840486,t,,,,116500d0-357e-4ace-a7af-7264ed58e22a
cb625a95-21e8-45e3-b2da-4dfe027056dc,synozur.com,generateProspectDossier,high,2026-06-15 04:09:30.8715,2026-06-15 04:09:30.8715,t,,,,116500d0-357e-4ace-a7af-7264ed58e22a
254fa2a8-ba3e-45d4-8d5e-1b181d0aedbe,synozur.com,generateProspectDossier,high,2026-06-15 04:09:36.574032,2026-06-15 04:09:36.574032,t,,,,116500d0-357e-4ace-a7af-7264ed58e22a
8eed4e50-4589-437f-8504-24fe8822a192,synozur.com,generateProspectDossier,high,2026-06-15 04:09:35.481457,2026-06-15 04:09:35.481457,t,,,,116500d0-357e-4ace-a7af-7264ed58e22a
047e4d26-b554-4af7-b779-a38dfc5caf7b,synozur.com,discoverProspects,high,2026-06-15 11:01:38.290221,2026-06-15 11:01:38.290221,f,,,,116500d0-357e-4ace-a7af-7264ed58e22a
dbb8558e-ee1c-4275-98c0-236d93f0efef,synozur.com,discoverProspects,high,2026-06-15 11:42:43.496363,2026-06-15 11:42:43.496363,f,,,,116500d0-357e-4ace-a7af-7264ed58e22a
6b9368d8-99ae-4a0c-b8e6-af773635685f,synozur.com,generateProspectDossier,high,2026-06-15 12:09:59.587585,2026-06-15 12:09:59.587585,t,,,,116500d0-357e-4ace-a7af-7264ed58e22a
ee596c08-6fb6-4274-8a92-57725af8c920,synozur.com,generateProspectDossier,high,2026-06-15 12:10:21.32528,2026-06-15 12:10:21.32528,t,,,,116500d0-357e-4ace-a7af-7264ed58e22a
8a621e51-4964-4431-956d-a724e5f6261e,synozur.com,generateProspectDossier,high,2026-06-15 12:12:57.728125,2026-06-15 12:12:57.728125,t,,,,116500d0-357e-4ace-a7af-7264ed58e22a
0c592ecb-f37a-4945-a4d5-d3cd9e2910bf,synozur.com,generateProspectDossier,high,2026-06-15 12:14:05.590141,2026-06-15 12:14:05.590141,t,,,,116500d0-357e-4ace-a7af-7264ed58e22a
459b8201-7995-418a-a1ac-3a4f5391d022,synozur.com,generateProspectDossier,high,2026-06-15 12:14:10.617751,2026-06-15 12:14:10.617751,t,,,,116500d0-357e-4ace-a7af-7264ed58e22a
0a349a24-f77d-4da6-825b-551524f933cb,synozur.com,generateProspectDossier,high,2026-06-15 12:14:51.048872,2026-06-15 12:14:51.048872,t,,,,116500d0-357e-4ace-a7af-7264ed58e22a
93f8f97d-f5da-477c-9f52-9e8acde910b5,synozur.com,discoverProspects,high,2026-06-15 12:16:07.807697,2026-06-15 12:16:07.807697,f,,,,116500d0-357e-4ace-a7af-7264ed58e22a
8625c272-73e2-4ca4-a366-932e857cdada,synozur.com,discoverProspects,high,2026-06-15 13:06:30.821031,2026-06-15 13:06:30.821031,f,,,,116500d0-357e-4ace-a7af-7264ed58e22a
343103e6-4da0-4e60-b4bb-57d6c7c766ae,synozur.com,manualCrawl,medium,2026-06-15 13:11:44.361815,2026-06-15 13:11:44.361815,t,,,,116500d0-357e-4ace-a7af-7264ed58e22a
dcc9fe9f-db58-4606-963f-d89676825f79,synozur.com,manualCrawl,medium,2026-06-15 13:11:58.71403,2026-06-15 13:11:58.71403,t,,,,116500d0-357e-4ace-a7af-7264ed58e22a
28dcec01-c29c-4cdc-b0ec-434a0b4f0bfd,synozur.com,manualCrawl,medium,2026-06-15 13:12:17.466802,2026-06-15 13:12:17.466802,t,,,,116500d0-357e-4ace-a7af-7264ed58e22a
2aa9b69b-1777-469a-a5ee-4c25b1c5aefb,synozur.com,manualCrawl,medium,2026-06-15 13:12:32.257144,2026-06-15 13:12:32.257144,t,,,,116500d0-357e-4ace-a7af-7264ed58e22a
d9df91e1-f7a2-40e6-b127-156897746b42,synozur.com,manualCrawl,medium,2026-06-15 13:12:46.045086,2026-06-15 13:12:46.045086,t,,,,116500d0-357e-4ace-a7af-7264ed58e22a
ffb96123-497d-49cb-8d95-607a12fef9c5,synozur.com,manualCrawl,medium,2026-06-15 13:13:00.320961,2026-06-15 13:13:00.320961,t,,,,116500d0-357e-4ace-a7af-7264ed58e22a
6b99cecb-b203-4027-8b58-95f5c23ec3fd,synozur.com,seoSweep,high,2026-06-15 13:13:06.989281,2026-06-15 13:13:06.989281,t,,,,116500d0-357e-4ace-a7af-7264ed58e22a
437c5e81-1618-4c7e-832f-42978b2c698b,synozur.com,manualCrawl,medium,2026-06-15 13:13:17.597296,2026-06-15 13:13:17.597296,t,,,,116500d0-357e-4ace-a7af-7264ed58e22a
28c7ef76-44fe-48b1-aaf2-5bb5808f358d,synozur.com,manualCrawl,medium,2026-06-15 13:13:36.174272,2026-06-15 13:13:36.174272,t,,,,116500d0-357e-4ace-a7af-7264ed58e22a
d90a9142-7fa6-4063-9e98-a207eb213cc7,synozur.com,manualCrawl,medium,2026-06-15 13:13:51.342974,2026-06-15 13:13:51.342974,t,,,,116500d0-357e-4ace-a7af-7264ed58e22a
1f82de82-a705-4629-afe7-8e8f33140db6,synozur.com,seoSweep,high,2026-06-15 13:27:21.502036,2026-06-15 13:27:21.502036,t,,,,116500d0-357e-4ace-a7af-7264ed58e22a
7dbfae4b-6791-4ea1-be93-4389243c1f8e,synozur.com,linkedinRefresh,low,2026-06-15 16:47:59.112592,2026-06-15 16:47:59.112592,t,,,,116500d0-357e-4ace-a7af-7264ed58e22a
0419e32d-b032-44ff-a83a-1c4f016747f4,synozur.com,linkedinRefresh,low,2026-06-15 16:47:56.579482,2026-06-15 16:47:56.579482,t,,,,116500d0-357e-4ace-a7af-7264ed58e22a
0f94528a-827e-4d0d-87b6-87c322eb7274,synozur.com,linkedinRefresh,low,2026-06-15 16:47:58.152283,2026-06-15 16:47:58.152283,t,,,,116500d0-357e-4ace-a7af-7264ed58e22a
e5fe61af-c803-44b8-971a-58b0f6e478fb,synozur.com,linkedinRefresh,low,2026-06-15 16:48:27.267692,2026-06-15 16:48:27.267692,t,,,,116500d0-357e-4ace-a7af-7264ed58e22a
ae377bd6-a3c1-4b1f-ac1b-afc1bb6745e6,synozur.com,linkedinRefresh,low,2026-06-15 16:49:11.916298,2026-06-15 16:49:11.916298,t,,,,116500d0-357e-4ace-a7af-7264ed58e22a
9a9f6da3-cb97-4220-9e1c-434166aee0f1,synozur.com,linkedinRefresh,low,2026-06-15 16:49:20.506442,2026-06-15 16:49:20.506442,t,,,,116500d0-357e-4ace-a7af-7264ed58e22a
9d43b4d2-6b73-4fb6-8d4d-90f89b3c0f19,synozur.com,linkedinRefresh,low,2026-06-15 16:49:37.40781,2026-06-15 16:49:37.40781,t,,,,116500d0-357e-4ace-a7af-7264ed58e22a
9a3e4802-d514-4dab-ac7b-09e3950e51d3,synozur.com,linkedinRefresh,low,2026-06-15 16:49:50.824657,2026-06-15 16:49:50.824657,t,,,,116500d0-357e-4ace-a7af-7264ed58e22a
91840682-4b35-4055-9fc0-ad690a512069,synozur.com,linkedinRefresh,low,2026-06-15 16:50:07.052684,2026-06-15 16:50:07.052684,t,,,,116500d0-357e-4ace-a7af-7264ed58e22a
eab8c284-39e1-4967-b043-6130c304dffe,synozur.com,linkedinRefresh,low,2026-06-15 16:50:21.743418,2026-06-15 16:50:21.743418,t,,,,116500d0-357e-4ace-a7af-7264ed58e22a
4a2095b3-7645-4503-9093-32f7a687cd31,synozur.com,linkedinRefresh,low,2026-06-15 16:50:35.594364,2026-06-15 16:50:35.594364,t,,,,116500d0-357e-4ace-a7af-7264ed58e22a
dda54f81-f17f-4522-aaea-01d85284f75b,synozur.com,linkedinRefresh,low,2026-06-15 16:50:50.340743,2026-06-15 16:50:50.340743,t,,,,116500d0-357e-4ace-a7af-7264ed58e22a
0be2543f-3837-4cd9-aecc-0f420ab01128,synozur.com,linkedinRefresh,low,2026-06-15 16:50:57.944185,2026-06-15 16:50:57.944185,t,,,,116500d0-357e-4ace-a7af-7264ed58e22a
e629549b-a89b-45cb-9fa3-a05619ea0c31,synozur.com,manualBriefingRebuild,high,2026-06-15 16:51:18.187327,2026-06-15 16:51:18.187327,t,,,,116500d0-357e-4ace-a7af-7264ed58e22a
6f01ffcf-cb18-41e2-afe2-79f4b98ff125,synozur.com,aiPostGen,medium,2026-06-15 17:02:19.695049,2026-06-15 17:02:19.695049,t,,,,116500d0-357e-4ace-a7af-7264ed58e22a
08cb3cae-f251-4c93-8c55-e9cfc4c129f4,synozur.com,manualBriefingRebuild,high,2026-06-15 18:19:34.954605,2026-06-15 18:19:34.954605,t,,,,116500d0-357e-4ace-a7af-7264ed58e22a
a12dd567-5972-4de6-b70a-8aa25a664660,synozur.com,aiPostGen,medium,2026-06-15 18:34:10.698528,2026-06-15 18:34:10.698528,t,,,,116500d0-357e-4ace-a7af-7264ed58e22a
9918b47a-f24f-4a2f-9708-8276a38d489a,synozur.com,aiPostGen,medium,2026-06-15 19:11:51.831608,2026-06-15 19:11:51.831608,t,,,,116500d0-357e-4ace-a7af-7264ed58e22a
d99754a4-abe9-45a5-9511-4ef8b67cf31c,synozur.com,generateProspectDossier,high,2026-06-15 20:03:21.347705,2026-06-15 20:03:21.347705,t,,,,116500d0-357e-4ace-a7af-7264ed58e22a
8f4e0611-4bc7-4f95-b3e7-d38c6f247781,synozur.com,generateProspectDossier,high,2026-06-15 20:03:24.235821,2026-06-15 20:03:24.235821,t,,,,116500d0-357e-4ace-a7af-7264ed58e22a
5da12371-1a06-4a12-874d-946df8462351,synozur.com,generateProspectDossier,high,2026-06-15 20:03:28.112679,2026-06-15 20:03:28.112679,t,,,,116500d0-357e-4ace-a7af-7264ed58e22a
5dd125f0-05b3-42f5-b9c7-dde726581bc2,synozur.com,generateProspectDossier,high,2026-06-15 20:03:26.560226,2026-06-15 20:03:26.560226,t,,,,116500d0-357e-4ace-a7af-7264ed58e22a
c632cc38-ee2d-49e2-b645-14a0a8321903,synozur.com,generateProspectDossier,high,2026-06-15 20:03:30.174136,2026-06-15 20:03:30.174136,t,,,,116500d0-357e-4ace-a7af-7264ed58e22a
fdd4b5c5-948a-4f79-bb9c-f5059f0c4ff8,synozur.com,generateProspectDossier,high,2026-06-15 20:03:49.87764,2026-06-15 20:03:49.87764,t,,,,116500d0-357e-4ace-a7af-7264ed58e22a
4853877d-2fd7-4a36-b954-4d1bb0a72316,synozur.com,discoverProspects,high,2026-06-15 20:04:11.200261,2026-06-15 20:04:11.200261,t,,,,116500d0-357e-4ace-a7af-7264ed58e22a
c47d94ff-72e6-41b9-9ac6-92971dab0741,synozur.com,generateProspectDossier,high,2026-06-15 20:04:05.411133,2026-06-15 20:04:05.411133,t,,,,116500d0-357e-4ace-a7af-7264ed58e22a
92d43c19-2142-469b-b4a1-26ed43b6f111,synozur.com,generateOutreachDraft,medium,2026-06-15 20:11:27.8285,2026-06-15 20:11:27.8285,t,,,,116500d0-357e-4ace-a7af-7264ed58e22a
c21fbe86-7827-4e7e-bbbe-168604150a09,synozur.com,generateOutreachDraft,medium,2026-06-15 20:11:33.652057,2026-06-15 20:11:33.652057,t,,,,116500d0-357e-4ace-a7af-7264ed58e22a
8c22571b-56e4-47ab-abda-4b646013a49f,synozur.com,linkedinRefresh,low,2026-06-17 13:37:26.491383,2026-06-17 13:37:26.491383,t,,,,116500d0-357e-4ace-a7af-7264ed58e22a
f2abc266-573c-4e70-8e3d-886a4fa0ac07,synozur.com,linkedinRefresh,low,2026-06-17 13:37:39.400659,2026-06-17 13:37:39.400659,t,,,,116500d0-357e-4ace-a7af-7264ed58e22a
45d64450-5fa8-4b15-ad7c-1c3f67ebaaff,synozur.com,linkedinRefresh,low,2026-06-17 13:37:47.185371,2026-06-17 13:37:47.185371,t,,,,116500d0-357e-4ace-a7af-7264ed58e22a
a686d7b0-328d-4236-9086-3ad3bd277340,synozur.com,linkedinRefresh,low,2026-06-17 13:38:01.281137,2026-06-17 13:38:01.281137,t,,,,116500d0-357e-4ace-a7af-7264ed58e22a
3da02eb4-fdc2-4058-ba2d-6a928bd990fc,synozur.com,linkedinRefresh,low,2026-06-17 13:38:15.073193,2026-06-17 13:38:15.073193,t,,,,116500d0-357e-4ace-a7af-7264ed58e22a
e44f4c0c-843c-4565-95f1-09066372a278,synozur.com,linkedinRefresh,low,2026-06-17 13:38:22.187667,2026-06-17 13:38:22.187667,t,,,,116500d0-357e-4ace-a7af-7264ed58e22a
82b8fdcd-8c35-4099-a69f-4ea5ad1d1d47,synozur.com,manualBriefingRebuild,high,2026-06-17 15:29:38.018104,2026-06-17 15:29:38.018104,t,,,,116500d0-357e-4ace-a7af-7264ed58e22a
90c22c42-7cc5-4081-8d86-d8496bc115ce,synozur.com,generateOutreachDraft,medium,2026-06-17 15:40:42.740321,2026-06-17 15:40:42.740321,t,,,,116500d0-357e-4ace-a7af-7264ed58e22a
5c248c2a-1197-450e-afc1-f400e352aca5,synozur.com,enrichProspectContact,high,2026-06-17 15:40:56.487763,2026-06-17 15:40:56.487763,t,,,,116500d0-357e-4ace-a7af-7264ed58e22a
844d364a-167d-4165-aae4-9960876e5580,synozur.com,generateOutreachDraft,medium,2026-06-17 15:42:15.361939,2026-06-17 15:42:15.361939,t,,,,116500d0-357e-4ace-a7af-7264ed58e22a
0fcac79b-d2a1-4654-929d-b5b58c5ff4c2,synozur.com,enrichProspectContact,high,2026-06-17 15:42:22.988085,2026-06-17 15:42:22.988085,t,,,,116500d0-357e-4ace-a7af-7264ed58e22a
5071efeb-0c89-487e-be56-4ebb12fd9667,synozur.com,generateOutreachDraft,medium,2026-06-17 15:44:49.418028,2026-06-17 15:44:49.418028,t,,,,116500d0-357e-4ace-a7af-7264ed58e22a
da383a6c-33c9-4934-9698-5d8c59980027,synozur.com,discoverProspects,high,2026-06-17 15:46:19.104166,2026-06-17 15:46:19.104166,t,,,,116500d0-357e-4ace-a7af-7264ed58e22a
da325be6-12ef-46d5-8669-8ec8bc6898be,synozur.com,discoverProspects,high,2026-06-17 15:47:28.867116,2026-06-17 15:47:28.867116,t,,,,116500d0-357e-4ace-a7af-7264ed58e22a
06fa9c98-4fc6-4a34-9f22-a3b1fdd4a7eb,synozur.com,discoverProspects,high,2026-06-17 16:36:56.245153,2026-06-17 16:36:56.245153,t,,,,116500d0-357e-4ace-a7af-7264ed58e22a
a6e06aba-18db-45d5-b96f-a74b6133b4e6,synozur.com,enrichProspectContact,high,2026-06-17 16:37:24.995817,2026-06-17 16:37:24.995817,t,,,,116500d0-357e-4ace-a7af-7264ed58e22a
fae701ab-2cc1-4320-b2ca-88fd55226601,synozur.com,generateProspectDossier,high,2026-06-17 16:37:24.877687,2026-06-17 16:37:24.877687,t,,,,116500d0-357e-4ace-a7af-7264ed58e22a
bd2f48cd-9fe1-4251-aafc-1190f8c05534,synozur.com,aiPostGen,medium,2026-06-17 18:19:11.048784,2026-06-17 18:19:11.048784,t,,,,116500d0-357e-4ace-a7af-7264ed58e22a
3c38617d-1e9c-4534-958c-3d37dfe1ad9e,synozur.com,discoverProspects,high,2026-06-17 21:10:43.362992,2026-06-17 21:10:43.362992,t,,,,116500d0-357e-4ace-a7af-7264ed58e22a
495ebce8-aed2-4ac6-be6e-7ec0d3d86ea1,synozur.com,discoverProspects,high,2026-06-17 21:10:57.713272,2026-06-17 21:10:57.713272,t,,,,116500d0-357e-4ace-a7af-7264ed58e22a
f874a029-6628-4f9f-8fe1-bae53de792ce,synozur.com,discoverProspects,high,2026-06-17 21:11:06.327679,2026-06-17 21:11:06.327679,t,,,,116500d0-357e-4ace-a7af-7264ed58e22a
fddecc2a-1b30-4837-801a-b2b85e1f22f6,synozur.com,discoverProspects,high,2026-06-17 21:13:27.20194,2026-06-17 21:13:27.20194,t,,,,116500d0-357e-4ace-a7af-7264ed58e22a
fbf9fe04-24af-414d-8373-92fb83c10cde,synozur.com,enrichProspectContact,high,2026-06-17 21:14:03.321545,2026-06-17 21:14:03.321545,t,,,,116500d0-357e-4ace-a7af-7264ed58e22a
52e130d5-3208-47c9-ba2c-522224a52b74,synozur.com,enrichProspectContact,high,2026-06-17 21:14:05.151471,2026-06-17 21:14:05.151471,t,,,,116500d0-357e-4ace-a7af-7264ed58e22a
faa21e16-efdf-4ab4-9ca5-19f46939d45e,synozur.com,enrichProspectContact,high,2026-06-17 21:14:04.171342,2026-06-17 21:14:04.171342,t,,,,116500d0-357e-4ace-a7af-7264ed58e22a
e8e8f35a-c610-4937-a188-de51228de300,synozur.com,enrichProspectContact,high,2026-06-17 21:14:06.327954,2026-06-17 21:14:06.327954,t,,,,116500d0-357e-4ace-a7af-7264ed58e22a
28c3e3ee-9c1b-4342-8a18-eabf6ff72b70,synozur.com,generateProspectDossier,high,2026-06-17 21:14:03.205428,2026-06-17 21:14:03.205428,t,,,,116500d0-357e-4ace-a7af-7264ed58e22a
f075f9dd-d1bd-464e-848d-29b861f3617d,synozur.com,generateProspectDossier,high,2026-06-17 21:14:04.061345,2026-06-17 21:14:04.061345,t,,,,116500d0-357e-4ace-a7af-7264ed58e22a
1774d8c7-d530-4705-bce4-86ee9b13afcd,synozur.com,generateProspectDossier,high,2026-06-17 21:14:05.036706,2026-06-17 21:14:05.036706,t,,,,116500d0-357e-4ace-a7af-7264ed58e22a
f80dc9dc-94dc-40a1-84e1-ea2301cabdd0,synozur.com,generateProspectDossier,high,2026-06-17 21:14:06.216769,2026-06-17 21:14:06.216769,t,,,,116500d0-357e-4ace-a7af-7264ed58e22a
7fa21ec4-896b-4995-b5ba-b80dae9d7975,synozur.com,generateOutreachDraft,medium,2026-06-17 21:25:31.428009,2026-06-17 21:25:31.428009,t,,,,116500d0-357e-4ace-a7af-7264ed58e22a
cb69316e-fed6-44b4-bc1a-c5d4b8700857,synozur.com,enrichProspectContact,high,2026-06-17 21:25:39.60954,2026-06-17 21:25:39.60954,t,,,,116500d0-357e-4ace-a7af-7264ed58e22a
240ee876-a4bd-4fd3-883a-22ae9077414a,synozur.com,generateOutreachDraft,medium,2026-06-17 21:26:04.35865,2026-06-17 21:26:04.35865,t,,,,116500d0-357e-4ace-a7af-7264ed58e22a
9b585de4-03dc-4aa3-a0b5-6ec65e256d6c,synozur.com,enrichProspectContact,high,2026-06-17 21:26:11.529011,2026-06-17 21:26:11.529011,t,,,,116500d0-357e-4ace-a7af-7264ed58e22a
3d379414-405c-4e51-ba83-9876cc365068,synozur.com,aiPostGen,medium,2026-06-18 13:59:30.31404,2026-06-18 13:59:30.31404,t,,,,116500d0-357e-4ace-a7af-7264ed58e22a
de8f0bf6-92e9-4d44-85f2-5f1fbf303201,synozur.com,generateOutreachDraft,medium,2026-06-18 19:45:07.688888,2026-06-18 19:45:07.688888,t,,,,116500d0-357e-4ace-a7af-7264ed58e22a
e561b204-ec7d-4883-86a9-dcdcc8c870e1,synozur.com,aiPostGen,medium,2026-06-20 15:53:53.849112,2026-06-20 15:53:53.849112,t,,,,116500d0-357e-4ace-a7af-7264ed58e22a
f31150e8-4cba-42c3-bacd-0b05e26a3830,synozur.com,manualCrawl,medium,2026-06-20 15:56:38.140909,2026-06-20 15:56:38.140909,t,,,,116500d0-357e-4ace-a7af-7264ed58e22a
d2116701-32c9-46e0-ad56-0e899413c7aa,synozur.com,aiPostGen,medium,2026-06-20 16:20:51.775658,2026-06-20 16:20:51.775658,t,,,,116500d0-357e-4ace-a7af-7264ed58e22a
d42f1009-c0e5-4b82-abf6-bfddd2f12774,synozur.com,aiPostGen,medium,2026-06-20 16:39:13.031246,2026-06-20 16:39:13.031246,t,,,,116500d0-357e-4ace-a7af-7264ed58e22a
355dddad-b04a-49ea-88f5-6e0f52a02bfd,synozur.com,manualCrawl,medium,2026-06-22 23:51:25.757182,2026-06-22 23:51:25.757182,t,,,,116500d0-357e-4ace-a7af-7264ed58e22a
9e38972d-44c0-4b46-86f4-770a674b5ea1,synozur.com,discoverProspects,high,2026-06-23 19:08:28.298946,2026-06-23 19:08:28.298946,f,,,,116500d0-357e-4ace-a7af-7264ed58e22a
19fdf271-ab9b-4e3f-a2f6-238457fb707e,synozur.com,discoverProspects,high,2026-06-23 19:12:03.236971,2026-06-23 19:12:03.236971,t,,,,116500d0-357e-4ace-a7af-7264ed58e22a
911bdc36-6944-4ad7-b26c-8b1d4b39c76a,synozur.com,discoverProspects,high,2026-06-23 19:14:29.461002,2026-06-23 19:14:29.461002,t,,,,116500d0-357e-4ace-a7af-7264ed58e22a
36d50ef2-bfb8-4750-bbf1-bf35fd20a274,synozur.com,discoverProspects,high,2026-06-23 19:14:39.897087,2026-06-23 19:14:39.897087,t,,,,116500d0-357e-4ace-a7af-7264ed58e22a
d665c5bb-1296-481e-9756-55bb9f55b015,synozur.com,discoverProspects,high,2026-06-23 19:15:50.024037,2026-06-23 19:15:50.024037,t,,,,116500d0-357e-4ace-a7af-7264ed58e22a
688118c1-0956-4585-afa0-d650d9795ed1,synozur.com,enrichProspectContact,high,2026-06-23 22:06:52.128373,2026-06-23 22:06:52.128373,f,,,,116500d0-357e-4ace-a7af-7264ed58e22a
9ed83c7d-40c3-4ef6-bdef-97e82a5dcb51,synozur.com,generateProspectDossier,high,2026-06-23 22:06:51.886877,2026-06-23 22:06:51.886877,t,,,,116500d0-357e-4ace-a7af-7264ed58e22a
252c9516-84eb-47d3-8d85-233f769f9237,synozur.com,enrichProspectContact,high,2026-06-23 22:07:18.308782,2026-06-23 22:07:18.308782,f,,,,116500d0-357e-4ace-a7af-7264ed58e22a
7427025d-98c5-4f52-961d-e6cf4934f792,synozur.com,generateProspectDossier,high,2026-06-23 22:07:18.089982,2026-06-23 22:07:18.089982,t,,,,116500d0-357e-4ace-a7af-7264ed58e22a
10271e12-687a-47d4-b06c-071d1ebf19c4,synozur.com,generateOutreachDraft,medium,2026-06-23 22:07:46.604511,2026-06-23 22:07:46.604511,t,,,,116500d0-357e-4ace-a7af-7264ed58e22a
3f17c4b9-865e-4ffc-88c2-70a8b612f0f7,synozur.com,generateOutreachDraft,medium,2026-06-23 22:08:58.438824,2026-06-23 22:08:58.438824,t,,,,116500d0-357e-4ace-a7af-7264ed58e22a
84e44284-504f-4fa8-84b6-1204be978467,synozur.com,generateOutreachDraft,medium,2026-06-24 00:44:47.159167,2026-06-24 00:44:47.159167,t,,,,116500d0-357e-4ace-a7af-7264ed58e22a
8c360a0b-85d7-406a-a83b-f4e5fee48854,synozur.com,enrichProspectContact,high,2026-06-24 00:45:34.98675,2026-06-24 00:45:34.98675,f,,,,116500d0-357e-4ace-a7af-7264ed58e22a
c4cc5e76-7741-450d-b892-2dd89dd12593,synozur.com,generateProspectDossier,high,2026-06-24 00:45:34.77697,2026-06-24 00:45:34.77697,t,,,,116500d0-357e-4ace-a7af-7264ed58e22a
1c24569d-8c61-47a5-8e5f-352495c281bb,synozur.com,enrichProspectContact,high,2026-06-24 00:45:52.164586,2026-06-24 00:45:52.164586,f,,,,116500d0-357e-4ace-a7af-7264ed58e22a
a7cd9217-5321-43ac-b33b-26203ef5c5fc,synozur.com,generateProspectDossier,high,2026-06-24 00:45:51.955517,2026-06-24 00:45:51.955517,t,,,,116500d0-357e-4ace-a7af-7264ed58e22a
cc159337-ca3f-4e5d-ab0c-2bc16ec2323a,synozur.com,generateOutreachDraft,medium,2026-06-24 00:45:58.799898,2026-06-24 00:45:58.799898,t,,,,116500d0-357e-4ace-a7af-7264ed58e22a
74ed3665-49d9-43e6-8536-1e6d8c968f24,synozur.com,discoverProspects,high,2026-06-24 00:47:46.778297,2026-06-24 00:47:46.778297,t,,,,116500d0-357e-4ace-a7af-7264ed58e22a
c4ab53ea-348e-4b5b-9141-4e8575abf769,synozur.com,manualCrawl,medium,2026-06-24 02:39:18.701367,2026-06-24 02:39:18.701367,t,,,,116500d0-357e-4ace-a7af-7264ed58e22a
7be20f11-28ba-443f-a8ba-fb24280bc8de,synozur.com,enrichProspectContact,high,2026-06-24 05:05:50.43191,2026-06-24 05:05:50.43191,f,,,,116500d0-357e-4ace-a7af-7264ed58e22a
743c7e9c-9589-4930-8353-09e71cee7e7b,synozur.com,enrichProspectContact,high,2026-06-24 05:05:54.668207,2026-06-24 05:05:54.668207,f,,,,116500d0-357e-4ace-a7af-7264ed58e22a
d139cac7-b303-4075-b205-524c8c21f272,synozur.com,enrichProspectContact,high,2026-06-24 05:05:58.767175,2026-06-24 05:05:58.767175,f,,,,116500d0-357e-4ace-a7af-7264ed58e22a
43bcc102-189a-4a91-be09-3c2d8cca1385,synozur.com,generateProspectDossier,high,2026-06-24 05:05:50.248609,2026-06-24 05:05:50.248609,t,,,,116500d0-357e-4ace-a7af-7264ed58e22a
9d40ea44-0ddf-4798-89b6-5ffcbcbe1204,synozur.com,enrichProspectContact,high,2026-06-24 05:06:01.241177,2026-06-24 05:06:01.241177,f,,,,116500d0-357e-4ace-a7af-7264ed58e22a
1af472d2-285c-4d32-82f8-a06110a819df,synozur.com,generateProspectDossier,high,2026-06-24 05:05:54.499824,2026-06-24 05:05:54.499824,t,,,,116500d0-357e-4ace-a7af-7264ed58e22a
b61bdb39-eb5d-41f9-abf7-3c4eece09255,synozur.com,generateProspectDossier,high,2026-06-24 05:05:58.600783,2026-06-24 05:05:58.600783,t,,,,116500d0-357e-4ace-a7af-7264ed58e22a
71aa137f-9ccd-4c00-bac8-da6d737c97bf,synozur.com,generateProspectDossier,high,2026-06-24 05:06:01.085929,2026-06-24 05:06:01.085929,t,,,,116500d0-357e-4ace-a7af-7264ed58e22a
e5d985d3-e766-439a-867c-e9fef1b1e95b,synozur.com,enrichProspectContact,high,2026-06-24 05:06:44.33875,2026-06-24 05:06:44.33875,f,,,,116500d0-357e-4ace-a7af-7264ed58e22a
50793461-5796-478c-8e3a-fe03d776acf1,synozur.com,generateProspectDossier,high,2026-06-24 05:06:44.176286,2026-06-24 05:06:44.176286,t,,,,116500d0-357e-4ace-a7af-7264ed58e22a
d11341a8-96c2-4a8f-9e2f-0ed0173326f7,synozur.com,generateOutreachDraft,medium,2026-06-24 05:07:14.746544,2026-06-24 05:07:14.746544,t,,,,116500d0-357e-4ace-a7af-7264ed58e22a
64631b5b-faa7-4c66-9fd2-3ebacb9daaf3,synozur.com,aiPostGen,medium,2026-06-24 14:58:30.245258,2026-06-24 14:58:30.245258,t,,,,116500d0-357e-4ace-a7af-7264ed58e22a
0165cb38-76a8-4218-8713-bd7339f35ad2,synozur.com,enrichProspectContact,high,2026-06-24 20:09:00.544739,2026-06-24 20:09:00.544739,f,,,,116500d0-357e-4ace-a7af-7264ed58e22a
fadcc18a-47b8-42af-81cc-60c8317d047b,synozur.com,generateProspectDossier,high,2026-06-24 20:09:00.419866,2026-06-24 20:09:00.419866,t,,,,116500d0-357e-4ace-a7af-7264ed58e22a
1c3244cc-94b9-4fc4-bbb2-7584d095f89b,synozur.com,enrichProspectContact,high,2026-06-24 20:09:15.685622,2026-06-24 20:09:15.685622,t,,,,116500d0-357e-4ace-a7af-7264ed58e22a
71a215a8-d9d5-4555-9073-3612d3088384,synozur.com,enrichProspectContact,high,2026-06-24 20:09:40.261189,2026-06-24 20:09:40.261189,f,,,,116500d0-357e-4ace-a7af-7264ed58e22a
1716498c-9e47-45f1-bbb3-907eeaed1adc,synozur.com,generateProspectDossier,high,2026-06-24 20:09:15.559548,2026-06-24 20:09:15.559548,t,,,,116500d0-357e-4ace-a7af-7264ed58e22a
6f1d9f5d-89f7-4935-b489-4b54faaf5903,synozur.com,enrichProspectContact,high,2026-06-24 20:09:43.709607,2026-06-24 20:09:43.709607,f,,,,116500d0-357e-4ace-a7af-7264ed58e22a
65516311-fa4d-415c-af1f-0a3e3993d78b,synozur.com,enrichProspectContact,high,2026-06-24 20:09:32.132887,2026-06-24 20:09:32.132887,t,,,,116500d0-357e-4ace-a7af-7264ed58e22a
e6c263a1-e314-42d7-8ed4-08e367e50d52,synozur.com,generateProspectDossier,high,2026-06-24 20:09:40.152369,2026-06-24 20:09:40.152369,t,,,,116500d0-357e-4ace-a7af-7264ed58e22a
241ba8de-21fc-4be2-a461-ac407a7d72af,synozur.com,generateProspectDossier,high,2026-06-24 20:09:43.588186,2026-06-24 20:09:43.588186,t,,,,116500d0-357e-4ace-a7af-7264ed58e22a
a49fab77-fcf8-4b2a-96f9-8599764670f2,synozur.com,generateProspectDossier,high,2026-06-24 20:09:32.017351,2026-06-24 20:09:32.017351,t,,,,116500d0-357e-4ace-a7af-7264ed58e22a
a4df77d0-c67a-4722-9c93-3eb1b32e2a94,synozur.com,enrichProspectContact,high,2026-06-24 20:11:37.345565,2026-06-24 20:11:37.345565,f,,,,116500d0-357e-4ace-a7af-7264ed58e22a
0dac429c-f2a7-4ef6-840c-127e4db7c6ff,synozur.com,generateProspectDossier,high,2026-06-24 20:11:37.222549,2026-06-24 20:11:37.222549,t,,,,116500d0-357e-4ace-a7af-7264ed58e22a
7637c45c-51fa-42bc-bd22-8a301a345d65,synozur.com,generateOutreachDraft,medium,2026-06-24 20:11:50.051394,2026-06-24 20:11:50.051394,t,,,,116500d0-357e-4ace-a7af-7264ed58e22a
1f912bd0-21d0-49b8-91f5-b536e1530a7b,synozur.com,enrichProspectContact,high,2026-06-24 20:11:32.273911,2026-06-24 20:11:32.273911,t,,,,116500d0-357e-4ace-a7af-7264ed58e22a
f3fc8919-04d6-42b9-aeee-9db545d3e37b,synozur.com,generateProspectDossier,high,2026-06-24 20:11:32.163455,2026-06-24 20:11:32.163455,t,,,,116500d0-357e-4ace-a7af-7264ed58e22a
438a19ba-1b28-4bce-9042-ba3329bcd72f,synozur.com,generateOutreachDraft,medium,2026-06-24 20:13:13.753729,2026-06-24 20:13:13.753729,t,,,,116500d0-357e-4ace-a7af-7264ed58e22a
9cad58d9-4733-4427-b996-67f8ff78304c,synozur.com,generateOutreachDraft,medium,2026-06-24 20:13:38.166398,2026-06-24 20:13:38.166398,t,,,,116500d0-357e-4ace-a7af-7264ed58e22a
d49838e2-e501-4511-95cd-b3a975d8e320,synozur.com,generateOutreachDraft,medium,2026-06-24 20:17:38.992566,2026-06-24 20:17:38.992566,t,,,,116500d0-357e-4ace-a7af-7264ed58e22a
64a1705f-a88a-44aa-b273-3195c34ce8ba,synozur.com,generateOutreachDraft,medium,2026-06-24 20:23:22.297374,2026-06-24 20:23:22.297374,t,,,,116500d0-357e-4ace-a7af-7264ed58e22a
a2d775bf-d223-455c-8361-fda95c40d636,synozur.com,enrichProspectContact,high,2026-06-25 13:05:06.32665,2026-06-25 13:05:06.32665,t,,,,116500d0-357e-4ace-a7af-7264ed58e22a
bd2a5b91-045b-49bf-9503-7619c3e44930,synozur.com,generateProspectDossier,high,2026-06-25 13:05:06.190591,2026-06-25 13:05:06.190591,t,,,,116500d0-357e-4ace-a7af-7264ed58e22a
57adc705-3a59-4f03-b402-3428de58e613,synozur.com,enrichProspectContact,high,2026-06-25 13:05:41.741735,2026-06-25 13:05:41.741735,f,,,,116500d0-357e-4ace-a7af-7264ed58e22a
d6cd4372-d4a5-444c-a4f4-fd957ff4a53a,synozur.com,generateProspectDossier,high,2026-06-25 13:05:41.607679,2026-06-25 13:05:41.607679,t,,,,116500d0-357e-4ace-a7af-7264ed58e22a
319ccef6-81c3-4e1d-8a6c-7583a3247f68,synozur.com,discoverProspects,high,2026-06-25 13:07:01.857482,2026-06-25 13:07:01.857482,t,,,,116500d0-357e-4ace-a7af-7264ed58e22a
ea355c4b-0f0b-4e9f-98f3-ca2cfba7a6b0,synozur.com,generateOutreachDraft,medium,2026-06-25 17:04:57.702364,2026-06-25 17:04:57.702364,t,,,,116500d0-357e-4ace-a7af-7264ed58e22a
f2eb071c-fb91-4623-99bf-c2a03f9d646c,synozur.com,aiPersonaGen,medium,2026-06-25 17:08:24.135889,2026-06-25 17:08:24.135889,t,,,,116500d0-357e-4ace-a7af-7264ed58e22a
ce203a58-8c26-4f1c-8235-a479da30257c,synozur.com,enrichProspectContact,high,2026-06-25 17:13:48.215908,2026-06-25 17:13:48.215908,f,,,,116500d0-357e-4ace-a7af-7264ed58e22a
479352a9-ce08-414f-8a0b-646a4e7b8e02,synozur.com,generateProspectDossier,high,2026-06-25 17:13:48.098032,2026-06-25 17:13:48.098032,t,,,,116500d0-357e-4ace-a7af-7264ed58e22a
37ae5508-141e-45f2-96f9-42303edc4a66,synozur.com,enrichProspectContact,high,2026-06-25 17:14:05.535483,2026-06-25 17:14:05.535483,f,,,,116500d0-357e-4ace-a7af-7264ed58e22a
a78b361b-29fb-45b2-bd70-49e19ec98f85,synozur.com,enrichProspectContact,high,2026-06-25 17:14:07.623289,2026-06-25 17:14:07.623289,f,,,,116500d0-357e-4ace-a7af-7264ed58e22a
becee3d9-29b8-4a06-954a-c13165cf80eb,synozur.com,generateProspectDossier,high,2026-06-25 17:14:05.418006,2026-06-25 17:14:05.418006,t,,,,116500d0-357e-4ace-a7af-7264ed58e22a
60182c1a-ce9f-4c12-b6bc-fdf5cc79016f,synozur.com,generateProspectDossier,high,2026-06-25 17:14:07.499574,2026-06-25 17:14:07.499574,t,,,,116500d0-357e-4ace-a7af-7264ed58e22a
0a3b7400-bc3a-41fc-bb44-f2c9f71a3233,synozur.com,generateProspectDossier,high,2026-06-25 17:14:09.082124,2026-06-25 17:14:09.082124,t,,,,116500d0-357e-4ace-a7af-7264ed58e22a
635a8bcc-f1fe-404f-940b-db0c61c00666,synozur.com,enrichProspectContact,high,2026-06-25 17:14:09.201272,2026-06-25 17:14:09.201272,f,,,,116500d0-357e-4ace-a7af-7264ed58e22a
f512ce28-7305-4501-8b7f-2aa051853f66,synozur.com,enrichProspectContact,high,2026-06-25 17:14:11.645551,2026-06-25 17:14:11.645551,f,,,,116500d0-357e-4ace-a7af-7264ed58e22a
930e662d-6ee7-4855-8e3b-6c796d0d66c4,synozur.com,enrichProspectContact,high,2026-06-25 17:14:17.924364,2026-06-25 17:14:17.924364,f,,,,116500d0-357e-4ace-a7af-7264ed58e22a
7879be5c-6189-403a-903e-3fa72a0b9336,synozur.com,generateProspectDossier,high,2026-06-25 17:14:11.537882,2026-06-25 17:14:11.537882,t,,,,116500d0-357e-4ace-a7af-7264ed58e22a
11d45933-6739-4ae8-85c1-694dda7832a1,synozur.com,generateProspectDossier,high,2026-06-25 17:14:17.815607,2026-06-25 17:14:17.815607,t,,,,116500d0-357e-4ace-a7af-7264ed58e22a
98221cea-547f-4b74-b736-4837e78fdb16,synozur.com,enrichProspectContact,high,2026-06-25 17:14:13.64545,2026-06-25 17:14:13.64545,f,,,,116500d0-357e-4ace-a7af-7264ed58e22a
2da78d53-15f8-46db-bb7a-ba99e86f209c,synozur.com,enrichProspectContact,high,2026-06-25 17:14:15.213366,2026-06-25 17:14:15.213366,f,,,,116500d0-357e-4ace-a7af-7264ed58e22a
2e67982c-8c3b-4d5a-8c3d-cf262d6e7720,synozur.com,enrichProspectContact,high,2026-06-25 17:14:16.848024,2026-06-25 17:14:16.848024,f,,,,116500d0-357e-4ace-a7af-7264ed58e22a
f1ea73ed-5c56-4069-9242-d115a1deede6,synozur.com,generateProspectDossier,high,2026-06-25 17:14:13.527157,2026-06-25 17:14:13.527157,t,,,,116500d0-357e-4ace-a7af-7264ed58e22a
1269a2ec-48c2-4345-bfcb-ca81f785a3fb,synozur.com,generateProspectDossier,high,2026-06-25 17:14:15.10158,2026-06-25 17:14:15.10158,t,,,,116500d0-357e-4ace-a7af-7264ed58e22a
42f777c0-34d7-4dbe-965d-85c57ee38a33,synozur.com,generateProspectDossier,high,2026-06-25 17:14:16.725802,2026-06-25 17:14:16.725802,t,,,,116500d0-357e-4ace-a7af-7264ed58e22a
28d37443-119e-4dcc-91e8-b1fce3a75316,synozur.com,enrichProspectContact,high,2026-06-25 17:14:59.203095,2026-06-25 17:14:59.203095,t,,,,116500d0-357e-4ace-a7af-7264ed58e22a
873004d3-6824-4a86-aef6-303b0076c1ca,synozur.com,generateProspectDossier,high,2026-06-25 17:14:59.091748,2026-06-25 17:14:59.091748,t,,,,116500d0-357e-4ace-a7af-7264ed58e22a
07cf7ea2-7c69-42d2-9daf-6872e1a7448b,synozur.com,enrichProspectContact,high,2026-06-25 17:15:22.495887,2026-06-25 17:15:22.495887,f,,,,116500d0-357e-4ace-a7af-7264ed58e22a
751e52b7-4b83-4045-ba14-01351cd5e864,synozur.com,generateProspectDossier,high,2026-06-25 17:15:22.380254,2026-06-25 17:15:22.380254,t,,,,116500d0-357e-4ace-a7af-7264ed58e22a
b982f828-9244-45b9-a816-2245ca9f7668,synozur.com,enrichProspectContact,high,2026-06-25 17:14:18.836559,2026-06-25 17:14:18.836559,f,,,,116500d0-357e-4ace-a7af-7264ed58e22a
7e91fd1e-f639-4cbc-8ba5-dbd15b5cf848,synozur.com,generateProspectDossier,high,2026-06-25 17:14:18.719203,2026-06-25 17:14:18.719203,t,,,,116500d0-357e-4ace-a7af-7264ed58e22a
07affe36-0fa1-4642-9c8e-37c0e2ec171b,synozur.com,enrichProspectContact,high,2026-06-25 17:14:50.961365,2026-06-25 17:14:50.961365,f,,,,116500d0-357e-4ace-a7af-7264ed58e22a
57664287-bbda-4332-8e4e-05e10d6e49c2,synozur.com,enrichProspectContact,high,2026-06-25 17:14:57.397845,2026-06-25 17:14:57.397845,t,,,,116500d0-357e-4ace-a7af-7264ed58e22a
07b9c864-657f-4683-9bcf-b5a193fbd887,synozur.com,enrichProspectContact,high,2026-06-25 17:14:56.278814,2026-06-25 17:14:56.278814,t,,,,116500d0-357e-4ace-a7af-7264ed58e22a
28f84919-a6c3-44a4-ab06-6b1b624ccc77,synozur.com,enrichProspectContact,high,2026-06-25 17:15:01.788863,2026-06-25 17:15:01.788863,t,,,,116500d0-357e-4ace-a7af-7264ed58e22a
c4832b0d-bdfe-40aa-92ef-9246f1537dba,synozur.com,generateProspectDossier,high,2026-06-25 17:14:56.159056,2026-06-25 17:14:56.159056,t,,,,116500d0-357e-4ace-a7af-7264ed58e22a
f1c1b0b9-afad-432b-89f0-cb28805a3bf6,synozur.com,generateProspectDossier,high,2026-06-25 17:14:57.287728,2026-06-25 17:14:57.287728,t,,,,116500d0-357e-4ace-a7af-7264ed58e22a
ce18a45a-d48b-4095-8eb3-90fb0c39621a,synozur.com,generateProspectDossier,high,2026-06-25 17:15:01.674443,2026-06-25 17:15:01.674443,t,,,,116500d0-357e-4ace-a7af-7264ed58e22a
1f3c1b0a-c39b-4023-a7e0-507a7384136c,synozur.com,generateProspectDossier,high,2026-06-25 17:14:50.85277,2026-06-25 17:14:50.85277,t,,,,116500d0-357e-4ace-a7af-7264ed58e22a
56b0c1cc-c05e-490f-8554-9999c2f81d76,synozur.com,enrichProspectContact,high,2026-06-25 17:15:31.842106,2026-06-25 17:15:31.842106,f,,,,116500d0-357e-4ace-a7af-7264ed58e22a
8c5ce416-bc01-495b-8c38-2806f6899db6,synozur.com,generateProspectDossier,high,2026-06-25 17:15:31.716534,2026-06-25 17:15:31.716534,t,,,,116500d0-357e-4ace-a7af-7264ed58e22a
92c733f9-185b-4eb6-be00-287b93a2226f,synozur.com,generateOutreachDraft,medium,2026-06-25 17:16:32.261789,2026-06-25 17:16:32.261789,t,,,,116500d0-357e-4ace-a7af-7264ed58e22a
160d8ebd-96a9-427d-a20d-b52a095d4860,synozur.com,generateOutreachDraft,medium,2026-06-25 17:20:02.649795,2026-06-25 17:20:02.649795,t,,,,116500d0-357e-4ace-a7af-7264ed58e22a
09fc2206-18ac-4a8d-afed-6800a1f7fffa,synozur.com,generateOutreachDraft,medium,2026-06-25 17:20:25.528485,2026-06-25 17:20:25.528485,t,,,,116500d0-357e-4ace-a7af-7264ed58e22a
ac61b73e-90b1-471c-a90d-9e234272abb2,synozur.com,enrichProspectContact,high,2026-06-25 17:21:24.343293,2026-06-25 17:21:24.343293,f,,,,116500d0-357e-4ace-a7af-7264ed58e22a
b6428f13-9436-4f58-857b-01fc2255ddaf,synozur.com,enrichProspectContact,high,2026-06-25 17:21:25.786081,2026-06-25 17:21:25.786081,f,,,,116500d0-357e-4ace-a7af-7264ed58e22a
f6bee79a-2054-446f-8b3c-5cf39154c142,synozur.com,enrichProspectContact,high,2026-06-25 17:21:27.169907,2026-06-25 17:21:27.169907,f,,,,116500d0-357e-4ace-a7af-7264ed58e22a
2fb2afe3-9f66-4f2e-83e3-99001546c21b,synozur.com,enrichProspectContact,high,2026-06-25 17:21:28.860282,2026-06-25 17:21:28.860282,f,,,,116500d0-357e-4ace-a7af-7264ed58e22a
2ed1f8cf-995b-4a73-a685-83214d3a12ba,synozur.com,enrichProspectContact,high,2026-06-25 17:21:30.742122,2026-06-25 17:21:30.742122,f,,,,116500d0-357e-4ace-a7af-7264ed58e22a
6d9835b4-4e65-4a6b-a68b-e9ee50eea83d,synozur.com,generateProspectDossier,high,2026-06-25 17:21:24.223571,2026-06-25 17:21:24.223571,t,,,,116500d0-357e-4ace-a7af-7264ed58e22a
ce60ca4a-ac6c-495f-9330-576c84b21d96,synozur.com,generateProspectDossier,high,2026-06-25 17:21:27.062221,2026-06-25 17:21:27.062221,t,,,,116500d0-357e-4ace-a7af-7264ed58e22a
afa1d4b0-d57a-4954-a7c4-b899a9f312c7,synozur.com,generateProspectDossier,high,2026-06-25 17:21:25.675188,2026-06-25 17:21:25.675188,t,,,,116500d0-357e-4ace-a7af-7264ed58e22a
fdca0f94-c46c-485e-92e3-bdd23b4dbce7,synozur.com,generateProspectDossier,high,2026-06-25 17:21:28.746953,2026-06-25 17:21:28.746953,t,,,,116500d0-357e-4ace-a7af-7264ed58e22a
d03cce27-3cf1-4344-a7a2-1412f3e9399b,synozur.com,generateProspectDossier,high,2026-06-25 17:21:30.614885,2026-06-25 17:21:30.614885,t,,,,116500d0-357e-4ace-a7af-7264ed58e22a
6d32ebdb-8a95-4075-b882-6cccd98830ca,synozur.com,enrichProspectContact,high,2026-06-25 17:22:23.55153,2026-06-25 17:22:23.55153,f,,,,116500d0-357e-4ace-a7af-7264ed58e22a
a3f8db15-8892-469a-8d0b-805b9a91db59,synozur.com,enrichProspectContact,high,2026-06-25 17:22:25.430714,2026-06-25 17:22:25.430714,f,,,,116500d0-357e-4ace-a7af-7264ed58e22a
50893b9e-d63b-4731-aa18-c78ba53dbe33,synozur.com,enrichProspectContact,high,2026-06-25 17:22:28.12353,2026-06-25 17:22:28.12353,f,,,,116500d0-357e-4ace-a7af-7264ed58e22a
38b8d523-34eb-4632-a256-1cf01e810ffc,synozur.com,enrichProspectContact,high,2026-06-25 17:22:30.105155,2026-06-25 17:22:30.105155,f,,,,116500d0-357e-4ace-a7af-7264ed58e22a
814b42ed-81ef-42f5-a829-6332790f8212,synozur.com,enrichProspectContact,high,2026-06-25 17:22:32.361764,2026-06-25 17:22:32.361764,f,,,,116500d0-357e-4ace-a7af-7264ed58e22a
65f79b08-b8ff-40e9-b2ae-9ee89184addc,synozur.com,generateProspectDossier,high,2026-06-25 17:22:23.434567,2026-06-25 17:22:23.434567,t,,,,116500d0-357e-4ace-a7af-7264ed58e22a
527fa027-226b-42b9-af7b-d5e018aa1130,synozur.com,generateProspectDossier,high,2026-06-25 17:22:25.318867,2026-06-25 17:22:25.318867,t,,,,116500d0-357e-4ace-a7af-7264ed58e22a
6f3c7df8-5ae7-49bd-ad61-9efbe5e0d5ec,synozur.com,generateProspectDossier,high,2026-06-25 17:22:28.012625,2026-06-25 17:22:28.012625,t,,,,116500d0-357e-4ace-a7af-7264ed58e22a
38628d7a-263b-4755-911b-62b3173fc844,synozur.com,generateProspectDossier,high,2026-06-25 17:22:29.993931,2026-06-25 17:22:29.993931,t,,,,116500d0-357e-4ace-a7af-7264ed58e22a
c196d5d3-bd02-4d8c-9612-10d4d11acefb,synozur.com,generateProspectDossier,high,2026-06-25 17:22:32.252364,2026-06-25 17:22:32.252364,t,,,,116500d0-357e-4ace-a7af-7264ed58e22a
bd63edd9-47b5-471c-8899-3389d1ac1ffc,synozur.com,enrichProspectContact,high,2026-06-25 17:22:50.920758,2026-06-25 17:22:50.920758,t,,,,116500d0-357e-4ace-a7af-7264ed58e22a
7def442a-1eca-4d25-a6d0-d41e07f751d8,synozur.com,enrichProspectContact,high,2026-06-25 17:23:01.798586,2026-06-25 17:23:01.798586,t,,,,116500d0-357e-4ace-a7af-7264ed58e22a
e7bb8a69-1c96-4c17-8e10-153b81dd2b61,synozur.com,generateProspectDossier,high,2026-06-25 17:22:50.812539,2026-06-25 17:22:50.812539,t,,,,116500d0-357e-4ace-a7af-7264ed58e22a
0df175eb-2101-4a5b-a28d-135364e7726c,synozur.com,generateProspectDossier,high,2026-06-25 17:23:01.670195,2026-06-25 17:23:01.670195,t,,,,116500d0-357e-4ace-a7af-7264ed58e22a
4d557a71-f120-4674-b0b5-44fb74436791,synozur.com,generateOutreachDraft,medium,2026-06-25 17:23:43.338457,2026-06-25 17:23:43.338457,t,,,,116500d0-357e-4ace-a7af-7264ed58e22a
b072ef0f-ca65-4a47-bfa1-181ab5a1073a,synozur.com,generateOutreachDraft,medium,2026-06-25 17:24:37.534652,2026-06-25 17:24:37.534652,t,,,,116500d0-357e-4ace-a7af-7264ed58e22a
8af161d1-faba-4d3b-ac75-6dc3e0e53821,synozur.com,generateOutreachDraft,medium,2026-06-25 17:27:15.400962,2026-06-25 17:27:15.400962,t,,,,116500d0-357e-4ace-a7af-7264ed58e22a
9ebcb263-1219-4a1f-8408-5451c50d15f4,synozur.com,enrichProspectContact,high,2026-06-26 00:41:30.059446,2026-06-26 00:41:30.059446,f,,,,116500d0-357e-4ace-a7af-7264ed58e22a
82ab58cc-eac6-4379-883d-2566cd474702,synozur.com,generateProspectDossier,high,2026-06-26 00:41:29.881208,2026-06-26 00:41:29.881208,t,,,,116500d0-357e-4ace-a7af-7264ed58e22a
d66b5ba6-544b-4e24-a661-09f827abdf62,synozur.com,generateProspectDossier,high,2026-06-26 00:41:33.483729,2026-06-26 00:41:33.483729,t,,,,116500d0-357e-4ace-a7af-7264ed58e22a
04683853-c91f-4694-94b3-4f20451e00e3,synozur.com,enrichProspectContact,high,2026-06-26 00:41:33.637423,2026-06-26 00:41:33.637423,f,,,,116500d0-357e-4ace-a7af-7264ed58e22a
be608846-931b-42b0-b57e-252bda865581,synozur.com,enrichProspectContact,high,2026-06-26 00:41:37.213389,2026-06-26 00:41:37.213389,f,,,,116500d0-357e-4ace-a7af-7264ed58e22a
067972ef-1ae3-4d95-a2b7-aba6d2a1a74c,synozur.com,enrichProspectContact,high,2026-06-26 00:41:40.165979,2026-06-26 00:41:40.165979,f,,,,116500d0-357e-4ace-a7af-7264ed58e22a
24d7cecc-c504-41c9-981d-0dad82a907d2,synozur.com,generateProspectDossier,high,2026-06-26 00:41:37.055739,2026-06-26 00:41:37.055739,t,,,,116500d0-357e-4ace-a7af-7264ed58e22a
f38c899f-ca28-439f-96a9-a0cee390099d,synozur.com,generateProspectDossier,high,2026-06-26 00:41:39.891894,2026-06-26 00:41:39.891894,t,,,,116500d0-357e-4ace-a7af-7264ed58e22a
930bb883-d0c4-4253-8802-ee93817745d0,synozur.com,enrichProspectContact,high,2026-06-26 00:42:02.891415,2026-06-26 00:42:02.891415,f,,,,116500d0-357e-4ace-a7af-7264ed58e22a
7f26e7e9-c7d1-4c87-9c49-3da255bc9021,synozur.com,enrichProspectContact,high,2026-06-26 00:42:06.269814,2026-06-26 00:42:06.269814,f,,,,116500d0-357e-4ace-a7af-7264ed58e22a
e9b516c6-b218-4a6b-a3ed-ecad3deb3051,synozur.com,enrichProspectContact,high,2026-06-26 00:41:56.262803,2026-06-26 00:41:56.262803,t,,,,116500d0-357e-4ace-a7af-7264ed58e22a
e2c37267-784b-4fc1-a724-d429763c175c,synozur.com,generateProspectDossier,high,2026-06-26 00:42:02.734169,2026-06-26 00:42:02.734169,t,,,,116500d0-357e-4ace-a7af-7264ed58e22a
f2ca71c0-5bf4-4376-a949-d85dd3f50d0c,synozur.com,generateProspectDossier,high,2026-06-26 00:42:06.108924,2026-06-26 00:42:06.108924,t,,,,116500d0-357e-4ace-a7af-7264ed58e22a
ec1a9fe0-7e49-4419-8bb1-64c659e177f8,synozur.com,generateProspectDossier,high,2026-06-26 00:41:56.105863,2026-06-26 00:41:56.105863,t,,,,116500d0-357e-4ace-a7af-7264ed58e22a
846a35a8-f93b-40f1-90ec-f742c83ad0ab,synozur.com,enrichProspectContact,high,2026-06-26 00:42:08.640191,2026-06-26 00:42:08.640191,t,,,,116500d0-357e-4ace-a7af-7264ed58e22a
f32d6b03-8ef8-4775-9173-c87e3ca16fe0,synozur.com,enrichProspectContact,high,2026-06-26 00:42:31.821094,2026-06-26 00:42:31.821094,f,,,,116500d0-357e-4ace-a7af-7264ed58e22a
a846d147-b1a5-46b2-8f00-e0d17de3b119,synozur.com,enrichProspectContact,high,2026-06-26 00:42:33.389933,2026-06-26 00:42:33.389933,f,,,,116500d0-357e-4ace-a7af-7264ed58e22a
c1982d34-ed62-44d6-979a-130a498bf3bb,synozur.com,enrichProspectContact,high,2026-06-26 00:42:36.251741,2026-06-26 00:42:36.251741,f,,,,116500d0-357e-4ace-a7af-7264ed58e22a
ed387b23-7c9c-486e-996b-8b00cbc89e9e,synozur.com,enrichProspectContact,high,2026-06-26 00:42:37.006641,2026-06-26 00:42:37.006641,f,,,,116500d0-357e-4ace-a7af-7264ed58e22a
e21eb6b3-a346-419f-ba06-780c48ec8c88,synozur.com,enrichProspectContact,high,2026-06-26 00:42:38.86902,2026-06-26 00:42:38.86902,f,,,,116500d0-357e-4ace-a7af-7264ed58e22a
17014b85-7b0f-48df-9b79-c65d6750c1f5,synozur.com,enrichProspectContact,high,2026-06-26 00:42:41.73704,2026-06-26 00:42:41.73704,f,,,,116500d0-357e-4ace-a7af-7264ed58e22a
9f7765e8-31d8-4a51-8d58-8502e79fcb88,synozur.com,generateProspectDossier,high,2026-06-26 00:42:36.862299,2026-06-26 00:42:36.862299,t,,,,116500d0-357e-4ace-a7af-7264ed58e22a
a82d398a-8675-4bb2-af4b-3e20ebc8a6c5,synozur.com,generateProspectDossier,high,2026-06-26 00:42:36.094199,2026-06-26 00:42:36.094199,t,,,,116500d0-357e-4ace-a7af-7264ed58e22a
8c1232e0-5c1b-4b96-862a-4b40a86ffb95,synozur.com,generateProspectDossier,high,2026-06-26 00:42:33.232591,2026-06-26 00:42:33.232591,t,,,,116500d0-357e-4ace-a7af-7264ed58e22a
490a0e9f-d8fc-49cd-9731-ea4055a5b087,synozur.com,generateProspectDossier,high,2026-06-26 00:42:38.714814,2026-06-26 00:42:38.714814,t,,,,116500d0-357e-4ace-a7af-7264ed58e22a
bc927f94-5c01-47db-a797-0e7956ae0ff9,synozur.com,generateProspectDossier,high,2026-06-26 00:42:31.669107,2026-06-26 00:42:31.669107,t,,,,116500d0-357e-4ace-a7af-7264ed58e22a
f21567e7-2115-4047-8b3b-69e0554124d6,synozur.com,generateProspectDossier,high,2026-06-26 00:42:08.483873,2026-06-26 00:42:08.483873,t,,,,116500d0-357e-4ace-a7af-7264ed58e22a
7ff4c252-23a2-4dbe-817d-9abae9c093a4,synozur.com,generateProspectDossier,high,2026-06-26 00:42:41.597886,2026-06-26 00:42:41.597886,t,,,,116500d0-357e-4ace-a7af-7264ed58e22a
c78e887e-46cb-4709-92ad-943c1d59d7e9,synozur.com,generateOutreachDraft,medium,2026-06-26 00:43:26.320526,2026-06-26 00:43:26.320526,t,,,,116500d0-357e-4ace-a7af-7264ed58e22a
ee642d44-e231-43f3-818a-a4d586c8649f,synozur.com,generateOutreachDraft,medium,2026-06-26 00:44:33.764638,2026-06-26 00:44:33.764638,t,,,,116500d0-357e-4ace-a7af-7264ed58e22a
23d3c51e-a18e-4cd1-bf95-480045c62360,synozur.com,generateOutreachDraft,medium,2026-06-26 00:46:18.013443,2026-06-26 00:46:18.013443,t,,,,116500d0-357e-4ace-a7af-7264ed58e22a
df2ee210-6025-49ee-99d5-5e2b4be58894,synozur.com,enrichProspectContact,high,2026-06-26 00:48:54.245223,2026-06-26 00:48:54.245223,f,,,,116500d0-357e-4ace-a7af-7264ed58e22a
4f7ba21c-eff3-4bd8-9e19-2878f3208761,synozur.com,enrichProspectContact,high,2026-06-26 00:48:56.153776,2026-06-26 00:48:56.153776,f,,,,116500d0-357e-4ace-a7af-7264ed58e22a
d45cc64e-08bf-42bc-a208-f4df87dfd992,synozur.com,enrichProspectContact,high,2026-06-26 00:48:58.341926,2026-06-26 00:48:58.341926,f,,,,116500d0-357e-4ace-a7af-7264ed58e22a
56a1f570-7e1f-490b-bc24-a1fcb808263d,synozur.com,enrichProspectContact,high,2026-06-26 00:49:00.607383,2026-06-26 00:49:00.607383,f,,,,116500d0-357e-4ace-a7af-7264ed58e22a
e37713e1-eed3-452b-a66d-9a9593d74921,synozur.com,enrichProspectContact,high,2026-06-26 00:48:49.61689,2026-06-26 00:48:49.61689,t,,,,116500d0-357e-4ace-a7af-7264ed58e22a
2a3bb15c-6144-4259-b9cc-a3afcf854896,synozur.com,generateProspectDossier,high,2026-06-26 00:48:56.001207,2026-06-26 00:48:56.001207,t,,,,116500d0-357e-4ace-a7af-7264ed58e22a
6baae152-5f49-4f5d-8d25-8ed46820cef4,synozur.com,generateProspectDossier,high,2026-06-26 00:48:54.088262,2026-06-26 00:48:54.088262,t,,,,116500d0-357e-4ace-a7af-7264ed58e22a
48bb51a5-02d0-41ac-bfb4-df8c259abd99,synozur.com,generateProspectDossier,high,2026-06-26 00:48:58.187474,2026-06-26 00:48:58.187474,t,,,,116500d0-357e-4ace-a7af-7264ed58e22a
32214a98-f189-440e-a73a-10e04238f066,synozur.com,generateProspectDossier,high,2026-06-26 00:49:00.451278,2026-06-26 00:49:00.451278,t,,,,116500d0-357e-4ace-a7af-7264ed58e22a
3a3b644d-e350-49db-8831-3001739e309d,synozur.com,generateProspectDossier,high,2026-06-26 00:48:49.471383,2026-06-26 00:48:49.471383,t,,,,116500d0-357e-4ace-a7af-7264ed58e22a
75f403a4-abdb-4797-8ed0-842b32ffbd78,synozur.com,enrichProspectContact,high,2026-06-26 00:49:22.206116,2026-06-26 00:49:22.206116,f,,,,116500d0-357e-4ace-a7af-7264ed58e22a
ebff3427-a00e-485d-bdb4-d146c9b81a44,synozur.com,enrichProspectContact,high,2026-06-26 00:49:30.009662,2026-06-26 00:49:30.009662,f,,,,116500d0-357e-4ace-a7af-7264ed58e22a
9cec35a0-80a4-4ffb-9bff-bc6c38585f45,synozur.com,enrichProspectContact,high,2026-06-26 00:49:32.390207,2026-06-26 00:49:32.390207,f,,,,116500d0-357e-4ace-a7af-7264ed58e22a
eb69f1f1-8a74-4f6c-976a-41beb3e7b319,synozur.com,generateProspectDossier,high,2026-06-26 00:49:22.043852,2026-06-26 00:49:22.043852,t,,,,116500d0-357e-4ace-a7af-7264ed58e22a
20d7ae6f-d633-4b19-8704-4297aa88344b,synozur.com,generateProspectDossier,high,2026-06-26 00:49:29.84673,2026-06-26 00:49:29.84673,t,,,,116500d0-357e-4ace-a7af-7264ed58e22a
9313a6c2-552e-490a-aec5-64c2c43e5a14,synozur.com,generateProspectDossier,high,2026-06-26 00:49:32.24245,2026-06-26 00:49:32.24245,t,,,,116500d0-357e-4ace-a7af-7264ed58e22a
7e3ba579-efbd-46b9-9e41-e1552ae42ae3,synozur.com,generateProspectDossier,high,2026-06-26 00:49:41.529125,2026-06-26 00:49:41.529125,t,,,,116500d0-357e-4ace-a7af-7264ed58e22a
a25e7842-2635-46c2-8b02-a772eb4c7382,synozur.com,enrichProspectContact,high,2026-06-26 00:49:41.678973,2026-06-26 00:49:41.678973,f,,,,116500d0-357e-4ace-a7af-7264ed58e22a
9973ca52-785e-4dcd-938e-f78201bb6420,synozur.com,enrichProspectContact,high,2026-06-26 00:49:53.565019,2026-06-26 00:49:53.565019,f,,,,116500d0-357e-4ace-a7af-7264ed58e22a
28a9d28f-f7ee-4956-bef3-df83626432f1,synozur.com,enrichProspectContact,high,2026-06-26 00:50:00.830811,2026-06-26 00:50:00.830811,f,,,,116500d0-357e-4ace-a7af-7264ed58e22a
5f64298a-b60b-4297-aa63-ccf67038ad09,synozur.com,generateProspectDossier,high,2026-06-26 00:49:53.410314,2026-06-26 00:49:53.410314,t,,,,116500d0-357e-4ace-a7af-7264ed58e22a
29f92651-2987-42bc-a9b3-94729a4253d1,synozur.com,generateProspectDossier,high,2026-06-26 00:50:00.674605,2026-06-26 00:50:00.674605,t,,,,116500d0-357e-4ace-a7af-7264ed58e22a
c7e54512-4bfe-4510-9f67-5a721c5806bf,synozur.com,enrichProspectContact,high,2026-06-26 00:49:56.321055,2026-06-26 00:49:56.321055,f,,,,116500d0-357e-4ace-a7af-7264ed58e22a
0c0ee6b4-9be3-4503-affa-4b797b6c2ba3,synozur.com,enrichProspectContact,high,2026-06-26 00:49:58.347812,2026-06-26 00:49:58.347812,f,,,,116500d0-357e-4ace-a7af-7264ed58e22a
2f8b5d53-06e2-4499-a59f-be6a1783cb02,synozur.com,enrichProspectContact,high,2026-06-26 00:50:10.036251,2026-06-26 00:50:10.036251,f,,,,116500d0-357e-4ace-a7af-7264ed58e22a
327f30fd-7407-4d46-8cb8-27ec141f51d2,synozur.com,generateProspectDossier,high,2026-06-26 00:49:56.16647,2026-06-26 00:49:56.16647,t,,,,116500d0-357e-4ace-a7af-7264ed58e22a
a594a7ec-035c-4a01-845c-769a03c8fb56,synozur.com,generateProspectDossier,high,2026-06-26 00:49:58.193038,2026-06-26 00:49:58.193038,t,,,,116500d0-357e-4ace-a7af-7264ed58e22a
a6a76738-754f-4054-a1e2-609d5861c698,synozur.com,generateProspectDossier,high,2026-06-26 00:50:09.882754,2026-06-26 00:50:09.882754,t,,,,116500d0-357e-4ace-a7af-7264ed58e22a
3acd51a0-bc5a-4131-8c50-41996313bcf5,synozur.com,generateOutreachDraft,medium,2026-06-26 00:50:52.825667,2026-06-26 00:50:52.825667,t,,,,116500d0-357e-4ace-a7af-7264ed58e22a
c2df58eb-3ca2-4288-abef-b78ea8344179,synozur.com,generateOutreachDraft,medium,2026-06-26 00:52:01.375171,2026-06-26 00:52:01.375171,t,,,,116500d0-357e-4ace-a7af-7264ed58e22a
61b671b3-91b4-439e-adc6-58cee304e177,synozur.com,generateOutreachDraft,medium,2026-06-26 00:54:47.976729,2026-06-26 00:54:47.976729,t,,,,116500d0-357e-4ace-a7af-7264ed58e22a
e1852ee0-39f1-414c-8080-65bcf7b509e6,synozur.com,enrichProspectContact,high,2026-06-26 00:57:30.191685,2026-06-26 00:57:30.191685,f,,,,116500d0-357e-4ace-a7af-7264ed58e22a
ada1d735-d201-4455-843b-7e68f5842946,synozur.com,enrichProspectContact,high,2026-06-26 00:57:14.722614,2026-06-26 00:57:14.722614,t,,,,116500d0-357e-4ace-a7af-7264ed58e22a
273c1dfb-48ef-424c-8113-09de1df416ec,synozur.com,generateProspectDossier,high,2026-06-26 00:57:30.033343,2026-06-26 00:57:30.033343,t,,,,116500d0-357e-4ace-a7af-7264ed58e22a
44f00edb-65bc-4f2e-b09c-f04a19666ef8,synozur.com,generateProspectDossier,high,2026-06-26 00:57:14.567315,2026-06-26 00:57:14.567315,t,,,,116500d0-357e-4ace-a7af-7264ed58e22a
c486a063-a0ba-456c-977c-b596c4a84b43,synozur.com,generateOutreachDraft,medium,2026-06-26 00:58:16.857368,2026-06-26 00:58:16.857368,t,,,,116500d0-357e-4ace-a7af-7264ed58e22a
bbeee553-c89c-47aa-9e99-f269bf7c4502,synozur.com,discoverProspects,high,2026-06-26 20:03:21.599146,2026-06-26 20:03:21.599146,t,,,,116500d0-357e-4ace-a7af-7264ed58e22a
d0db6fca-1654-409d-a4b0-92e207486ecf,synozur.com,discoverProspects,high,2026-06-26 20:04:53.118675,2026-06-26 20:04:53.118675,t,,,,116500d0-357e-4ace-a7af-7264ed58e22a
7849ff8a-40fc-4331-a795-16cc7410dcd3,synozur.com,enrichProspectContact,high,2026-06-26 20:05:18.8946,2026-06-26 20:05:18.8946,t,,,,116500d0-357e-4ace-a7af-7264ed58e22a
8d771063-95e1-494b-a8a6-4f19176690ac,synozur.com,generateProspectDossier,high,2026-06-26 20:05:18.786417,2026-06-26 20:05:18.786417,t,,,,116500d0-357e-4ace-a7af-7264ed58e22a
2794ac73-b12f-40a6-a099-286540cd8ac2,synozur.com,enrichProspectContact,high,2026-06-26 20:05:35.802082,2026-06-26 20:05:35.802082,t,,,,116500d0-357e-4ace-a7af-7264ed58e22a
a891b25f-f99b-46df-b594-279a8b91f279,synozur.com,generateProspectDossier,high,2026-06-26 20:05:35.695447,2026-06-26 20:05:35.695447,t,,,,116500d0-357e-4ace-a7af-7264ed58e22a
435ae7b0-d01f-483c-96f9-986589abfd29,synozur.com,manualCrawl,medium,2026-06-26 20:06:14.764364,2026-06-26 20:06:14.764364,f,,,,116500d0-357e-4ace-a7af-7264ed58e22a
f51b4e25-94c0-495b-80f8-5a82ac76cff6,synozur.com,manualCrawl,medium,2026-06-26 21:21:19.523619,2026-06-26 21:21:19.523619,t,,,,116500d0-357e-4ace-a7af-7264ed58e22a
2c9c7024-4fef-4acb-bf81-7bdbebf33bf4,synozur.com,manualCrawl,medium,2026-06-26 21:21:34.778295,2026-06-26 21:21:34.778295,t,,,,116500d0-357e-4ace-a7af-7264ed58e22a
ace7a37c-327c-4dd5-95a2-17fb61512c24,synozur.com,generateOutreachDraft,medium,2026-06-27 00:11:02.56154,2026-06-27 00:11:02.56154,t,,,,116500d0-357e-4ace-a7af-7264ed58e22a
bd06b95a-ef30-4977-980d-0def4427950d,synozur.com,generateOutreachDraft,medium,2026-06-27 00:11:37.902443,2026-06-27 00:11:37.902443,t,,,,116500d0-357e-4ace-a7af-7264ed58e22a
4e4204be-e09f-4863-91af-5ea20c0d9690,synozur.com,enrichProspectContact,high,2026-06-27 00:11:54.867601,2026-06-27 00:11:54.867601,t,,,,116500d0-357e-4ace-a7af-7264ed58e22a
da48e0d0-cfd9-4605-8dc7-f4fa6829f52a,synozur.com,generateOutreachDraft,medium,2026-06-27 00:12:33.187142,2026-06-27 00:12:33.187142,t,,,,116500d0-357e-4ace-a7af-7264ed58e22a
fc2ecb41-0d40-4fec-b13f-b0f50059bc07,synozur.com,enrichProspectContact,high,2026-06-27 00:13:03.50312,2026-06-27 00:13:03.50312,f,,,,116500d0-357e-4ace-a7af-7264ed58e22a
eb818a87-e119-4697-af49-0b43ee06c46e,synozur.com,enrichProspectContact,high,2026-06-27 00:13:08.592546,2026-06-27 00:13:08.592546,f,,,,116500d0-357e-4ace-a7af-7264ed58e22a
f3e83785-4224-4441-a329-351823df65a9,synozur.com,enrichProspectContact,high,2026-06-27 00:13:13.862583,2026-06-27 00:13:13.862583,f,,,,116500d0-357e-4ace-a7af-7264ed58e22a
61465272-a2da-4d8b-ae5d-21faf7b26538,synozur.com,generateProspectDossier,high,2026-06-27 00:13:03.346561,2026-06-27 00:13:03.346561,t,,,,116500d0-357e-4ace-a7af-7264ed58e22a
6874f09b-7f27-4164-98fd-3bb582885294,synozur.com,enrichProspectContact,high,2026-06-27 00:13:19.468841,2026-06-27 00:13:19.468841,f,,,,116500d0-357e-4ace-a7af-7264ed58e22a
9ed0f1f7-3a9d-44db-9bf3-5d571eaa4e1e,synozur.com,generateProspectDossier,high,2026-06-27 00:13:08.438613,2026-06-27 00:13:08.438613,t,,,,116500d0-357e-4ace-a7af-7264ed58e22a
70b8a9cb-5e7e-48e0-b8ff-e04a82bb0098,synozur.com,generateProspectDossier,high,2026-06-27 00:13:13.70711,2026-06-27 00:13:13.70711,t,,,,116500d0-357e-4ace-a7af-7264ed58e22a
ecbd090a-a28a-442d-82e6-6d10a4d8b947,synozur.com,enrichProspectContact,high,2026-06-27 00:13:26.492142,2026-06-27 00:13:26.492142,f,,,,116500d0-357e-4ace-a7af-7264ed58e22a
700e8026-ac34-4734-9f1f-b9a9f2eb2727,synozur.com,generateProspectDossier,high,2026-06-27 00:13:19.31785,2026-06-27 00:13:19.31785,t,,,,116500d0-357e-4ace-a7af-7264ed58e22a
52fa6710-9738-49c1-938d-0c7a7b57261a,synozur.com,enrichProspectContact,high,2026-06-27 00:13:37.193949,2026-06-27 00:13:37.193949,f,,,,116500d0-357e-4ace-a7af-7264ed58e22a
db746ebf-52e4-4f31-aaba-f595812a08c7,synozur.com,generateProspectDossier,high,2026-06-27 00:13:26.331337,2026-06-27 00:13:26.331337,t,,,,116500d0-357e-4ace-a7af-7264ed58e22a
cc9c9eaa-01e1-4267-b41a-eec4dd98b7bd,synozur.com,generateProspectDossier,high,2026-06-27 00:13:37.032733,2026-06-27 00:13:37.032733,t,,,,116500d0-357e-4ace-a7af-7264ed58e22a
02f52dbc-f547-4792-a892-36b024c38808,synozur.com,enrichProspectContact,high,2026-06-27 00:14:17.938903,2026-06-27 00:14:17.938903,f,,,,116500d0-357e-4ace-a7af-7264ed58e22a
29e36b3c-1583-4741-897e-6e968621e06d,synozur.com,enrichProspectContact,high,2026-06-27 00:14:07.753648,2026-06-27 00:14:07.753648,t,,,,116500d0-357e-4ace-a7af-7264ed58e22a
c2085132-b390-443f-8b06-a2167ddef6c4,synozur.com,generateProspectDossier,high,2026-06-27 00:14:17.783088,2026-06-27 00:14:17.783088,t,,,,116500d0-357e-4ace-a7af-7264ed58e22a
0ad2612b-332e-41f2-9062-13b4ba7df341,synozur.com,enrichProspectContact,high,2026-06-27 00:14:33.124347,2026-06-27 00:14:33.124347,f,,,,116500d0-357e-4ace-a7af-7264ed58e22a
1dc69180-b832-4c85-8e8b-86817c3ab764,synozur.com,generateProspectDossier,high,2026-06-27 00:14:07.599184,2026-06-27 00:14:07.599184,t,,,,116500d0-357e-4ace-a7af-7264ed58e22a
af433c1d-68af-4807-b26a-898f195aba92,synozur.com,generateProspectDossier,high,2026-06-27 00:14:32.973931,2026-06-27 00:14:32.973931,t,,,,116500d0-357e-4ace-a7af-7264ed58e22a
90543f69-6c8c-4591-874b-1a19d7536b47,synozur.com,enrichProspectContact,high,2026-06-27 00:14:52.455768,2026-06-27 00:14:52.455768,f,,,,116500d0-357e-4ace-a7af-7264ed58e22a
69604408-ac0f-4cbd-8adf-fe0f17f07624,synozur.com,enrichProspectContact,high,2026-06-27 00:15:10.276136,2026-06-27 00:15:10.276136,f,,,,116500d0-357e-4ace-a7af-7264ed58e22a
3812dc4f-3741-4096-bcfc-618cb45ecf64,synozur.com,generateProspectDossier,high,2026-06-27 00:14:52.294652,2026-06-27 00:14:52.294652,t,,,,116500d0-357e-4ace-a7af-7264ed58e22a
73505330-1579-4782-a814-219add6d3412,synozur.com,generateProspectDossier,high,2026-06-27 00:15:10.121073,2026-06-27 00:15:10.121073,t,,,,116500d0-357e-4ace-a7af-7264ed58e22a
43c0e03e-7c77-4e93-be55-0a084c051894,synozur.com,manualCrawl,medium,2026-06-27 00:29:58.245112,2026-06-27 00:29:58.245112,t,,,,116500d0-357e-4ace-a7af-7264ed58e22a
be4d4a44-2f34-4d6d-a099-e177bbefe554,synozur.com,aiPostGen,medium,2026-06-27 18:39:04.055524,2026-06-27 18:39:04.055524,t,,,,116500d0-357e-4ace-a7af-7264ed58e22a
e576b667-14e1-4348-915f-7396eced21d4,synozur.com,aiPostGen,medium,2026-06-27 19:53:58.008185,2026-06-27 19:53:58.008185,t,,,,116500d0-357e-4ace-a7af-7264ed58e22a
ad8d86c3-72f9-41ba-b082-03e3d0146ef3,synozur.com,aiPostGen,medium,2026-06-27 21:27:27.548789,2026-06-27 21:27:27.548789,t,,,,116500d0-357e-4ace-a7af-7264ed58e22a
e304a113-dc54-43d2-9f88-9a07d4e98b2c,synozur.com,aiPostGen,medium,2026-06-27 22:53:50.153076,2026-06-27 22:53:50.153076,t,,,,116500d0-357e-4ace-a7af-7264ed58e22a
e5b3da25-2a7c-4038-a788-f2830d0a144a,synozur.com,manualBattlecardRegen,medium,2026-06-30 17:21:13.075034,2026-06-30 17:21:13.075034,t,,,,116500d0-357e-4ace-a7af-7264ed58e22a
bf1d6e2c-a2be-4b68-a62b-1e32ab80d617,synozur.com,manualBattlecardRegen,medium,2026-06-30 17:21:13.076309,2026-06-30 17:21:13.076309,t,,,,116500d0-357e-4ace-a7af-7264ed58e22a
db544afc-9e7f-43f6-8e01-43df19053fbc,synozur.com,manualBattlecardRegen,medium,2026-06-30 17:21:13.086946,2026-06-30 17:21:13.086946,t,,,,116500d0-357e-4ace-a7af-7264ed58e22a
7f40e64e-b1d2-4069-bb35-8b139c60dbcb,synozur.com,manualBattlecardRegen,medium,2026-06-30 17:21:13.092366,2026-06-30 17:21:13.092366,t,,,,116500d0-357e-4ace-a7af-7264ed58e22a
bf566365-5dbc-4f1b-b98e-cc1652d92525,synozur.com,manualBattlecardRegen,medium,2026-06-30 17:21:13.095073,2026-06-30 17:21:13.095073,t,,,,116500d0-357e-4ace-a7af-7264ed58e22a
e03ea9f2-aa6e-411c-ab76-4ce1e53d79a8,synozur.com,manualBattlecardRegen,medium,2026-06-30 17:21:13.251205,2026-06-30 17:21:13.251205,t,,,,116500d0-357e-4ace-a7af-7264ed58e22a
d0edc34d-ce2a-4e87-8ded-e442a6fb1f1d,synozur.com,manualBattlecardRegen,medium,2026-06-30 17:49:15.541701,2026-06-30 17:49:15.541701,t,,,,116500d0-357e-4ace-a7af-7264ed58e22a
916b2d68-0c46-4544-a50c-bdc65653eab3,synozur.com,manualBattlecardRegen,medium,2026-06-30 17:49:17.634864,2026-06-30 17:49:17.634864,t,,,,116500d0-357e-4ace-a7af-7264ed58e22a
4299b531-3a15-426f-9ab4-0e9134701855,synozur.com,seoSweep,high,2026-06-30 19:53:56.252243,2026-06-30 19:53:56.252243,t,,,,116500d0-357e-4ace-a7af-7264ed58e22a
5bbea6bd-8961-4c34-bc94-0007facfc626,synozur.com,seoSweep,high,2026-07-01 00:54:43.740941,2026-07-01 00:54:43.740941,t,,,,116500d0-357e-4ace-a7af-7264ed58e22a
915ab8d1-2a65-4a89-9e84-61da6eed94ac,synozur.com,seoSweep,high,2026-07-01 00:56:48.222334,2026-07-01 00:56:48.222334,t,,,,116500d0-357e-4ace-a7af-7264ed58e22a
ca1f0cef-bdf4-4d26-9fb8-cfc7136c8564,synozur.com,manualCrawl,medium,2026-07-02 03:14:51.782148,2026-07-02 03:14:51.782148,f,,,,116500d0-357e-4ace-a7af-7264ed58e22a
b34a1074-7865-4653-a4f0-12fa43d9da50,synozur.com,manualWebsiteMonitor,low,2026-07-02 03:15:02.283939,2026-07-02 03:15:02.283939,t,,,,116500d0-357e-4ace-a7af-7264ed58e22a
6bda1f75-4e4a-4bc7-bac0-748edb404f61,synozur.com,manualCrawl,medium,2026-07-02 20:15:00.43024,2026-07-02 20:15:00.43024,t,,,,116500d0-357e-4ace-a7af-7264ed58e22a
03ec2821-1b92-4c14-adab-db9a586aad5a,synozur.com,manualCrawl,medium,2026-07-02 20:51:01.697375,2026-07-02 20:51:01.697375,t,,,,116500d0-357e-4ace-a7af-7264ed58e22a
cbaca8b7-a505-490b-a6c1-66a067675ce9,synozur.com,manualCrawl,medium,2026-07-02 22:13:03.621876,2026-07-02 22:13:03.621876,t,,,,116500d0-357e-4ace-a7af-7264ed58e22a
38db68df-aa14-4503-ac01-16d51b7de55e,synozur.com,manualCrawl,medium,2026-07-02 23:32:49.922168,2026-07-02 23:32:49.922168,t,,,,116500d0-357e-4ace-a7af-7264ed58e22a
af1fec9a-4ba7-4baa-abf1-4bf8956796a8,synozur.com,manualCrawl,medium,2026-07-02 23:35:48.653681,2026-07-02 23:35:48.653681,t,,,,116500d0-357e-4ace-a7af-7264ed58e22a
f6692d12-6e31-4c3b-91d4-cac948fce63c,synozur.com,manualCrawl,medium,2026-07-02 23:36:06.369885,2026-07-02 23:36:06.369885,t,,,,116500d0-357e-4ace-a7af-7264ed58e22a
0bc4eb36-f766-4bc1-af01-866e064da528,synozur.com,manualCrawl,medium,2026-07-03 00:50:26.377423,2026-07-03 00:50:26.377423,t,,,,116500d0-357e-4ace-a7af-7264ed58e22a
59149775-0a32-4eaa-b7c5-29abe47b091f,synozur.com,manualCrawl,medium,2026-07-03 01:18:54.625141,2026-07-03 01:18:54.625141,t,,,,116500d0-357e-4ace-a7af-7264ed58e22a
ef9f6c78-2d33-4fc9-9361-987c6bec4815,synozur.com,aiPostGen,medium,2026-07-03 01:24:34.184992,2026-07-03 01:24:34.184992,t,,,,116500d0-357e-4ace-a7af-7264ed58e22a
11331575-6860-4422-b328-c8d5dc8df5de,synozur.com,manualCrawl,medium,2026-07-03 01:45:08.691155,2026-07-03 01:45:08.691155,t,,,,116500d0-357e-4ace-a7af-7264ed58e22a
60a987ae-44ae-41b1-abf2-dfdedecd1062,synozur.com,linkedinRefresh,low,2026-07-03 14:44:42.936564,2026-07-03 14:44:42.936564,t,,,,116500d0-357e-4ace-a7af-7264ed58e22a
c99c1595-da70-4bb1-ad63-1944b28305a5,synozur.com,linkedinRefresh,low,2026-07-03 14:44:48.062503,2026-07-03 14:44:48.062503,t,,,,116500d0-357e-4ace-a7af-7264ed58e22a
eee9863b-e015-49ed-b772-b804079c0b2e,synozur.com,linkedinRefresh,low,2026-07-03 14:45:00.272472,2026-07-03 14:45:00.272472,t,,,,116500d0-357e-4ace-a7af-7264ed58e22a
77cd2be8-ea22-4a33-9191-a576459780c1,synozur.com,linkedinRefresh,low,2026-07-03 14:45:07.966571,2026-07-03 14:45:07.966571,t,,,,116500d0-357e-4ace-a7af-7264ed58e22a
6be18211-fd01-42a8-8ae5-200372e11f76,synozur.com,linkedinRefresh,low,2026-07-03 14:45:19.197192,2026-07-03 14:45:19.197192,t,,,,116500d0-357e-4ace-a7af-7264ed58e22a
52805015-ce7a-4d72-ab59-2af65e4bd2af,synozur.com,linkedinRefresh,low,2026-07-03 14:45:27.037232,2026-07-03 14:45:27.037232,t,,,,116500d0-357e-4ace-a7af-7264ed58e22a
0ed856a3-c38f-4605-8b2a-e216f6039dc5,synozur.com,linkedinRefresh,low,2026-07-03 14:45:34.160939,2026-07-03 14:45:34.160939,t,,,,116500d0-357e-4ace-a7af-7264ed58e22a
63639583-7119-43a4-b1aa-4e942997c687,synozur.com,linkedinRefresh,low,2026-07-03 14:45:45.27664,2026-07-03 14:45:45.27664,t,,,,116500d0-357e-4ace-a7af-7264ed58e22a
e14e7bb3-d313-461b-b31d-c92373cff9c9,synozur.com,linkedinRefresh,low,2026-07-03 14:45:49.38199,2026-07-03 14:45:49.38199,t,,,,116500d0-357e-4ace-a7af-7264ed58e22a
f2efffe4-0016-4258-8d70-c4f7e1fc2b44,synozur.com,manualBriefingRebuild,high,2026-07-03 14:46:03.024642,2026-07-03 14:46:03.024642,t,,,,116500d0-357e-4ace-a7af-7264ed58e22a
9e12a717-b9e8-412b-bcf5-912a823213ff,synozur.com,manualCrawl,medium,2026-07-03 15:27:25.952836,2026-07-03 15:27:25.952836,f,,,,116500d0-357e-4ace-a7af-7264ed58e22a
2ecbf8d3-4b94-477e-bcf1-1be655c75dcf,synozur.com,manualCrawl,medium,2026-07-03 18:44:38.764303,2026-07-03 18:44:38.764303,t,,,,116500d0-357e-4ace-a7af-7264ed58e22a
7bc14a43-f3c4-4f04-88bd-44e049106c21,synozur.com,manualCrawl,medium,2026-07-03 20:02:19.088079,2026-07-03 20:02:19.088079,f,,,,116500d0-357e-4ace-a7af-7264ed58e22a
5887e6b0-9a2a-455a-b18a-16a8c854fbf6,synozur.com,manualBriefingRebuild,high,2026-07-03 20:09:54.976047,2026-07-03 20:09:54.976047,t,,,,116500d0-357e-4ace-a7af-7264ed58e22a
5c7ac219-0666-46f5-9f5b-bb5be258c4ed,synozur.com,manualCrawl,medium,2026-07-03 23:08:50.709241,2026-07-03 23:08:50.709241,t,,,,116500d0-357e-4ace-a7af-7264ed58e22a
e238bee0-07dd-453d-9204-08fca041bbf0,synozur.com,manualBriefingRebuild,high,2026-07-04 00:53:28.310576,2026-07-04 00:53:28.310576,t,,,,116500d0-357e-4ace-a7af-7264ed58e22a
55c22a65-9855-4fcf-a121-28b53ea4a917,synozur.com,manualCrawl,medium,2026-07-04 14:48:39.078278,2026-07-04 14:48:39.078278,f,,,,116500d0-357e-4ace-a7af-7264ed58e22a
9774c4b7-edac-407e-9321-f87c25b0c39a,synozur.com,manualBriefingRebuild,high,2026-07-04 15:19:27.887491,2026-07-04 15:19:27.887491,t,,,,116500d0-357e-4ace-a7af-7264ed58e22a
0c605c5b-da6d-487e-9606-1919c061ddd9,synozur.com,manualCrawl,medium,2026-07-04 16:10:54.189165,2026-07-04 16:10:54.189165,f,,,,116500d0-357e-4ace-a7af-7264ed58e22a
3dd6d690-cd71-462f-b662-63a0a4f08ba9,chrismcnulty.net,aiEmailGen,medium,2026-07-06 17:13:42.322045,2026-07-06 17:13:42.322045,t,,,,116500d0-357e-4ace-a7af-7264ed58e22a
18b9c30f-e55f-47c2-9eee-7d0c71d27ad5,chrismcnulty.net,manualCrawl,medium,2026-07-06 17:14:48.05767,2026-07-06 17:14:48.05767,t,,,,116500d0-357e-4ace-a7af-7264ed58e22a
fe5d86fd-714c-4b74-a334-cb8d22aed81c,chrismcnulty.net,manualCrawl,medium,2026-07-06 17:15:29.661777,2026-07-06 17:15:29.661777,t,,,,116500d0-357e-4ace-a7af-7264ed58e22a
b8519e61-6326-42d4-a242-459e8438ae39,chrismcnulty.net,manualCrawl,medium,2026-07-06 17:16:03.571526,2026-07-06 17:16:03.571526,t,,,,116500d0-357e-4ace-a7af-7264ed58e22a
2a2279c5-20a0-454d-882f-d68d7cf9b8fa,chrismcnulty.net,aiEmailGen,medium,2026-07-06 17:18:09.549578,2026-07-06 17:18:09.549578,t,,,,116500d0-357e-4ace-a7af-7264ed58e22a
3192368b-51d3-4fa4-b5c0-c8ceaaabf289,chrismcnulty.net,aiPostGen,medium,2026-07-06 17:23:41.252825,2026-07-06 17:23:41.252825,t,,,,116500d0-357e-4ace-a7af-7264ed58e22a
5cf7727d-0883-4b55-8c0d-c9d8674b803e,chrismcnulty.net,aiPostGen,medium,2026-07-06 17:46:44.646098,2026-07-06 17:46:44.646098,t,,,,116500d0-357e-4ace-a7af-7264ed58e22a
0f685b1b-3f3d-4b64-846d-33ee1f4978ca,synozur.com,aiEmailGen,medium,2026-07-06 17:58:22.404866,2026-07-06 17:58:22.404866,t,,,,116500d0-357e-4ace-a7af-7264ed58e22a
da207417-fd6c-4bef-a27c-3237d0cca735,synozur.com,aiEmailGen,medium,2026-07-06 18:49:21.584483,2026-07-06 18:49:21.584483,t,,,,116500d0-357e-4ace-a7af-7264ed58e22a
a2f759fa-7da7-418b-b1ef-323af77d2137,synozur.com,enrichProspectContact,high,2026-07-08 21:55:59.685426,2026-07-08 21:55:59.685426,t,,,,116500d0-357e-4ace-a7af-7264ed58e22a
26aa66ed-fc16-495c-8144-0b2c7dddf42c,synozur.com,generateProspectDossier,high,2026-07-08 21:55:59.503785,2026-07-08 21:55:59.503785,t,,,,116500d0-357e-4ace-a7af-7264ed58e22a
13734252-a4c1-46aa-848e-5994952cc960,synozur.com,generateOutreachDraft,medium,2026-07-08 21:58:00.343292,2026-07-08 21:58:00.343292,t,,,,116500d0-357e-4ace-a7af-7264ed58e22a
30c6107f-302c-4385-a681-479ddaf0bf11,synozur.com,enrichProspectContact,high,2026-07-08 21:58:10.43469,2026-07-08 21:58:10.43469,t,,,,116500d0-357e-4ace-a7af-7264ed58e22a
42ee5e67-8957-4dec-a5e7-258b1ca31a5e,synozur.com,generateOutreachDraft,medium,2026-07-08 21:58:36.336416,2026-07-08 21:58:36.336416,t,,,,116500d0-357e-4ace-a7af-7264ed58e22a
7fc814dd-16c1-48d0-9ed8-aac0aeadead0,synozur.com,aiResearch,high,2026-07-09 16:21:06.747841,2026-07-09 16:21:06.747841,t,,,,116500d0-357e-4ace-a7af-7264ed58e22a
1a430e15-61a1-467c-8e6a-54c977272e1f,synozur.com,aiPostGen,medium,2026-07-09 17:58:36.051168,2026-07-09 17:58:36.051168,t,,,,116500d0-357e-4ace-a7af-7264ed58e22a
19fb82ce-0279-470a-8e63-584959b0018f,synozur.com,aiPostGen,medium,2026-07-09 17:58:46.682009,2026-07-09 17:58:46.682009,t,,,,116500d0-357e-4ace-a7af-7264ed58e22a
d6200539-bfff-4115-baf8-cfd25be20549,synozur.com,aiPostGen,medium,2026-07-09 17:58:56.935417,2026-07-09 17:58:56.935417,t,,,,116500d0-357e-4ace-a7af-7264ed58e22a
d066489c-4881-4ad7-9378-17eb1c057377,synozur.com,aiPostGen,medium,2026-07-09 17:59:01.271717,2026-07-09 17:59:01.271717,t,,,,116500d0-357e-4ace-a7af-7264ed58e22a
19bf343e-2516-4ee5-872f-dda3e4fd0a2e,synozur.com,aiPostGen,medium,2026-07-09 17:58:58.999125,2026-07-09 17:58:58.999125,t,,,,116500d0-357e-4ace-a7af-7264ed58e22a
1d67a26b-0274-4e77-8150-55d511095a63,synozur.com,aiPostGen,medium,2026-07-09 17:59:06.313842,2026-07-09 17:59:06.313842,t,,,,116500d0-357e-4ace-a7af-7264ed58e22a
a2eecdbc-3ee4-4806-a786-958a6f2af5a6,synozur.com,aiPostGen,medium,2026-07-09 17:59:02.714786,2026-07-09 17:59:02.714786,t,,,,116500d0-357e-4ace-a7af-7264ed58e22a
f8729b79-95cf-4780-93fc-3f98c4fcd0cf,synozur.com,aiPostGen,medium,2026-07-09 17:59:12.846269,2026-07-09 17:59:12.846269,t,,,,116500d0-357e-4ace-a7af-7264ed58e22a
8898f322-9537-41d6-a341-243e2be366d0,synozur.com,aiPostGen,medium,2026-07-09 17:59:08.465721,2026-07-09 17:59:08.465721,t,,,,116500d0-357e-4ace-a7af-7264ed58e22a
d9bd1e91-8c70-416f-84ba-e2445664eb42,synozur.com,manualCrawl,medium,2026-07-15 15:20:59.158265,2026-07-15 15:20:59.158265,f,,,,116500d0-357e-4ace-a7af-7264ed58e22a
c3f412c1-4f6b-4190-93c3-0f01f446bcf7,synozur.com,manualWebsiteMonitor,low,2026-07-15 15:27:09.947873,2026-07-15 15:27:09.947873,f,,,,116500d0-357e-4ace-a7af-7264ed58e22a
0e4995b2-eb8a-4f89-8c0c-5c5c0faed97f,synozur.com,manualWebsiteMonitor,low,2026-07-15 15:27:26.048023,2026-07-15 15:27:26.048023,f,,,,116500d0-357e-4ace-a7af-7264ed58e22a
c3e7d516-3068-4310-bbff-fbbbcb97a771,synozur.com,manualWebsiteMonitor,low,2026-07-15 15:27:42.019083,2026-07-15 15:27:42.019083,f,,,,116500d0-357e-4ace-a7af-7264ed58e22a
261b8f5b-346c-47a3-8e48-6f49cb05444f,synozur.com,manualCrawl,medium,2026-07-15 15:29:35.161635,2026-07-15 15:29:35.161635,f,,,,116500d0-357e-4ace-a7af-7264ed58e22a
69b07a48-60f3-4f15-a879-a2621a0bcc18,synozur.com,aiResearch,high,2026-07-15 16:02:20.403424,2026-07-15 16:02:20.403424,t,,,,116500d0-357e-4ace-a7af-7264ed58e22a
3065d50e-1fef-44e1-a6b5-cf4d02384a61,synozur.com,aiResearch,high,2026-07-15 16:02:41.714688,2026-07-15 16:02:41.714688,t,,,,116500d0-357e-4ace-a7af-7264ed58e22a
d13e43b3-6aad-441e-9b22-6610050ba014,synozur.com,manualCrawl,medium,2026-07-15 16:00:26.291687,2026-07-15 16:00:26.291687,f,,,,116500d0-357e-4ace-a7af-7264ed58e22a
27daba31-4d19-45b7-9919-25e522f2057c,synozur.com,manualCrawl,medium,2026-07-15 16:03:15.463173,2026-07-15 16:03:15.463173,f,,,,116500d0-357e-4ace-a7af-7264ed58e22a
419ddc42-c271-4194-9ff1-e6bf3acbf86b,synozur.com,manualCrawl,medium,2026-07-15 16:21:51.425241,2026-07-15 16:21:51.425241,f,,,,116500d0-357e-4ace-a7af-7264ed58e22a
464ba445-da03-428f-bfeb-736b2fbeb0ed,synozur.com,manualCrawl,medium,2026-07-15 16:26:53.574185,2026-07-15 16:26:53.574185,f,,,,116500d0-357e-4ace-a7af-7264ed58e22a
50b71010-35fb-4e53-b319-d3ac0b59818f,synozur.com,manualCrawl,medium,2026-07-15 16:28:39.889231,2026-07-15 16:28:39.889231,f,,,,116500d0-357e-4ace-a7af-7264ed58e22a
12cf47c9-774a-4feb-abe5-3e0f35d2fb2f,synozur.com,manualCrawl,medium,2026-07-15 16:33:40.043654,2026-07-15 16:33:40.043654,f,,,,116500d0-357e-4ace-a7af-7264ed58e22a
f138d840-2ae6-4cc1-b416-61e102165e8a,synozur.com,manualCrawl,medium,2026-07-15 20:39:35.155762,2026-07-15 20:39:35.155762,t,,,,116500d0-357e-4ace-a7af-7264ed58e22a
1297c9c7-b7da-4251-ad4a-fe3f7e7ff846,synozur.com,aiPostGen,medium,2026-07-15 20:43:50.738568,2026-07-15 20:43:50.738568,t,,,,116500d0-357e-4ace-a7af-7264ed58e22a
75772bd0-df9a-4264-a5ae-5034a7cdd9a5,synozur.com,manualCrawl,medium,2026-07-15 20:47:28.139982,2026-07-15 20:47:28.139982,f,,,,116500d0-357e-4ace-a7af-7264ed58e22a
bef5d520-bbee-408b-8adc-903fc2c27d42,synozur.com,manualCrawl,medium,2026-07-15 20:52:28.985202,2026-07-15 20:52:28.985202,f,,,,116500d0-357e-4ace-a7af-7264ed58e22a
2e16e495-6d8c-4aa9-b94b-a5344cfeed22,synozur.com,manualCrawl,medium,2026-07-15 20:57:28.637528,2026-07-15 20:57:28.637528,f,,,,116500d0-357e-4ace-a7af-7264ed58e22a
c14ffa4a-ecc4-47f1-bad2-032bb006f04b,synozur.com,manualCrawl,medium,2026-07-15 21:02:28.787161,2026-07-15 21:02:28.787161,f,,,,116500d0-357e-4ace-a7af-7264ed58e22a
a60af82d-dd56-4c82-8b72-9fa60eaea644,synozur.com,manualCrawl,medium,2026-07-16 02:18:38.638474,2026-07-16 02:18:38.638474,f,,,,116500d0-357e-4ace-a7af-7264ed58e22a
18851284-6655-4506-8420-ca3ce61ff16b,synozur.com,manualCrawl,medium,2026-07-17 15:44:25.752527,2026-07-17 15:44:25.752527,f,,,,116500d0-357e-4ace-a7af-7264ed58e22a
e970e5e8-cc90-46ea-aca6-13dff82c554e,synozur.com,manualCrawl,medium,2026-07-17 23:38:18.768839,2026-07-17 23:38:18.768839,f,,,,116500d0-357e-4ace-a7af-7264ed58e22a
74528d74-0d97-4d80-a049-c41d1cee1a28,synozur.com,manualCrawl,medium,2026-07-18 00:15:24.256787,2026-07-18 00:15:24.256787,t,,,,116500d0-357e-4ace-a7af-7264ed58e22a
a1a5dfed-f197-48ea-bf63-555804e0d76d,synozur.com,manualCrawl,medium,2026-07-18 00:15:25.961426,2026-07-18 00:15:25.961426,t,,,,116500d0-357e-4ace-a7af-7264ed58e22a
4d976f58-dae5-4d29-bbbd-d847246e95ad,synozur.com,manualCrawl,medium,2026-07-18 00:15:27.423228,2026-07-18 00:15:27.423228,t,,,,116500d0-357e-4ace-a7af-7264ed58e22a
8220a6b3-9f99-40c6-91d8-19e29a6dc947,synozur.com,manualCrawl,medium,2026-07-18 00:15:28.872727,2026-07-18 00:15:28.872727,t,,,,116500d0-357e-4ace-a7af-7264ed58e22a
061880d5-521e-47b1-8b2d-dcbce3a8f0a9,synozur.com,manualCrawl,medium,2026-07-18 00:15:30.377075,2026-07-18 00:15:30.377075,t,,,,116500d0-357e-4ace-a7af-7264ed58e22a
1fef3514-5b68-4bb5-b27f-f3fbb95fa927,synozur.com,manualCrawl,medium,2026-07-18 00:15:31.874564,2026-07-18 00:15:31.874564,t,,,,116500d0-357e-4ace-a7af-7264ed58e22a
05e27e85-dfdb-4877-8920-6e170984c81d,synozur.com,manualCrawl,medium,2026-07-18 00:15:33.360902,2026-07-18 00:15:33.360902,t,,,,116500d0-357e-4ace-a7af-7264ed58e22a
92b4abde-166c-4c9a-9d6c-fdb720899fa6,synozur.com,manualCrawl,medium,2026-07-18 00:15:34.822682,2026-07-18 00:15:34.822682,t,,,,116500d0-357e-4ace-a7af-7264ed58e22a
aa1bfb80-79c7-4232-a652-96f4e747f0b1,synozur.com,manualCrawl,medium,2026-07-18 00:15:36.417057,2026-07-18 00:15:36.417057,t,,,,116500d0-357e-4ace-a7af-7264ed58e22a
dcbeb76b-307e-4718-8fac-ce21d8fca9ce,synozur.com,manualCrawl,medium,2026-07-18 00:15:37.869935,2026-07-18 00:15:37.869935,t,,,,116500d0-357e-4ace-a7af-7264ed58e22a
d8dd4645-ff76-4154-b4c5-a667b19e5313,synozur.com,manualCrawl,medium,2026-07-18 07:01:44.379531,2026-07-18 07:01:44.379531,t,,,,116500d0-357e-4ace-a7af-7264ed58e22a
4bdfdc35-be85-4ce1-b439-a0dbe73be5a4,synozur.com,manualCrawl,medium,2026-07-18 07:01:45.814266,2026-07-18 07:01:45.814266,t,,,,116500d0-357e-4ace-a7af-7264ed58e22a
e46ebed3-9b77-4107-871e-43615fe6ed66,synozur.com,manualCrawl,medium,2026-07-18 07:01:47.249338,2026-07-18 07:01:47.249338,t,,,,116500d0-357e-4ace-a7af-7264ed58e22a
78f0c517-d54d-4b08-a132-cb5764867fb7,synozur.com,manualCrawl,medium,2026-07-18 07:01:48.706317,2026-07-18 07:01:48.706317,t,,,,116500d0-357e-4ace-a7af-7264ed58e22a
9e009c7c-da78-420b-a946-9113f7694f92,synozur.com,manualCrawl,medium,2026-07-18 07:01:50.214452,2026-07-18 07:01:50.214452,t,,,,116500d0-357e-4ace-a7af-7264ed58e22a
310cd4ba-d235-48df-9776-12528c1d27ec,synozur.com,manualCrawl,medium,2026-07-18 07:01:51.682716,2026-07-18 07:01:51.682716,t,,,,116500d0-357e-4ace-a7af-7264ed58e22a
ceed70db-8a5d-4dc2-a15c-bb37cf133015,synozur.com,manualCrawl,medium,2026-07-18 07:01:53.092603,2026-07-18 07:01:53.092603,t,,,,116500d0-357e-4ace-a7af-7264ed58e22a
004ce3b3-6608-4680-b007-97e5a99b2718,synozur.com,manualCrawl,medium,2026-07-18 07:01:54.577426,2026-07-18 07:01:54.577426,t,,,,116500d0-357e-4ace-a7af-7264ed58e22a
3f57d6ee-b6fa-4f46-90cd-482f76a2e1c4,synozur.com,manualCrawl,medium,2026-07-18 07:01:56.054577,2026-07-18 07:01:56.054577,t,,,,116500d0-357e-4ace-a7af-7264ed58e22a
bb76ef53-0dd3-4c69-8be5-206a4db8efe2,synozur.com,manualCrawl,medium,2026-07-18 07:02:31.647617,2026-07-18 07:02:31.647617,f,,,,116500d0-357e-4ace-a7af-7264ed58e22a
726a3b19-65b6-4e19-8ab0-3683fd53ca9d,synozur.com,manualWebsiteMonitor,low,2026-07-18 07:05:57.372213,2026-07-18 07:05:57.372213,f,,,,116500d0-357e-4ace-a7af-7264ed58e22a
37b4b014-42eb-414f-acc0-b9f8161e64b3,synozur.com,manualWebsiteMonitor,low,2026-07-18 07:06:25.853213,2026-07-18 07:06:25.853213,f,,,,116500d0-357e-4ace-a7af-7264ed58e22a
