id,plan_id,title,description,activity_group,timeframe,priority,status,ai_generated,source_recommendation_id,assigned_to,due_date,planner_task_id,created_at,updated_at,planner_etag,planner_last_synced_at,source_brief_id
15a69e22-77fb-4cad-b547-369f11522e8b,bb7df60e-3de5-4bb5-ace6-eb34d74f485e,Exhibit at PE-focused operational excellence conferences,Target Tier 2 segment by attending ACG InterGrowth or similar PE/portfolio company events. Showcase implementation capabilities and quantifiable ROI framework to address 'lack of execution' competitive gap.,events,Q3,Medium,suggested,t,,,,,2026-01-22 01:00:49.147475,2026-01-22 01:00:49.147475,,,
28ff53a7-2fd2-461f-8f9e-04df56990021,bb7df60e-3de5-4bb5-ace6-eb34d74f485e,Develop retargeting campaign emphasizing proof points and validation,"Create multi-touch retargeting ads showcasing third-party validation, client success metrics (NPS, implementation speed, ROI), and woman-owned differentiator. Address competitive gap around lack of quantifiable proof points.",digital_marketing,Q2,Medium,suggested,t,,,,,2026-01-22 01:00:49.236763,2026-01-22 01:00:49.236763,,,
c8b584ab-cc96-43f3-8949-af7b079d28e6,bb7df60e-3de5-4bb5-ace6-eb34d74f485e,Deploy intent-based programmatic display to capture in-market buyers,"Target prospects researching 'business transformation consulting,' 'operational excellence,' and 'digital transformation' with messaging emphasizing packageable offerings and execution capabilities vs. strategy-only competitors.",digital_marketing,steady_state,Medium,suggested,t,,,,,2026-01-22 01:00:49.281144,2026-01-22 01:00:49.281144,,,
e246b692-1071-4a0c-b379-2329d40002f5,bb7df60e-3de5-4bb5-ace6-eb34d74f485e,Launch 'Woman-Owned Advisory Advantage' outreach to diversity-focused buyers,Targeted outreach to procurement and supplier diversity contacts at Fortune 1000 companies with healthcare/financial services divisions. Emphasize woman-owned certification as differentiator with proven transformation track record.,outbound_campaigns,Q2,Medium,suggested,t,,,,,2026-01-22 01:00:49.371827,2026-01-22 01:00:49.371827,,,
50dd3ba1-1385-43d1-8844-dfb7a20cea65,bb7df60e-3de5-4bb5-ace6-eb34d74f485e,Deploy PE portfolio company outbound program,Outreach to 150 PE firm operating partners and portfolio company CEOs in Tier 2 segment. Position Synozur's packaged transformation offerings as rapid-deployment solutions for value creation initiatives with measurable outcomes.,outbound_campaigns,Q2,High,suggested,t,,,,,2026-01-22 01:00:49.416879,2026-01-22 01:00:49.416879,,,
e17cd926-1a99-4385-a106-2b9fc843e3e3,bb7df60e-3de5-4bb5-ace6-eb34d74f485e,Create vertical-specific use case library with ROI calculators,"Develop 6-8 detailed use cases for healthcare and financial services showing before/after metrics, implementation approach, and outcomes. Include interactive ROI calculators addressing 'lack of quantifiable value proposition' gap.",content_marketing,Q2,High,suggested,t,,,,,2026-01-22 01:00:49.550979,2026-01-22 01:00:49.550979,,,
f1d119e7-1e4f-47a9-91db-0266ab805050,bb7df60e-3de5-4bb5-ace6-eb34d74f485e,Create 'Transformation Tuesday' LinkedIn Live series,Weekly 15-minute LinkedIn Live sessions addressing common transformation challenges in healthcare and financial services. Feature guest executives from client organizations (with permission) to build third-party validation.,social_media,Q2,Medium,suggested,t,,,,,2026-01-22 01:00:49.640307,2026-01-22 01:00:49.640307,,,
d3ed206c-2e26-40e7-9c69-49be9d08db96,bb7df60e-3de5-4bb5-ace6-eb34d74f485e,Deploy monthly 'Transformation Insights' newsletter to target accounts,"Monthly newsletter to 2,000+ opted-in prospects featuring industry trends, client success stories, methodology insights, and upcoming events. Segment by vertical (healthcare vs. financial services) for relevance.",email_marketing,steady_state,Medium,suggested,t,,,,,2026-01-22 01:00:49.777584,2026-01-22 01:00:49.777584,,,
842abee9-1706-4a75-acbc-67726cb25d28,bb7df60e-3de5-4bb5-ace6-eb34d74f485e,Develop 'AI-Enhanced Transformation Methodology' content pillar,"Create content series (whitepapers, case studies, frameworks) showcasing proprietary AI-enabled advisory approach. Differentiate from traditional consulting competitors and address strategic recommendation to communicate AI capabilities.",content_marketing,Q1,High,in_progress,t,,,,,2026-01-22 01:00:49.50651,2026-07-04 15:07:09.23,,,
05686574-dfd1-4fe3-b0e2-a9ff0dd4604b,bb7df60e-3de5-4bb5-ace6-eb34d74f485e,Develop social proof campaign showcasing client outcomes,"Systematic sharing of client success metrics, testimonials, and quantifiable outcomes across LinkedIn and Twitter. Address competitive gap of lacking visible proof points compared to competitors citing NPS scores and client counts.",social_media,steady_state,High,completed,t,,,,,2026-01-22 01:00:49.684426,2026-07-04 15:07:25.569,,,
a4875a75-ea97-4ed4-982f-40e99696baba,bb7df60e-3de5-4bb5-ace6-eb34d74f485e,Launch executive thought leadership program on LinkedIn,"Position Synozur leadership as transformation experts through consistent LinkedIn content (3x/week) featuring provocative POVs, client success stories, and industry insights. Target connections with Tier 1 and Tier 2 buyer personas.",social_media,steady_state,High,completed,t,,,,,2026-01-22 01:00:49.595211,2026-07-04 15:07:35.817,,,
26104c33-1d51-4c3a-b19e-10c77f0243c9,bb7df60e-3de5-4bb5-ace6-eb34d74f485e,Create re-engagement campaign for dormant opportunities,"Targeted email campaign to past proposals and stalled opportunities featuring new proof points, client outcomes, and updated service packaging. Focus on addressing previous objections with quantifiable value propositions.",email_marketing,Q2,Medium,suggested,t,,,,,2026-01-22 01:00:49.821721,2026-01-22 01:00:49.821721,,,
af05e815-071b-4550-bd5f-f6e63db60bbd,bb7df60e-3de5-4bb5-ace6-eb34d74f485e,Develop competitor comparison content for organic search capture,"Create SEO-optimized content comparing transformation approaches, addressing 'strategy vs. execution,' and highlighting Synozur's packaged offerings with measurable outcomes. Target prospects researching alternatives to established competitors.",seo_sem,Q2,Medium,suggested,t,,,,,2026-01-22 01:00:49.955164,2026-01-22 01:00:49.955164,,,
fafdec18-faac-4045-aabd-acd7f06d970f,bb7df60e-3de5-4bb5-ace6-eb34d74f485e,Secure feature in industry publications on woman-owned transformation success,"Pitch story to Healthcare Innovation, Modern Healthcare, and financial services publications highlighting Synozur's unique positioning as woman-owned firm delivering measurable transformation outcomes. Target Q1 for momentum building.",pr_comms,Q1,High,suggested,t,,,,,2026-01-22 01:00:49.999941,2026-01-22 01:00:49.999941,,,
2ca2be50-55be-4389-809e-b81f209a810f,bb7df60e-3de5-4bb5-ace6-eb34d74f485e,Issue press releases for major client wins with quantifiable outcomes,Develop PR strategy to announce significant engagements and completed transformations (with client permission) emphasizing measurable results. Build third-party validation and proof points to close competitive gap.,pr_comms,steady_state,High,suggested,t,,,,,2026-01-22 01:00:50.044513,2026-01-22 01:00:50.044513,,,
30abf8ed-2623-4ce8-a14c-9e83383ee79b,bb7df60e-3de5-4bb5-ace6-eb34d74f485e,Launch media relations campaign around AI-enhanced transformation POV,Proactive media outreach positioning Synozur's unique perspective on AI-enabled transformation combining technology with human-centered change. Target business and trade media to establish thought leadership differentiator.,pr_comms,Q2,Medium,suggested,t,,,,,2026-01-22 01:00:50.088902,2026-01-22 01:00:50.088902,,,
eb8b8d74-dea5-44fe-bf30-5d9658b99b98,bb7df60e-3de5-4bb5-ace6-eb34d74f485e,Pursue inclusion in ISG and HFS Research reports for transformation services,"Brief boutique analysts (ISG, HFS Research, NelsonHall) who cover mid-market transformation services. Target inclusion in relevant market reports to establish credibility and generate inbound interest from researching buyers.",analyst_relations,Q3,Medium,suggested,t,,,,,2026-01-22 01:00:50.216712,2026-01-22 01:00:50.216712,,,
453f932e-d21e-42b0-9852-e440aaf3d3c1,bb7df60e-3de5-4bb5-ace6-eb34d74f485e,Sponsor analyst research on woman-owned consulting firm performance,Commission or sponsor research examining outcomes delivered by diverse-owned consulting firms. Use findings to establish differentiation and validation while supporting broader industry narrative around supplier diversity.,analyst_relations,Q4,Low,suggested,t,,,,,2026-01-22 01:00:50.260579,2026-01-22 01:00:50.260579,,,
dd1a80da-d977-4053-ab48-669dfb5c2ab4,bb7df60e-3de5-4bb5-ace6-eb34d74f485e,Create co-branded content with PE firms for portfolio company audience,Partner with 2-3 private equity firms to co-create transformation playbooks for portfolio companies. Gain access to Tier 2 target segment while building validation through PE firm association.,partner_marketing,Q3,Medium,suggested,t,,,,,2026-01-22 01:00:50.394105,2026-01-22 01:00:50.394105,,,
820abab8-60fe-4e1f-92e1-b079116b1577,bb7df60e-3de5-4bb5-ace6-eb34d74f485e,Launch formal client reference and case study program,"Systematically document client engagements with quantifiable outcomes, before/after metrics, and testimonials. Secure 8-10 referenceable clients willing to participate in case studies, speak at events, and provide testimonials. Critical for addressing proof point gap.",customer_marketing,Q1,High,suggested,t,,,,,2026-01-22 01:00:50.438342,2026-01-22 01:00:50.438342,,,
3fc21c3c-19c9-40a0-96d5-6256bae9713d,bb7df60e-3de5-4bb5-ace6-eb34d74f485e,Implement NPS program with quarterly surveys and public reporting,Deploy Net Promoter Score measurement across client base and prominently feature results in marketing (following competitor model of citing '78 NPS'). Use client feedback to refine service delivery and create quantifiable validation metric.,customer_marketing,Q1,High,suggested,t,,,,,2026-01-22 01:00:50.482386,2026-01-22 01:00:50.482386,,,
6c4990b7-ffa3-4c40-a4eb-ef88cff0d37f,bb7df60e-3de5-4bb5-ace6-eb34d74f485e,Create customer advisory board for co-development and advocacy,"Establish advisory board of 6-8 successful clients to provide input on service evolution, participate in thought leadership, and serve as advocates. Leverage for testimonials, referrals, and market validation.",customer_marketing,Q2,Medium,suggested,t,,,,,2026-01-22 01:00:50.526582,2026-01-22 01:00:50.526582,,,
80cc4687-5e0d-4c84-b162-7bf3e0bbabfc,bb7df60e-3de5-4bb5-ace6-eb34d74f485e,Develop referral partnerships with complementary service providers,"Build partner network with HR consulting firms, IT services providers, and legal advisors serving target verticals. Create mutual referral agreements and joint go-to-market offerings to expand reach and capability perception.",partner_marketing,Q2,Medium,completed,t,,,,,2026-01-22 01:00:50.349768,2026-07-04 15:08:41.625,,,
39b1dab5-f199-42e6-88f4-6d8ac75bbfd0,bb7df60e-3de5-4bb5-ace6-eb34d74f485e,Develop packaged service offerings with clear deliverables and pricing,"Create 3-5 standardized transformation packages (e.g., 'Healthcare Digital Readiness Sprint,' 'PE Portfolio Operational Assessment') with defined scopes, timelines, and outcomes. Address competitive gap of unclear service packaging vs. competitors' structured offerings.",product_marketing,Q1,High,completed,t,,,,,2026-01-22 01:00:50.571042,2026-07-04 15:09:00.411,,,
c675b291-572c-4d23-8197-d894c559ab11,bb7df60e-3de5-4bb5-ace6-eb34d74f485e,Create 'Transformation Readiness Assessment' as lead generation product,Package diagnostic offering as standalone low-cost entry point ($15K-$25K) that demonstrates methodology and generates upsell opportunities to full engagements. Use in outbound campaigns to lower barrier to initial engagement.,product_marketing,Q1,High,suggested,t,,,,,2026-01-22 01:00:50.621378,2026-01-22 01:00:50.621378,,,
4409b3ae-c515-416f-9ad8-9a302a589a49,bb7df60e-3de5-4bb5-ace6-eb34d74f485e,"Develop service tier messaging (Advisory, Advisory+Implementation, Full Service)",Create clear positioning and messaging for different service tiers addressing the 'strategy vs. execution' competitive gap. Enable prospects to self-select appropriate engagement level while demonstrating implementation capability options.,product_marketing,Q2,High,suggested,t,,,,,2026-01-22 01:00:50.665224,2026-01-22 01:00:50.665224,,,
fa5210f9-ae3b-4144-82b2-ce68323c66f0,bb7df60e-3de5-4bb5-ace6-eb34d74f485e,Create proof point hub showcasing validation and client outcomes,"Design dedicated website section aggregating all third-party validation: analyst mentions, awards, certifications (woman-owned), NPS scores, client testimonials, and quantifiable case study outcomes. Address competitive gap in visible credibility.",website,Q2,High,suggested,t,,,,,2026-01-22 01:00:50.929616,2026-01-22 01:00:50.929616,,,
b63f6136-b7f8-4391-abb9-7d96dcff662c,bb7df60e-3de5-4bb5-ace6-eb34d74f485e,Deliver 'AI-Enhanced Transformation Methodology' educational webinar,"Showcase proprietary AI-enabled transformation framework in detailed educational webinar. Position Synozur's unique approach combining technology with human-centered change, addressing strategic recommendation to communicate AI capabilities.",webinars,Q1,High,suggested,t,,,,,2026-01-22 01:00:51.01906,2026-01-22 01:00:51.01906,,,
fbd2dce9-7ebc-429f-a24b-88da6795f361,bb7df60e-3de5-4bb5-ace6-eb34d74f485e,Host PE-focused webinar on rapid portfolio company transformation,"Target Tier 2 segment with webinar addressing PE operating partner challenges: accelerating value creation, standardizing transformation approaches across portfolio, and measuring outcomes. Feature case study with quantifiable results.",webinars,Q2,Medium,suggested,t,,,,,2026-01-22 01:00:51.064134,2026-01-22 01:00:51.064134,,,
234e4af8-08be-461a-bee2-6f8b8f909ec8,bb7df60e-3de5-4bb5-ace6-eb34d74f485e,Launch 'The Transformation Edge' podcast featuring client success stories,"Create podcast series interviewing clients about their transformation journeys, challenges overcome, and outcomes achieved. Build third-party validation while creating repurposable content showcasing quantifiable proof points. Target 2x/month cadence.",podcasts,Q2,Medium,suggested,t,,,,,2026-01-22 01:00:51.108945,2026-01-22 01:00:51.108945,,,
53c188f5-8b18-4fd1-9985-ec28a625b5d6,bb7df60e-3de5-4bb5-ace6-eb34d74f485e,Sponsor relevant industry podcasts in healthcare and financial services,Identify and sponsor 3-5 podcasts with strong listenership among target buyer personas. Negotiate host-read endorsements and guest appearance opportunities to build awareness in Tier 1 and Tier 2 segments.,podcasts,Q3,Low,suggested,t,,,,,2026-01-22 01:00:51.153304,2026-01-22 01:00:51.153304,,,
8222f87e-e3fc-4b72-9a1a-5757f0118dac,bb7df60e-3de5-4bb5-ace6-eb34d74f485e,Create podcast content series on woman-owned business leadership,Develop podcast content highlighting woman-owned business perspective on transformation and leadership. Target organizations with supplier diversity initiatives while building authentic brand differentiation.,podcasts,Q4,Low,suggested,t,,,,,2026-01-22 01:00:51.200521,2026-01-22 01:00:51.200521,,,
23a48fcf-dd68-4e97-9b59-167a42565bf4,bb7df60e-3de5-4bb5-ace6-eb34d74f485e,Produce client testimonial video series with quantifiable outcomes,"Film 6-8 professional client testimonial videos featuring executives discussing transformation challenges, Synozur's approach, and measurable results achieved. Emphasize metrics (ROI, timeline, KPI improvements) to address proof point gap. Use across website, social, and sales.",video,Q1,High,suggested,t,,,,,2026-01-22 01:00:51.24555,2026-01-22 01:00:51.24555,,,
f7234ce7-3dff-450b-b9e5-c0336c84c48d,bb7df60e-3de5-4bb5-ace6-eb34d74f485e,Create explainer video series on transformation methodology,"Develop 3-5 short videos (2-3 min) explaining Synozur's proprietary transformation approach, AI-enhanced methodology, and packaged service offerings. Use for website, LinkedIn ads, and sales enablement to clarify service delivery model.",video,Q2,High,suggested,t,,,,,2026-01-22 01:00:51.289143,2026-01-22 01:00:51.289143,,,
a4d6af6e-035b-4372-8e14-db38ad1c9a98,bb7df60e-3de5-4bb5-ace6-eb34d74f485e,Produce thought leadership video content for social distribution,"Create regular short-form video content (weekly) featuring Synozur leadership sharing transformation insights, industry trends, and provocative POVs. Optimize for LinkedIn and use to build executive visibility and credibility.",video,steady_state,Medium,suggested,t,,,,,2026-01-22 01:00:51.338511,2026-01-22 01:00:51.338511,,,
d55b1c24-d7bc-484e-84e5-bb22c5826f75,bb7df60e-3de5-4bb5-ace6-eb34d74f485e,Redesign website with vertical-specific pages and ROI framework showcase,"Complete website overhaul creating dedicated healthcare and financial services vertical pages with specific use cases, outcomes, and ROI calculators. Implement conversion optimization for Transformation Readiness Assessment leads. Critical for supporting all other campaigns.",website,Q1,High,completed,t,,,,,2026-01-22 01:00:50.841742,2026-07-04 15:09:28.549,,,
bae77ba7-e8cd-4b57-8a7b-343a180dfac8,bb7df60e-3de5-4bb5-ace6-eb34d74f485e,"Implement interactive tools (ROI calculator, readiness assessment)",Develop self-service tools allowing prospects to calculate potential transformation ROI and assess organizational readiness. Capture lead data while providing immediate value and demonstrating quantifiable approach to transformation.,website,Q1,High,completed,t,,,,,2026-01-22 01:00:50.885681,2026-07-04 15:09:33.316,,,
9cca2441-15fd-4664-9754-7e719bc779e3,bb7df60e-3de5-4bb5-ace6-eb34d74f485e,Develop proprietary 'Transformation Maturity Model' assessment framework,"Create research-backed assessment tool evaluating organizational transformation readiness across dimensions (leadership, culture, technology, process). Use as lead generation tool and service differentiator demonstrating methodological rigor.",research,Q2,High,suggested,t,,,,,2026-01-22 01:00:51.42643,2026-01-22 01:00:51.42643,,,
7f01e8a0-5d15-4bf4-90e3-4a5022831da9,bb7df60e-3de5-4bb5-ace6-eb34d74f485e,Analyze and publish competitive landscape research for target verticals,"Research and publish perspective on transformation consulting landscape in healthcare and financial services, identifying gaps in competitor approaches. Use to position Synozur's unique value proposition with data-driven competitive intelligence.",research,Q3,Medium,suggested,t,,,,,2026-01-22 01:00:51.47293,2026-01-22 01:00:51.47293,,,
507c90de-5e53-4a41-ac41-9ead5b9bef9e,bb7df60e-3de5-4bb5-ace6-eb34d74f485e,Pursue woman-owned business certifications and awards,"Apply for WBENC certification and submit for woman-owned business awards (Inc., Fortune, industry-specific). Secure third-party validation of woman-owned status to support supplier diversity positioning and brand differentiation.",other,Q1,High,suggested,t,,,,,2026-01-22 01:00:51.517644,2026-01-22 01:00:51.517644,,,
c6f661d8-c252-456b-8696-8f98a1d09158,bb7df60e-3de5-4bb5-ace6-eb34d74f485e,Develop sales enablement toolkit with competitive battlecards,"Create comprehensive sales materials including: vertical-specific pitch decks, ROI calculators, competitive comparison tools, objection handling guides, and proof point libraries. Equip sales to address competitive gaps and articulate quantifiable value proposition.",other,Q1,High,suggested,t,,,,,2026-01-22 01:00:51.561732,2026-01-22 01:00:51.561732,,,
99d1062d-c9ad-4d3a-9399-ab3c742c669e,bb7df60e-3de5-4bb5-ace6-eb34d74f485e,Implement marketing attribution and pipeline tracking system,Deploy analytics infrastructure to track marketing contribution to pipeline generation and measure progress toward 90-day goal of 15 qualified opportunities. Establish closed-loop reporting connecting marketing activities to revenue outcomes.,other,Q1,High,suggested,t,,,,,2026-01-22 01:00:51.606879,2026-01-22 01:00:51.606879,,,
b3a45fd7-aa56-4f19-b910-4cde53c19798,919edf69-969f-4287-a7d9-f1adb5fb68d9,Launch 'M-Files Aino AI Agent' Industry Showcase Events in Top 5 Markets,"Execute VIP customer events in NYC, London, Frankfurt, Chicago, and Sydney showcasing M-Files Aino AI Agent capabilities with live demos of autonomous content intelligence. Feature Fortune 500 customer speakers and hands-on AI extraction workshops. Directly supports AI Agent positioning and enterprise credibility strategies.",events,Q2,High,suggested,t,,,,,2026-01-22 01:03:45.9243,2026-01-22 01:03:45.9243,,,
1c85c39c-ef8a-4416-b73f-576ccabf416b,919edf69-969f-4287-a7d9-f1adb5fb68d9,Developer Platform Launch Event Series at Key Tech Hubs,"Host developer-focused hackathons and API workshops in Silicon Valley, Austin, Boston, and Seattle to launch M-Files Developer Platform. Include API showcase, SDK training, and integration challenges. Supports API-first positioning initiative and ecosystem integration narrative.",events,Q3,Medium,suggested,t,,,,,2026-01-22 01:03:45.992214,2026-01-22 01:03:45.992214,,,
15ae1ae3-fc0c-4b16-870e-0f021d067d3a,919edf69-969f-4287-a7d9-f1adb5fb68d9,"Vertical Industry Executive Roundtables (Healthcare, Financial Services, Manufacturing)","Execute quarterly C-level roundtables for Healthcare CIOs, Financial Services COOs, and Manufacturing Operations leaders featuring M-Files vertical solution packages, industry-specific ROI data, and peer customer success stories. Supports deep vertical industry solutions strategy.",events,Q1,High,suggested,t,,,,,2026-01-22 01:03:46.037692,2026-01-22 01:03:46.037692,,,
906e8f9f-f4ce-4175-b161-de0c15c5bc6c,919edf69-969f-4287-a7d9-f1adb5fb68d9,Launch 'Content Intelligence' Demand Generation Campaign Across Paid Channels,"Deploy multi-channel campaign repositioning M-Files from DMS to Content Intelligence Platform across LinkedIn, Google, industry publications. Focus on business value extraction messaging with AI-driven ROI calculator and interactive demos. Supports content intelligence positioning and AI differentiation.",digital_marketing,Q1,High,suggested,t,,,,,2026-01-22 01:03:46.08219,2026-01-22 01:03:46.08219,,,
a01aa609-e0f8-4c25-8c0b-0572b45968f8,919edf69-969f-4287-a7d9-f1adb5fb68d9,Multi-Cloud Deployment Flexibility Campaign Targeting Enterprise IT Buyers,"Create targeted digital campaign highlighting cloud-native architecture, deployment flexibility (Azure, AWS, on-premise, hybrid), and infrastructure choices. Include comparison content vs. cloud-only competitors. Addresses cloud architecture positioning gap.",digital_marketing,Q2,High,suggested,t,,,,,2026-01-22 01:03:46.127231,2026-01-22 01:03:46.127231,,,
7ed89f9e-98e7-44fe-8991-ed4f43241aa8,919edf69-969f-4287-a7d9-f1adb5fb68d9,Developer Platform Awareness Campaign on Tech Communities and Platforms,"Launch developer-focused digital campaigns on Stack Overflow, GitHub, Dev.to, and Reddit showcasing M-Files APIs, SDKs, and extensibility. Include code samples, integration tutorials, and developer incentive programs. Supports developer platform positioning.",digital_marketing,Q3,Medium,suggested,t,,,,,2026-01-22 01:03:46.171772,2026-01-22 01:03:46.171772,,,
4d7ded49-1fae-48b9-8168-aa5aa754799f,919edf69-969f-4287-a7d9-f1adb5fb68d9,Fortune 500 ABM Campaign with Aino AI Agent Value Proposition,"Execute account-based marketing to 200 targeted Fortune 500 accounts with personalized M-Files Aino AI messaging, industry-specific use cases, and Fortune 100 customer proof points. Multi-touch campaign with direct mail, personalized videos, and executive outreach. Supports enterprise credibility and AI agent positioning.",outbound_campaigns,Q1,High,suggested,t,,,,,2026-01-22 01:03:46.21614,2026-01-22 01:03:46.21614,,,
82e4f721-3dfb-4f41-a7b3-6cbf7b61955b,919edf69-969f-4287-a7d9-f1adb5fb68d9,"Vertical Industry Solution Package Outbound Campaign (Healthcare, FS, Manufacturing)","Deploy industry-specific outbound campaigns to 500+ accounts per vertical featuring tailored M-Files solutions, compliance use cases, vertical ROI data, and peer customer logos. Include verticalized landing pages and industry analyst quotes. Supports vertical solutions strategy.",outbound_campaigns,Q2,High,suggested,t,,,,,2026-01-22 01:03:46.260607,2026-01-22 01:03:46.260607,,,
b8851480-080f-4932-a525-4d51df2e68ca,919edf69-969f-4287-a7d9-f1adb5fb68d9,Competitive Displacement Campaign Targeting DocuWare and Laserfiche Users,"Execute targeted outbound campaign to identified DocuWare and Laserfiche customers highlighting M-Files AI capabilities, deployment flexibility, and ecosystem integration advantages. Include migration incentives and competitive comparison assets. Addresses competitive positioning gaps.",outbound_campaigns,Q3,Medium,suggested,t,,,,,2026-01-22 01:03:46.30528,2026-01-22 01:03:46.30528,,,
69ec7e7e-7eb7-4c40-9f8f-76cc0cb3b5c4,bb2d62cf-e881-4766-91de-b83b77ed2007,Build Re-Engagement Campaign for Stalled Opportunities,Target opportunities stalled in pipeline with new messaging focused on post-migration partnership value and recent customer success proof points. Addresses transformation partnership positioning.,email_marketing,Q4,Medium,suggested,t,,,,,2026-01-25 17:39:16.82446,2026-01-25 17:39:16.82446,,,
3fbd49bd-1cc9-46c6-b2ed-bb6fff501c2a,919edf69-969f-4287-a7d9-f1adb5fb68d9,Publish 'M-Files Aino AI Agent' Content Hub with Autonomous Intelligence Use Cases,"Create comprehensive content hub featuring M-Files Aino AI Agent capabilities, autonomous workflow examples, intelligent data extraction guides, and AI ROI calculators. Include 10+ industry-specific AI use case articles. Supports AI agent positioning and content intelligence thought leadership.",content_marketing,Q1,High,suggested,t,,,,,2026-01-22 01:03:46.350034,2026-01-22 01:03:46.350034,,,
0e039b02-fb0b-4b71-87b0-f1b5227126f5,919edf69-969f-4287-a7d9-f1adb5fb68d9,Develop Content Intelligence Thought Leadership Content Series,"Create authoritative content series on 'Content Intelligence' and 'Business Value Extraction from Unstructured Data' including whitepapers, research reports, analyst perspectives, and executive guides. Position M-Files as category leader beyond traditional DMS. Supports content intelligence positioning.",content_marketing,Q2,High,suggested,t,,,,,2026-01-22 01:03:46.395593,2026-01-22 01:03:46.395593,,,
9c7f3a59-ff09-4313-951c-9a63de7da04b,919edf69-969f-4287-a7d9-f1adb5fb68d9,Build Developer Platform Documentation and Integration Content Library,"Publish comprehensive developer content including API documentation, SDK guides, integration tutorials, code samples, and ecosystem connector guides (Salesforce, SAP, ServiceNow, etc.). Create developer blog with integration best practices. Supports API-first and ecosystem integration strategies.",content_marketing,Q2,Medium,suggested,t,,,,,2026-01-22 01:03:46.440152,2026-01-22 01:03:46.440152,,,
c2ed0545-dc66-48b2-a06d-af47ba807342,919edf69-969f-4287-a7d9-f1adb5fb68d9,Launch 'Aino AI in Action' Social Media Campaign with Customer AI Success Stories,"Execute social campaign showcasing real customer AI implementations, before/after metrics, and autonomous workflow examples. Feature Fortune 500 customer testimonials and AI ROI data. Weekly LinkedIn posts, Twitter threads, and customer spotlight videos. Supports AI differentiation and enterprise credibility.",social_media,Q1,High,suggested,t,,,,,2026-01-22 01:03:46.484374,2026-01-22 01:03:46.484374,,,
f87ae108-5497-4a3d-8267-e1d22bab1eb1,919edf69-969f-4287-a7d9-f1adb5fb68d9,Industry Vertical Solution Social Media Series,"Create dedicated social content streams for Healthcare, Financial Services, and Manufacturing verticals with industry-specific use cases, compliance tips, and vertical customer stories. Include LinkedIn industry groups engagement and vertical hashtag campaigns. Supports vertical solutions strategy.",social_media,Q2,Medium,suggested,t,,,,,2026-01-22 01:03:46.535109,2026-01-22 01:03:46.535109,,,
70b3c634-a3cc-447a-a9ce-ae9edfd73500,919edf69-969f-4287-a7d9-f1adb5fb68d9,Developer Community Engagement Program on LinkedIn and Twitter,"Build developer-focused social presence with code snippets, integration tips, API updates, and developer spotlight features. Engage in relevant tech communities and developer hashtags. Host monthly Twitter Spaces on M-Files extensibility. Supports developer platform positioning.",social_media,Q3,Medium,suggested,t,,,,,2026-01-22 01:03:46.585075,2026-01-22 01:03:46.585075,,,
978369a0-511e-4230-b672-cb0d9751dda4,919edf69-969f-4287-a7d9-f1adb5fb68d9,M-Files Aino AI Nurture Email Series for Mid-Funnel Prospects,"Deploy 8-part email nurture series repositioning M-Files as AI Agent Platform with content intelligence capabilities. Include AI use case library, interactive ROI tools, and Fortune 500 proof points. Segment by industry vertical. Supports AI agent positioning and content intelligence messaging.",email_marketing,Q1,High,suggested,t,,,,,2026-01-22 01:03:46.632464,2026-01-22 01:03:46.632464,,,
a7c269e9-b8df-4565-995c-07c6f3b0083b,919edf69-969f-4287-a7d9-f1adb5fb68d9,Vertical Industry Solution Email Campaigns to Segmented Database,"Execute industry-specific email campaigns to Healthcare, Financial Services, and Manufacturing segments featuring vertical solution packages, compliance use cases, and peer customer success metrics. Include vertical-specific CTAs and landing pages. Supports vertical solutions strategy.",email_marketing,Q2,High,suggested,t,,,,,2026-01-22 01:03:46.676761,2026-01-22 01:03:46.676761,,,
afbb77c7-5e4f-46ff-a8bb-2d9471b6c452,919edf69-969f-4287-a7d9-f1adb5fb68d9,Developer Newsletter Launch for API and Integration Updates,"Launch monthly developer-focused newsletter featuring API updates, new connectors, integration tutorials, community contributions, and developer success stories. Include ecosystem partnership announcements. Supports developer platform and ecosystem integration strategies.",email_marketing,Q3,Low,suggested,t,,,,,2026-01-22 01:03:46.721325,2026-01-22 01:03:46.721325,,,
08093f94-5e32-45a5-a724-73bea7cd13b0,919edf69-969f-4287-a7d9-f1adb5fb68d9,Optimize SEO for 'Content Intelligence Platform' and AI-Related Keywords,"Execute comprehensive SEO strategy targeting 'content intelligence,' 'AI document management,' 'intelligent data extraction,' and 'AI agent platform' keywords. Reoptimize core pages, create pillar content, and build backlinks. Move away from generic DMS positioning. Supports content intelligence repositioning.",seo_sem,Q1,High,suggested,t,,,,,2026-01-22 01:03:46.76695,2026-01-22 01:03:46.76695,,,
416338ff-2602-4894-a9e8-364fccbbabc4,919edf69-969f-4287-a7d9-f1adb5fb68d9,Launch SEM Campaign for 'Multi-Cloud DMS' and 'Deployment Flexibility' Keywords,"Create paid search campaigns targeting enterprise IT buyers searching for 'multi-cloud document management,' 'hybrid DMS,' and 'deployment flexibility' terms. Build landing pages highlighting architecture advantages vs. cloud-only competitors. Addresses cloud architecture positioning gap.",seo_sem,Q2,High,suggested,t,,,,,2026-01-22 01:03:46.811356,2026-01-22 01:03:46.811356,,,
686d6dd5-f34e-40f2-bf22-5b52f15aae42,919edf69-969f-4287-a7d9-f1adb5fb68d9,"Vertical Industry SEO Optimization for Healthcare, Financial Services, Manufacturing","Optimize SEO for industry-specific terms like 'healthcare document management,' 'financial services compliance automation,' and 'manufacturing quality management system.' Create vertical landing pages and industry content hubs. Supports vertical solutions strategy.",seo_sem,Q2,Medium,suggested,t,,,,,2026-01-22 01:03:46.855753,2026-01-22 01:03:46.855753,,,
e576f99c-6eb7-4ca7-80c9-9a17c344f6e9,919edf69-969f-4287-a7d9-f1adb5fb68d9,Launch M-Files Aino AI Media Tour with Top Tier Tech and Industry Publications,"Execute media relations campaign positioning M-Files Aino as leading AI Agent platform. Target TechCrunch, VentureBeat, ZDNet, plus industry publications. Pitch AI innovation stories, Fortune 500 customer announcements, and autonomous intelligence capabilities. Supports AI agent positioning.",pr_comms,Q1,High,suggested,t,,,,,2026-01-22 01:03:46.899744,2026-01-22 01:03:46.899744,,,
07ec3781-f1d8-4c07-ab72-95399029d81f,919edf69-969f-4287-a7d9-f1adb5fb68d9,Content Intelligence Category Leadership PR Campaign,"Launch thought leadership PR initiative positioning M-Files as 'Content Intelligence' category creator. Pitch bylined articles, executive commentary, and research findings to business and technology media. Address market repositioning from DMS to content intelligence platform. Supports content intelligence positioning.",pr_comms,Q2,High,suggested,t,,,,,2026-01-22 01:03:46.943971,2026-01-22 01:03:46.943971,,,
e859162d-2735-497f-b400-2859c85e9f02,919edf69-969f-4287-a7d9-f1adb5fb68d9,Fortune 500 Customer Success Story Press Release Program,"Execute quarterly press release program announcing Fortune 500/100 customer wins, expansion deals, and ROI achievements. Develop co-branded announcements with marquee customers featuring AI implementation results. Supports enterprise credibility strategy.",pr_comms,Q1,Medium,suggested,t,,,,,2026-01-22 01:03:46.98795,2026-01-22 01:03:46.98795,,,
12c034f5-3be2-4b36-82fc-2dd3bb6ba9a4,919edf69-969f-4287-a7d9-f1adb5fb68d9,Gartner Magic Quadrant Positioning Initiative for Content Services Platforms,"Execute strategic analyst relations program targeting Gartner positioning in Content Services Platforms Magic Quadrant. Provide detailed briefings on AI capabilities, Fortune 500 customer base, and cloud architecture. Focus on moving from Niche Player positioning. Supports enterprise credibility and AI differentiation.",analyst_relations,Q1,High,suggested,t,,,,,2026-01-22 01:03:47.032424,2026-01-22 01:03:47.032424,,,
a40b419a-4de9-4de2-bd86-70c46943b2de,919edf69-969f-4287-a7d9-f1adb5fb68d9,Forrester Wave Participation for Content Platforms and AI Document Intelligence,"Engage with Forrester for Content Platforms Wave and emerging AI Document Intelligence research. Brief analysts on M-Files Aino AI Agent capabilities, deployment flexibility, and ecosystem integration. Request inclusion in relevant Wave evaluations. Supports AI agent and content intelligence positioning.",analyst_relations,Q2,High,suggested,t,,,,,2026-01-22 01:03:47.077762,2026-01-22 01:03:47.077762,,,
c9864915-ffdb-4105-ab34-45114e8973de,919edf69-969f-4287-a7d9-f1adb5fb68d9,IDC and Constellation Research Briefing Program on AI and Vertical Solutions,"Conduct quarterly briefings with IDC and Constellation analysts on M-Files AI innovation, vertical industry solutions, and enterprise customer traction. Request inclusion in relevant market analyses and vendor assessments. Supports multiple strategic positioning initiatives.",analyst_relations,Q1,Medium,suggested,t,,,,,2026-01-22 01:03:47.122743,2026-01-22 01:03:47.122743,,,
03b9e2b6-a236-49f3-aafb-01aa58d24746,919edf69-969f-4287-a7d9-f1adb5fb68d9,Launch Ecosystem Partner Co-Marketing Program Beyond Microsoft 365,"Develop co-marketing initiatives with Salesforce, SAP, ServiceNow, and other enterprise platform partners highlighting M-Files as central integration hub. Create joint solution briefs, webinars, and case studies. Addresses ecosystem integration narrative beyond Microsoft-only positioning.",partner_marketing,Q2,High,suggested,t,,,,,2026-01-22 01:03:47.166823,2026-01-22 01:03:47.166823,,,
334776bd-1677-4fc5-8f55-34609bbc16c0,919edf69-969f-4287-a7d9-f1adb5fb68d9,Vertical Industry Partner Solution Packages and Joint GTM,"Create verticalized partner solution packages with system integrators and consultancies in Healthcare, Financial Services, and Manufacturing. Develop joint value propositions, co-branded materials, and partner enablement. Supports vertical solutions strategy through partner channels.",partner_marketing,Q3,Medium,suggested,t,,,,,2026-01-22 01:03:47.214282,2026-01-22 01:03:47.214282,,,
f1dea52d-65b6-4646-a42d-b7d1fdd6065a,919edf69-969f-4287-a7d9-f1adb5fb68d9,Developer Partner Program Launch with API Integration Incentives,"Launch formal developer partner program with ISVs and integration specialists. Provide API access, co-marketing support, and marketplace listing opportunities. Create partner showcase highlighting ecosystem extensibility. Supports developer platform and ecosystem integration strategies.",partner_marketing,Q3,Medium,suggested,t,,,,,2026-01-22 01:03:47.25849,2026-01-22 01:03:47.25849,,,
0b067806-9db9-45ec-9c29-cb16ea1fa625,919edf69-969f-4287-a7d9-f1adb5fb68d9,Fortune 500 Customer Advocacy Program with Video Testimonials and Case Studies,"Build structured customer advocacy program recruiting 20+ Fortune 500 customers for testimonials, case studies, reference calls, and speaking opportunities. Focus on AI implementation results and business value extraction stories. Supports enterprise credibility strategy.",customer_marketing,Q1,High,suggested,t,,,,,2026-01-22 01:03:47.302754,2026-01-22 01:03:47.302754,,,
6d33b0da-69aa-41ff-8a67-92d5c34ed618,919edf69-969f-4287-a7d9-f1adb5fb68d9,"Vertical Industry Customer Advisory Boards (Healthcare, FS, Manufacturing)","Establish industry-specific customer advisory boards for top verticals to guide solution development, validate messaging, and create peer influence. Quarterly meetings with executive participation and content creation opportunities. Supports vertical solutions strategy.",customer_marketing,Q2,Medium,suggested,t,,,,,2026-01-22 01:03:47.346949,2026-01-22 01:03:47.346949,,,
8b7e7516-d85f-4b67-8ae2-ca7071ce067c,919edf69-969f-4287-a7d9-f1adb5fb68d9,Customer Expansion Campaign Promoting Aino AI and Advanced Features,"Execute email and digital campaign to existing customer base promoting M-Files Aino AI Agent capabilities, content intelligence features, and advanced automation. Include upgrade incentives and AI ROI tools. Drive product expansion and AI adoption within installed base.",customer_marketing,Q2,High,suggested,t,,,,,2026-01-22 01:03:47.392448,2026-01-22 01:03:47.392448,,,
523ffbb5-414a-4007-b03c-7ff97f7dba6f,919edf69-969f-4287-a7d9-f1adb5fb68d9,Relaunch Product Messaging as 'M-Files Aino AI Agent Platform',"Comprehensively rebrand product messaging hierarchy with M-Files Aino AI Agent as primary value proposition. Update all product collateral, sales decks, and website to lead with AI capabilities rather than metadata-driven DMS positioning. Critical foundation for market repositioning. Supports AI agent positioning strategy.",product_marketing,Q1,High,suggested,t,,,,,2026-01-22 01:03:47.43692,2026-01-22 01:03:47.43692,,,
a8ca326f-7409-4c04-89ce-789e59d9241f,919edf69-969f-4287-a7d9-f1adb5fb68d9,Develop Vertical Industry Solution Packages with Dedicated Positioning,"Create complete vertical solution packages for Healthcare, Financial Services, and Manufacturing including solution briefs, feature mapping, vertical ROI calculators, compliance guides, and competitive positioning. Enable sales team with industry-specific tools. Supports vertical solutions strategy.",product_marketing,Q1,High,suggested,t,,,,,2026-01-22 01:03:47.480771,2026-01-22 01:03:47.480771,,,
910b3606-707e-4888-888d-1e58c451beb7,919edf69-969f-4287-a7d9-f1adb5fb68d9,Create Cloud-Native Architecture and Deployment Flexibility Battle Cards,"Develop competitive positioning materials highlighting M-Files cloud architecture advantages, multi-cloud deployment options, and infrastructure flexibility vs. cloud-only competitors. Include technical comparison charts and IT buyer messaging. Addresses cloud architecture positioning gap.",product_marketing,Q2,High,suggested,t,,,,,2026-01-22 01:03:47.525789,2026-01-22 01:03:47.525789,,,
cdf0aa5f-920c-4a23-a88c-200e723953b5,919edf69-969f-4287-a7d9-f1adb5fb68d9,Rebrand Visual Identity to Emphasize AI Innovation and Content Intelligence,"Refresh brand visual system to better reflect AI-first positioning and content intelligence platform rather than traditional DMS. Update logo treatment, color palette, iconography, and visual language to convey innovation and intelligence. Supports overall repositioning strategy.",brand,Q3,Medium,suggested,t,,,,,2026-01-22 01:03:47.570642,2026-01-22 01:03:47.570642,,,
e6eed19b-7c78-4a85-88fe-66e3298a6890,919edf69-969f-4287-a7d9-f1adb5fb68d9,Develop 'M-Files Aino' Sub-brand Identity and Messaging Architecture,"Create distinct sub-brand identity for M-Files Aino AI Agent including logo, visual system, brand voice, and messaging framework. Position Aino as the intelligent core of M-Files platform. Develop brand guidelines for consistent usage. Supports AI differentiation and branding strategy.",brand,Q1,High,suggested,t,,,,,2026-01-22 01:03:47.616222,2026-01-22 01:03:47.616222,,,
1bc03147-326c-4c9a-bb91-dfa7ce25b362,919edf69-969f-4287-a7d9-f1adb5fb68d9,Launch Content Intelligence Category Brand Campaign,"Execute brand awareness campaign positioning M-Files as content intelligence category leader through display advertising, sponsorships, and thought leadership. Target business and IT decision-makers with transformation messaging. Supports content intelligence repositioning.",brand,Q2,Medium,suggested,t,,,,,2026-01-22 01:03:47.660518,2026-01-22 01:03:47.660518,,,
6d722ff9-38c5-40b4-8918-b0bf9a9c92d2,919edf69-969f-4287-a7d9-f1adb5fb68d9,Complete Website Redesign Leading with M-Files Aino AI Agent Positioning,"Redesign m-files.com homepage and navigation to lead with M-Files Aino AI Agent value proposition, content intelligence capabilities, and business value extraction. Restructure information architecture around AI, verticals, and use cases rather than features. Critical for market repositioning. Supports AI agent and content intelligence strategies.",website,Q1,High,suggested,t,,,,,2026-01-22 01:03:47.705306,2026-01-22 01:03:47.705306,,,
a6bcdf29-d75c-4633-bbac-68c7ac5d3f08,919edf69-969f-4287-a7d9-f1adb5fb68d9,Build Dedicated Industry Vertical Solution Hubs on Website,"Create comprehensive vertical solution sections for Healthcare, Financial Services, and Manufacturing with dedicated landing pages, use case libraries, customer stories, ROI data, and compliance resources. Optimize for industry SEO. Supports vertical solutions strategy.",website,Q2,High,suggested,t,,,,,2026-01-22 01:03:47.751584,2026-01-22 01:03:47.751584,,,
b4846507-4810-4a3f-a725-d196d96ad8c6,919edf69-969f-4287-a7d9-f1adb5fb68d9,Launch Developer Portal with API Documentation and Integration Hub,"Build dedicated developer.m-files.com portal featuring comprehensive API documentation, SDK downloads, code samples, integration tutorials, and ecosystem connector catalog. Include developer community forums and support resources. Supports developer platform positioning.",website,Q3,Medium,suggested,t,,,,,2026-01-22 01:03:47.796577,2026-01-22 01:03:47.796577,,,
1c36e6e9-44fe-4fab-baaa-3ae9604cd63b,919edf69-969f-4287-a7d9-f1adb5fb68d9,M-Files Aino AI Agent Demo Webinar Series with Live Use Case Demonstrations,"Execute monthly webinar series showcasing M-Files Aino AI Agent capabilities with live demonstrations of intelligent data extraction, autonomous workflows, and content intelligence. Include industry-specific sessions and Q&A with product experts. Supports AI agent positioning and thought leadership.",webinars,Q1,High,suggested,t,,,,,2026-01-22 01:03:47.84125,2026-01-22 01:03:47.84125,,,
78f45626-66d8-4739-a9e6-0f1696542b93,919edf69-969f-4287-a7d9-f1adb5fb68d9,"Vertical Industry Solution Webinar Program (Healthcare, FS, Manufacturing)","Deliver quarterly vertical-specific webinars featuring M-Files industry solutions, compliance automation, vertical customer speakers, and ROI case studies. Co-host with industry partners and analysts. Supports vertical solutions strategy.",webinars,Q2,High,suggested,t,,,,,2026-01-22 01:03:47.885948,2026-01-22 01:03:47.885948,,,
2ebd93a8-0849-49a8-8613-99b1b29b3f64,919edf69-969f-4287-a7d9-f1adb5fb68d9,Developer Platform and API Integration Training Webinar Series,"Host technical webinar series for developers and system integrators covering M-Files APIs, SDK usage, integration patterns, and ecosystem connectors. Include hands-on coding demonstrations and Q&A. Supports developer platform and ecosystem integration strategies.",webinars,Q3,Low,suggested,t,,,,,2026-01-22 01:03:47.929975,2026-01-22 01:03:47.929975,,,
c1579c6f-e20f-4da3-9ea8-23531fef25c2,919edf69-969f-4287-a7d9-f1adb5fb68d9,Launch 'Intelligent Information' Podcast Featuring AI and Content Intelligence Thought Leaders,"Create branded podcast series interviewing AI researchers, content intelligence experts, Fortune 500 CIOs, and M-Files customers on digital transformation, intelligent automation, and business value from unstructured data. Position M-Files as thought leader. Supports content intelligence positioning.",podcasts,Q2,Low,suggested,t,,,,,2026-01-22 01:03:47.974277,2026-01-22 01:03:47.974277,,,
2bd51926-451f-445f-b0c8-2c1ab058deed,919edf69-969f-4287-a7d9-f1adb5fb68d9,Industry Vertical Deep-Dive Podcast Series with Customer Practitioners,"Produce vertical-focused podcast episodes featuring Healthcare, Financial Services, and Manufacturing practitioners discussing industry challenges, compliance requirements, and digital transformation. Include M-Files customer success stories. Supports vertical solutions strategy.",podcasts,Q3,Low,suggested,t,,,,,2026-01-22 01:03:48.01901,2026-01-22 01:03:48.01901,,,
5873730f-4f6e-4960-ae0d-2e834dbe5983,919edf69-969f-4287-a7d9-f1adb5fb68d9,"Developer Community Podcast on APIs, Integration, and Extensibility","Launch developer-focused podcast featuring integration specialists, ISV partners, and M-Files technical experts discussing API best practices, ecosystem building, and platform extensibility. Supports developer platform positioning.",podcasts,Q4,Low,suggested,t,,,,,2026-01-22 01:03:48.063234,2026-01-22 01:03:48.063234,,,
0b16b3ef-3f1f-4655-999c-bec1951a8971,919edf69-969f-4287-a7d9-f1adb5fb68d9,Produce M-Files Aino AI Agent Demo Video Library with Use Case Focus,"Create comprehensive video library (15+ videos) demonstrating M-Files Aino AI Agent capabilities across different use cases: contract analysis, invoice processing, compliance automation, etc. Include industry-specific versions. High production quality for sales and marketing use. Supports AI agent positioning.",video,Q1,High,suggested,t,,,,,2026-01-22 01:03:48.107416,2026-01-22 01:03:48.107416,,,
eb3c6825-52d1-4f0b-82e4-a9d7fa6b6511,919edf69-969f-4287-a7d9-f1adb5fb68d9,Fortune 500 Customer Video Testimonial Production Series,"Produce 10+ professional customer testimonial videos featuring Fortune 500 companies discussing M-Files AI implementation results, ROI achievements, and business transformation. Include metrics overlays and B-roll of customer operations. Supports enterprise credibility strategy.",video,Q2,High,suggested,t,,,,,2026-01-22 01:03:48.152166,2026-01-22 01:03:48.152166,,,
b7f6f015-d6a0-467c-8afe-8b43e10e039e,919edf69-969f-4287-a7d9-f1adb5fb68d9,Vertical Industry Solution Explainer Video Series,"Create animated explainer videos for Healthcare, Financial Services, and Manufacturing solutions showing industry workflows, compliance challenges, and M-Files value proposition. 2-3 minutes each, optimized for social and website. Supports vertical solutions strategy.",video,Q2,Medium,suggested,t,,,,,2026-01-22 01:03:48.200267,2026-01-22 01:03:48.200267,,,
80df33ef-163e-4e0a-b55b-603d8bbeff91,919edf69-969f-4287-a7d9-f1adb5fb68d9,Commission 'Content Intelligence Market Landscape' Research Report,"Partner with research firm or conduct proprietary research on content intelligence market, AI adoption in document-centric processes, and business value extraction from unstructured data. Use findings to establish category leadership and generate media coverage. Supports content intelligence positioning.",research,Q2,High,suggested,t,,,,,2026-01-22 01:03:48.244542,2026-01-22 01:03:48.244542,,,
27b51f60-17d4-43bb-aa0b-b16776a49c95,919edf69-969f-4287-a7d9-f1adb5fb68d9,Conduct Enterprise AI Adoption and Deployment Preferences Survey,"Survey 500+ enterprise IT and business leaders on AI adoption priorities, deployment preferences (cloud vs. hybrid), and integration requirements. Generate insights report highlighting M-Files alignment with enterprise needs. Addresses cloud architecture and AI positioning.",research,Q1,Medium,suggested,t,,,,,2026-01-22 01:03:48.291562,2026-01-22 01:03:48.291562,,,
0c93b4c3-d26e-4c86-b566-1e2b324e0a77,919edf69-969f-4287-a7d9-f1adb5fb68d9,Develop Vertical Industry ROI and Benchmarking Studies,"Create data-driven ROI studies for Healthcare, Financial Services, and Manufacturing showing quantified business impact, efficiency gains, and compliance improvements from M-Files implementations. Use customer data and third-party validation. Supports vertical solutions and enterprise credibility strategies.",research,Q3,Medium,suggested,t,,,,,2026-01-22 01:03:48.336063,2026-01-22 01:03:48.336063,,,
40341cc1-5396-4ff2-a7b3-06940d56732d,bb2d62cf-e881-4766-91de-b83b77ed2007,Optimize for Voice Search and Conversational AI Queries,Target long-tail conversational queries like 'how to migrate from OpenText to SharePoint' and 'what happens after Microsoft 365 migration.' Captures bottom-funnel intent with natural language.,seo_sem,Q1,Medium,suggested,t,,,,,2026-01-25 17:39:16.868915,2026-01-25 17:39:16.868915,,,
9b520b5e-5db7-46b4-882c-e75d12375a91,919edf69-969f-4287-a7d9-f1adb5fb68d9,Create Interactive AI ROI Calculator with Industry Benchmarks,"Build sophisticated online calculator allowing prospects to estimate ROI from M-Files Aino AI Agent based on document volumes, process types, and current inefficiencies. Include industry benchmarks and personalized reports. Lead generation tool supporting AI positioning and content intelligence messaging.",other,Q1,High,suggested,t,,,,,2026-01-22 01:03:48.388309,2026-01-22 01:03:48.388309,,,
5aec1bae-2053-4bee-baad-e99605cf7c2b,919edf69-969f-4287-a7d9-f1adb5fb68d9,Develop Sales Enablement Battlecard System for Competitive Positioning,"Create comprehensive battlecard library covering key competitors (DocuWare, Laserfiche, SharePoint, Box) highlighting M-Files advantages in AI capabilities, deployment flexibility, ecosystem integration, and enterprise scale. Include objection handling and discovery questions. Supports competitive differentiation across all strategies.",other,Q1,High,suggested,t,,,,,2026-01-22 01:03:48.43574,2026-01-22 01:03:48.43574,,,
890c1ae7-00e6-4c6e-8f40-8d5e835080d4,919edf69-969f-4287-a7d9-f1adb5fb68d9,Launch Customer Reference Platform with Searchable Success Story Database,"Implement customer reference management platform allowing sales to search Fortune 500 customers by industry, use case, geography, and company size. Include video testimonials, written case studies, and reference availability. Supports enterprise credibility and vertical solutions strategies.",other,Q2,Medium,suggested,t,,,,,2026-01-22 01:03:48.495661,2026-01-22 01:03:48.495661,,,
6cdeedc2-4928-4996-b70e-51cd3f03c38a,bb7df60e-3de5-4bb5-ace6-eb34d74f485e,What ChatGPT cannot do for your transformation strategy,"Editorial calendar ""Editorial Calendar — 2026-06-09"" · whitepaper · channel: email · publish 2026-06-16",Digital,Q2,Medium,suggested,t,,,2026-06-16 17:00:00,,2026-06-09 16:44:31.595715,2026-06-09 16:44:31.595715,,,
7bc9c061-766f-41c9-b246-8b0e7228971c,bb7df60e-3de5-4bb5-ace6-eb34d74f485e,Microsoft partner GTM strategy: how ISV founders earn internal attention without wasting cycles,"Editorial calendar ""Editorial Calendar — 2026-06-09"" · blog_post · channel: blog · publish 2026-06-18",Digital,Q2,Medium,suggested,t,,,2026-06-18 15:00:00,,2026-06-09 16:44:31.595715,2026-06-09 16:44:31.595715,,,
7deab79e-da31-4955-91d8-fd09e423625d,bb7df60e-3de5-4bb5-ace6-eb34d74f485e,Post-merger integration needs more than a playbook: build one execution system across business units,"Editorial calendar ""Editorial Calendar — 2026-06-09"" · blog_post · channel: blog · publish 2026-06-22",Digital,Q2,Medium,suggested,t,,,2026-06-22 15:00:00,,2026-06-09 16:44:31.595715,2026-06-09 16:44:31.595715,,,
8e8c28fe-07fa-49e2-82c9-f96c7d02e9b8,bb7df60e-3de5-4bb5-ace6-eb34d74f485e,AI due diligence for private equity: what to assess before you underwrite the upside,"Editorial calendar ""Editorial Calendar — 2026-06-09"" · whitepaper · channel: email · publish 2026-06-22",Digital,Q2,Medium,suggested,t,,,2026-06-22 17:00:00,,2026-06-09 16:44:31.595715,2026-06-09 16:44:31.595715,,,
bf73e7a8-147b-487f-a4e5-b12ad2835c39,bb7df60e-3de5-4bb5-ace6-eb34d74f485e,How to implement a company operating system without creating more bureaucracy,"Editorial calendar ""Editorial Calendar — 2026-06-09"" · newsletter · channel: linkedin · publish 2026-06-24",Digital,Q2,Medium,suggested,t,,,2026-06-24 16:00:00,,2026-06-09 16:44:31.595715,2026-06-09 16:44:31.595715,,,
aa8e25aa-afbe-4ea1-81b9-002b92debee1,bb7df60e-3de5-4bb5-ace6-eb34d74f485e,The implementation accountability gap: why strategy fails after the deck,"Editorial calendar ""Editorial Calendar — 2026-06-09"" · landing_page · channel: blog · publish 2026-06-26",Digital,Q2,Medium,suggested,t,,,2026-06-26 15:00:00,,2026-06-09 16:44:31.595715,2026-06-09 16:44:31.595715,,,
52c80adf-9af4-4499-b055-daacd5117ff5,bb7df60e-3de5-4bb5-ace6-eb34d74f485e,AI strategy for tribal enterprises: how to move forward without compromising sovereignty,"Editorial calendar ""Editorial Calendar — 2026-06-09"" · blog_post · channel: blog · publish 2026-06-29",Digital,Q2,Medium,suggested,t,,,2026-06-29 15:00:00,,2026-06-09 16:44:31.595715,2026-06-09 16:44:31.595715,,,
2cb0a752-406a-4709-8633-c177138415a6,bb7df60e-3de5-4bb5-ace6-eb34d74f485e,From co-sell confusion to partner momentum: a strategic roadmap for midmarket Microsoft SIs,"Editorial calendar ""Editorial Calendar — 2026-06-09"" · blog_post · channel: blog · publish 2026-06-30",Digital,Q2,Medium,suggested,t,,,2026-06-30 15:00:00,,2026-06-09 16:44:31.595715,2026-06-09 16:44:31.595715,,,
6d05e194-6591-471d-b77d-cf3f41270950,bb7df60e-3de5-4bb5-ace6-eb34d74f485e,What measurable transformation looks like when you do not have flashy proof points yet,"Editorial calendar ""Editorial Calendar — 2026-06-09"" · newsletter · channel: email · publish 2026-07-02",Digital,Q3,Medium,suggested,t,,,2026-07-02 17:00:00,,2026-06-09 16:44:31.595715,2026-06-09 16:44:31.595715,,,
401599eb-88d7-48fc-b17f-d463d59b6fdd,bb7df60e-3de5-4bb5-ace6-eb34d74f485e,Case study framework: how one focused AI use case earns executive confidence in 6 weeks,"Editorial calendar ""Editorial Calendar — 2026-06-09"" · case_study · channel: linkedin · publish 2026-07-06",Digital,Q3,Medium,suggested,t,,,2026-07-06 16:00:00,,2026-06-09 16:44:31.595715,2026-06-09 16:44:31.595715,,,
1aa4e22d-a130-4da5-8107-32a4bc84bb3a,bb7df60e-3de5-4bb5-ace6-eb34d74f485e,Why large consultancies miss the human side of transformation and what that costs you,"Editorial calendar ""Editorial Calendar — 2026-06-09"" · linkedin_post · channel: linkedin · publish 2026-07-06",Digital,Q3,Medium,suggested,t,,,2026-07-06 16:00:00,,2026-06-09 16:44:31.595715,2026-06-09 16:44:31.595715,,,
3c55c8bf-aa94-4546-a92e-027ca32bd169,bb7df60e-3de5-4bb5-ace6-eb34d74f485e,Free strategy day for CEOs and boards: what gets decided in one day and what happens next,"Editorial calendar ""Editorial Calendar — 2026-06-09"" · landing_page · channel: linkedin · publish 2026-07-08",Digital,Q3,Medium,suggested,t,,,2026-07-08 16:00:00,,2026-06-09 16:44:31.595715,2026-06-09 16:44:31.595715,,,
8de913a9-708a-4578-b3d4-b928a73ea2e5,bb2d62cf-e881-4766-91de-b83b77ed2007,Execute ABM Display Campaigns Targeting 25-50 Named Accounts,"Launch account-based display and LinkedIn advertising targeting CIOs, VPs IT, and compliance officers at 25-50 ICP accounts (5,000+ employees, M365 E3/E5, regulated industries). Messaging focused on 'Content Modernization + Content AI platform' positioning with THEMIS differentiation. Supports sales-led primary motion.",digital_marketing,Q1,High,suggested,t,,,,,2026-01-23 01:50:02.653774,2026-01-23 01:50:02.653774,,,
76fd50ac-2b33-4e8c-828c-44d5e4d52824,bb2d62cf-e881-4766-91de-b83b77ed2007,Implement Microsoft Solution Assessment Retargeting Campaign,Create retargeting campaigns for visitors who engage with Microsoft Assessment tools or Purview content on Microsoft.com. Drive to co-branded landing pages highlighting THEMIS platform for content readiness and governance. Captures high-intent Microsoft ecosystem leads.,digital_marketing,Q2,High,suggested,t,,,,,2026-01-23 01:50:02.696537,2026-01-23 01:50:02.696537,,,
d421a205-4793-4f5e-94a1-28dedf8741b7,bb2d62cf-e881-4766-91de-b83b77ed2007,Develop Intent-Based Programmatic Campaigns for Legacy ECM Keywords,"Build programmatic display campaigns targeting accounts showing intent signals around 'OpenText migration,' 'Documentum replacement,' 'FileNet modernization,' and 'SharePoint migration.' Message THEMIS platform migration capabilities and metadata normalization expertise.",digital_marketing,Q1,Medium,suggested,t,,,,,2026-01-23 01:50:02.740259,2026-01-23 01:50:02.740259,,,
79f9b9bd-1b04-4703-8dad-962421b099be,bb2d62cf-e881-4766-91de-b83b77ed2007,Launch Vertical-Specific Cold Email Sequences with ROI Calculators,"Develop 5 industry-specific cold email sequences (healthcare, financial services, insurance, public sector, energy) each featuring vertical ROI calculators, compliance pain points, and THEMIS platform value props. Include trust indicators (years of expertise, migration volume, certifications). Target CIOs and IT VPs.",outbound_campaigns,Q1,High,suggested,t,,,,,2026-01-23 01:50:02.783245,2026-01-23 01:50:02.783245,,,
cf9975a8-b89f-4743-a138-beac66027a92,bb2d62cf-e881-4766-91de-b83b77ed2007,Execute Microsoft Co-Sell Warm Introduction Campaign,"Partner with Microsoft field sellers to execute warm introduction email campaigns to joint target accounts. Messaging anchored on Microsoft + THEMIS Content AI partnership, Purview integration, and post-migration managed services. Include Microsoft Marketplace CTA.",outbound_campaigns,Q2,High,suggested,t,,,,,2026-01-23 01:50:02.829741,2026-01-23 01:50:02.829741,,,
370c8632-93f4-4e28-b260-628f86debd8b,bb2d62cf-e881-4766-91de-b83b77ed2007,Run Trigger-Based Outbound for M&A and Audit Event Signals,"Build automated outbound sequences triggered by M&A announcements, regulatory audit news, or cloud migration press releases at target accounts. Position THEMIS for rapid content consolidation and compliance-ready migration. Supports opportunistic deal capture.",outbound_campaigns,steady_state,Medium,suggested,t,,,,,2026-01-23 01:50:02.873193,2026-01-23 01:50:02.873193,,,
808b6d05-3f55-46c2-9afb-eaa3d1c7f346,bb2d62cf-e881-4766-91de-b83b77ed2007,Launch PPC Campaign for CAPP and Content AI Partner Keywords,"Bid on Microsoft Content AI partner, CAPP member, and Copilot content readiness terms. Capitalizes on partnership differentiation as competitors cannot bid on these terms.",seo_sem,Q2,High,suggested,t,,,,,2026-01-25 17:39:16.912444,2026-01-25 17:39:16.912444,,,
e8af3b0e-655f-4bbc-8169-0c95bfc6b02b,bb2d62cf-e881-4766-91de-b83b77ed2007,Create 5 Vertical Industry Solution Guides with Quantified Outcomes,"Develop comprehensive solution guides for healthcare, financial services, insurance, public sector, and energy. Each guide details vertical-specific compliance requirements, THEMIS platform capabilities, migration methodology, and quantified ROI (time savings, cost reduction, risk mitigation). Supports vertical messaging recommendation.",content_marketing,Q1,High,suggested,t,,,,,2026-01-23 01:50:02.915604,2026-01-23 01:50:02.915604,,,
6be8f80a-7da4-471b-b6a2-b4f0bed446bb,bb2d62cf-e881-4766-91de-b83b77ed2007,Produce 'Digital Transformation Through Content Modernization' Thought Leadership Series,"Commission 6-8 long-form articles repositioning ECM as digital transformation foundation. Topics: AI-readiness through content enrichment, business agility from modern governance, employee productivity gains, M&A content integration. Distribute via owned channels and Forbes/InformationWeek contributed articles. Supports reframing recommendation.",content_marketing,Q1,High,suggested,t,,,,,2026-01-23 01:50:02.960617,2026-01-23 01:50:02.960617,,,
538a37dd-b2fe-43dd-a9e2-e235325cd1d5,bb2d62cf-e881-4766-91de-b83b77ed2007,Launch LinkedIn Thought Leadership Program for Executive Team,"Establish weekly LinkedIn publishing cadence for CEO and key executives. Content themes: Microsoft partnership insights, Content AI trends, migration best practices, vertical digital transformation stories. Build personal brand authority to support trust proof and reposition as strategic advisors.",social_media,steady_state,High,suggested,t,,,,,2026-01-23 01:50:03.048002,2026-01-23 01:50:03.048002,,,
a14124ea-00cf-4ba9-858a-adc24569cbdd,bb2d62cf-e881-4766-91de-b83b77ed2007,Create Microsoft Partnership Highlight Content Series,"Develop bi-weekly social content series showcasing Microsoft Gold Partner status, MISA membership, CAPP charter membership, joint customer wins, and co-innovation stories. Use across LinkedIn, Twitter/X. Reinforces Microsoft-aligned platform partner positioning.",social_media,steady_state,Medium,suggested,t,,,,,2026-01-23 01:50:03.090128,2026-01-23 01:50:03.090128,,,
899b312a-dcf2-4a4f-aa2c-62935af5c632,bb2d62cf-e881-4766-91de-b83b77ed2007,Execute Customer Success Story Social Amplification Campaign,"Create quarterly social media campaigns amplifying customer migration success stories with quantified metrics (petabytes migrated, time saved, compliance achieved). Tag customers and Microsoft. Build trust indicators and social proof at scale.",social_media,steady_state,Medium,suggested,t,,,,,2026-01-23 01:50:03.133399,2026-01-23 01:50:03.133399,,,
5debd527-29e2-49a0-8007-e5ba69e83822,bb2d62cf-e881-4766-91de-b83b77ed2007,Build Vertical-Specific Nurture Tracks with Trust Proof Cadence,"Develop 5 industry-specific email nurture programs (8-12 touches each) incorporating trust indicators at every stage: customer logos, migration volume stats, years of expertise, certifications, case study metrics. Progress leads from awareness to sales conversation. Supports trust proof recommendation.",email_marketing,Q1,High,suggested,t,,,,,2026-01-23 01:50:03.177898,2026-01-23 01:50:03.177898,,,
6ff623e7-e583-4980-beff-646c88c434c9,bb2d62cf-e881-4766-91de-b83b77ed2007,Create Post-Migration Services Expansion Email Campaign for Existing Customers,"Design email campaign to existing migration customers introducing post-migration value services: optimization, adoption enablement, governance sustainment, content analytics. Include expansion ROI calculator and success metrics. Drives expansion revenue opportunity.",email_marketing,Q2,High,suggested,t,,,,,2026-01-23 01:50:03.221219,2026-01-23 01:50:03.221219,,,
c5369677-bee9-4d1a-89ff-9bdcacb67edc,bb2d62cf-e881-4766-91de-b83b77ed2007,Launch Microsoft Marketplace Listing Promotion Email Series,"Create dedicated email series promoting THEMIS availability on Microsoft Marketplace, highlighting Azure consumption credits, procurement simplification, and integrated billing. Target existing M365 customers and prospects. Supports Microsoft pathway acquisition strategy.",email_marketing,Q2,Medium,suggested,t,,,,,2026-01-23 01:50:03.263877,2026-01-23 01:50:03.263877,,,
5034dba9-9ff5-4502-bc81-6f06fda45b08,bb2d62cf-e881-4766-91de-b83b77ed2007,Optimize for 'Content AI' and 'Microsoft Purview Migration' Search Terms,"Execute SEO campaign targeting emerging high-value keywords: 'Content AI platform,' 'Microsoft Purview migration,' 'intelligent content enrichment,' 'M365 content modernization.' Create supporting landing pages, blog content, and technical resources. Supports repositioning as Content AI platform partner.",seo_sem,Q1,High,suggested,t,,,,,2026-01-23 01:50:03.306802,2026-01-23 01:50:03.306802,,,
75819add-c2cf-4c76-9459-b9ce9955e9d1,bb2d62cf-e881-4766-91de-b83b77ed2007,Launch SEM Campaign for Legacy ECM Replacement Intent Keywords,"Build Google Ads campaigns targeting high-intent search terms: '[OpenText/Documentum/FileNet] migration,' 'SharePoint modernization,' 'ECM decommission,' 'content governance platform.' Drive to vertical-specific landing pages with THEMIS platform positioning and trust proof.",seo_sem,Q1,High,suggested,t,,,,,2026-01-23 01:50:03.351005,2026-01-23 01:50:03.351005,,,
409b2725-065a-4862-983b-a4339e7ef232,bb2d62cf-e881-4766-91de-b83b77ed2007,Create SEO-Optimized Vertical Industry Landing Page Hub,"Develop 5 comprehensive vertical landing pages (healthcare, financial services, insurance, public sector, energy) optimized for industry + compliance + migration keyword combinations. Include trust indicators, case studies, and THEMIS platform capabilities. Supports vertical messaging strategy.",seo_sem,Q2,High,suggested,t,,,,,2026-01-23 01:50:03.393655,2026-01-23 01:50:03.393655,,,
d3e735f0-c476-401c-bab6-7c600e203b09,bb2d62cf-e881-4766-91de-b83b77ed2007,Secure Tier 1 Media Coverage on Content AI and Microsoft Partnership,"Pitch Forbes, Wall Street Journal, InformationWeek on THEMIS platform innovation in Content AI space and Microsoft strategic partnership (MISA, CAPP). Angle: how enterprises prepare content for AI readiness. Build category authority and trust proof through earned media.",pr_comms,Q2,High,suggested,t,,,,,2026-01-23 01:50:03.437333,2026-01-23 01:50:03.437333,,,
ab52822c-067e-4081-979f-19ff235bfbe6,bb2d62cf-e881-4766-91de-b83b77ed2007,Launch Customer Success Metrics PR Campaign,"Issue quarterly press releases highlighting aggregate customer success metrics: total petabytes migrated, enterprises served, compliance certifications maintained, migration project success rate. Syndicate through industry publications. Establishes quantifiable trust indicators.",pr_comms,steady_state,Medium,suggested,t,,,,,2026-01-23 01:50:03.480577,2026-01-23 01:50:03.480577,,,
439d4358-b4db-43ac-9dd8-73b3af6d7003,bb2d62cf-e881-4766-91de-b83b77ed2007,Develop Executive Byline Placement Program in Vertical Trade Publications,"Secure executive byline placements in Healthcare IT News, American Banker, Government Technology, Energy Digital (2-3 articles per vertical annually). Topics: vertical digital transformation through content modernization, regulatory compliance via governance-by-design. Builds vertical authority.",pr_comms,steady_state,Medium,suggested,t,,,,,2026-01-23 01:50:03.524988,2026-01-23 01:50:03.524988,,,
4fcc7c34-54b1-4e20-a0c2-3c85c8dd15bf,bb2d62cf-e881-4766-91de-b83b77ed2007,Initiate Gartner and Forrester Briefing Program,"Schedule quarterly briefings with Gartner (ECM, Content Services, Migration Tools) and Forrester analysts. Present THEMIS platform roadmap, Microsoft partnership depth, customer traction metrics, and vertical solution packages. Objective: inclusion in market guides and positive mentions in research.",analyst_relations,Q1,High,suggested,t,,,,,2026-01-23 01:50:03.568747,2026-01-23 01:50:03.568747,,,
60343124-732a-4770-90ba-324ea0d17cf7,bb2d62cf-e881-4766-91de-b83b77ed2007,Pursue IDC Content Services MarketScape Evaluation,"Apply for inclusion in IDC MarketScape for Content Services and Migration Solutions. Prepare detailed briefing materials showcasing THEMIS platform capabilities, Microsoft integration, customer ROI data, and vertical expertise. Analyst validation builds enterprise buyer confidence.",analyst_relations,Q2,High,suggested,t,,,,,2026-01-23 01:50:03.611734,2026-01-23 01:50:03.611734,,,
00fa7d12-bdce-4c1c-acf9-2e5e9c698a32,bb2d62cf-e881-4766-91de-b83b77ed2007,Commission Custom Analyst Report on Content Modernization ROI,Partner with Forrester or IDC to create commissioned research: 'The Total Economic Impact of Content Modernization' or 'Content AI Readiness Index.' Use THEMIS customer data. Deploy as high-value sales enablement and demand gen asset. Establishes category thought leadership.,analyst_relations,Q3,Medium,suggested,t,,,,,2026-01-23 01:50:03.655667,2026-01-23 01:50:03.655667,,,
f99f7385-a06d-4924-8442-23cde91d947a,bb2d62cf-e881-4766-91de-b83b77ed2007,Create Microsoft Co-Sell Playbook and Field Enablement Program,"Develop comprehensive co-sell playbook for Microsoft field sellers and partner managers: ICP definition, discovery questions, THEMIS + Purview value story, competitive battlecards, customer proof points. Conduct quarterly enablement webinars. Scales partner-led GTM motion.",partner_marketing,Q1,High,suggested,t,,,,,2026-01-23 01:50:03.699546,2026-01-23 01:50:03.699546,,,
95791203-fe4a-4135-97e5-fd423d92da31,bb2d62cf-e881-4766-91de-b83b77ed2007,Launch SI Partner Co-Marketing Campaign Program,"Establish co-marketing program with 3-5 strategic SI partners (Accenture, Deloitte, etc.): joint webinars, co-branded solution briefs, shared case studies, coordinated ABM campaigns. Focus on vertical solutions combining THEMIS platform + SI implementation. Expands market reach.",partner_marketing,Q2,High,suggested,t,,,,,2026-01-23 01:50:03.743041,2026-01-23 01:50:03.743041,,,
2fe87c2c-f472-4e02-91f8-80b634b862e0,bb2d62cf-e881-4766-91de-b83b77ed2007,Optimize Microsoft Marketplace Listing with Trust Proof and Platform Messaging,"Enhance Microsoft Marketplace listing with THEMIS platform positioning, customer testimonials, migration volume metrics, security certifications, integration architecture diagrams, and ROI calculator. Create pathway campaign driving high-intent traffic to listing. Improves conversion of Microsoft ecosystem leads.",partner_marketing,Q1,High,suggested,t,,,,,2026-01-23 01:50:03.787026,2026-01-23 01:50:03.787026,,,
9fb947e5-3289-4e40-8cd0-6003aa401cef,bb2d62cf-e881-4766-91de-b83b77ed2007,Build Customer Advisory Board for Post-Migration Services Expansion,"Establish 10-15 member customer advisory board from successful migration clients. Quarterly meetings to co-develop post-migration service offerings (optimization, adoption, sustainment, analytics). Use insights for product roadmap and create exclusive case studies. Drives expansion revenue and retention.",customer_marketing,Q2,High,suggested,t,,,,,2026-01-23 01:50:03.830252,2026-01-23 01:50:03.830252,,,
78439f87-d0bb-4c68-8482-078c27a856f1,bb2d62cf-e881-4766-91de-b83b77ed2007,Launch Customer Success Story Video and Written Case Study Program,"Produce 8-10 detailed case studies (4-6 with video) across priority verticals showcasing quantified outcomes: migration speed, cost savings, compliance achievement, productivity gains. Include before/after content governance metrics. Distribute via website, sales, and campaigns. Core trust proof assets.",customer_marketing,Q1,High,suggested,t,,,,,2026-01-23 01:50:03.87504,2026-01-23 01:50:03.87504,,,
46d88270-d915-4b8b-809b-9cfb43f5d80e,bb2d62cf-e881-4766-91de-b83b77ed2007,Create Customer Reference Program with Incentivized Participation,"Formalize customer reference program: tiered benefits for references (priority support, roadmap input, co-marketing). Build searchable reference database by vertical, use case, and technology stack. Enable sales to quickly connect prospects with relevant peer validators.",customer_marketing,Q2,Medium,suggested,t,,,,,2026-01-23 01:50:03.922123,2026-01-23 01:50:03.922123,,,
8cf16c98-7462-4e35-ba80-b77a84d98cf6,bb2d62cf-e881-4766-91de-b83b77ed2007,Develop THEMIS Platform Positioning and Messaging Framework,"Create comprehensive messaging framework repositioning THEMIS ICE and THEMIS IA as proprietary Content Modernization + Content AI platform (not just services). Include: elevator pitch, value pillars, differentiation vs. point solutions, platform architecture narrative, technical specificity. Foundation for all marketing. Directly supports platform elevation recommendation.",product_marketing,Q1,High,suggested,t,,,,,2026-01-23 01:50:03.967874,2026-01-23 01:50:03.967874,,,
b467f209-e5f2-4192-ab1c-297c16b83613,bb2d62cf-e881-4766-91de-b83b77ed2007,Create Vertical Solution Package Positioning and Sales Kits,"Develop 5 packaged vertical solutions (healthcare, financial services, insurance, public sector, energy) with distinct positioning, compliance mapping, THEMIS configuration profiles, pricing, and sales enablement kits. Enables verticalized go-to-market and competitive differentiation.",product_marketing,Q1,High,suggested,t,,,,,2026-01-23 01:50:04.012571,2026-01-23 01:50:04.012571,,,
8d2a60f8-f171-4ff4-af20-e634b0487e4e,bb2d62cf-e881-4766-91de-b83b77ed2007,Build Competitive Battlecards for Platform vs. Point Solution Positioning,"Create detailed battlecards comparing THEMIS platform approach vs. point migration tools, DIY Microsoft migration, and legacy ECM vendor services. Emphasize platform completeness (connectors, automation, scale, security, governance-by-design). Equip sales to defend platform premium and reposition competitors.",product_marketing,Q1,High,suggested,t,,,,,2026-01-23 01:50:04.056132,2026-01-23 01:50:04.056132,,,
62108528-61a3-4451-b75c-b66c56e5a204,bb2d62cf-e881-4766-91de-b83b77ed2007,Refresh Brand Identity to Reflect Platform and Microsoft Partnership,"Evolve brand visual identity and voice to emphasize: platform sophistication, Microsoft ecosystem alignment, enterprise trust, innovation in Content AI. Update logo treatment to incorporate platform iconography. Ensure brand signals technical depth not just services. Supports repositioning from ECM partner to platform partner.",brand,Q2,Medium,suggested,t,,,,,2026-01-23 01:50:04.099659,2026-01-23 01:50:04.099659,,,
56bc728a-77bd-4c93-99e9-29eaadae1117,bb2d62cf-e881-4766-91de-b83b77ed2007,Create Brand Trust Indicator System for All Customer Touchpoints,"Design consistent trust indicator system (iconography, formatting, placement) for use across all marketing: years of expertise, migration volume, customer count, certifications, partnership badges. Implement across website, collateral, proposals, presentations. Systematizes trust proof recommendation.",brand,Q1,High,suggested,t,,,,,2026-01-23 01:50:04.142949,2026-01-23 01:50:04.142949,,,
480624db-264b-41e0-bae9-56d655b96d57,bb2d62cf-e881-4766-91de-b83b77ed2007,Develop Brand Thought Leadership Platform Theme: 'Content Readiness for AI Era',"Establish overarching brand thought leadership theme connecting content modernization to AI readiness, digital transformation, and business agility. Create visual identity for this platform (logo, templates, content series branding). Use to unify content, events, and campaigns under strategic narrative.",brand,Q1,Medium,suggested,t,,,,,2026-01-23 01:50:04.185788,2026-01-23 01:50:04.185788,,,
db1533e3-c35a-4693-94a2-7f82d4728b93,bb2d62cf-e881-4766-91de-b83b77ed2007,Redesign Homepage with Platform Positioning and Trust Proof Above Fold,"Redesign homepage to lead with 'Microsoft-aligned Content Modernization + Content AI Platform' positioning. Above-fold elements: THEMIS platform value prop, trust indicators (migration metrics, years, certifications), Microsoft partnership badges, platform architecture visualization, vertical solutions navigation. Supports multiple GTM recommendations.",website,Q1,High,suggested,t,,,,,2026-01-23 01:50:04.228564,2026-01-23 01:50:04.228564,,,
c2847228-ccb4-454e-87c0-209c2ae865f4,bb2d62cf-e881-4766-91de-b83b77ed2007,Build 5 Vertical Industry Landing Pages with Compliance and Trust Focus,"Create dedicated landing pages for healthcare, financial services, insurance, public sector, and energy. Each page: vertical pain points, regulatory compliance requirements, THEMIS platform capabilities, customer success metrics, industry-specific case studies, trust proof. Optimized for SEO and paid campaigns. Core vertical strategy execution.",website,Q2,High,suggested,t,,,,,2026-01-23 01:50:04.273911,2026-01-23 01:50:04.273911,,,
dc5a1435-11eb-40ae-9de4-ee63272c32c3,bb2d62cf-e881-4766-91de-b83b77ed2007,Develop THEMIS Platform Hub with Technical Resources and Interactive Tools,"Create dedicated platform section on website: interactive architecture diagrams, connector catalog, API documentation, integration guides, ROI calculator, migration assessment tool, security/compliance documentation. Demonstrates technical sophistication and platform completeness. Supports technical specificity recommendation.",website,Q2,High,suggested,t,,,,,2026-01-23 01:50:04.319032,2026-01-23 01:50:04.319032,,,
28280c0f-9d0e-4496-95e4-8d69735a4c3a,bb2d62cf-e881-4766-91de-b83b77ed2007,Launch Monthly 'Content Modernization for [Vertical]' Webinar Series,"Host monthly webinars alternating focus on priority verticals (healthcare, financial services, public sector). Format: industry trends, compliance updates, THEMIS platform demo, customer guest speaker, Q&A. Generate high-quality leads and position as vertical experts. Year-round demand generation engine.",webinars,steady_state,High,suggested,t,,,,,2026-01-23 01:50:04.361232,2026-01-23 01:50:04.361232,,,
b4773c33-7b24-49f8-94b9-368d98b4c54b,bb2d62cf-e881-4766-91de-b83b77ed2007,Create Microsoft + THEMIS Co-Hosted Webinar Series,"Partner with Microsoft for quarterly co-branded webinars on M365/Purview + THEMIS integrated solutions. Topics: Purview-driven governance, Content AI readiness, secure migration strategies. Leverage Microsoft's audience reach and co-sell relationship. Generates high-intent Microsoft ecosystem leads.",webinars,steady_state,High,suggested,t,,,,,2026-01-23 01:50:04.411194,2026-01-23 01:50:04.411194,,,
dbcfab5d-c2be-440e-8c9f-17d33f0ae771,bb2d62cf-e881-4766-91de-b83b77ed2007,Host Executive 'Digital Transformation Through Content' Webinar Series,"Launch quarterly executive-level webinars positioning content modernization as digital transformation foundation. Feature C-level customer speakers, industry analysts, and business outcome focus (not technical). Target CIOs and business leaders. Supports reframing recommendation.",webinars,Q2,Medium,suggested,t,,,,,2026-01-23 01:50:04.455189,2026-01-23 01:50:04.455189,,,
e733d034-8b08-46f2-9577-b52e041ca3b8,bb2d62cf-e881-4766-91de-b83b77ed2007,Launch 'Modern Content Management' Podcast Featuring Customer and Industry Experts,"Create bi-weekly podcast interviewing customers, Microsoft partners, industry analysts, and internal experts on content modernization trends, migration best practices, governance strategies, and digital transformation. Build audience of IT and compliance professionals. Establishes ongoing thought leadership channel.",podcasts,Q2,Medium,suggested,t,,,,,2026-01-23 01:50:04.497574,2026-01-23 01:50:04.497574,,,
2de3350d-4e2b-41a4-b0fd-1e36e079d4a6,bb2d62cf-e881-4766-91de-b83b77ed2007,Develop Short-Form Video Series: 'THEMIS Platform in 60 Seconds',"Create library of 60-90 second videos explaining THEMIS platform capabilities: intelligent content enrichment, metadata normalization, connector architecture, Purview integration, governance automation. Use across social, website, email, and sales. Makes complex platform concepts accessible.",video,Q1,High,suggested,t,,,,,2026-01-23 01:50:04.541125,2026-01-23 01:50:04.541125,,,
310f457f-f717-4e74-9088-871a11651392,bb2d62cf-e881-4766-91de-b83b77ed2007,Produce Customer Success Story Video Documentary Series,"Film 4-6 high-production customer documentary videos (3-5 minutes) showcasing digital transformation journeys enabled by THEMIS platform. Feature business leaders discussing outcomes. Use in sales presentations, website, events, and social. Premium trust proof and emotional storytelling.",video,Q2,High,suggested,t,,,,,2026-01-23 01:50:04.583813,2026-01-23 01:50:04.583813,,,
5a671d1e-9971-4dff-af53-d2494a5f1933,bb2d62cf-e881-4766-91de-b83b77ed2007,Create Vertical-Specific Video Demo Library,"Develop 5 customized THEMIS platform demo videos tailored to each priority vertical: healthcare compliance scenario, financial services audit use case, public sector retention workflow, etc. Enable sales to send relevant demos quickly. Improves conversion by showing vertical-specific value.",video,Q2,Medium,suggested,t,,,,,2026-01-23 01:50:04.62621,2026-01-23 01:50:04.62621,,,
f75ba9cd-22a0-4a78-a100-92b49cff3563,bb2d62cf-e881-4766-91de-b83b77ed2007,Commission 'State of Enterprise Content Modernization' Annual Research Report,"Partner with research firm to conduct annual survey of 300+ enterprise IT and compliance leaders on content modernization priorities, challenges, technology investments, and ROI. Publish comprehensive report. Use as lead generation, PR hook, and sales enablement. Establishes market leadership and provides data-driven insights.",research,Q3,High,suggested,t,,,,,2026-01-23 01:50:04.668977,2026-01-23 01:50:04.668977,,,
1110b89e-d721-4cef-b81c-47ac62e25a20,bb2d62cf-e881-4766-91de-b83b77ed2007,Develop ROI and TCO Calculator Tools Based on Customer Data,"Build interactive ROI calculator and TCO comparison tool using aggregated customer outcome data. Allow prospects to input their environment parameters and receive customized migration value projections. Use for demand gen, website conversion, and sales enablement. Quantifies value proposition.",research,Q2,High,suggested,t,,,,,2026-01-23 01:50:04.714386,2026-01-23 01:50:04.714386,,,
401783d2-6a40-42fc-b5c9-4e4747af7403,bb2d62cf-e881-4766-91de-b83b77ed2007,Create Benchmark Data Series: Migration Performance and Governance Metrics,"Analyze customer data to create industry benchmark reports: average migration speeds by source system, metadata quality improvement rates, governance adoption curves, time-to-compliance metrics. Publish quarterly benchmark insights. Demonstrates expertise and provides value to market.",research,Q3,Medium,suggested,t,,,,,2026-01-23 01:50:04.756754,2026-01-23 01:50:04.756754,,,
a55e56c4-8677-4833-aef7-2bbea74dc2e5,bb2d62cf-e881-4766-91de-b83b77ed2007,Establish Sales Enablement Portal with Vertical and Platform Assets,"Build centralized sales enablement portal organizing all assets by vertical, buyer persona, and sales stage. Include: vertical solution kits, THEMIS platform technical docs, competitive battlecards, ROI tools, case studies, demo videos, email templates, proposal templates. Ensure sales can quickly find and deploy right assets. Operational excellence supporting GTM execution.",other,Q1,High,suggested,t,,,,,2026-01-23 01:50:04.828394,2026-01-23 01:50:04.828394,,,
eee79e58-7b28-424c-98a3-42f41885f237,bb2d62cf-e881-4766-91de-b83b77ed2007,Implement Marketing Attribution and Pipeline Tracking System,"Deploy marketing attribution platform tracking campaign influence on pipeline and revenue by vertical, campaign type, and partner source. Establish monthly pipeline review process. Optimize budget allocation toward highest-performing vertical and channel investments. Enables data-driven GTM refinement.",other,Q1,High,suggested,t,,,,,2026-01-23 01:50:04.872327,2026-01-23 01:50:04.872327,,,
74334988-876e-44b1-bda9-5f2a6f49f804,bb2d62cf-e881-4766-91de-b83b77ed2007,Create Quarterly GTM Performance Reviews with Sales and Partner Teams,"Establish quarterly business reviews bringing together marketing, sales, and partner teams to review: pipeline generation by vertical, win/loss analysis, competitive displacement success, messaging effectiveness, partner co-sell productivity. Use insights to refine vertical prioritization and messaging. Ensures GTM agility and alignment.",other,steady_state,Medium,suggested,t,,,,,2026-01-23 01:50:04.914814,2026-01-23 01:50:04.914814,,,
4820eaa9-91b6-4017-aeec-587d07c4824c,bb2d62cf-e881-4766-91de-b83b77ed2007,Launch Content Governance Maturity Assessment Roadshow,Create interactive roadshow for 8-10 target cities offering free content governance maturity assessments. Demonstrates post-migration value services while positioning Helux as transformation partner beyond implementation.,events,Q3,Medium,suggested,t,,,,,2026-01-25 17:39:16.098444,2026-01-25 17:39:16.098444,,,
340ded92-23a4-4985-8894-7ae8f2863245,bb2d62cf-e881-4766-91de-b83b77ed2007,Deploy LinkedIn Conversation Ads for Post-Migration Optimization Services,Target current SharePoint/Microsoft 365 users with interactive LinkedIn ads offering content health assessments. Addresses expansion messaging for post-migration services to existing Microsoft ecosystem customers.,digital_marketing,Q1,High,suggested,t,,,,,2026-01-25 17:39:16.187311,2026-01-25 17:39:16.187311,,,
36330f26-e1f5-4bfe-89cf-82d3da5bff7d,bb2d62cf-e881-4766-91de-b83b77ed2007,Launch AI-Readiness Gap Outbound Campaign for Microsoft 365 E5 Customers,Target identified Microsoft 365 E5 license holders with personalized outreach on Copilot content readiness gaps. Leverages CAPP positioning and Microsoft partnership for warm introduction opportunities.,outbound_campaigns,Q1,High,suggested,t,,,,,2026-01-25 17:39:16.322118,2026-01-25 17:39:16.322118,,,
dc8dbd45-6e84-4f1d-8ae7-0daa7da17cd4,bb2d62cf-e881-4766-91de-b83b77ed2007,Execute Post-SharePoint Migration Health Check Outreach,Identify companies that migrated to SharePoint/Microsoft 365 in past 12-18 months and offer free content governance health checks. Addresses post-migration services expansion strategy.,outbound_campaigns,Q2,High,suggested,t,,,,,2026-01-25 17:39:16.365612,2026-01-25 17:39:16.365612,,,
52822be5-e04b-42fb-b1e0-815c82c1347a,bb2d62cf-e881-4766-91de-b83b77ed2007,Run Legacy ECM End-of-Life Alert Campaign,Monitor end-of-life announcements for legacy ECM platforms and execute rapid-response outbound campaigns offering migration readiness assessments. Competitive displacement timing strategy.,outbound_campaigns,Q3,Medium,suggested,t,,,,,2026-01-25 17:39:16.408902,2026-01-25 17:39:16.408902,,,
c16151a9-f1ad-4358-a776-246656427237,bb2d62cf-e881-4766-91de-b83b77ed2007,Develop Human-Impact Content Migration Story Collection,Create written content series featuring individual employees and teams whose work transformed post-migration. Humanizes technical language with people-first storytelling per strategic recommendations.,content_marketing,Q1,High,suggested,t,,,,,2026-01-25 17:39:16.454785,2026-01-25 17:39:16.454785,,,
fd44666e-2829-44a0-afad-1cee56c57fc4,bb2d62cf-e881-4766-91de-b83b77ed2007,Build Content Governance Playbook Library by Vertical,"Create downloadable governance playbooks for healthcare, financial services, manufacturing, and government addressing vertical-specific compliance requirements. Supports vertical messaging strategy.",content_marketing,Q2,High,suggested,t,,,,,2026-01-25 17:39:16.499541,2026-01-25 17:39:16.499541,,,
a9c3cd79-1708-40ed-890b-e65ff4cb14b4,bb2d62cf-e881-4766-91de-b83b77ed2007,Create THEMIS vs. Manual Migration Comparison Content Series,"Develop infographics, blog posts, and comparison guides showing THEMIS platform automation advantages over manual or point-solution approaches. Elevates platform positioning with technical specificity.",content_marketing,Q3,Medium,suggested,t,,,,,2026-01-25 17:39:16.547641,2026-01-25 17:39:16.547641,,,
b1d83916-932c-4ed6-96d9-b8c6d044fc05,bb2d62cf-e881-4766-91de-b83b77ed2007,Launch LinkedIn Employee Advocacy Program for Customer Success Stories,Equip all Helux employees with templated posts sharing customer transformation stories and outcomes. Scales social proof and humanizes brand beyond executive thought leadership.,social_media,Q1,Medium,suggested,t,,,,,2026-01-25 17:39:16.591742,2026-01-25 17:39:16.591742,,,
df75aff4-d59b-4407-a0d7-8c974a478d53,bb2d62cf-e881-4766-91de-b83b77ed2007,Execute LinkedIn Polls and Engagement Campaign on AI Readiness,"Run monthly polls asking IT leaders about Copilot readiness, content chaos, governance challenges. Generates engagement while positioning CAPP membership and AI-readiness expertise.",social_media,Q3,Medium,suggested,t,,,,,2026-01-25 17:39:16.68734,2026-01-25 17:39:16.68734,,,
1748537c-0aae-467d-a0fe-533913a2220e,bb2d62cf-e881-4766-91de-b83b77ed2007,Launch Quarterly Post-Migration Optimization Newsletter for Customers,"Create dedicated email newsletter for existing customers featuring optimization tips, new features, governance best practices. Reinforces transformation partnership continuity narrative.",email_marketing,Q1,High,suggested,t,,,,,2026-01-25 17:39:16.737752,2026-01-25 17:39:16.737752,,,
35793400-1f64-40cc-aebb-b61749fd6eee,bb2d62cf-e881-4766-91de-b83b77ed2007,Develop AI-Readiness Assessment Email Sequence for Cold Prospects,Create 5-touch email sequence offering free Copilot content readiness assessments. Leverages CAPP differentiation as value-first entry point for net-new opportunities.,email_marketing,Q2,High,suggested,t,,,,,2026-01-25 17:39:16.781355,2026-01-25 17:39:16.781355,,,
dc31dd7c-b267-49a6-8d07-b1cd62ffbc0f,bb2d62cf-e881-4766-91de-b83b77ed2007,Create SEO Content Hub Around 'Content Chaos' Problem Language,"Build pillar page and supporting content targeting 'content chaos,' 'ungoverned SharePoint,' 'migration regret' problem language. Humanizes technical challenges before introducing solutions.",seo_sem,Q3,Medium,suggested,t,,,,,2026-01-25 17:39:16.955623,2026-01-25 17:39:16.955623,,,
fedab42b-d077-4b0f-ae33-06423707af49,bb2d62cf-e881-4766-91de-b83b77ed2007,Pitch Customer Transformation Stories to CIO Magazine and Forbes,Package 3-5 strongest customer success stories as human-centered digital transformation narratives for tier-1 business publications. Builds trust indicators beyond technical trade press.,pr_comms,Q2,High,suggested,t,,,,,2026-01-25 17:39:17.00051,2026-01-25 17:39:17.00051,,,
da87bdf7-48d2-4730-9766-97d9282cab16,bb2d62cf-e881-4766-91de-b83b77ed2007,Announce Post-Migration Services Suite Launch to Industry Media,Coordinate press release and media outreach around formalized post-migration success product suite. Addresses strategic recommendation to feature post-implementation value.,pr_comms,Q3,High,suggested,t,,,,,2026-01-25 17:39:17.050155,2026-01-25 17:39:17.050155,,,
01f6f151-4787-48e0-9d02-fdc1bf0e6823,bb2d62cf-e881-4766-91de-b83b77ed2007,Develop Crisis Communication Plan for Microsoft Partnership Changes,Create proactive communication framework for potential Microsoft partnership or technology changes. Protects brand trust built on Gold Partner and CAPP credentials.,pr_comms,Q4,Low,suggested,t,,,,,2026-01-25 17:39:17.094853,2026-01-25 17:39:17.094853,,,
61838cc1-171f-4330-a61f-83e0644bfd79,bb2d62cf-e881-4766-91de-b83b77ed2007,Brief KMWorld and AIIM on THEMIS Platform Innovation,Conduct formal analyst briefings with content management industry analysts on THEMIS platform capabilities and differentiation. Builds analyst validation for platform positioning.,analyst_relations,Q1,Medium,suggested,t,,,,,2026-01-25 17:39:17.138604,2026-01-25 17:39:17.138604,,,
eaaa13bd-e4da-4f27-9289-1c987bd2af34,bb2d62cf-e881-4766-91de-b83b77ed2007,Commission Vertical-Specific Analyst Reports on Migration ROI,"Partner with industry analysts to create healthcare, financial services, and government-specific reports on content migration ROI. Provides authoritative vertical trust indicators.",analyst_relations,Q3,Medium,suggested,t,,,,,2026-01-25 17:39:17.182537,2026-01-25 17:39:17.182537,,,
e04a5095-f4bf-40ac-a896-85baa6509701,bb2d62cf-e881-4766-91de-b83b77ed2007,Provide Reference Customers for Analyst Inquiries and Reports,Organize customer reference program specifically for analyst validation calls and case study participation. Builds analyst confidence in Helux capabilities and outcomes.,analyst_relations,Q4,Low,suggested,t,,,,,2026-01-25 17:39:17.227063,2026-01-25 17:39:17.227063,,,
5b650fa2-65ce-415e-b269-5ac32ecbb3a5,bb2d62cf-e881-4766-91de-b83b77ed2007,Launch Joint AI-Readiness Workshops with Microsoft CSAs,Co-create and co-deliver Copilot readiness workshops with Microsoft Customer Success Architects for joint accounts. Deepens Microsoft partnership beyond co-sell to co-delivery.,partner_marketing,Q1,High,suggested,t,,,,,2026-01-25 17:39:17.271719,2026-01-25 17:39:17.271719,,,
0879a1c5-423f-40eb-b25d-cde535d8a02d,bb2d62cf-e881-4766-91de-b83b77ed2007,Develop Co-Branded Solution Brief with Microsoft for CAPP Program,Create official co-branded asset with Microsoft highlighting CAPP charter membership and joint value proposition. Legitimizes AI-readiness differentiation with Microsoft validation.,partner_marketing,Q2,High,suggested,t,,,,,2026-01-25 17:39:17.31491,2026-01-25 17:39:17.31491,,,
8d79e867-2241-4b0e-acf9-eda9d1086027,bb2d62cf-e881-4766-91de-b83b77ed2007,Create SI Partner Train-the-Trainer Program for THEMIS Platform,Develop certification program enabling system integrator partners to deliver THEMIS implementations. Scales delivery capacity while building partner ecosystem.,partner_marketing,Q4,Medium,suggested,t,,,,,2026-01-25 17:39:17.359451,2026-01-25 17:39:17.359451,,,
85203a02-3983-404d-bf11-6b7dfd0daad8,bb2d62cf-e881-4766-91de-b83b77ed2007,Launch Customer Governance Optimization Check-In Program,Implement proactive outreach program offering quarterly governance health checks to all customers post-migration. Demonstrates transformation partnership continuity and drives expansion opportunities.,customer_marketing,Q1,High,suggested,t,,,,,2026-01-25 17:39:17.404705,2026-01-25 17:39:17.404705,,,
626a4f4f-ea96-410e-bc0a-8f481de0d63f,bb2d62cf-e881-4766-91de-b83b77ed2007,Create Customer-Exclusive THEMIS Platform Roadmap Preview Events,Host quarterly virtual events giving customers early visibility into THEMIS platform enhancements and feature roadmap. Builds loyalty and positions ongoing innovation value.,customer_marketing,Q2,Medium,suggested,t,,,,,2026-01-25 17:39:17.453441,2026-01-25 17:39:17.453441,,,
93cb2c38-0284-4190-9518-18f845600b9b,bb2d62cf-e881-4766-91de-b83b77ed2007,Develop Customer Maturity Benchmarking Reports,Provide customers with confidential reports showing their content governance maturity versus anonymized peer benchmarks. Creates value-add touchpoint while identifying expansion opportunities.,customer_marketing,Q3,Medium,suggested,t,,,,,2026-01-25 17:39:17.497077,2026-01-25 17:39:17.497077,,,
b6b8729a-49e8-4771-969e-94d7c0ee2958,bb2d62cf-e881-4766-91de-b83b77ed2007,Create Post-Migration Success Services Packaging and Pricing,"Formalize post-migration services into distinct SKUs covering ongoing optimization, adoption enablement, governance sustainment, and content analytics. Operationalizes strategic recommendation.",product_marketing,Q1,High,suggested,t,,,,,2026-01-25 17:39:17.544539,2026-01-25 17:39:17.544539,,,
b66fafe3-6315-4cf9-b8e2-4b59022d35a9,bb2d62cf-e881-4766-91de-b83b77ed2007,Develop THEMIS Platform ROI Calculator and Value Assessment Tool,"Build interactive tool quantifying THEMIS platform time savings, risk reduction, and cost avoidance versus manual or competitor approaches. Supports technical specificity positioning.",product_marketing,Q2,High,suggested,t,,,,,2026-01-25 17:39:17.587862,2026-01-25 17:39:17.587862,,,
2ab19e18-9b9c-487c-9216-5e3e97e878c7,bb2d62cf-e881-4766-91de-b83b77ed2007,Create CAPP Membership Competitive Differentiation One-Pager,"Develop sales tool clearly articulating what CAPP charter membership means, why it matters, and how no competitor can claim it. Arms sales team with AI-readiness differentiation talking points.",product_marketing,Q1,Medium,suggested,t,,,,,2026-01-25 17:39:17.631104,2026-01-25 17:39:17.631104,,,
a86c3720-85b7-40d2-8419-987a10a33bd3,bb2d62cf-e881-4766-91de-b83b77ed2007,Develop Brand Narrative Around 'Content Confidence' Theme,"Create overarching brand story positioning Helux as provider of 'content confidence' through migration, governance, and AI-readiness. Humanizes ECM language with emotional benefit.",brand,Q1,High,suggested,t,,,,,2026-01-25 17:39:17.674,2026-01-25 17:39:17.674,,,
53952254-e34a-40bd-b438-d9f59e256317,bb2d62cf-e881-4766-91de-b83b77ed2007,Commission Brand Photography Featuring Customer Teams and Outcomes,Invest in original photography showing real customer teams and environments benefiting from content transformation. Supports people-first storytelling and humanized messaging.,brand,Q2,Medium,suggested,t,,,,,2026-01-25 17:39:17.718423,2026-01-25 17:39:17.718423,,,
9ea13db6-a336-4179-816f-8b546bf9a65b,bb2d62cf-e881-4766-91de-b83b77ed2007,Create Brand Voice and Tone Guidelines Emphasizing Human Outcomes,Develop writing style guide that mandates leading with business outcomes and human impacts before technical features. Operationalizes humanized messaging recommendation across all content.,brand,Q1,Medium,suggested,t,,,,,2026-01-25 17:39:17.761689,2026-01-25 17:39:17.761689,,,
9a8b0254-7c41-4217-87a5-478756bdc095,bb7df60e-3de5-4bb5-ace6-eb34d74f485e,Why Most Portfolio AI Programs Fail to Produce ROI in 12 Months,"Editorial calendar ""2026-06 AI Costs — Content Plan"" · blog_post · channel: linkedin · publish 2026-06-26",Digital,Q2,Medium,suggested,t,,,2026-06-26 16:00:00,,2026-06-10 17:03:13.657499,2026-06-10 17:03:13.657499,,,
842386b8-ff8e-4f67-8f61-25a1568c9e8d,bb2d62cf-e881-4766-91de-b83b77ed2007,Build Interactive THEMIS Platform Capabilities Comparison Tool,"Create website tool allowing visitors to compare THEMIS features against manual migration or specific competitors across dimensions like speed, accuracy, governance. Platform positioning with technical specificity.",website,Q2,High,suggested,t,,,,,2026-01-25 17:39:17.804681,2026-01-25 17:39:17.804681,,,
525282ec-765e-4dd4-9efc-c9ba78f7ef09,bb2d62cf-e881-4766-91de-b83b77ed2007,Develop Post-Migration Services Dedicated Website Section,"Create distinct website area showcasing ongoing optimization, adoption enablement, governance sustainment services separate from migration. Positions partnership beyond implementation.",website,Q3,High,suggested,t,,,,,2026-01-25 17:39:17.84824,2026-01-25 17:39:17.84824,,,
b4e8ea1c-0df8-401e-9f13-1dc038fe748b,bb2d62cf-e881-4766-91de-b83b77ed2007,Implement Personalized Website Experiences for Vertical Industries,"Deploy website personalization showing vertical-specific content, compliance language, and case studies to visitors from healthcare, financial services, government domains. Scales vertical messaging.",website,Q4,Medium,suggested,t,,,,,2026-01-25 17:39:17.891974,2026-01-25 17:39:17.891974,,,
5b2917f5-54b4-4ed9-8732-08ce5bb1d6e7,bb2d62cf-e881-4766-91de-b83b77ed2007,Host THEMIS Platform Architecture Deep-Dive Webinar for Technical Buyers,"Deliver technical webinar covering THEMIS platform architecture, APIs, security, and integration capabilities. Addresses technical specificity positioning for architect and developer audiences.",webinars,Q2,Medium,suggested,t,,,,,2026-01-25 17:39:17.935637,2026-01-25 17:39:17.935637,,,
c9ad025b-8083-46c0-8ac1-140fad9469f5,bb2d62cf-e881-4766-91de-b83b77ed2007,Launch Quarterly Governance Best Practices Webinar Series,"Create recurring webinar covering content governance frameworks, compliance automation, and lifecycle management best practices. Positions post-migration expertise and ongoing value.",webinars,Q1,Medium,suggested,t,,,,,2026-01-25 17:39:17.982013,2026-01-25 17:39:17.982013,,,
85e32520-e2f8-484f-891a-b2111b7a5490,bb2d62cf-e881-4766-91de-b83b77ed2007,Create On-Demand 'Migration Gone Wrong' Rescue Stories Webinar,Showcase customer stories of failed DIY or competitor migrations rescued by Helux and THEMIS platform. Builds trust through problem-solving narratives and competitive differentiation.,webinars,Q3,Low,suggested,t,,,,,2026-01-25 17:39:18.026856,2026-01-25 17:39:18.026856,,,
eda90317-b319-44c4-a060-8fe85879ae12,bb2d62cf-e881-4766-91de-b83b77ed2007,Launch Podcast Interview Series with CIOs on Digital Transformation Challenges,Create podcast featuring enterprise CIO guests discussing broader digital transformation challenges where content plays a role. Positions Helux in strategic conversation beyond tactical ECM.,podcasts,Q2,Medium,suggested,t,,,,,2026-01-25 17:39:18.070753,2026-01-25 17:39:18.070753,,,
abad0c36-f697-44b8-953e-8aa72c2b9499,bb2d62cf-e881-4766-91de-b83b77ed2007,Produce Podcast Episodes on Microsoft Partnership and Ecosystem Insights,"Dedicate episodes to Microsoft partnership topics including CAPP program, Copilot readiness, Purview integration. Leverages partnership differentiation in thought leadership format.",podcasts,Q3,Low,suggested,t,,,,,2026-01-25 17:39:18.114887,2026-01-25 17:39:18.114887,,,
2c2e87f8-d102-4974-85dc-98febd184c52,bb2d62cf-e881-4766-91de-b83b77ed2007,Create Podcast Mini-Series on Vertical Industry Content Challenges,"Develop focused 3-4 episode arcs for each target vertical examining industry-specific governance, compliance, and transformation challenges. Supports vertical messaging strategy.",podcasts,Q4,Low,suggested,t,,,,,2026-01-25 17:39:18.157846,2026-01-25 17:39:18.157846,,,
713cb845-a0c7-45eb-8fd6-cb5d7130b13d,bb2d62cf-e881-4766-91de-b83b77ed2007,Produce THEMIS Platform Feature Demo Video Library,"Create comprehensive video library showing specific THEMIS features: metadata mapping, permission translation, version history preservation, audit trail automation. Technical specificity through visual demonstration.",video,Q1,High,suggested,t,,,,,2026-01-25 17:39:18.202262,2026-01-25 17:39:18.202262,,,
742af638-b2d4-4bd6-b0fa-00b2caa1d34d,bb2d62cf-e881-4766-91de-b83b77ed2007,Develop Before/After Content Chaos Visualization Videos,"Create visual storytelling videos showing 'before' state of content chaos and 'after' state of governed, AI-ready content. Humanizes technical transformation with compelling visuals.",video,Q2,Medium,suggested,t,,,,,2026-01-25 17:39:18.246217,2026-01-25 17:39:18.246217,,,
6ee7fdb3-7a28-4260-a56e-1f16cc6d2dba,bb2d62cf-e881-4766-91de-b83b77ed2007,Create Executive Interview Video Series on Transformation Partnership Philosophy,"Film Helux leadership discussing partnership approach, post-migration commitment, and customer success philosophy. Humanizes brand and reinforces continuity narrative.",video,Q4,Low,suggested,t,,,,,2026-01-25 17:39:18.289512,2026-01-25 17:39:18.289512,,,
ab5f58f3-48c4-46b5-8a11-6299f207acfb,bb2d62cf-e881-4766-91de-b83b77ed2007,Conduct Customer Survey on Post-Migration Value and Needs,"Survey existing customers on which post-migration services would be most valuable, governance challenges faced, and expansion opportunities. Validates and refines post-migration services strategy.",research,Q1,High,suggested,t,,,,,2026-01-25 17:39:18.335334,2026-01-25 17:39:18.335334,,,
8a5680ad-0f68-4e66-bd70-b430a0a5f27d,bb2d62cf-e881-4766-91de-b83b77ed2007,Develop Content Governance Maturity Model and Assessment Framework,Create proprietary maturity model assessing enterprise content governance across defined dimensions. Provides consultative sales tool and differentiates expertise.,research,Q2,High,suggested,t,,,,,2026-01-25 17:39:18.378957,2026-01-25 17:39:18.378957,,,
53b3081a-c414-4020-a432-5c07a400765c,bb2d62cf-e881-4766-91de-b83b77ed2007,Research Competitive Win/Loss Analysis to Refine Platform Positioning,Conduct structured interviews with won and lost opportunities to understand platform positioning effectiveness and competitive differentiation gaps. Validates and refines technical specificity messaging.,research,Q3,Medium,suggested,t,,,,,2026-01-25 17:39:18.423128,2026-01-25 17:39:18.423128,,,
c6934021-60ee-4b37-bdb2-80ef49a55382,bb2d62cf-e881-4766-91de-b83b77ed2007,Implement Customer Journey Mapping for Post-Migration Experience,Map complete customer journey from migration completion through ongoing optimization identifying engagement gaps and expansion opportunities. Supports transformation partnership continuity strategy.,other,Q1,High,suggested,t,,,,,2026-01-25 17:39:18.468003,2026-01-25 17:39:18.468003,,,
0022d03f-7e4e-4ddd-b108-245ed85cb604,bb2d62cf-e881-4766-91de-b83b77ed2007,Establish Customer Health Scoring System with Expansion Triggers,"Deploy customer health scoring incorporating usage, governance maturity, and engagement signals that trigger post-migration service expansion plays. Operationalizes partnership continuity approach.",other,Q2,High,suggested,t,,,,,2026-01-25 17:39:18.511402,2026-01-25 17:39:18.511402,,,
766882ca-8dc1-49c2-b946-217bf773a04f,bb2d62cf-e881-4766-91de-b83b77ed2007,Create Sales Compensation Incentives for Post-Migration Revenue,Adjust sales compensation to reward not just new logos but expansion revenue from post-migration services. Aligns sales behavior with transformation partnership strategy.,other,Q3,Medium,suggested,t,,,,,2026-01-25 17:39:18.554548,2026-01-25 17:39:18.554548,,,
791f21dd-91f1-43d1-8b04-c6149f24cd3f,f47780e7-7b70-403e-acd1-3bb75d69a772,Secure Speaking Slots at 3 Microsoft-Focused Enterprise Content Events,"Identify and submit speaking proposals for Microsoft Ignite, SharePoint Conference, and Microsoft 365 Summit focused on AI-readiness and CAPP charter membership. Position Helux experts as thought leaders in Copilot content preparation. Supports thought leadership initiative and AI-readiness differentiator positioning.",events,Q1,High,suggested,t,,,,,2026-01-25 18:56:48.651846,2026-01-25 18:56:48.651846,,,
64919c53-e30e-4d1c-92ea-93ec5d034d21,f47780e7-7b70-403e-acd1-3bb75d69a772,Launch Industry Vertical Booth Strategy for Trade Shows,"Develop rotating vertical-specific booth experiences (healthcare, financial services, government) with industry-specific case studies, compliance messaging, and ROI calculators. Target 4-6 trade shows annually. Supports industry-specific vertical messaging recommendation.",events,Q2,Medium,suggested,t,,,,,2026-01-25 18:56:48.699182,2026-01-25 18:56:48.699182,,,
42c9438e-83a4-48c9-8187-ac6f812b2355,f47780e7-7b70-403e-acd1-3bb75d69a772,Host Executive Roundtable Series at Major ECM Conferences,Organize exclusive invitation-only roundtables for C-level executives at 3 major industry events focusing on digital transformation ROI and post-migration success strategies. Capture insights for thought leadership content. Supports transformation partnership narrative and people-first storytelling.,events,steady_state,Medium,suggested,t,,,,,2026-01-25 18:56:48.741189,2026-01-25 18:56:48.741189,,,
f2113cbc-ac3e-4c28-be4e-751352f07e38,f47780e7-7b70-403e-acd1-3bb75d69a772,Launch THEMIS Platform-Centric PPC Campaign,"Create paid search campaigns targeting 'enterprise content migration platform,' 'Microsoft content AI,' and 'SharePoint migration tools' with landing pages showcasing THEMIS technical capabilities and proprietary features. Budget: $50K. Supports platform positioning with technical specificity.",digital_marketing,Q1,High,suggested,t,,,,,2026-01-25 18:56:48.781604,2026-01-25 18:56:48.781604,,,
28741bc7-4773-496a-ba0c-d168149f83ab,f47780e7-7b70-403e-acd1-3bb75d69a772,Develop Retargeting Campaign for Post-Migration Services,"Build LinkedIn and display retargeting sequences targeting website visitors who viewed migration content, promoting ongoing optimization, governance sustainment, and adoption enablement services. Supports post-migration services messaging expansion.",digital_marketing,Q2,High,suggested,t,,,,,2026-01-25 18:56:48.838825,2026-01-25 18:56:48.838825,,,
1bf758cd-4a96-49ba-971f-af91dd7802b4,f47780e7-7b70-403e-acd1-3bb75d69a772,Create AI-Readiness Assessment Digital Tool,"Develop interactive online assessment tool that evaluates organization's content readiness for Microsoft Copilot, generating personalized reports and positioning Helux's CAPP expertise. Promote through paid social and search. Supports CAPP charter membership as AI-readiness differentiator.",digital_marketing,Q1,High,suggested,t,,,,,2026-01-25 18:56:48.880099,2026-01-25 18:56:48.880099,,,
b91dcc98-322e-4250-8d75-7a4219d077b1,f47780e7-7b70-403e-acd1-3bb75d69a772,Execute Vertical-Specific ABM Outreach Campaign,"Launch account-based marketing campaign targeting 100 enterprise accounts across healthcare, financial services, and government with personalized industry-specific messaging, compliance frameworks, and vertical case studies. Supports industry-specific vertical messaging strategy.",outbound_campaigns,Q2,High,suggested,t,,,,,2026-01-25 18:56:48.919836,2026-01-25 18:56:48.919836,,,
b1c309ba-ccaa-4b7e-814a-bef7d2276090,f47780e7-7b70-403e-acd1-3bb75d69a772,Post-Migration Value Realization Outreach Program,"Create outbound sequence targeting companies 6-18 months post-SharePoint/M365 migration with messaging focused on content optimization, governance gaps, and AI-readiness. Include post-migration success suite positioning. Supports post-migration services expansion.",outbound_campaigns,Q1,Medium,suggested,t,,,,,2026-01-25 18:56:48.960383,2026-01-25 18:56:48.960383,,,
79371e0f-d81f-4a65-970b-ac423e15af43,f47780e7-7b70-403e-acd1-3bb75d69a772,Digital Transformation Foundation Campaign,"Develop multi-touch outbound campaign positioning ECM as foundational layer for digital transformation initiatives, targeting CIOs and CDOs with transformation-focused messaging rather than technical migration details. Supports reframing ECM as digital transformation foundation.",outbound_campaigns,Q3,Medium,suggested,t,,,,,2026-01-25 18:56:49.000774,2026-01-25 18:56:49.000774,,,
e35fe6f3-f251-4edd-ba09-8f7b52d64169,f47780e7-7b70-403e-acd1-3bb75d69a772,Develop 5 Industry-Specific Solution Guides,"Create comprehensive solution guides for healthcare, financial services, government, manufacturing, and education addressing industry-specific compliance, use cases, and ROI models. 15-20 pages each with gated downloads. Supports industry-specific vertical messaging.",content_marketing,Q2,High,suggested,t,,,,,2026-01-25 18:56:49.082035,2026-01-25 18:56:49.082035,,,
0edb09fb-3e6d-4cda-8fb7-398f955f8218,f47780e7-7b70-403e-acd1-3bb75d69a772,Launch Transformation Partnership Blog Series,"Publish monthly blog posts featuring customer transformation journeys that extend beyond migration to ongoing partnership, adoption success, and continuous optimization. Use people-first storytelling approach. Supports transformation partnership continuity narrative and humanized messaging.",content_marketing,steady_state,Medium,suggested,t,,,,,2026-01-25 18:56:49.123045,2026-01-25 18:56:49.123045,,,
2e0dca44-efbb-42ce-9de7-97593c9fd658,f47780e7-7b70-403e-acd1-3bb75d69a772,CAPP Charter Member Thought Leadership LinkedIn Campaign,"Launch executive social selling program with 3 Helux leaders posting weekly AI-readiness and Copilot content preparation insights, leveraging CAPP charter status. Include employee advocacy program for amplification. Supports CAPP as AI-readiness differentiator.",social_media,Q1,High,suggested,t,,,,,2026-01-25 18:56:49.163303,2026-01-25 18:56:49.163303,,,
21a47396-f613-4537-928e-bda0f674cfd2,f47780e7-7b70-403e-acd1-3bb75d69a772,Customer Success Story Video Series for Social,"Produce and distribute 12 short-form customer video testimonials (60-90 seconds) focused on human outcomes and organizational transformation rather than technical features. Distribute across LinkedIn, Twitter, YouTube. Supports people-first storytelling and trust indicators.",social_media,Q2,High,suggested,t,,,,,2026-01-25 18:56:49.202981,2026-01-25 18:56:49.202981,,,
64de2cd0-bba2-4a39-a096-673e0fed44f4,f47780e7-7b70-403e-acd1-3bb75d69a772,Industry Vertical LinkedIn Community Engagement,"Establish regular engagement cadence in LinkedIn groups for healthcare IT, financial services technology, and government digital transformation. Share vertical-specific insights and thought leadership. Supports industry-specific messaging and thought leadership.",social_media,steady_state,Medium,suggested,t,,,,,2026-01-25 18:56:49.242692,2026-01-25 18:56:49.242692,,,
4892a3a3-63cf-4045-9bcd-f8b4dd302ee4,f47780e7-7b70-403e-acd1-3bb75d69a772,Post-Migration Success Nurture Campaign,"Build 6-email nurture sequence for prospects and customers highlighting post-migration optimization services, ongoing governance, adoption enablement, and content analytics capabilities. Segment by industry vertical. Supports post-migration services expansion.",email_marketing,Q1,High,suggested,t,,,,,2026-01-25 18:56:49.282658,2026-01-25 18:56:49.282658,,,
8cfe8b51-8bdc-4aa7-b859-65543ca4b1d9,f47780e7-7b70-403e-acd1-3bb75d69a772,AI-Readiness Educational Email Series,"Create educational drip campaign (8 emails) walking enterprises through Microsoft Copilot content preparation requirements, featuring Helux's CAPP charter expertise and AI-readiness assessment tools. Supports CAPP as AI-readiness differentiator.",email_marketing,Q1,High,suggested,t,,,,,2026-01-25 18:56:49.322517,2026-01-25 18:56:49.322517,,,
1580ac8b-1ee7-494b-9156-2eae6dab1f0c,f47780e7-7b70-403e-acd1-3bb75d69a772,Vertical-Specific Quarterly Newsletter Launch,"Launch industry-specific quarterly newsletters for healthcare, financial services, and government segments featuring compliance updates, vertical case studies, and regulatory insights. Supports industry-specific vertical messaging.",email_marketing,Q2,Medium,suggested,t,,,,,2026-01-25 18:56:49.365674,2026-01-25 18:56:49.365674,,,
5b2848df-01f7-4808-a6b1-14be5085ee7a,f47780e7-7b70-403e-acd1-3bb75d69a772,Optimize for 'Microsoft Content AI' and THEMIS Platform Keywords,"Execute comprehensive SEO strategy targeting 'Microsoft Content AI partner,' 'THEMIS migration platform,' 'enterprise content migration,' and 'Copilot content readiness' with technical content, platform pages, and backlink building. Supports platform positioning and CAPP differentiation.",seo_sem,Q1,High,suggested,t,,,,,2026-01-25 18:56:49.429843,2026-01-25 18:56:49.429843,,,
a2b82024-2a78-435f-a945-d03dabfecf52,f47780e7-7b70-403e-acd1-3bb75d69a772,Industry Vertical Landing Page SEO Optimization,"Develop and optimize 5 vertical-specific landing pages with industry keywords (e.g., 'healthcare ECM,' 'financial services content management compliance'). Target 25+ long-tail keywords per vertical. Supports industry-specific messaging.",seo_sem,Q2,High,suggested,t,,,,,2026-01-25 18:56:49.48185,2026-01-25 18:56:49.48185,,,
e3be3fae-c1d2-4f69-b5a9-3173dba7f157,f47780e7-7b70-403e-acd1-3bb75d69a772,Launch 'Digital Transformation Through Content' SEM Campaign,"Create paid search campaign targeting transformation-focused keywords ('digital transformation strategy,' 'enterprise modernization') rather than purely technical ECM terms. Supports reframing ECM as digital transformation foundation.",seo_sem,Q2,Medium,suggested,t,,,,,2026-01-25 18:56:49.521704,2026-01-25 18:56:49.521704,,,
59fcd0bc-b39e-46c5-9d9e-cb87e7c55d51,f47780e7-7b70-403e-acd1-3bb75d69a772,Secure Placement in Microsoft Partner Success Stories,"Pitch 3 customer transformation stories to Microsoft PR team for official partner success story features, emphasizing AI-readiness and CAPP charter innovation. Supports thought leadership and CAPP differentiator positioning.",pr_comms,Q1,High,suggested,t,,,,,2026-01-25 18:56:49.562762,2026-01-25 18:56:49.562762,,,
7fc59051-133d-4c06-b8a9-c70b4af0e77a,f47780e7-7b70-403e-acd1-3bb75d69a772,Launch Executive Byline Article Campaign,"Place 6 bylined articles from Helux executives in industry publications (CIO.com, CMSWire, InfoGov) focusing on digital transformation, AI-readiness, and post-migration optimization. Supports thought leadership initiative.",pr_comms,steady_state,High,suggested,t,,,,,2026-01-25 18:56:49.60308,2026-01-25 18:56:49.60308,,,
aefc2f9e-84a7-47c0-b724-9183fd5110f4,f47780e7-7b70-403e-acd1-3bb75d69a772,Develop Industry Vertical Media Relations Program,"Build relationships with healthcare IT, financial technology, and government technology trade publications. Pitch vertical-specific angles on compliance, transformation, and industry challenges. Supports industry-specific messaging.",pr_comms,Q2,Medium,suggested,t,,,,,2026-01-25 18:56:49.643176,2026-01-25 18:56:49.643176,,,
48144e2d-c373-4f7a-8567-d9602c40262b,f47780e7-7b70-403e-acd1-3bb75d69a772,Commission Analyst Report on Post-Migration Value,"Engage independent analyst firm to research and publish report on post-migration optimization ROI and ongoing partnership value in ECM, featuring Helux methodology. Supports post-migration services messaging.",analyst_relations,Q3,Medium,suggested,t,,,,,2026-01-25 18:56:49.723356,2026-01-25 18:56:49.723356,,,
cb5402cc-57e7-45ad-a3a7-42698612e07f,f47780e7-7b70-403e-acd1-3bb75d69a772,Develop THEMIS Platform Analyst Inquiry Strategy,"Establish quarterly inquiry cadence with key analysts (Gartner, IDC, Forrester) to discuss THEMIS roadmap, AI integration, and platform evolution. Build analyst validation content. Supports platform positioning.",analyst_relations,steady_state,Medium,suggested,t,,,,,2026-01-25 18:56:49.763459,2026-01-25 18:56:49.763459,,,
a13a837d-c3e7-490f-b173-6cef7f28712c,f47780e7-7b70-403e-acd1-3bb75d69a772,Launch Microsoft CAPP Co-Marketing Initiative,"Develop co-marketing campaign with Microsoft leveraging CAPP charter membership, including joint webinars, co-branded content, and Microsoft blog features focused on AI-readiness. Supports CAPP as AI-readiness differentiator.",partner_marketing,Q1,High,suggested,t,,,,,2026-01-25 18:56:49.803363,2026-01-25 18:56:49.803363,,,
b04d4353-8710-4fed-b5ff-db98d4ff24d8,f47780e7-7b70-403e-acd1-3bb75d69a772,Create Microsoft Partner Referral Incentive Program,"Build structured referral program with Microsoft field sellers and partner account managers, providing vertical-specific battle cards and transformation-focused messaging tools. Supports transformation partnership narrative.",partner_marketing,Q2,High,suggested,t,,,,,2026-01-25 18:56:49.843114,2026-01-25 18:56:49.843114,,,
e57819ee-e53f-4a1a-8c9f-bce1e7e15bad,f47780e7-7b70-403e-acd1-3bb75d69a772,Develop Joint Value Proposition with Microsoft Services,Create co-selling materials positioning Helux + Microsoft Services as integrated transformation partnership rather than discrete migration project. Include joint ROI calculators. Supports transformation partnership continuity narrative.,partner_marketing,Q2,Medium,suggested,t,,,,,2026-01-25 18:56:49.883383,2026-01-25 18:56:49.883383,,,
bcf1fc69-a0da-4a96-9558-0322058f494e,f47780e7-7b70-403e-acd1-3bb75d69a772,Launch Customer Advisory Board Program,"Establish 15-member customer advisory board meeting quarterly to provide product feedback, share transformation stories, and participate in case study/reference programs. Supports trust indicators and thought leadership.",customer_marketing,Q1,High,suggested,t,,,,,2026-01-25 18:56:49.924046,2026-01-25 18:56:49.924046,,,
a353f5d1-8847-4c6d-bc76-cb4451e95849,f47780e7-7b70-403e-acd1-3bb75d69a772,Develop Post-Migration Success Check-In Program,"Create structured 6-month and 12-month post-migration check-in program offering optimization assessments, governance reviews, and AI-readiness evaluations. Use as upsell opportunity and reference generation. Supports post-migration services expansion.",customer_marketing,Q1,High,suggested,t,,,,,2026-01-25 18:56:49.964101,2026-01-25 18:56:49.964101,,,
fb9981b3-dd27-4f3b-abaa-16fdd28a854c,f47780e7-7b70-403e-acd1-3bb75d69a772,Build Customer Success Story Library with Quantifiable Results,"Document 15 detailed customer case studies with specific metrics (petabytes migrated, time saved, compliance improvements, adoption rates) across multiple formats. Supports trust indicators and social proof strategy.",customer_marketing,Q2,High,suggested,t,,,,,2026-01-25 18:56:50.003921,2026-01-25 18:56:50.003921,,,
52eeec46-379a-4345-94cd-8fd297de3758,f47780e7-7b70-403e-acd1-3bb75d69a772,Launch THEMIS Platform Product Marketing Campaign,"Develop comprehensive product marketing program for THEMIS platform including positioning, messaging framework, competitive differentiation, technical datasheets, and ROI calculators. Supports platform positioning with technical specificity.",product_marketing,Q1,High,suggested,t,,,,,2026-01-25 18:56:50.044064,2026-01-25 18:56:50.044064,,,
50cb04e1-8401-4ead-9309-3f1708baec2c,f47780e7-7b70-403e-acd1-3bb75d69a772,Conduct AI-Readiness Benchmark Research Across Verticals,"Survey 300+ enterprises across healthcare, financial services, and government on Microsoft Copilot content readiness, publishing vertical-specific benchmark report. Supports industry-specific messaging and CAPP differentiation.",research,Q1,High,suggested,t,,,,,2026-01-25 18:56:50.772924,2026-01-25 18:56:50.772924,,,
0891cb0a-beb4-4568-a606-5789691e20cf,f47780e7-7b70-403e-acd1-3bb75d69a772,Create Post-Migration Success Suite Product Packaging,"Define and package post-migration services into clear product offerings: Optimization Suite, Governance Sustainment Program, Adoption Accelerator, and AI-Readiness Package. Develop pricing and positioning. Supports post-migration product suite creation.",product_marketing,Q1,High,suggested,t,,,,,2026-01-25 18:56:50.083605,2026-01-25 18:56:50.083605,,,
e5d239b7-d932-4ba1-add8-3d88982b549f,f47780e7-7b70-403e-acd1-3bb75d69a772,Develop AI-Readiness Product Positioning Framework,"Create product marketing framework positioning Helux's CAPP charter membership as product differentiator, including feature-benefit mapping, competitive comparison, and AI-readiness value proposition. Supports CAPP as AI-readiness differentiator.",product_marketing,Q1,High,suggested,t,,,,,2026-01-25 18:56:50.122945,2026-01-25 18:56:50.122945,,,
ab12c5fb-c9f5-41f7-9d13-5f22b9861fb2,f47780e7-7b70-403e-acd1-3bb75d69a772,Rebrand from 'ECM Partner' to 'Digital Transformation Accelerator',"Execute brand evolution initiative updating all brand messaging, taglines, and positioning from ECM-centric to transformation-focused language. Update brand guidelines and messaging framework. Supports reframing ECM as digital transformation foundation.",brand,Q1,High,suggested,t,,,,,2026-01-25 18:56:50.162404,2026-01-25 18:56:50.162404,,,
32c21a66-9113-4a99-b8b9-a186d34fe7d7,f47780e7-7b70-403e-acd1-3bb75d69a772,Develop THEMIS Platform Brand Identity,"Create distinct sub-brand identity for THEMIS platform including logo treatment, visual identity, brand voice, and messaging architecture that elevates it as proprietary technology platform. Supports platform positioning elevation.",brand,Q2,High,suggested,t,,,,,2026-01-25 18:56:50.202103,2026-01-25 18:56:50.202103,,,
02e5d751-d396-4ab1-9630-49d001569b24,f47780e7-7b70-403e-acd1-3bb75d69a772,Create Transformation Partnership Brand Narrative,"Develop overarching brand narrative and storytelling framework that positions Helux as ongoing transformation partner rather than project vendor, with supporting visual identity and messaging. Supports transformation partnership continuity narrative.",brand,Q1,Medium,suggested,t,,,,,2026-01-25 18:56:50.241961,2026-01-25 18:56:50.241961,,,
41f19cd5-ce24-4ba8-b846-da5a614ee0d7,f47780e7-7b70-403e-acd1-3bb75d69a772,Redesign Homepage with Trust Indicators and Human-First Messaging,"Redesign homepage leading with organizational transformation outcomes, featuring prominent trust markers (years of expertise, migrations completed, petabytes managed, customer count), and people-first storytelling. Supports trust indicators and humanized messaging.",website,Q1,High,suggested,t,,,,,2026-01-25 18:56:50.281285,2026-01-25 18:56:50.281285,,,
1f1317f2-7838-498a-b40c-4f34272586ea,f47780e7-7b70-403e-acd1-3bb75d69a772,Build Dedicated THEMIS Platform Section,"Create comprehensive platform section with technical architecture details, capabilities comparison, integration documentation, and ROI calculators specifically for THEMIS ICE and THEMIS IA. Supports platform positioning with technical specificity.",website,Q1,High,suggested,t,,,,,2026-01-25 18:56:50.320496,2026-01-25 18:56:50.320496,,,
a960ac7f-be35-41a7-9935-10c02e80c6cd,f47780e7-7b70-403e-acd1-3bb75d69a772,Launch 5 Industry Vertical Landing Pages,"Develop dedicated landing pages for healthcare, financial services, government, manufacturing, and education with industry-specific messaging, compliance frameworks, case studies, and use cases. Supports industry-specific vertical messaging.",website,Q2,High,suggested,t,,,,,2026-01-25 18:56:50.360176,2026-01-25 18:56:50.360176,,,
bb11d9a0-66f1-4c2b-8d33-8617cc42ae64,f47780e7-7b70-403e-acd1-3bb75d69a772,Host Monthly AI-Readiness for Microsoft Copilot Webinar Series,"Launch monthly webinar series educating enterprises on content preparation for Copilot, featuring Helux's CAPP charter expertise and AI-readiness assessment. Target 100+ attendees per session. Supports CAPP as AI-readiness differentiator.",webinars,steady_state,High,suggested,t,,,,,2026-01-25 18:56:50.399667,2026-01-25 18:56:50.399667,,,
10e6b931-3ec4-4152-abb0-03ec8a592d47,f47780e7-7b70-403e-acd1-3bb75d69a772,Vertical-Specific Quarterly Compliance Webinars,"Host quarterly webinars for healthcare, financial services, and government addressing industry-specific compliance requirements, regulatory updates, and content governance best practices. Supports industry-specific messaging.",webinars,steady_state,High,suggested,t,,,,,2026-01-25 18:56:50.440722,2026-01-25 18:56:50.440722,,,
fd369a67-d43c-4d08-af72-f342793ddac7,f47780e7-7b70-403e-acd1-3bb75d69a772,Post-Migration Optimization Workshop Series,"Deliver quarterly hands-on workshops for existing customers and prospects on maximizing post-migration value, featuring governance optimization, adoption strategies, and AI-readiness preparation. Supports post-migration services expansion.",webinars,steady_state,Medium,suggested,t,,,,,2026-01-25 18:56:50.482387,2026-01-25 18:56:50.482387,,,
8020da3e-fd12-4922-b75f-2d9f7c2b7667,f47780e7-7b70-403e-acd1-3bb75d69a772,Launch 'Transformation Architects' Podcast,"Create podcast series featuring customer CIOs and CDOs discussing digital transformation journeys, with episodes focused on content as transformation foundation and ongoing partnership value. 24 episodes annually. Supports thought leadership and transformation narrative.",podcasts,Q2,Medium,suggested,t,,,,,2026-01-25 18:56:50.523264,2026-01-25 18:56:50.523264,,,
9900a817-2522-4da3-a0c3-73ae8dab176a,f47780e7-7b70-403e-acd1-3bb75d69a772,Sponsor and Co-Produce Microsoft Ecosystem Podcast Series,"Partner with Microsoft-focused podcast to co-produce 12-episode series on AI-readiness and content preparation for Copilot, featuring Helux's CAPP expertise. Supports CAPP differentiation and thought leadership.",podcasts,Q3,Medium,suggested,t,,,,,2026-01-25 18:56:50.574282,2026-01-25 18:56:50.574282,,,
67b7bca8-abd8-4d71-a863-684706d13b57,f47780e7-7b70-403e-acd1-3bb75d69a772,Produce THEMIS Platform Technical Demo Video Series,"Create 10-video series demonstrating THEMIS platform capabilities, architecture, AI integration, migration workflows, and governance features. 5-8 minutes each for YouTube and website. Supports platform positioning with technical specificity.",video,Q1,High,suggested,t,,,,,2026-01-25 18:56:50.614079,2026-01-25 18:56:50.614079,,,
1181901a-66be-409d-b283-01223fa0f2c9,f47780e7-7b70-403e-acd1-3bb75d69a772,Develop Customer Transformation Story Video Library,"Produce 12 customer video case studies (3-4 minutes each) focusing on people, organizational challenges, and transformation outcomes rather than technical features. Feature across verticals. Supports people-first storytelling and trust indicators.",video,Q2,High,suggested,t,,,,,2026-01-25 18:56:50.65357,2026-01-25 18:56:50.65357,,,
781d0cfb-2f02-4e2c-aefc-f93966b29d1f,f47780e7-7b70-403e-acd1-3bb75d69a772,Create Executive Thought Leadership Video Series,"Produce monthly 2-3 minute executive perspective videos on digital transformation, AI-readiness, and industry trends for LinkedIn and YouTube. 12 videos annually. Supports thought leadership initiative.",video,steady_state,Medium,suggested,t,,,,,2026-01-25 18:56:50.693455,2026-01-25 18:56:50.693455,,,
a04be36a-1351-43ec-8a0f-0c0511235f50,f47780e7-7b70-403e-acd1-3bb75d69a772,Commission Post-Migration Value Realization Research Study,"Partner with research firm to study enterprise outcomes 12-24 months post-migration, quantifying value of ongoing optimization, governance, and adoption support. Publish findings. Supports post-migration services messaging.",research,Q2,High,suggested,t,,,,,2026-01-25 18:56:50.733408,2026-01-25 18:56:50.733408,,,
4033f1d6-d31b-41ba-b029-5fa6dcded3b3,bb7df60e-3de5-4bb5-ace6-eb34d74f485e,Kill 9 of your 12 AI pilots: how to choose the one that actually moves a number,"Editorial calendar ""Editorial Calendar — 2026-06-09"" · video_script · channel: linkedin · publish 2026-06-15",Digital,Q2,Medium,suggested,t,,,2026-06-15 16:00:00,,2026-06-09 13:52:41.957955,2026-06-09 13:52:41.957955,,,
a38fdf03-530e-471d-87a9-a9cdce96c949,f47780e7-7b70-403e-acd1-3bb75d69a772,Publish Annual State of Enterprise Content Management Report,"Conduct annual research study on ECM trends, migration challenges, AI integration, and digital transformation priorities. Generate media coverage and thought leadership positioning. Supports thought leadership initiative.",research,Q3,Medium,suggested,t,,,,,2026-01-25 18:56:50.825211,2026-01-25 18:56:50.825211,,,
0ae5380b-18c6-4afd-8f1a-95f455a2c68c,f47780e7-7b70-403e-acd1-3bb75d69a772,Develop ROI Calculator Tool for Transformation Partnerships,"Build interactive ROI calculator demonstrating value of ongoing partnership vs. one-time migration, including post-migration optimization, governance sustainment, and AI-readiness preparation. Supports transformation partnership narrative.",other,Q1,High,suggested,t,,,,,2026-01-25 18:56:50.864949,2026-01-25 18:56:50.864949,,,
21d67d83-58ad-4412-bde5-c091fb79a99d,f47780e7-7b70-403e-acd1-3bb75d69a772,Create Sales Enablement Battle Cards for Vertical Markets,"Develop comprehensive battle cards for healthcare, financial services, government, manufacturing, and education including industry pain points, compliance requirements, competitive positioning, and objection handling. Supports industry-specific messaging.",other,Q1,High,suggested,t,,,,,2026-01-25 18:56:50.905278,2026-01-25 18:56:50.905278,,,
e014c985-fb9f-4fbd-b27e-6d73f6d306e0,f47780e7-7b70-403e-acd1-3bb75d69a772,Build Competitive Intelligence Dashboard for Sales Team,"Develop real-time competitive intelligence resource tracking competitor positioning, messaging changes, and win/loss insights with specific guidance on positioning THEMIS platform advantages. Supports platform positioning and competitive differentiation.",other,Q2,Medium,suggested,t,,,,,2026-01-25 18:56:50.945131,2026-01-25 18:56:50.945131,,,
cb24d652-38c9-4897-b11b-3db815762406,5b53e30e-ef80-4828-b124-a888b3e5c0c5,Host AI-First Transformation Executive Summit Series (4 cities),Launch quarterly CIO/COO executive dinners in key metros showcasing unified Copilot + Microsoft Cloud platform narrative with quantified ROI case studies from upper mid-market customers. Each event features live agent workflow demonstrations and peer panel discussions on vendor consolidation strategies.,events,Q1,High,suggested,t,,,,,2026-01-26 10:45:44.034186,2026-01-26 10:45:44.034186,,,
c408154c-d27f-40b7-8fd1-d989b1ffe88d,5b53e30e-ef80-4828-b124-a888b3e5c0c5,Deploy Industry Vertical Solution Showcase at Major Trade Shows,"Create dedicated booth experiences at industry conferences (HIMSS for Healthcare, Sibos for Financial Services, NRF for Retail) featuring pre-configured vertical cloud bundles with human-AI partnership demos specific to each industry's workflows.",events,Q2,High,suggested,t,,,,,2026-01-26 10:45:44.092877,2026-01-26 10:45:44.092877,,,
5ebc3e13-1afd-40c7-a74a-d37d7b770329,5b53e30e-ef80-4828-b124-a888b3e5c0c5,Launch 'Copilot Champions' User Conference Program,"Establish regional user-led conferences where power users share productivity metrics, custom agent builds, and workflow automation wins to drive grassroots adoption and create community evangelists for platform consolidation narrative.",events,Q3,Medium,suggested,t,,,,,2026-01-26 10:45:44.136195,2026-01-26 10:45:44.136195,,,
2f77893c-15bf-4f16-857e-4ce80609bbbc,5b53e30e-ef80-4828-b124-a888b3e5c0c5,Execute ABM Campaign Targeting Tool Sprawl Consolidation,"Launch account-based digital campaigns targeting enterprises with identified competing productivity/collaboration tools (Slack, Google Workspace, Salesforce), featuring TCO calculators and unified platform ROI models with personalized vendor consolidation roadmaps.",digital_marketing,Q1,High,suggested,t,,,,,2026-01-26 10:45:44.181348,2026-01-26 10:45:44.181348,,,
dcee1146-77ac-498b-984e-7f1802d558a3,5b53e30e-ef80-4828-b124-a888b3e5c0c5,Deploy AI Productivity Metrics Retargeting Funnel,"Build multi-touch retargeting campaigns using quantified productivity data ('Save 10 hours/week with Copilot') across LinkedIn, programmatic, and search, driving to interactive ROI calculators that map time savings to specific job roles and industries.",digital_marketing,Q2,High,suggested,t,,,,,2026-01-26 10:45:44.224553,2026-01-26 10:45:44.224553,,,
4befdcf2-be82-4414-aeca-933adbe639d7,5b53e30e-ef80-4828-b124-a888b3e5c0c5,Create 'Human-AI Partnership' Video Ad Series,"Develop 15-30 second social video ads demonstrating real employee-Copilot collaboration scenarios across sales, finance, customer service roles, emphasizing augmentation over replacement philosophy with before/after productivity metrics.",digital_marketing,Q3,Medium,suggested,t,,,,,2026-01-26 10:45:44.26785,2026-01-26 10:45:44.26785,,,
ea31d7d6-37c5-4189-b570-843cb5c8677a,5b53e30e-ef80-4828-b124-a888b3e5c0c5,Launch Multi-Touch Executive Outbound: 'Your AI-First Work Platform Assessment',"Execute SDR-led outbound sequence targeting CIOs/COOs in upper mid-market offering complimentary AI readiness assessments, mapping current tool stack to unified Microsoft Cloud consolidation opportunities with quantified savings projections.",outbound_campaigns,Q1,High,suggested,t,,,,,2026-01-26 10:45:44.325879,2026-01-26 10:45:44.325879,,,
1a0b021a-60d9-4445-b2b2-18ac91ebe7a3,5b53e30e-ef80-4828-b124-a888b3e5c0c5,Deploy Vertical-Specific CISO Outreach Campaign,"Create targeted outbound campaigns to CISOs in regulated industries (Financial Services, Healthcare) highlighting compliance-ready AI governance, Purview integration, and identity-as-control-plane messaging for secure agent deployments.",outbound_campaigns,Q2,High,suggested,t,,,,,2026-01-26 10:45:44.370028,2026-01-26 10:45:44.370028,,,
200e1416-9a29-4d36-aecd-2de4d62f3fe4,5b53e30e-ef80-4828-b124-a888b3e5c0c5,Execute 'Copilot Adoption Acceleration' Existing Customer Outreach,"Launch outbound campaign to licensed-but-inactive Copilot customers offering enablement workshops, usage analytics reviews, and champion identification to convert seats to active adoption with measurable productivity gains.",outbound_campaigns,Q4,Medium,suggested,t,,,,,2026-01-26 10:45:44.412664,2026-01-26 10:45:44.412664,,,
89288d51-26f1-4cc4-950d-9b49be16887c,5b53e30e-ef80-4828-b124-a888b3e5c0c5,Publish 'State of AI-First Work 2026' Research Report,"Commission primary research on enterprise AI adoption patterns, productivity measurement frameworks, and human-AI collaboration models, establishing Microsoft as thought leader while generating quantified data points for all campaigns.",content_marketing,Q1,High,suggested,t,,,,,2026-01-26 10:45:44.456053,2026-01-26 10:45:44.456053,,,
4cd7449a-85c2-4f99-ab12-805222dc99aa,5b53e30e-ef80-4828-b124-a888b3e5c0c5,Develop Industry-Vertical Solution Playbook Series,"Create comprehensive playbooks for each vertical (Healthcare, Financial Services, Manufacturing, Retail, Public Sector) detailing pre-configured solution bundles, compliance mappings, typical agent workflows, and customer proof points.",content_marketing,Q2,High,suggested,t,,,,,2026-01-26 10:45:44.499884,2026-01-26 10:45:44.499884,,,
7b738a3a-fd67-494e-8a4a-25086b0ad479,5b53e30e-ef80-4828-b124-a888b3e5c0c5,Build 'Unified Platform Migration' Content Hub,"Create definitive resource center with migration guides, TCO comparison tools, integration architecture blueprints, and ROI case studies for teams consolidating from competing platforms (Google, Slack, Salesforce, AWS) to Microsoft ecosystem.",content_marketing,Q3,Medium,suggested,t,,,,,2026-01-26 10:45:44.54297,2026-01-26 10:45:44.54297,,,
ee01c306-55f0-4fc9-a9f5-7e2d0380785d,5b53e30e-ef80-4828-b124-a888b3e5c0c5,Launch #HumanPlusAI Storytelling Campaign,"Create LinkedIn and X campaign featuring real customer stories of human-AI partnership, using consistent hashtag and narrative framework that positions Copilot as augmentation tool, amplified through employee advocacy and customer co-marketing.",social_media,Q1,High,suggested,t,,,,,2026-01-26 10:45:44.585794,2026-01-26 10:45:44.585794,,,
a785a09e-8ed2-4d9c-b62d-683e725e06cf,5b53e30e-ef80-4828-b124-a888b3e5c0c5,Execute 'Productivity Wins' Social Proof Series,"Launch weekly social content series showcasing specific, quantified productivity metrics from customers (e.g., '45% faster contract review with Copilot in Word'), tagged by role and industry to build aspirational peer proof library.",social_media,Q2,Medium,suggested,t,,,,,2026-01-26 10:45:44.628968,2026-01-26 10:45:44.628968,,,
ce664581-1d7c-4b57-ac07-5057817c6fc7,5b53e30e-ef80-4828-b124-a888b3e5c0c5,Deploy LinkedIn Thought Leadership for Vertical Leaders,"Establish executive social presence program where Microsoft industry GMs publish weekly insights on AI transformation, regulatory compliance, and vertical-specific use cases, building authority in Healthcare, FSI, Manufacturing, Public Sector communities.",social_media,Q3,Medium,suggested,t,,,,,2026-01-26 10:45:44.673228,2026-01-26 10:45:44.673228,,,
7a402d4c-a19c-4e36-9357-3c1c45937207,5b53e30e-ef80-4828-b124-a888b3e5c0c5,Launch 'AI-First Transformation Score' Nurture Campaign,"Deploy interactive email series offering free assessment tool that scores recipients' AI readiness across data foundation, security posture, and platform integration, with personalized recommendations linking to unified platform narrative.",email_marketing,Q1,High,suggested,t,,,,,2026-01-26 10:45:44.717086,2026-01-26 10:45:44.717086,,,
dd733581-b0b7-410f-a0b9-7f6c6bbcbda6,5b53e30e-ef80-4828-b124-a888b3e5c0c5,Execute Persona-Based ROI Calculator Email Series,"Create role-specific email journeys for CIO, CISO, COO, CFO personas with customized productivity calculators, cost consolidation models, and relevant case studies demonstrating quantified outcomes by persona priority.",email_marketing,Q2,High,suggested,t,,,,,2026-01-26 10:45:44.759662,2026-01-26 10:45:44.759662,,,
5b38f78b-b624-4c29-af95-c8d09cb79631,5b53e30e-ef80-4828-b124-a888b3e5c0c5,Deploy 'Copilot Adoption Best Practices' Email Program,"Build automated nurture track for existing customers with underutilized Copilot licenses, delivering weekly enablement tips, power user workflows, and champion success stories to drive active usage and expansion.",email_marketing,Q4,Medium,suggested,t,,,,,2026-01-26 10:45:44.802134,2026-01-26 10:45:44.802134,,,
450e1d41-4d4c-476c-a476-624169823ad0,5b53e30e-ef80-4828-b124-a888b3e5c0c5,Optimize for 'AI Productivity Platform' and 'Unified Work Platform' Keywords,"Execute SEO strategy to own emerging category terms ('AI-first work platform,' 'unified productivity cloud,' 'enterprise AI governance') through content creation, schema markup, and authority building to capture early category search demand.",seo_sem,Q1,High,suggested,t,,,,,2026-01-26 10:45:44.8448,2026-01-26 10:45:44.8448,,,
9a15e410-3c5c-4cea-ad07-3d31301ceb0b,5b53e30e-ef80-4828-b124-a888b3e5c0c5,Launch SEM Campaign Targeting Competitor Switching Intent,"Deploy paid search campaigns bidding on competitor terms ('Google Workspace alternative,' 'Slack replacement,' 'Salesforce vs Microsoft') with landing pages emphasizing unified platform consolidation value and migration support.",seo_sem,Q2,High,suggested,t,,,,,2026-01-26 10:45:44.887751,2026-01-26 10:45:44.887751,,,
ad655a99-3a26-4feb-b5bd-2045429e19d9,5b53e30e-ef80-4828-b124-a888b3e5c0c5,Build Vertical-Specific SEO Content Pillars,"Create optimized content hubs for high-value verticals targeting industry-specific search terms ('healthcare AI compliance,' 'financial services cloud security,' 'manufacturing AI automation') to capture vertical buying committees.",seo_sem,Q3,Medium,suggested,t,,,,,2026-01-26 10:45:44.931414,2026-01-26 10:45:44.931414,,,
5c9a91cd-48fc-46e0-8583-37a84b601689,5b53e30e-ef80-4828-b124-a888b3e5c0c5,Secure Tier-1 Media Coverage on 'Human-AI Partnership' Philosophy,"Execute proactive media relations campaign with WSJ, FT, Bloomberg featuring CEO/product leaders discussing Microsoft's differentiated philosophy on AI augmentation vs. replacement, backed by workforce research and productivity data.",pr_comms,Q1,High,suggested,t,,,,,2026-01-26 10:45:44.977317,2026-01-26 10:45:44.977317,,,
cabb679f-e22f-4034-b7f3-45282d78cbd2,5b53e30e-ef80-4828-b124-a888b3e5c0c5,Launch Industry Trade Media Campaign with Vertical Solution Announcements,"Coordinate industry publication coverage (Healthcare IT News, American Banker, Supply Chain Dive) announcing pre-configured vertical cloud solutions with customer proof points and compliance certifications.",pr_comms,Q2,High,suggested,t,,,,,2026-01-26 10:45:45.022764,2026-01-26 10:45:45.022764,,,
bfbfd40e-2867-4c88-94bb-f5d15943d33b,5b53e30e-ef80-4828-b124-a888b3e5c0c5,Execute Customer Proof Point PR Program,"Develop ongoing PR cadence announcing major customer wins with quantified productivity results, focusing on upper mid-market logos in target verticals to build category credibility and demonstrate measurable ROI.",pr_comms,Q3,Medium,suggested,t,,,,,2026-01-26 10:45:45.065444,2026-01-26 10:45:45.065444,,,
467c34f4-9c3a-4815-84f8-3c892310a7ab,5b53e30e-ef80-4828-b124-a888b3e5c0c5,Brief Gartner/Forrester on Unified Platform Positioning,"Conduct analyst briefing series positioning Microsoft as category leader in 'AI-First Work Platform' and 'Unified Productivity Cloud' categories, providing research access to quantified productivity data and architectural integration advantages.",analyst_relations,Q1,High,suggested,t,,,,,2026-01-26 10:45:45.108651,2026-01-26 10:45:45.108651,,,
2d3e8679-1738-49e9-97bc-ebe1dc88fdb1,5b53e30e-ef80-4828-b124-a888b3e5c0c5,Commission Forrester TEI Study on Microsoft 365 + Copilot + Security,"Fund Total Economic Impact study quantifying ROI of unified platform adoption vs. multi-vendor approach, measuring productivity gains, security cost avoidance, and integration savings to create authoritative third-party proof point.",analyst_relations,Q2,High,suggested,t,,,,,2026-01-26 10:45:45.152627,2026-01-26 10:45:45.152627,,,
0d7caf70-c38c-44c1-937f-d7a93de5de16,5b53e30e-ef80-4828-b124-a888b3e5c0c5,Participate in Magic Quadrant Positioning for Emerging AI Categories,"Engage with Gartner to ensure favorable positioning in emerging quadrants (AI Agents, Enterprise AI Platforms, AI Governance) by providing comprehensive roadmap, customer references, and differentiated vision around human-AI collaboration.",analyst_relations,Q4,Medium,suggested,t,,,,,2026-01-26 10:45:45.197102,2026-01-26 10:45:45.197102,,,
f3b4b213-d237-4f10-8789-54e74332d130,5b53e30e-ef80-4828-b124-a888b3e5c0c5,Launch 'Unified Platform' Partner GTM Enablement Program,"Equip channel partners and SIs with unified platform selling methodology, ROI calculators, competitive battle cards, and co-sell motions focused on vendor consolidation opportunities in their customer base.",partner_marketing,Q1,High,suggested,t,,,,,2026-01-26 10:45:45.23941,2026-01-26 10:45:45.23941,,,
2d0032c2-725e-4dac-afbb-6d742588e625,5b53e30e-ef80-4828-b124-a888b3e5c0c5,Develop Vertical Partner Solution Bundles with ISVs,"Co-create packaged vertical solutions with key ISV partners (Epic/Healthcare, FIS/Banking, Rockwell/Manufacturing) that combine Microsoft Cloud + Copilot + partner apps into pre-configured industry offerings with joint go-to-market.",partner_marketing,Q2,High,suggested,t,,,,,2026-01-26 10:45:45.281661,2026-01-26 10:45:45.281661,,,
7a51396c-a2fa-464f-a7a8-3b4767824355,5b53e30e-ef80-4828-b124-a888b3e5c0c5,Execute Partner-Led Customer Migration Incentive Program,"Launch partner incentive program rewarding successful migrations from competitive platforms to Microsoft 365 + Azure unified stack, with tiered bonuses based on workload consolidation and Copilot adoption rates achieved.",partner_marketing,Q3,Medium,suggested,t,,,,,2026-01-26 10:45:45.324504,2026-01-26 10:45:45.324504,,,
59a138cf-33a9-4641-b65e-ec4525d608e3,bb7df60e-3de5-4bb5-ace6-eb34d74f485e,What ChatGPT cannot do for your transformation strategy,"Editorial calendar ""Editorial Calendar — 2026-06-09"" · whitepaper · channel: email · publish 2026-06-15",Digital,Q2,Medium,suggested,t,,,2026-06-15 17:00:00,,2026-06-09 13:52:41.957955,2026-06-09 13:52:41.957955,,,
da45f444-15ff-41b5-afdf-1e2e06587dae,5b53e30e-ef80-4828-b124-a888b3e5c0c5,Create 'Copilot Champions' Customer Advocacy Program,"Build structured program identifying and activating power users who have achieved measurable productivity gains, providing them with community platform, exclusive previews, and opportunities to share success stories in marketing channels.",customer_marketing,Q1,High,suggested,t,,,,,2026-01-26 10:45:45.375802,2026-01-26 10:45:45.375802,,,
97570e51-db88-466d-ac0e-dda40c55d624,5b53e30e-ef80-4828-b124-a888b3e5c0c5,Launch Customer Advisory Board for AI-First Transformation,"Establish executive advisory board with 15-20 customers representing target segments and verticals to co-develop unified platform roadmap, validate messaging, and create referenceable proof points with quantified outcomes.",customer_marketing,Q2,High,suggested,t,,,,,2026-01-26 10:45:45.418892,2026-01-26 10:45:45.418892,,,
ad702198-9a44-4dc0-beac-1fc810d721ab,5b53e30e-ef80-4828-b124-a888b3e5c0c5,Deploy In-Product Adoption Campaigns for Underutilized Features,"Launch targeted in-app messaging and email campaigns to existing customers with low Copilot/Teams/Security adoption, offering enablement resources and success benchmarks to drive feature activation and demonstrate platform value.",customer_marketing,Q4,Medium,suggested,t,,,,,2026-01-26 10:45:45.461378,2026-01-26 10:45:45.461378,,,
ba9463b8-6008-4df4-aabe-99043f92454a,5b53e30e-ef80-4828-b124-a888b3e5c0c5,Relaunch Product Messaging with 'Unified Platform' Framework,"Restructure all product marketing assets (web, sales decks, datasheets) to lead with unified platform narrative showing how Microsoft 365 + Azure + Security + Copilot integrate, rather than featuring disconnected product lists.",product_marketing,Q1,High,suggested,t,,,,,2026-01-26 10:45:45.504282,2026-01-26 10:45:45.504282,,,
f36d8b41-ad78-406d-aec3-667c888a29f0,5b53e30e-ef80-4828-b124-a888b3e5c0c5,Develop Industry-Vertical Product Marketing Kits,"Create verticalized product marketing packages for Healthcare, Financial Services, Manufacturing, Retail, Public Sector with industry-specific positioning, compliance mappings, workflow examples, and tailored proof points.",product_marketing,Q2,High,suggested,t,,,,,2026-01-26 10:45:45.547462,2026-01-26 10:45:45.547462,,,
4385ebb7-6d0a-4f4b-a4a8-76ae66cc5604,5b53e30e-ef80-4828-b124-a888b3e5c0c5,Build Competitive Battle Cards Emphasizing Platform Integration,"Refresh competitive positioning against Google, Salesforce, Slack, AWS emphasizing Microsoft's unique advantage in end-to-end integration, single security/governance layer, and unified data foundation for AI—with quantified TCO comparisons.",product_marketing,Q3,Medium,suggested,t,,,,,2026-01-26 10:45:45.591286,2026-01-26 10:45:45.591286,,,
b27a3dcc-50c2-4f91-b7a0-23a36683cbc4,5b53e30e-ef80-4828-b124-a888b3e5c0c5,Launch 'AI-First Transformation' Brand Campaign,"Deploy integrated brand campaign across TV, digital, outdoor, and social establishing Microsoft as the platform for AI-first work transformation, featuring real customer stories with quantified productivity outcomes and human-AI partnership philosophy.",brand,Q1,High,suggested,t,,,,,2026-01-26 10:45:45.63463,2026-01-26 10:45:45.63463,,,
3a35a48c-27aa-4938-9d6f-91a56da978ad,5b53e30e-ef80-4828-b124-a888b3e5c0c5,Refresh Brand Identity to Emphasize Platform Unification,"Update visual identity system, messaging architecture, and brand guidelines to consistently express unified platform positioning—moving beyond individual product branding to cohesive 'Microsoft Cloud' ecosystem narrative.",brand,Q2,Medium,suggested,t,,,,,2026-01-26 10:45:45.677476,2026-01-26 10:45:45.677476,,,
e515c152-afed-4c92-bd24-28201972cb98,5b53e30e-ef80-4828-b124-a888b3e5c0c5,Create 'Human-AI Partnership' Brand Narrative Framework,"Develop comprehensive brand story, narrative toolkit, and creative guidelines articulating Microsoft's philosophy on AI as augmentation vs. replacement, equipping all marketing teams with consistent point of view on responsible AI transformation.",brand,Q3,High,suggested,t,,,,,2026-01-26 10:45:45.720606,2026-01-26 10:45:45.720606,,,
97ebb22d-360b-49bb-a711-dc0575638cd0,5b53e30e-ef80-4828-b124-a888b3e5c0c5,Redesign Homepage with 'Unified Platform' Hero Experience,"Rebuild microsoft.com homepage to lead with AI-first unified platform narrative, featuring interactive product ecosystem visualization, ROI calculator, and clear navigation paths for CIO, CISO, COO buyer personas rather than generic product grid.",website,Q1,High,suggested,t,,,,,2026-01-26 10:45:45.763462,2026-01-26 10:45:45.763462,,,
0807574b-cd6b-4770-b1d3-2734a7657312,5b53e30e-ef80-4828-b124-a888b3e5c0c5,Build Industry-Vertical Landing Page Experiences,"Create dedicated vertical landing pages (Healthcare, Financial Services, Manufacturing, Retail, Public Sector) with industry-specific hero messaging, solution bundles, compliance details, customer proof, and tailored calls-to-action.",website,Q2,High,suggested,t,,,,,2026-01-26 10:45:45.806392,2026-01-26 10:45:45.806392,,,
f937f10c-c36a-410d-8af7-75636bfc8a31,5b53e30e-ef80-4828-b124-a888b3e5c0c5,Deploy AI-Powered Website Personalization Engine,"Implement website personalization showing role-specific content, relevant ROI calculators, and vertical-appropriate use cases based on visitor firmographics, previous engagement, and identified buying stage to increase conversion.",website,Q3,Medium,suggested,t,,,,,2026-01-26 10:45:45.848813,2026-01-26 10:45:45.848813,,,
7898083e-b0a6-4d94-a833-7200d386b64d,5b53e30e-ef80-4828-b124-a888b3e5c0c5,Launch 'CIO Roundtable' Webinar Series on Platform Consolidation,"Host monthly webinars featuring CIO panels discussing vendor consolidation strategies, unified platform ROI models, and migration best practices from competitors, positioning Microsoft as strategic partner for IT simplification.",webinars,Q1,High,suggested,t,,,,,2026-01-26 10:45:45.891316,2026-01-26 10:45:45.891316,,,
4502c6ce-d8aa-412b-92cf-925c37c94e85,5b53e30e-ef80-4828-b124-a888b3e5c0c5,Execute 'Copilot Deep Dive' Technical Enablement Webinars,"Deliver monthly role-specific webinars (Sales, Finance, Legal, Customer Service) demonstrating Copilot workflows, custom agent building, and productivity measurement, targeting both prospects and existing customers to drive adoption.",webinars,Q2,Medium,suggested,t,,,,,2026-01-26 10:45:45.934427,2026-01-26 10:45:45.934427,,,
86af637c-3158-48fc-a844-720862373391,5b53e30e-ef80-4828-b124-a888b3e5c0c5,Host Industry-Vertical Solution Showcase Webinars,"Run quarterly vertical-specific webinars for Healthcare, FSI, Manufacturing featuring pre-configured cloud solutions, compliance deep-dives, industry customer panels, and partner ecosystem demonstrations to generate qualified pipeline.",webinars,Q3,Medium,suggested,t,,,,,2026-01-26 10:45:45.977176,2026-01-26 10:45:45.977176,,,
f7179b79-b0f2-43f7-9352-ed55858ef046,5b53e30e-ef80-4828-b124-a888b3e5c0c5,Launch 'Transform with AI' Executive Podcast Series,"Produce high-quality podcast featuring CIOs, COOs, and transformation leaders discussing AI-first strategy, change management, productivity measurement, and platform consolidation journeys, establishing Microsoft as transformation thought leader.",podcasts,Q1,Medium,suggested,t,,,,,2026-01-26 10:45:46.019689,2026-01-26 10:45:46.019689,,,
32840ebc-709e-4b92-90c4-96c9df8e4c81,5b53e30e-ef80-4828-b124-a888b3e5c0c5,Create 'Human-AI Partnership' Interview Podcast,"Develop podcast series exploring the future of work, featuring academics, customers, and Microsoft researchers discussing augmentation philosophy, workforce implications, and ethical AI deployment to build category authority.",podcasts,Q3,Low,suggested,t,,,,,2026-01-26 10:45:46.062022,2026-01-26 10:45:46.062022,,,
5fa7db1f-d4f0-4b6a-9e4b-16c2f8103374,bb7df60e-3de5-4bb5-ace6-eb34d74f485e,Microsoft partner GTM strategy: how ISV founders earn internal attention without wasting cycles,"Editorial calendar ""Editorial Calendar — 2026-06-09"" · blog_post · channel: blog · publish 2026-06-16",Digital,Q2,Medium,suggested,t,,,2026-06-16 15:00:00,,2026-06-09 13:52:41.957955,2026-06-09 13:52:41.957955,,,
45a55b97-c45b-4f9b-8161-94d4d97e3315,5b53e30e-ef80-4828-b124-a888b3e5c0c5,Produce Customer Story Video Series with Quantified ROI,"Create 3-5 minute documentary-style customer videos showcasing specific productivity transformations with measured outcomes (hours saved, costs reduced, quality improved), distributed across web, social, sales enablement, and events.",video,Q1,High,suggested,t,,,,,2026-01-26 10:45:46.104843,2026-01-26 10:45:46.104843,,,
11d57f07-0b2a-44c8-997f-b3e4dd106646,5b53e30e-ef80-4828-b124-a888b3e5c0c5,Develop 'Day in the Life' Human-AI Collaboration Video Series,"Produce authentic videos showing real employees across roles (sales rep, financial analyst, customer service agent) working with Copilot throughout their day, emphasizing natural augmentation and measurable productivity gains.",video,Q2,High,suggested,t,,,,,2026-01-26 10:45:46.147389,2026-01-26 10:45:46.147389,,,
c9fd3e1d-08b6-4cd9-a280-d5f855d45a53,5b53e30e-ef80-4828-b124-a888b3e5c0c5,Create Vertical Solution Explainer Video Library,"Build library of 90-second animated explainers for each vertical solution bundle demonstrating industry-specific workflows, compliance benefits, and integration advantages in accessible format for executive and technical audiences.",video,Q3,Medium,suggested,t,,,,,2026-01-26 10:45:46.190239,2026-01-26 10:45:46.190239,,,
e66b341f-8793-4428-bf0c-01a30e2b6bf9,5b53e30e-ef80-4828-b124-a888b3e5c0c5,Commission 'AI Productivity Benchmark' Primary Research Study,"Fund large-scale research study measuring productivity impact of Copilot across roles, industries, and company sizes to generate authoritative data on time savings, quality improvement, and employee satisfaction for all marketing uses.",research,Q1,High,suggested,t,,,,,2026-01-26 10:45:46.232681,2026-01-26 10:45:46.232681,,,
07b3f6ae-f9a8-4d06-814f-0dfa6d70cf90,5b53e30e-ef80-4828-b124-a888b3e5c0c5,Conduct 'Platform Consolidation ROI' Analysis Study,"Execute research comparing TCO and operational complexity of unified Microsoft platform vs. multi-vendor approach (Google, Slack, Salesforce, AWS mix), quantifying integration costs, security gaps, and productivity friction of fragmentation.",research,Q2,High,suggested,t,,,,,2026-01-26 10:45:46.275571,2026-01-26 10:45:46.275571,,,
27adc6a1-bebb-4b9d-900a-70f7a71dbd2c,5b53e30e-ef80-4828-b124-a888b3e5c0c5,Publish Industry-Specific AI Readiness Assessment Research,"Conduct vertical-specific studies assessing AI readiness, adoption barriers, and opportunity areas in Healthcare, Financial Services, Manufacturing to inform vertical GTM and create thought leadership positioning in each industry.",research,Q4,Medium,suggested,t,,,,,2026-01-26 10:45:46.318036,2026-01-26 10:45:46.318036,,,
05aacde7-3584-44b4-b7df-f4d51441ba23,f47780e7-7b70-403e-acd1-3bb75d69a772,Brief Gartner and Forrester on THEMIS Platform Capabilities,"Schedule analyst briefings with Gartner (ECM, Microsoft technologies) and Forrester analysts to position THEMIS platform's proprietary capabilities and AI-readiness differentiation. Supports platform positioning with technical specificity.",analyst_relations,Q1,low,suggested,t,,,,,2026-01-25 18:56:49.683838,2026-01-27 01:36:41.201,,,
bf823ed3-980e-43db-9e36-fc3211e6a0dc,ae20f80c-2ba7-4e97-b473-77df5232d49c,Sponsor and Exhibit at Frontline Worker Technology Summit with Deskless Worker Experience Demo,"Secure booth presence at industry events focused on frontline workforce technology (manufacturing, healthcare, retail conferences). Showcase mobile-first platform capabilities specifically designed for deskless workers with live demos of multi-channel communication features (SMS, push notifications, mobile app). Aligns with Frontline & Deskless Worker Solution Track strategy.",events,Q2,High,suggested,t,,,,,2026-02-02 19:46:25.403161,2026-02-02 19:46:25.403161,,,
6a7d8aa5-3101-412c-be40-4f7c62f4e8da,ae20f80c-2ba7-4e97-b473-77df5232d49c,Host Executive Roundtable Series on Platform Consolidation at Major Industry Conferences,"Organize invitation-only roundtables for CIOs and IT leaders at key conferences (Microsoft Ignite, HR Technology Conference) focused on digital workplace consolidation strategies. Present Integration Audit Service findings and ROI framework. Supports Platform Consolidation narrative and third-party validation efforts.",events,Q3,High,suggested,t,,,,,2026-02-02 19:46:25.468367,2026-02-02 19:46:25.468367,,,
8bf5bc48-8dc4-43a3-ac28-b2a0d9491770,ae20f80c-2ba7-4e97-b473-77df5232d49c,Participate in Microsoft Partner Pavilion at Regional Technology Events,"Establish presence at 6-8 regional Microsoft ecosystem events throughout the year, emphasizing Microsoft 365 consolidation message rather than add-on positioning. Co-present with Microsoft field teams on AI-powered workplace solutions. Supports Microsoft 365 Integration as Consolidation positioning.",events,steady_state,Medium,suggested,t,,,,,2026-02-02 19:46:25.51126,2026-02-02 19:46:25.51126,,,
2e87ec99-b77e-4f7f-9be9-47b8053bfc80,ae20f80c-2ba7-4e97-b473-77df5232d49c,Launch AI-Powered Intranet Comparison Landing Pages with Competitive Feature Matrix,"Create SEO-optimized comparison pages positioning Akumina against key competitors, highlighting AI feature parity (AI Search, AI Agents, personalization). Include side-by-side feature matrices emphasizing mobile-first capabilities and platform consolidation benefits. Supports AI-Native positioning strategy.",digital_marketing,Q1,High,suggested,t,,,,,2026-02-02 19:46:25.554848,2026-02-02 19:46:25.554848,,,
5072a6b1-d13d-4982-ace2-e6f3e296cec8,ae20f80c-2ba7-4e97-b473-77df5232d49c,Deploy Retargeting Campaigns Focused on ROI Calculator Engagement,Build retargeting audiences from website visitors who viewed pricing or competitor pages. Serve personalized ads promoting industry-specific ROI calculators with quantified productivity metrics. Track conversion to calculator engagement and sales qualified leads. Aligns with Quantified ROI Framework strategy.,digital_marketing,Q2,High,suggested,t,,,,,2026-02-02 19:46:25.603028,2026-02-02 19:46:25.603028,,,
1fd288d8-63b2-4bf2-8478-1b210ac72654,ae20f80c-2ba7-4e97-b473-77df5232d49c,Create Paid Social Campaign Series Targeting Frontline Workforce Decision Makers,"Develop LinkedIn and industry-specific paid campaigns targeting HR leaders in healthcare, manufacturing, and retail with messaging about deskless worker engagement. Feature customer proof points showing employee engagement improvements. Supports Frontline & Deskless Worker Solution Track.",digital_marketing,Q3,Medium,suggested,t,,,,,2026-02-02 19:46:25.644825,2026-02-02 19:46:25.644825,,,
fd11ac72-7719-414f-9ec6-eb93ed7042ee,ae20f80c-2ba7-4e97-b473-77df5232d49c,Execute ABM Campaign to Healthcare Systems Offering Integration Audit Service,Target 50 top healthcare systems with personalized multi-touch campaign offering complimentary Integration Audit Service. Emphasize platform consolidation ROI and reduction in IT complexity. Include direct mail component with healthcare-specific case studies. Aligns with Platform Consolidation narrative.,outbound_campaigns,Q2,High,suggested,t,,,,,2026-02-02 19:46:25.686558,2026-02-02 19:46:25.686558,,,
beb3e690-8016-477f-a976-1b57cefc2955,ae20f80c-2ba7-4e97-b473-77df5232d49c,Launch Financial Services Vertical ABM Program with TCO Focus,"Create targeted outbound campaign to 75 financial services firms emphasizing security, compliance, and total cost of ownership vs. standalone solutions. Leverage industry-specific ROI calculator and analyst validation. Supports Industry-Specific ROI Calculator strategy.",outbound_campaigns,Q3,High,suggested,t,,,,,2026-02-02 19:46:25.731504,2026-02-02 19:46:25.731504,,,
aa4f98d3-09dd-4f3a-a6ce-bd02180eeb68,ae20f80c-2ba7-4e97-b473-77df5232d49c,Launch Frontline Worker Brand Positioning Initiative,Create sub-brand or solution brand specifically for frontline/deskless worker market with dedicated visual identity and messaging. Develop campaign showcasing mobile-first capabilities and industry-specific applications. Supports Frontline & Deskless Worker Solution Track.,brand,Q4,Low,suggested,t,,,,,2026-02-02 19:46:27.063927,2026-02-02 19:46:27.063927,,,
9ebc3d14-5dfe-4d43-a11e-3d7b2e0744c6,ae20f80c-2ba7-4e97-b473-77df5232d49c,Deploy Multi-Channel Nurture Campaign for Microsoft 365 Consolidation Message,"Build 6-touch nurture sequence combining email, LinkedIn InMail, and phone outreach emphasizing elimination of redundant tools through M365 consolidation. Feature quantified metrics on license cost savings and productivity gains. Supports Microsoft 365 Integration as Consolidation positioning.",outbound_campaigns,Q1,Medium,suggested,t,,,,,2026-02-02 19:46:25.77374,2026-02-02 19:46:25.77374,,,
9441b283-e77a-4c04-82d2-df5580239b04,ae20f80c-2ba7-4e97-b473-77df5232d49c,Develop Industry-Specific ROI Calculator Suite with Interactive Tools,"Build and publish interactive ROI calculators for healthcare, financial services, and manufacturing verticals with industry-specific metrics (patient care time, transaction processing, production efficiency). Include benchmarking data and personalized reports. Core execution of Industry-Specific ROI Calculator strategy.",content_marketing,Q1,High,suggested,t,,,,,2026-02-02 19:46:25.820035,2026-02-02 19:46:25.820035,,,
01b2888d-3acd-41fb-9c1b-ac2f36595fc2,ae20f80c-2ba7-4e97-b473-77df5232d49c,Create Platform Consolidation Business Case Toolkit Series,"Produce downloadable toolkit including Integration Audit checklist, TCO comparison spreadsheet, consolidation roadmap template, and executive presentation deck. Feature quantified ROI framework with customer proof points. Supports Platform Consolidation and Quantified ROI Framework strategies.",content_marketing,Q2,High,suggested,t,,,,,2026-02-02 19:46:25.861657,2026-02-02 19:46:25.861657,,,
5b1d019c-54e5-449e-832f-03ffb65a34a7,ae20f80c-2ba7-4e97-b473-77df5232d49c,Publish AI Features Deep-Dive Content Series,"Create comprehensive content series covering AI Search implementation, AI Agents use cases, AI-powered workflow automation, and personalization engines. Include competitive feature comparisons and customer implementation examples. Supports AI Feature Parity and AI-Native Positioning strategies.",content_marketing,Q3,High,suggested,t,,,,,2026-02-02 19:46:25.913592,2026-02-02 19:46:25.913592,,,
a21b789e-770e-47d8-a319-94a99d5608ee,ae20f80c-2ba7-4e97-b473-77df5232d49c,Launch LinkedIn Thought Leadership Campaign on Digital Workplace Consolidation,"Execute executive social media program with weekly posts from leadership team on platform consolidation trends, Microsoft 365 optimization, and AI workplace transformation. Include customer success metrics and ROI data points. Supports Platform Consolidation and AI-Native positioning.",social_media,steady_state,Medium,suggested,t,,,,,2026-02-02 19:46:25.955407,2026-02-02 19:46:25.955407,,,
43810042-9a94-4183-8286-9097a477d7ce,ae20f80c-2ba7-4e97-b473-77df5232d49c,Create Frontline Worker Success Story Social Media Series,"Develop monthly social content showcasing deskless worker customer success stories across industries (nurses, retail associates, factory workers). Feature mobile-first UX and multi-channel communication capabilities. Include employee testimonial videos. Aligns with Frontline & Deskless Worker Solution Track.",social_media,Q2,High,suggested,t,,,,,2026-02-02 19:46:25.998429,2026-02-02 19:46:25.998429,,,
3d644b1f-c8d9-460c-b7e7-aad78b7f58ef,ae20f80c-2ba7-4e97-b473-77df5232d49c,Build AI Innovation Social Proof Campaign with Product Updates,"Create bi-weekly social posts highlighting new AI features, roadmap progress, and competitive advantages in AI Search and AI Agents. Leverage analyst mentions and customer adoption metrics. Supports AI Feature Parity Roadmap strategy.",social_media,steady_state,Medium,suggested,t,,,,,2026-02-02 19:46:26.040675,2026-02-02 19:46:26.040675,,,
5fd30ef5-60f1-4a70-9e30-3cbbc47f3e50,ae20f80c-2ba7-4e97-b473-77df5232d49c,Deploy ROI Calculator Promotion Email Campaign to Target Accounts,Launch segmented email campaigns to key account lists promoting industry-specific ROI calculators. Include personalized subject lines referencing industry challenges and quantified productivity metrics from similar customers. Supports Quantified ROI Framework strategy.,email_marketing,Q1,High,suggested,t,,,,,2026-02-02 19:46:26.082763,2026-02-02 19:46:26.082763,,,
f9916a43-faff-4983-be0c-f87c4abe9884,ae20f80c-2ba7-4e97-b473-77df5232d49c,Create Integration Audit Service Nurture Email Series,"Build automated 5-email nurture sequence for prospects who download consolidation content, promoting complimentary Integration Audit Service. Include customer case studies showing platform reduction and cost savings. Aligns with Platform Consolidation Value Narrative.",email_marketing,Q2,High,suggested,t,,,,,2026-02-02 19:46:26.124483,2026-02-02 19:46:26.124483,,,
38b3bf38-d166-4b3f-9105-302c2dd40df0,ae20f80c-2ba7-4e97-b473-77df5232d49c,Launch Customer Proof Point Email Showcase Series,"Monthly email highlighting specific customer ROI achievements with quantified metrics (hours saved per employee, engagement percentage increases, license consolidation savings). Segment by industry and use case. Supports Quantified ROI Framework with Customer Proof Points.",email_marketing,steady_state,Medium,suggested,t,,,,,2026-02-02 19:46:26.167105,2026-02-02 19:46:26.167105,,,
162555fc-810a-4a6c-bd26-8f8eb0643ec7,ae20f80c-2ba7-4e97-b473-77df5232d49c,Optimize SEO for AI-Powered Intranet and Employee Experience Keywords,"Conduct keyword research and content optimization focused on AI-powered intranet, AI workplace search, and intelligent employee experience terms. Create pillar pages and supporting content to rank for emerging AI + EX keyword combinations. Supports AI-Native Positioning strategy.",seo_sem,Q1,High,suggested,t,,,,,2026-02-02 19:46:26.209116,2026-02-02 19:46:26.209116,,,
55ba6eb0-e671-49b4-bf98-d0686eaedc1c,ae20f80c-2ba7-4e97-b473-77df5232d49c,Launch SEM Campaign Targeting Frontline and Deskless Worker Keywords,"Build paid search campaigns targeting keywords around frontline worker engagement, deskless employee communication, and mobile workforce solutions. Create dedicated landing pages with industry-specific use cases. Aligns with Frontline & Deskless Worker Solution Track.",seo_sem,Q2,High,suggested,t,,,,,2026-02-02 19:46:26.253801,2026-02-02 19:46:26.253801,,,
d7217065-7943-4246-b010-5b99c08dd502,ae20f80c-2ba7-4e97-b473-77df5232d49c,Develop Platform Consolidation SEO Content Hub,"Create comprehensive content hub optimized for intranet consolidation, digital workplace platform reduction, and Microsoft 365 optimization keywords. Include ROI calculator integration and gated resources. Supports Platform Consolidation and Microsoft 365 Integration messaging.",seo_sem,Q3,Medium,suggested,t,,,,,2026-02-02 19:46:26.303615,2026-02-02 19:46:26.303615,,,
cb3ffdae-804d-4981-b9c2-b4de85b8ed8c,ae20f80c-2ba7-4e97-b473-77df5232d49c,Secure Tier-1 Media Coverage on Platform Consolidation Trend Story,"Pitch exclusive stories to CIO.com, InformationWeek, and HR Executive on the digital workplace consolidation trend, featuring Akumina customer data showing average platform reduction and ROI. Include executive quotes and analyst validation. Supports Platform Consolidation narrative and Third-Party Validation.",pr_comms,Q2,High,suggested,t,,,,,2026-02-02 19:46:26.346535,2026-02-02 19:46:26.346535,,,
fbd322bc-0f98-4f6a-a674-17ccd81b4449,ae20f80c-2ba7-4e97-b473-77df5232d49c,Issue Press Releases on AI Feature Launches and Customer Milestones,"Coordinate quarterly press releases announcing new AI capabilities (AI Search enhancements, AI Agents, workflow automation) and customer adoption milestones. Emphasize competitive feature parity and innovation leadership. Aligns with AI Feature Parity Roadmap and AI-Native Positioning.",pr_comms,steady_state,Medium,suggested,t,,,,,2026-02-02 19:46:26.388033,2026-02-02 19:46:26.388033,,,
d8d6720b-6537-46be-acde-34abb3d67c0b,bb7df60e-3de5-4bb5-ace6-eb34d74f485e,Why a company operating system should run at peacetime speed while AI runs at wartime speed,"Editorial calendar ""Editorial Calendar — 2026-06-09"" · linkedin_post · channel: linkedin · publish 2026-06-11",Digital,Q2,Medium,suggested,t,,,2026-06-11 16:00:00,,2026-06-09 13:52:41.957955,2026-06-09 13:52:41.957955,,,
ae0d6b44-e62a-4222-9495-e0d0bac513d7,ae20f80c-2ba7-4e97-b473-77df5232d49c,Launch Frontline Worker Industry Award Submission Campaign,"Submit applications to HR Technology Awards, Brandon Hall Excellence Awards, and industry-specific recognition programs highlighting frontline worker solutions and customer outcomes. Feature mobile-first UX and multi-channel capabilities. Supports Third-Party Validation and Awards Program strategy.",pr_comms,Q1,Medium,suggested,t,,,,,2026-02-02 19:46:26.429946,2026-02-02 19:46:26.429946,,,
8b559f4b-8cf3-4e27-b59c-1c12bda5791a,ae20f80c-2ba7-4e97-b473-77df5232d49c,Commission Forrester or Gartner Custom Research on Platform Consolidation ROI,"Engage Forrester or Gartner to conduct independent research study on digital workplace consolidation benefits, featuring Akumina customer data. Publish Total Economic Impact or similar report with quantified ROI metrics. Core execution of Third-Party Validation and Awards Program strategy.",analyst_relations,Q2,High,suggested,t,,,,,2026-02-02 19:46:26.471864,2026-02-02 19:46:26.471864,,,
cd783ef8-54f4-4bcb-88df-6afdc8243493,ae20f80c-2ba7-4e97-b473-77df5232d49c,Pursue Gartner Magic Quadrant for Employee Experience Platforms Inclusion,"Execute comprehensive campaign to achieve Gartner Magic Quadrant or Market Guide recognition for employee experience platforms. Coordinate customer references, briefings, and inquiry responses emphasizing AI capabilities and Microsoft 365 consolidation positioning. Supports Third-Party Validation strategy.",analyst_relations,Q3,High,suggested,t,,,,,2026-02-02 19:46:26.514998,2026-02-02 19:46:26.514998,,,
554985f9-3d6d-4227-b723-7c81079e970d,ae20f80c-2ba7-4e97-b473-77df5232d49c,Establish G2 Category Leadership Campaign with Review Generation,Launch systematic customer review generation program targeting G2 Crowd for Intranet Software and Employee Experience Platform categories. Aim for Grid Leader positioning with emphasis on AI features and ROI. Supports Third-Party Validation and Awards Program strategy.,analyst_relations,Q1,Medium,suggested,t,,,,,2026-02-02 19:46:26.557028,2026-02-02 19:46:26.557028,,,
78600a07-e8ae-4267-a801-249559115b41,ae20f80c-2ba7-4e97-b473-77df5232d49c,Develop Microsoft Partner Co-Marketing Program for Platform Consolidation,"Create joint marketing initiative with Microsoft focusing on M365 consolidation message. Develop co-branded assets, webinars, and case studies showing how Akumina eliminates need for standalone tools. Pursue Microsoft Partner Award nominations. Supports Microsoft 365 Integration as Consolidation positioning.",partner_marketing,Q2,High,suggested,t,,,,,2026-02-02 19:46:26.598866,2026-02-02 19:46:26.598866,,,
51eae392-9992-4183-ace6-8b45d61e3352,ae20f80c-2ba7-4e97-b473-77df5232d49c,Build System Integrator Partner Enablement on ROI Framework and Tools,"Create partner enablement program for key SIs (Accenture, Deloitte, KPMG) including ROI calculator training, Integration Audit methodology, and industry-specific TCO tools. Enable partners to lead with consolidation business case. Supports Platform Consolidation and Quantified ROI Framework strategies.",partner_marketing,Q3,High,suggested,t,,,,,2026-02-02 19:46:26.640736,2026-02-02 19:46:26.640736,,,
75766653-5d72-498d-a48f-22d4edda1569,ae20f80c-2ba7-4e97-b473-77df5232d49c,Launch Industry Partner Co-Selling Initiative for Frontline Solutions,"Establish co-selling partnerships with healthcare IT vendors, retail technology providers, and manufacturing software companies to jointly target frontline worker markets. Create bundled solution offerings and shared go-to-market plans. Aligns with Frontline & Deskless Worker Solution Track.",partner_marketing,Q4,Medium,suggested,t,,,,,2026-02-02 19:46:26.682228,2026-02-02 19:46:26.682228,,,
316d1ded-bf3f-4229-abc2-0798222b756f,ae20f80c-2ba7-4e97-b473-77df5232d49c,Create Customer ROI Proof Point Video Series,"Produce 6-8 customer video testimonials focused on quantified ROI metrics (hours saved, engagement increases, platform consolidation savings). Segment by industry and use case. Feature prominently on website, in sales presentations, and marketing campaigns. Core execution of Quantified ROI Framework with Customer Proof Points.",customer_marketing,Q2,High,suggested,t,,,,,2026-02-02 19:46:26.724038,2026-02-02 19:46:26.724038,,,
8ccd51e5-389a-4d1a-a3aa-dfe8436c1b96,ae20f80c-2ba7-4e97-b473-77df5232d49c,Launch Customer Advisory Board Focused on AI Roadmap Input,"Establish quarterly customer advisory board meetings to gather input on AI feature priorities, validate roadmap direction, and generate product feedback. Create case studies from CAB member implementations. Supports AI Feature Parity Roadmap and Third-Party Validation strategies.",customer_marketing,Q1,Medium,suggested,t,,,,,2026-02-02 19:46:26.765575,2026-02-02 19:46:26.765575,,,
9e9b086b-6408-4480-ba6b-57c490a41af6,ae20f80c-2ba7-4e97-b473-77df5232d49c,Develop Customer Reference Program with Incentives for Award Participation,"Build structured reference program offering incentives for customers to participate in analyst inquiries, award submissions, and peer review sites. Focus on healthcare, financial services, and manufacturing champions. Supports Third-Party Validation and Awards Program strategy.",customer_marketing,steady_state,Medium,suggested,t,,,,,2026-02-02 19:46:26.80705,2026-02-02 19:46:26.80705,,,
4cec968c-ab62-40db-8019-6742fff6f3a7,ae20f80c-2ba7-4e97-b473-77df5232d49c,Launch AI-Native Platform Positioning Campaign with Feature Messaging,"Develop comprehensive product marketing campaign repositioning Akumina as AI-powered employee experience platform. Create new messaging framework, competitive battlecards emphasizing AI parity, and sales enablement materials. Core execution of AI-Native Positioning as Core Platform Identity strategy.",product_marketing,Q1,High,suggested,t,,,,,2026-02-02 19:46:26.849602,2026-02-02 19:46:26.849602,,,
951e34e1-51e6-42d7-9b33-fd4df71612f6,ae20f80c-2ba7-4e97-b473-77df5232d49c,Create Frontline Worker Solution Package with Dedicated Messaging,"Develop distinct product packaging and messaging for frontline/deskless worker segment. Include mobile-first UX showcase, multi-channel communication capabilities, and industry-specific use cases for healthcare, retail, and manufacturing. Core execution of Frontline & Deskless Worker Solution Track.",product_marketing,Q2,High,suggested,t,,,,,2026-02-02 19:46:26.891872,2026-02-02 19:46:26.891872,,,
b663ca8b-b313-49c0-a969-f95ed8fc67a6,ae20f80c-2ba7-4e97-b473-77df5232d49c,Build Competitive Battlecard Suite with AI Feature Comparison Matrix,"Create detailed competitive battlecards for top 5 competitors emphasizing Akumina advantages in AI Search, AI Agents, mobile-first design, and platform consolidation. Include objection handling for pricing, implementation time, and Microsoft 365 integration depth. Supports AI Feature Parity and competitive positioning.",product_marketing,Q1,High,suggested,t,,,,,2026-02-02 19:46:26.93316,2026-02-02 19:46:26.93316,,,
5693728a-1b35-4a81-8af4-8372a43b0dad,ae20f80c-2ba7-4e97-b473-77df5232d49c,Refresh Brand Identity to Emphasize AI and Innovation Leadership,"Update brand guidelines, visual identity, and messaging to reflect AI-native positioning. Develop new tagline emphasizing intelligent employee experiences and platform consolidation. Update all brand assets and templates. Supports AI-Native Positioning as Core Platform Identity strategy.",brand,Q3,Medium,suggested,t,,,,,2026-02-02 19:46:26.976407,2026-02-02 19:46:26.976407,,,
d27b9471-9a4f-45d4-a1a6-9224c090a5cd,ae20f80c-2ba7-4e97-b473-77df5232d49c,Create Brand Campaign Highlighting Platform Consolidation Value Proposition,"Develop integrated brand awareness campaign (digital, print, events) with consistent messaging on eliminating workplace tool sprawl through Microsoft 365 consolidation. Feature customer metrics on platform reduction and cost savings. Aligns with Platform Consolidation Value Narrative.",brand,Q4,Medium,suggested,t,,,,,2026-02-02 19:46:27.018354,2026-02-02 19:46:27.018354,,,
e3933cc5-02d1-41fb-a107-91bbcb270984,ae20f80c-2ba7-4e97-b473-77df5232d49c,Redesign Website with AI-Native Messaging and Interactive ROI Tools,"Complete website redesign emphasizing AI-powered platform capabilities as primary value proposition. Prominently feature industry-specific ROI calculators, Integration Audit Service offering, and quantified customer proof points. Core execution of AI-Native Positioning and ROI Calculator strategies.",website,Q2,High,suggested,t,,,,,2026-02-02 19:46:27.105592,2026-02-02 19:46:27.105592,,,
5ad478a1-1999-4736-853b-09e5735870d7,ae20f80c-2ba7-4e97-b473-77df5232d49c,Build Dedicated Frontline Worker Solution Landing Page Hub,"Create comprehensive solution section for frontline/deskless workers with industry-specific use cases, mobile-first UX showcase, customer testimonials from healthcare/retail/manufacturing, and multi-channel communication capabilities. Supports Frontline & Deskless Worker Solution Track.",website,Q3,High,suggested,t,,,,,2026-02-02 19:46:27.147711,2026-02-02 19:46:27.147711,,,
6ec09b7b-342d-44ad-bedb-967fa967ce30,ae20f80c-2ba7-4e97-b473-77df5232d49c,Implement Personalization Engine for Industry-Specific Website Experiences,"Deploy website personalization showing relevant content, ROI calculators, and case studies based on visitor industry, company size, and engagement signals. Feature appropriate competitive comparisons and proof points. Supports multiple strategic positioning initiatives.",website,Q4,Medium,suggested,t,,,,,2026-02-02 19:46:27.189068,2026-02-02 19:46:27.189068,,,
e4dc43f8-25c8-4685-a6db-73a9f53f6c99,ae20f80c-2ba7-4e97-b473-77df5232d49c,Host Platform Consolidation Webinar Series with ROI Framework,"Deliver quarterly webinar series on digital workplace consolidation strategies featuring Integration Audit methodology, TCO analysis, and customer case studies showing platform reduction. Include live calculator demonstration. Supports Platform Consolidation Value Narrative and Quantified ROI Framework.",webinars,steady_state,High,suggested,t,,,,,2026-02-02 19:46:27.231048,2026-02-02 19:46:27.231048,,,
7a38755c-0af9-4664-9385-12ce2c5ef15e,ae20f80c-2ba7-4e97-b473-77df5232d49c,Launch AI Capabilities Deep-Dive Webinar Track,"Create monthly webinar series showcasing AI Search, AI Agents, AI-powered workflows, and personalization capabilities with live product demonstrations. Feature customer implementation examples and competitive differentiation. Supports AI Feature Parity Roadmap and AI-Native Positioning strategies.",webinars,Q2,High,suggested,t,,,,,2026-02-02 19:46:27.272785,2026-02-02 19:46:27.272785,,,
bf70e630-6f9a-4fad-a9ef-e83b9ada4179,ae20f80c-2ba7-4e97-b473-77df5232d49c,Deliver Industry-Specific Frontline Worker Webinar Events,"Host dedicated webinars for healthcare, retail, and manufacturing audiences focused on deskless worker engagement challenges. Showcase mobile-first UX, multi-channel communication, and industry-specific ROI metrics. Aligns with Frontline & Deskless Worker Solution Track.",webinars,Q3,Medium,suggested,t,,,,,2026-02-02 19:46:27.314259,2026-02-02 19:46:27.314259,,,
5c9e5e7f-d023-4130-894b-f5afc6acbc08,ae20f80c-2ba7-4e97-b473-77df5232d49c,Launch Digital Workplace Innovation Podcast Series,"Create podcast featuring employee experience leaders discussing platform consolidation, AI workplace transformation, and frontline worker engagement. Include Akumina customer episodes sharing ROI achievements and implementation insights. Supports multiple positioning strategies and thought leadership.",podcasts,Q3,Low,suggested,t,,,,,2026-02-02 19:46:27.355268,2026-02-02 19:46:27.355268,,,
8d256f9b-1a8c-493f-a5b2-50519ed19a14,ae20f80c-2ba7-4e97-b473-77df5232d49c,Develop Analyst and Influencer Interview Podcast Track,"Produce podcast episodes featuring Gartner, Forrester, and industry analysts discussing employee experience platform trends, AI adoption, and digital workplace consolidation. Use as third-party validation content. Supports Third-Party Validation and Awards Program strategy.",podcasts,Q4,Low,suggested,t,,,,,2026-02-02 19:46:27.396763,2026-02-02 19:46:27.396763,,,
9411c008-8e1a-4bd9-841a-94c60a5d92e4,ae20f80c-2ba7-4e97-b473-77df5232d49c,Create Customer Success Story Podcast Series,"Produce podcast episodes featuring customer leaders sharing their platform consolidation journey, ROI achievements, and frontline worker engagement outcomes. Distribute as nurture content and sales enablement resource. Supports Quantified ROI Framework with Customer Proof Points.",podcasts,steady_state,Low,suggested,t,,,,,2026-02-02 19:46:27.438913,2026-02-02 19:46:27.438913,,,
c8d3ed9d-d40d-4cf9-8d0b-6598b186187f,ae20f80c-2ba7-4e97-b473-77df5232d49c,Produce Mobile-First UX Demo Video Series,"Create video series showcasing mobile-first design system and component library optimized for frontline workers. Include industry-specific use case demonstrations (hospital rounds, retail floor, manufacturing plant). Supports Mobile-First User Experience Design System strategy.",video,Q2,High,suggested,t,,,,,2026-02-02 19:46:27.480235,2026-02-02 19:46:27.480235,,,
eba91786-f2f6-4f33-9db0-e5ad9466bb6c,ae20f80c-2ba7-4e97-b473-77df5232d49c,Develop ROI Calculator Walkthrough and Tutorial Videos,"Produce short-form videos demonstrating how to use industry-specific ROI calculators with example scenarios showing productivity gains, engagement improvements, and cost savings. Use as email campaign and website conversion assets. Supports Quantified ROI Framework strategy.",video,Q1,Medium,suggested,t,,,,,2026-02-02 19:46:27.521506,2026-02-02 19:46:27.521506,,,
7109a959-3c67-425f-8f4a-71e93aaed77d,ae20f80c-2ba7-4e97-b473-77df5232d49c,Create AI Features Product Demo Video Library,"Build comprehensive video library showcasing AI Search capabilities, AI Agents use cases, workflow automation, and intelligent personalization features. Include competitive comparison content and customer implementation examples. Supports AI Feature Parity and AI-Native Positioning.",video,Q3,High,suggested,t,,,,,2026-02-02 19:46:27.562944,2026-02-02 19:46:27.562944,,,
bb370673-25d5-4c08-a5c4-5165a53c6f5e,ae20f80c-2ba7-4e97-b473-77df5232d49c,Commission Industry Benchmark Research on Digital Workplace Consolidation,"Conduct original research surveying 500+ IT and HR leaders on digital workplace platform usage, consolidation initiatives, and ROI outcomes. Publish findings report and generate PR/content marketing assets. Supports Platform Consolidation Value Narrative and thought leadership.",research,Q2,High,suggested,t,,,,,2026-02-02 19:46:27.604832,2026-02-02 19:46:27.604832,,,
23343943-03a4-4219-99ce-5e4af1cb2fe1,ae20f80c-2ba7-4e97-b473-77df5232d49c,Execute Frontline Worker Engagement State of the Market Study,"Launch research study examining frontline/deskless worker engagement challenges, technology adoption, and communication preferences across healthcare, retail, and manufacturing sectors. Use findings to validate solution positioning and messaging. Supports Frontline & Deskless Worker Solution Track.",research,Q3,High,suggested,t,,,,,2026-02-02 19:46:27.648504,2026-02-02 19:46:27.648504,,,
218a1537-37c4-45de-99d4-1fd86b40789a,ae20f80c-2ba7-4e97-b473-77df5232d49c,Develop AI Adoption in Employee Experience Platforms Research Report,"Conduct survey and analysis of AI feature adoption, satisfaction, and ROI in employee experience platforms. Position Akumina capabilities against market trends and customer expectations. Supports AI-Native Positioning and competitive differentiation.",research,Q4,Medium,suggested,t,,,,,2026-02-02 19:46:27.689528,2026-02-02 19:46:27.689528,,,
e26f6ba2-b3d2-4988-87f8-5795490a1f84,ae20f80c-2ba7-4e97-b473-77df5232d49c,Create Mobile-First Design System Documentation and Developer Hub,"Build comprehensive public-facing documentation of Akumina's mobile-first design system, component library, and frontline worker optimization capabilities. Include code samples, best practices, and implementation guides. Supports Mobile-First User Experience Design System and Showcase strategy.",other,Q2,Medium,suggested,t,,,,,2026-02-02 19:46:27.730771,2026-02-02 19:46:27.730771,,,
2aedd712-c402-40e3-bd80-a8dccce40eaf,ae20f80c-2ba7-4e97-b473-77df5232d49c,Develop Integration Audit Service Methodology and Certification Program,"Create formalized Integration Audit Service offering with standardized methodology, tools, and deliverables. Train sales and partner teams on conducting audits and presenting consolidation business cases. Core execution of Platform Consolidation Value Narrative with Integration Audit Service.",other,Q1,High,suggested,t,,,,,2026-02-02 19:46:27.772571,2026-02-02 19:46:27.772571,,,
fc0d1330-643b-423f-b633-ee28ed3d07b7,ae20f80c-2ba7-4e97-b473-77df5232d49c,Build Sales Enablement Program on Multi-Channel Communication Capabilities,"Create comprehensive sales training and enablement materials on Akumina's multi-channel employee reach capabilities (mobile app, email, SMS, push, digital signage, desktop). Include demo scripts, competitive positioning, and use case library. Supports Multi-Channel Communication Capability Messaging strategy.",other,Q3,Medium,suggested,t,,,,,2026-02-02 19:46:27.81394,2026-02-02 19:46:27.81394,,,
1626b950-7d5c-4472-b977-a8d52f021dd2,f7ed8b4c-df9e-4806-8075-ce012d1f6eea,Sponsor & Present at Gartner IT Automation Summit with Governance-First Booth Experience,Secure speaking slot on 'Governed Agentic AI Deployment' and create interactive booth demonstrating fine-grained controls dashboard. Distribute Agentic AI Maturity Assessment cards to qualify 60+ CIO/COO attendees from BFSI and Healthcare verticals. Aligns with governance-first positioning and thought leadership pillar.,events,Q2,High,suggested,t,,,,,2026-05-08 22:20:49.52407,2026-05-08 22:20:49.52407,,,
f5a782f6-b9cc-4ee9-8ebd-9e69197ec30e,f7ed8b4c-df9e-4806-8075-ce012d1f6eea,Host Executive Roundtable Series at Regional Banking & Healthcare Compliance Conferences,"Organize invitation-only dinner roundtables (15-20 COOs/CISOs) at 3 industry events (ABA Risk & Compliance, HIMSS, Financial Services Summit). Facilitate peer discussions on 'Scaling Automation While Meeting SOC 2/HIPAA Requirements' to generate 12-18 qualified opportunities from ICP accounts.",events,Q1,High,suggested,t,,,,,2026-05-08 22:20:49.575362,2026-05-08 22:20:49.575362,,,
d2d178bc-c8de-4e66-bf5e-e68e13b94c3f,f7ed8b4c-df9e-4806-8075-ce012d1f6eea,Launch Manufacturing Automation Roadshow in Partnership with UiPath/Automation Anywhere,"Co-host 4 regional workshops in manufacturing hubs targeting AP/AR and supply chain automation. Demonstrate vertical-specific accelerators with partner technology stack. Goal: 30 qualified manufacturing accounts, establishing Tier 2 expansion beachhead.",events,Q3,Medium,suggested,t,,,,,2026-05-08 22:20:49.626987,2026-05-08 22:20:49.626987,,,
0be546da-91c3-486f-acc8-42f95f046c2a,f7ed8b4c-df9e-4806-8075-ce012d1f6eea,Build ABM Digital Advertising Campaign Targeting Named Account List with Governance Content,"Launch LinkedIn/programmatic campaign targeting 200-400 ICP accounts with governance-focused creative: 'How Top Banks Deploy Agentic AI with SOC 2 Compliance.' Drive to gated Governance Framework resource. Track 15% engagement rate from target accounts, 8-10% conversion to MQL.",digital_marketing,Q1,High,suggested,t,,,,,2026-05-08 22:20:49.675402,2026-05-08 22:20:49.675402,,,
45cb522c-8403-472e-bf51-5bf4139ba661,f7ed8b4c-df9e-4806-8075-ce012d1f6eea,Create Interactive ROI Calculator Landing Page for Industry-Specific Automation Value,"Develop conversion-optimized calculator allowing prospects to model automation savings for BFSI (KYC/AML), Healthcare (claims), Manufacturing (AP/AR). Include production-scale metrics (transactions/day capacity). Target 12-15% landing page conversion rate with lead scoring integration.",digital_marketing,Q2,High,suggested,t,,,,,2026-05-08 22:20:49.722923,2026-05-08 22:20:49.722923,,,
8c52f412-af8f-436e-b75b-cdbc06984a73,f7ed8b4c-df9e-4806-8075-ce012d1f6eea,Launch Retargeting Campaign Showcasing Production Metrics Case Studies,"Deploy display/social retargeting to website visitors highlighting quantified case studies (e.g., '2.4M transactions processed monthly with 99.7% uptime'). A/B test proof-driven vs. feature-based messaging. Goal: increase case study downloads by 40% and nurture 25+ stalled opportunities.",digital_marketing,steady_state,Medium,suggested,t,,,,,2026-05-08 22:20:49.77211,2026-05-08 22:20:49.77211,,,
f1e04bae-6d62-4476-8b3b-bb0f518f7e41,f7ed8b4c-df9e-4806-8075-ce012d1f6eea,Execute COO-Focused Outbound Campaign: 'Governance Gap Assessment' Offer,"Multi-touch sequence (email + LinkedIn InMail + phone) to 150 BFSI/Healthcare COOs offering complimentary 'Automation Governance Maturity Assessment.' Personalize with regulatory framework references (HIPAA/PCI/GDPR). Target 18-22% response rate, 8-12 qualified assessments booked.",outbound_campaigns,Q1,High,suggested,t,,,,,2026-05-08 22:20:49.823161,2026-05-08 22:20:49.823161,,,
0e4750e5-56eb-48cb-8f54-113b32c30d0f,f7ed8b4c-df9e-4806-8075-ce012d1f6eea,Launch 'Agentic AI Readiness' Outreach to Enterprises with Struggling RPA Programs,Target 200 accounts with known RPA implementations (identified via intent data/technographics). Messaging: 'Move from task automation to intelligent agents—with governance you already need.' Include Agentic AI Framework white paper. Goal: 12-15 strategy workshops booked.,outbound_campaigns,Q2,High,suggested,t,,,,,2026-05-08 22:20:49.866119,2026-05-08 22:20:49.866119,,,
2a0ff1ad-9c2b-48e1-8957-dd402f92c35a,f7ed8b4c-df9e-4806-8075-ce012d1f6eea,CIO/CISO Co-Outreach Campaign on 'Secure-by-Design Automation Architecture',"Dual-persona outreach targeting CIO + CISO pairs at 100 regulated enterprises. Offer joint briefing on 'Implementing Fine-Grained Controls for AI/Automation.' Emphasize platform-enabled services model. Target 10-12 executive briefings, 40% opportunity conversion.",outbound_campaigns,Q3,Medium,suggested,t,,,,,2026-05-08 22:20:49.913554,2026-05-08 22:20:49.913554,,,
9dbd3e05-cfb7-4f67-afa7-41681d1dacc2,f7ed8b4c-df9e-4806-8075-ce012d1f6eea,Co-Develop 'Banking Automation Accelerator' Joint Solution Brief with UiPath/Blue Prism,Create co-branded vertical solution package documenting KYC/AML/disputes accelerators with 500+ prebuilt components. Include joint case study and pricing framework. Distribute through partner channels to 300+ mutual prospects. Enable partner-led pipeline generation.,partner_marketing,Q1,High,suggested,t,,,,,2026-05-08 22:20:49.961938,2026-05-08 22:20:49.961938,,,
335bea94-96a2-4764-a6ea-9c78d9f157ed,f7ed8b4c-df9e-4806-8075-ce012d1f6eea,Launch Partner Referral Incentive Program with Tiered Rewards for Regulated Verticals,"Structure referral program offering enhanced commissions (20-30%) for BFSI/Healthcare opportunities from technology partners and consultancies. Create partner portal with deal registration, co-selling playbooks, and vertical accelerator demos. Goal: 25-30% of pipeline partner-sourced.",partner_marketing,Q2,High,suggested,t,,,,,2026-05-08 22:20:50.010332,2026-05-08 22:20:50.010332,,,
25793988-9022-485f-99a1-8af81e84a8b1,f7ed8b4c-df9e-4806-8075-ce012d1f6eea,Host Quarterly Partner Enablement Webinars on Ashling's Governance Framework & Vertical Solutions,"Train partner sales/technical teams on positioning governance-first approach, demonstrating compliance templates and industry accelerators. Certify 40-50 partner resources annually. Track partner-influenced deal velocity improvement (target: 15-20% faster cycles).",partner_marketing,steady_state,Medium,suggested,t,,,,,2026-05-08 22:20:50.060754,2026-05-08 22:20:50.060754,,,
0bdce765-1ab7-4686-9340-8e292a4a64ed,f7ed8b4c-df9e-4806-8075-ce012d1f6eea,Host 'Agentic AI with Guardrails' Educational Webinar Series for Economic Buyers,"Quarterly webinar program educating COOs/CIOs on implementing agentic AI within governance frameworks. Feature customer speaker + Ashling framework walkthrough + Q&A. Gate with qualification questions. Target 150-200 registrants, 60-65% attendance, 20-25 SQOs per session.",webinars,steady_state,High,suggested,t,,,,,2026-05-08 22:20:50.109656,2026-05-08 22:20:50.109656,,,
140d45aa-8743-457f-86e5-926ebbcbf4e0,f7ed8b4c-df9e-4806-8075-ce012d1f6eea,Run 'Healthcare Claims Automation Deep-Dive' Vertical Webinar with Live Demo,"Technical webinar demonstrating Healthcare Automation Accelerator for prior auth, claims processing, eligibility verification. Show HIPAA-compliant architecture and production metrics. Co-present with healthcare customer. Target 100+ payer/provider ops leaders, 15-18 demos booked.",webinars,Q2,High,suggested,t,,,,,2026-05-08 22:20:50.158024,2026-05-08 22:20:50.158024,,,
86610236-8423-4c33-8ded-2861823b59f4,f7ed8b4c-df9e-4806-8075-ce012d1f6eea,Conduct 'Build vs. Buy vs. Enable' Decision Framework Webinar for Automation Leaders,Address market confusion around services vs. platform vs. platform-enabled models. Present Ashling's knowledge-transfer approach and capability-building methodology. Position against pure outsourcers and platform vendors. Target automation program leaders at 120+ enterprises.,webinars,Q3,Medium,suggested,t,,,,,2026-05-08 22:20:50.209363,2026-05-08 22:20:50.209363,,,
237a5103-6207-4e38-bb5b-0ad20bc58287,f7ed8b4c-df9e-4806-8075-ce012d1f6eea,Produce 'Customer Production Metrics' Video Series Showcasing Quantified Outcomes,"Create 6-8 short-form (90-120 sec) videos featuring customers discussing specific production achievements: transaction volumes, uptime percentages, FTE impact, compliance audit results. Optimize for LinkedIn/YouTube. Use in ABM nurture sequences and sales enablement. Target 25K+ views.",video,Q1,High,suggested,t,,,,,2026-05-08 22:20:50.256574,2026-05-08 22:20:50.256574,,,
9788caae-6c29-4022-9dcf-20a0b5bd8ae5,f7ed8b4c-df9e-4806-8075-ce012d1f6eea,Develop 'Governance Framework Explainer' Animated Video for Website & Digital Campaigns,"3-minute animated overview of Ashling's governance-first approach, showing fine-grained controls, compliance templates, and audit capabilities. Address CISO/risk concerns visually. Feature prominently on homepage and solution pages. Track conversion lift (target: 18-22% increase).",video,Q2,High,suggested,t,,,,,2026-05-08 22:20:50.306121,2026-05-08 22:20:50.306121,,,
dfde7069-9954-4075-930e-bf6b204ca013,f7ed8b4c-df9e-4806-8075-ce012d1f6eea,Create 'Industry Accelerator Demo' Video Library for Sales Enablement,"Produce 5-minute demos of Banking, Healthcare, and Manufacturing accelerators showing pre-configured workflows and compliance features. Enable sales team to send personalized video messages via Vidyard. Track video engagement scoring for opportunity prioritization. Target 70%+ view-through rate.",video,Q3,Medium,suggested,t,,,,,2026-05-08 22:20:50.356754,2026-05-08 22:20:50.356754,,,
53bf1778-c567-4842-8811-1f3da27a5b85,f7ed8b4c-df9e-4806-8075-ce012d1f6eea,Launch 'Agentic AI Maturity Model' Product Marketing Campaign with Assessment Tool,"Package proprietary maturity model as downloadable framework with self-assessment tool. Create multi-asset campaign: white paper, interactive assessment, benchmark data, implementation guides. Position as category-defining IP. Drive 400+ downloads, 80-100 qualified assessments requested.",product_marketing,Q1,High,suggested,t,,,,,2026-05-08 22:20:50.406527,2026-05-08 22:20:50.406527,,,
268cc164-a140-42fd-9f6e-6dd12741ab97,f7ed8b4c-df9e-4806-8075-ce012d1f6eea,Develop 'Platform-Enabled Services' Competitive Positioning Battlecards,"Create sales battlecards differentiating Ashling's model from pure-play consultancies (Deloitte, Accenture) and platform vendors (UiPath/AA direct). Emphasize capability-building + production outcomes hybrid. Include trap-setting questions and proof points. Train sales team in Q2 SKO.",product_marketing,Q1,High,suggested,t,,,,,2026-05-08 22:20:50.455206,2026-05-08 22:20:50.455206,,,
1db3314a-72ec-490f-8153-95801e4bb3a3,f7ed8b4c-df9e-4806-8075-ce012d1f6eea,Package 'Healthcare Automation Accelerator' as Standalone Productized Offering,"Formalize Healthcare accelerator with fixed-scope pricing, implementation timeline (8-12 weeks), pre-configured HIPAA compliance templates, and success metrics. Create dedicated landing page, sales one-pager, and ROI calculator. Target 8-12 accelerator sales in first year.",product_marketing,Q2,Medium,suggested,t,,,,,2026-05-08 22:20:50.504916,2026-05-08 22:20:50.504916,,,
442d1360-6f31-4315-9148-39efbd870471,f7ed8b4c-df9e-4806-8075-ce012d1f6eea,Launch 'The Governed Automation Podcast' Featuring Enterprise Transformation Leaders,"Monthly podcast interviewing COOs/CIOs from regulated industries on balancing innovation with compliance. Discuss automation governance challenges, agentic AI adoption, change management. Promote Ashling's frameworks naturally. Target 500+ listeners per episode, 25-30 enterprise leads quarterly.",podcasts,Q2,Medium,suggested,t,,,,,2026-05-08 22:20:50.556262,2026-05-08 22:20:50.556262,,,
9f95273f-1936-41d2-80f4-96e32a69c12d,f7ed8b4c-df9e-4806-8075-ce012d1f6eea,Guest Appearance Strategy: Place Executives on Top 15 B2B Automation & AI Podcasts,"Secure guest spots for Ashling executives on established podcasts (e.g., AI in Business, Automation Anywhere's pod, CIO Talk Network). Prepare 3-4 core topics: governance frameworks, agentic AI, capability building. Target 12-15 appearances annually, tracking website traffic and inbound leads from each.",podcasts,steady_state,Medium,suggested,t,,,,,2026-05-08 22:20:50.603795,2026-05-08 22:20:50.603795,,,
74175ce3-89d7-47a2-a937-a03a092441e0,f7ed8b4c-df9e-4806-8075-ce012d1f6eea,Create 'Agentic AI Implementation Stories' Podcast Miniseries with Customer Deep-Dives,"6-episode limited series featuring 3 customers discussing end-to-end agentic AI implementations: discovery, architecture decisions, governance setup, production results, lessons learned. Repurpose into written case studies and video clips. Gate behind lead form, target 200+ qualified downloads.",podcasts,Q4,Low,suggested,t,,,,,2026-05-08 22:20:50.652981,2026-05-08 22:20:50.652981,,,
5eeb13a7-edf5-4188-8b7f-3426dd7d70c8,bb7df60e-3de5-4bb5-ace6-eb34d74f485e,AI governance before scale: the 3 questions every PE operating leader should answer now,"Editorial calendar ""Editorial Calendar — 2026-06-09"" · whitepaper · channel: linkedin · publish 2026-06-11",Digital,Q2,Medium,suggested,t,,,2026-06-11 16:00:00,,2026-06-09 13:47:32.671782,2026-06-09 13:47:32.671782,,,
e302de5d-c7af-4f4d-a52e-28cf22634ac5,bb7df60e-3de5-4bb5-ace6-eb34d74f485e,Why your company operating system should run slower than your AI strategy,"Editorial calendar ""Editorial Calendar — 2026-06-09"" · blog_post · channel: blog · publish 2026-06-16",Digital,Q2,Medium,suggested,t,,,2026-06-16 15:00:00,,2026-06-09 13:47:32.671782,2026-06-09 13:47:32.671782,,,
c8edbf55-3429-4e3a-bf6e-671540f207d4,bb7df60e-3de5-4bb5-ace6-eb34d74f485e,From AI hype to a 6-week roadmap: a practical GTM Strategy for midmarket retail CIOs,"Editorial calendar ""Editorial Calendar — 2026-06-09"" · newsletter · channel: linkedin · publish 2026-06-22",Digital,Q2,Medium,suggested,t,,,2026-06-22 16:00:00,,2026-06-09 13:47:32.671782,2026-06-09 13:47:32.671782,,,
d571f691-8e63-46b9-ae8b-e5aebed6f3ab,bb7df60e-3de5-4bb5-ace6-eb34d74f485e,Strategy-to-execution accountability: what enterprise buyers should demand from transformation advisors,"Editorial calendar ""Editorial Calendar — 2026-06-09"" · landing_page · channel: blog · publish 2026-06-24",Digital,Q2,Medium,suggested,t,,,2026-06-24 15:00:00,,2026-06-09 13:47:32.671782,2026-06-09 13:47:32.671782,,,
0654bb77-4611-4098-84d7-6032676b328e,bb7df60e-3de5-4bb5-ace6-eb34d74f485e,How Microsoft-aligned ISVs can build a partner growth strategy without getting locked into a single ecosystem story,"Editorial calendar ""Editorial Calendar — 2026-06-09"" · blog_post · channel: blog · publish 2026-06-29",Digital,Q2,Medium,suggested,t,,,2026-06-29 15:00:00,,2026-06-09 13:47:32.671782,2026-06-09 13:47:32.671782,,,
f34ae23f-2d70-4de1-b077-741084c43018,bb7df60e-3de5-4bb5-ace6-eb34d74f485e,AI governance before scale: the 3 questions every leadership team should answer first,"Editorial calendar ""Editorial Calendar — 2026-06-09"" · blog_post · channel: blog · publish 2026-06-10",Digital,Q2,Medium,suggested,t,,,2026-06-10 15:00:00,,2026-06-09 13:52:41.957955,2026-06-09 13:52:41.957955,,,
a43fe138-5622-4a15-9331-86c4b46833c6,bb7df60e-3de5-4bb5-ace6-eb34d74f485e,Post-merger integration needs more than a playbook: build one execution system across business units,"Editorial calendar ""Editorial Calendar — 2026-06-09"" · blog_post · channel: blog · publish 2026-06-17",Digital,Q2,Medium,suggested,t,,,2026-06-17 15:00:00,,2026-06-09 13:52:41.957955,2026-06-09 13:52:41.957955,,,
ff77595a-759c-48a2-9913-3d161ae21377,bb7df60e-3de5-4bb5-ace6-eb34d74f485e,AI due diligence for private equity: what to assess before you underwrite the upside,"Editorial calendar ""Editorial Calendar — 2026-06-09"" · whitepaper · channel: email · publish 2026-06-19",Digital,Q2,Medium,suggested,t,,,2026-06-19 17:00:00,,2026-06-09 13:52:41.957955,2026-06-09 13:52:41.957955,,,
4be083ef-f9c2-4cac-8b27-90f1487d8000,bb7df60e-3de5-4bb5-ace6-eb34d74f485e,How to implement a company operating system without creating more bureaucracy,"Editorial calendar ""Editorial Calendar — 2026-06-09"" · newsletter · channel: linkedin · publish 2026-06-22",Digital,Q2,Medium,suggested,t,,,2026-06-22 16:00:00,,2026-06-09 13:52:41.957955,2026-06-09 13:52:41.957955,,,
14f7956f-5614-47a4-8830-cca69086e37b,bb7df60e-3de5-4bb5-ace6-eb34d74f485e,The implementation accountability gap: why strategy fails after the deck,"Editorial calendar ""Editorial Calendar — 2026-06-09"" · landing_page · channel: blog · publish 2026-06-22",Digital,Q2,Medium,suggested,t,,,2026-06-22 15:00:00,,2026-06-09 13:52:41.957955,2026-06-09 13:52:41.957955,,,
1086045c-271c-441e-9866-19713e15a01a,bb7df60e-3de5-4bb5-ace6-eb34d74f485e,AI strategy for tribal enterprises: how to move forward without compromising sovereignty,"Editorial calendar ""Editorial Calendar — 2026-06-09"" · blog_post · channel: blog · publish 2026-06-23",Digital,Q2,Medium,suggested,t,,,2026-06-23 15:00:00,,2026-06-09 13:52:41.957955,2026-06-09 13:52:41.957955,,,
d2712ca3-a582-44d0-9980-d590c8868db8,bb7df60e-3de5-4bb5-ace6-eb34d74f485e,From co-sell confusion to partner momentum: a strategic roadmap for midmarket Microsoft SIs,"Editorial calendar ""Editorial Calendar — 2026-06-09"" · blog_post · channel: blog · publish 2026-06-24",Digital,Q2,Medium,suggested,t,,,2026-06-24 15:00:00,,2026-06-09 13:52:41.957955,2026-06-09 13:52:41.957955,,,
71e6190b-1789-4da1-8ad9-820d89b85f27,bb7df60e-3de5-4bb5-ace6-eb34d74f485e,What measurable transformation looks like when you do not have flashy proof points yet,"Editorial calendar ""Editorial Calendar — 2026-06-09"" · newsletter · channel: email · publish 2026-06-26",Digital,Q2,Medium,suggested,t,,,2026-06-26 17:00:00,,2026-06-09 13:52:41.957955,2026-06-09 13:52:41.957955,,,
11f7d888-302e-4e9b-822a-c4311caf1400,bb7df60e-3de5-4bb5-ace6-eb34d74f485e,Case study framework: how one focused AI use case earns executive confidence in 6 weeks,"Editorial calendar ""Editorial Calendar — 2026-06-09"" · case_study · channel: linkedin · publish 2026-06-29",Digital,Q2,Medium,suggested,t,,,2026-06-29 16:00:00,,2026-06-09 13:52:41.957955,2026-06-09 13:52:41.957955,,,
ac38c031-6876-41a4-a30f-2ff421830efc,bb7df60e-3de5-4bb5-ace6-eb34d74f485e,Why large consultancies miss the human side of transformation and what that costs you,"Editorial calendar ""Editorial Calendar — 2026-06-09"" · linkedin_post · channel: linkedin · publish 2026-06-29",Digital,Q2,Medium,suggested,t,,,2026-06-29 16:00:00,,2026-06-09 13:52:41.957955,2026-06-09 13:52:41.957955,,,
fba355ff-f214-4257-8391-ddad2ef924f0,bb7df60e-3de5-4bb5-ace6-eb34d74f485e,Free strategy day for CEOs and boards: what gets decided in one day and what happens next,"Editorial calendar ""Editorial Calendar — 2026-06-09"" · landing_page · channel: linkedin · publish 2026-06-30",Digital,Q2,Medium,suggested,t,,,2026-06-30 16:00:00,,2026-06-09 13:52:41.957955,2026-06-09 13:52:41.957955,,,
8479c777-aaa3-47e5-8665-b54ef93027d0,bb7df60e-3de5-4bb5-ace6-eb34d74f485e,AI governance before scale: the 3 questions every leadership team should answer first,"Editorial calendar ""Editorial Calendar — 2026-06-09"" · blog_post · channel: blog · publish 2026-06-10",Digital,Q2,Medium,suggested,t,,,2026-06-10 15:00:00,,2026-06-09 13:52:49.529343,2026-06-09 13:52:49.529343,,,
0c16d7f1-47d4-4a0e-b491-1b71b4f76592,bb7df60e-3de5-4bb5-ace6-eb34d74f485e,Why a company operating system should run at peacetime speed while AI runs at wartime speed,"Editorial calendar ""Editorial Calendar — 2026-06-09"" · linkedin_post · channel: linkedin · publish 2026-06-11",Digital,Q2,Medium,suggested,t,,,2026-06-11 16:00:00,,2026-06-09 13:52:49.529343,2026-06-09 13:52:49.529343,,,
2ff64ae9-0640-481b-b6db-6b0bb9e51a71,bb7df60e-3de5-4bb5-ace6-eb34d74f485e,Kill 9 of your 12 AI pilots: how to choose the one that actually moves a number,"Editorial calendar ""Editorial Calendar — 2026-06-09"" · video_script · channel: linkedin · publish 2026-06-15",Digital,Q2,Medium,suggested,t,,,2026-06-15 16:00:00,,2026-06-09 13:52:49.529343,2026-06-09 13:52:49.529343,,,
0ee79f6b-3565-4e03-a9c6-ce92704edfa6,bb7df60e-3de5-4bb5-ace6-eb34d74f485e,What ChatGPT cannot do for your transformation strategy,"Editorial calendar ""Editorial Calendar — 2026-06-09"" · whitepaper · channel: email · publish 2026-06-15",Digital,Q2,Medium,suggested,t,,,2026-06-15 17:00:00,,2026-06-09 13:52:49.529343,2026-06-09 13:52:49.529343,,,
30e4436c-9f8e-43f3-87bb-b9ed405fbdac,bb7df60e-3de5-4bb5-ace6-eb34d74f485e,Microsoft partner GTM strategy: how ISV founders earn internal attention without wasting cycles,"Editorial calendar ""Editorial Calendar — 2026-06-09"" · blog_post · channel: blog · publish 2026-06-16",Digital,Q2,Medium,suggested,t,,,2026-06-16 15:00:00,,2026-06-09 13:52:49.529343,2026-06-09 13:52:49.529343,,,
da98e039-97bd-4f3a-9b4d-b247e2a69179,bb7df60e-3de5-4bb5-ace6-eb34d74f485e,Post-merger integration needs more than a playbook: build one execution system across business units,"Editorial calendar ""Editorial Calendar — 2026-06-09"" · blog_post · channel: blog · publish 2026-06-17",Digital,Q2,Medium,suggested,t,,,2026-06-17 15:00:00,,2026-06-09 13:52:49.529343,2026-06-09 13:52:49.529343,,,
efb20f92-f9b6-4320-88bd-0e1b230c4170,bb7df60e-3de5-4bb5-ace6-eb34d74f485e,AI due diligence for private equity: what to assess before you underwrite the upside,"Editorial calendar ""Editorial Calendar — 2026-06-09"" · whitepaper · channel: email · publish 2026-06-19",Digital,Q2,Medium,suggested,t,,,2026-06-19 17:00:00,,2026-06-09 13:52:49.529343,2026-06-09 13:52:49.529343,,,
e4650bb8-8c77-4d8f-8ed6-a1fd1ab8948d,bb7df60e-3de5-4bb5-ace6-eb34d74f485e,How to implement a company operating system without creating more bureaucracy,"Editorial calendar ""Editorial Calendar — 2026-06-09"" · newsletter · channel: linkedin · publish 2026-06-22",Digital,Q2,Medium,suggested,t,,,2026-06-22 16:00:00,,2026-06-09 13:52:49.529343,2026-06-09 13:52:49.529343,,,
f8092983-fe6d-4c8f-a4e5-62ad2ec0415e,bb7df60e-3de5-4bb5-ace6-eb34d74f485e,The implementation accountability gap: why strategy fails after the deck,"Editorial calendar ""Editorial Calendar — 2026-06-09"" · landing_page · channel: blog · publish 2026-06-22",Digital,Q2,Medium,suggested,t,,,2026-06-22 15:00:00,,2026-06-09 13:52:49.529343,2026-06-09 13:52:49.529343,,,
51ed8df2-b75a-4fc5-bdd5-1617ba102f6f,bb7df60e-3de5-4bb5-ace6-eb34d74f485e,AI strategy for tribal enterprises: how to move forward without compromising sovereignty,"Editorial calendar ""Editorial Calendar — 2026-06-09"" · blog_post · channel: blog · publish 2026-06-23",Digital,Q2,Medium,suggested,t,,,2026-06-23 15:00:00,,2026-06-09 13:52:49.529343,2026-06-09 13:52:49.529343,,,
2c06d243-eed4-495e-9b84-8c8d7ccc349b,bb7df60e-3de5-4bb5-ace6-eb34d74f485e,From co-sell confusion to partner momentum: a strategic roadmap for midmarket Microsoft SIs,"Editorial calendar ""Editorial Calendar — 2026-06-09"" · blog_post · channel: blog · publish 2026-06-24",Digital,Q2,Medium,suggested,t,,,2026-06-24 15:00:00,,2026-06-09 13:52:49.529343,2026-06-09 13:52:49.529343,,,
bdf632b2-da8e-4039-8884-95f3c53eed6d,bb7df60e-3de5-4bb5-ace6-eb34d74f485e,What measurable transformation looks like when you do not have flashy proof points yet,"Editorial calendar ""Editorial Calendar — 2026-06-09"" · newsletter · channel: email · publish 2026-06-26",Digital,Q2,Medium,suggested,t,,,2026-06-26 17:00:00,,2026-06-09 13:52:49.529343,2026-06-09 13:52:49.529343,,,
45f66a4c-8967-4681-a3d8-aba96c96b30c,bb7df60e-3de5-4bb5-ace6-eb34d74f485e,Case study framework: how one focused AI use case earns executive confidence in 6 weeks,"Editorial calendar ""Editorial Calendar — 2026-06-09"" · case_study · channel: linkedin · publish 2026-06-29",Digital,Q2,Medium,suggested,t,,,2026-06-29 16:00:00,,2026-06-09 13:52:49.529343,2026-06-09 13:52:49.529343,,,
015e46a7-3d02-45b9-b23e-0a43ad5df4cc,bb7df60e-3de5-4bb5-ace6-eb34d74f485e,Why large consultancies miss the human side of transformation and what that costs you,"Editorial calendar ""Editorial Calendar — 2026-06-09"" · linkedin_post · channel: linkedin · publish 2026-06-29",Digital,Q2,Medium,suggested,t,,,2026-06-29 16:00:00,,2026-06-09 13:52:49.529343,2026-06-09 13:52:49.529343,,,
60ccbea4-feef-4316-8591-372b9e15dad4,bb7df60e-3de5-4bb5-ace6-eb34d74f485e,Free strategy day for CEOs and boards: what gets decided in one day and what happens next,"Editorial calendar ""Editorial Calendar — 2026-06-09"" · landing_page · channel: linkedin · publish 2026-06-30",Digital,Q2,Medium,suggested,t,,,2026-06-30 16:00:00,,2026-06-09 13:52:49.529343,2026-06-09 13:52:49.529343,,,
d4e274ef-195e-4cc6-a87a-34b579565b26,bb7df60e-3de5-4bb5-ace6-eb34d74f485e,AI governance before scale: the 3 questions every leadership team should answer first,"Editorial calendar ""Editorial Calendar — 2026-06-09"" · blog_post · channel: blog · publish 2026-06-10",Digital,Q2,Medium,suggested,t,,,2026-06-10 15:00:00,,2026-06-09 14:19:34.107393,2026-06-09 14:19:34.107393,,,
01c80b14-d7d1-401b-9336-3fdd0f0217e0,bb7df60e-3de5-4bb5-ace6-eb34d74f485e,Why a company operating system should run at peacetime speed while AI runs at wartime speed,"Editorial calendar ""Editorial Calendar — 2026-06-09"" · linkedin_post · channel: linkedin · publish 2026-06-12",Digital,Q2,Medium,suggested,t,,,2026-06-12 16:00:00,,2026-06-09 14:19:34.107393,2026-06-09 14:19:34.107393,,,
b96e591c-771e-4402-b9ac-fc998ff4b462,bb7df60e-3de5-4bb5-ace6-eb34d74f485e,Kill 9 of your 12 AI pilots: how to choose the one that actually moves a number,"Editorial calendar ""Editorial Calendar — 2026-06-09"" · video_script · channel: linkedin · publish 2026-06-15",Digital,Q2,Medium,suggested,t,,,2026-06-15 16:00:00,,2026-06-09 14:19:34.107393,2026-06-09 14:19:34.107393,,,
2004e066-d044-4ac3-966d-a417c2e11d40,bb7df60e-3de5-4bb5-ace6-eb34d74f485e,What ChatGPT cannot do for your transformation strategy,"Editorial calendar ""Editorial Calendar — 2026-06-09"" · whitepaper · channel: email · publish 2026-06-16",Digital,Q2,Medium,suggested,t,,,2026-06-16 17:00:00,,2026-06-09 14:19:34.107393,2026-06-09 14:19:34.107393,,,
7f5ab46a-0f87-408a-8226-7d9d54676d9e,bb7df60e-3de5-4bb5-ace6-eb34d74f485e,Microsoft partner GTM strategy: how ISV founders earn internal attention without wasting cycles,"Editorial calendar ""Editorial Calendar — 2026-06-09"" · blog_post · channel: blog · publish 2026-06-18",Digital,Q2,Medium,suggested,t,,,2026-06-18 15:00:00,,2026-06-09 14:19:34.107393,2026-06-09 14:19:34.107393,,,
91039974-b446-4715-8f01-8b272cfca309,bb7df60e-3de5-4bb5-ace6-eb34d74f485e,Post-merger integration needs more than a playbook: build one execution system across business units,"Editorial calendar ""Editorial Calendar — 2026-06-09"" · blog_post · channel: blog · publish 2026-06-22",Digital,Q2,Medium,suggested,t,,,2026-06-22 15:00:00,,2026-06-09 14:19:34.107393,2026-06-09 14:19:34.107393,,,
d3129f9b-9b0d-46e8-9111-bcec8c1b3787,bb7df60e-3de5-4bb5-ace6-eb34d74f485e,AI due diligence for private equity: what to assess before you underwrite the upside,"Editorial calendar ""Editorial Calendar — 2026-06-09"" · whitepaper · channel: email · publish 2026-06-22",Digital,Q2,Medium,suggested,t,,,2026-06-22 17:00:00,,2026-06-09 14:19:34.107393,2026-06-09 14:19:34.107393,,,
88974bc4-a2eb-4f16-a9af-db839f977bac,bb7df60e-3de5-4bb5-ace6-eb34d74f485e,How to implement a company operating system without creating more bureaucracy,"Editorial calendar ""Editorial Calendar — 2026-06-09"" · newsletter · channel: linkedin · publish 2026-06-24",Digital,Q2,Medium,suggested,t,,,2026-06-24 16:00:00,,2026-06-09 14:19:34.107393,2026-06-09 14:19:34.107393,,,
f9598690-515e-4e7a-917e-6a38e38aa0c5,bb7df60e-3de5-4bb5-ace6-eb34d74f485e,The implementation accountability gap: why strategy fails after the deck,"Editorial calendar ""Editorial Calendar — 2026-06-09"" · landing_page · channel: blog · publish 2026-06-26",Digital,Q2,Medium,suggested,t,,,2026-06-26 15:00:00,,2026-06-09 14:19:34.107393,2026-06-09 14:19:34.107393,,,
b79a2ad9-33c9-4ce6-af01-b39eb687f0e1,bb7df60e-3de5-4bb5-ace6-eb34d74f485e,AI strategy for tribal enterprises: how to move forward without compromising sovereignty,"Editorial calendar ""Editorial Calendar — 2026-06-09"" · blog_post · channel: blog · publish 2026-06-29",Digital,Q2,Medium,suggested,t,,,2026-06-29 15:00:00,,2026-06-09 14:19:34.107393,2026-06-09 14:19:34.107393,,,
65805af7-65b7-4beb-88f6-030314b0babb,bb7df60e-3de5-4bb5-ace6-eb34d74f485e,From co-sell confusion to partner momentum: a strategic roadmap for midmarket Microsoft SIs,"Editorial calendar ""Editorial Calendar — 2026-06-09"" · blog_post · channel: blog · publish 2026-06-30",Digital,Q2,Medium,suggested,t,,,2026-06-30 15:00:00,,2026-06-09 14:19:34.107393,2026-06-09 14:19:34.107393,,,
c0840877-199e-46e1-9d85-4d3f6d1c7b98,bb7df60e-3de5-4bb5-ace6-eb34d74f485e,What measurable transformation looks like when you do not have flashy proof points yet,"Editorial calendar ""Editorial Calendar — 2026-06-09"" · newsletter · channel: email · publish 2026-07-02",Digital,Q3,Medium,suggested,t,,,2026-07-02 17:00:00,,2026-06-09 14:19:34.107393,2026-06-09 14:19:34.107393,,,
0c0f4869-7bc5-4c48-a109-6c2d1923930a,bb7df60e-3de5-4bb5-ace6-eb34d74f485e,Case study framework: how one focused AI use case earns executive confidence in 6 weeks,"Editorial calendar ""Editorial Calendar — 2026-06-09"" · case_study · channel: linkedin · publish 2026-07-06",Digital,Q3,Medium,suggested,t,,,2026-07-06 16:00:00,,2026-06-09 14:19:34.107393,2026-06-09 14:19:34.107393,,,
ec0a8273-1480-4c95-8f51-aaacc1fa6c39,bb7df60e-3de5-4bb5-ace6-eb34d74f485e,Why large consultancies miss the human side of transformation and what that costs you,"Editorial calendar ""Editorial Calendar — 2026-06-09"" · linkedin_post · channel: linkedin · publish 2026-07-06",Digital,Q3,Medium,suggested,t,,,2026-07-06 16:00:00,,2026-06-09 14:19:34.107393,2026-06-09 14:19:34.107393,,,
65e0360b-d138-49b0-81c5-9cce0a1e8e59,bb7df60e-3de5-4bb5-ace6-eb34d74f485e,Free strategy day for CEOs and boards: what gets decided in one day and what happens next,"Editorial calendar ""Editorial Calendar — 2026-06-09"" · landing_page · channel: linkedin · publish 2026-07-08",Digital,Q3,Medium,suggested,t,,,2026-07-08 16:00:00,,2026-06-09 14:19:34.107393,2026-06-09 14:19:34.107393,,,
e2c9e62e-573d-4873-b855-12bdf79f4e33,bb7df60e-3de5-4bb5-ace6-eb34d74f485e,AI governance before scale: the 3 questions every leadership team should answer first,"Editorial calendar ""Editorial Calendar — 2026-06-09"" · blog_post · channel: blog · publish 2026-06-10",Digital,Q2,Medium,suggested,t,,,2026-06-10 15:00:00,,2026-06-09 14:19:46.466419,2026-06-09 14:19:46.466419,,,
d2866ead-f958-476b-9613-095f08fa773a,bb7df60e-3de5-4bb5-ace6-eb34d74f485e,Why a company operating system should run at peacetime speed while AI runs at wartime speed,"Editorial calendar ""Editorial Calendar — 2026-06-09"" · linkedin_post · channel: linkedin · publish 2026-06-12",Digital,Q2,Medium,suggested,t,,,2026-06-12 16:00:00,,2026-06-09 14:19:46.466419,2026-06-09 14:19:46.466419,,,
a6e78c18-a966-4868-af18-5816875aff5e,bb7df60e-3de5-4bb5-ace6-eb34d74f485e,Kill 9 of your 12 AI pilots: how to choose the one that actually moves a number,"Editorial calendar ""Editorial Calendar — 2026-06-09"" · video_script · channel: linkedin · publish 2026-06-15",Digital,Q2,Medium,suggested,t,,,2026-06-15 16:00:00,,2026-06-09 14:19:46.466419,2026-06-09 14:19:46.466419,,,
bf947e41-b37f-4554-a7c8-03452b407e1d,bb7df60e-3de5-4bb5-ace6-eb34d74f485e,What ChatGPT cannot do for your transformation strategy,"Editorial calendar ""Editorial Calendar — 2026-06-09"" · whitepaper · channel: email · publish 2026-06-16",Digital,Q2,Medium,suggested,t,,,2026-06-16 17:00:00,,2026-06-09 14:19:46.466419,2026-06-09 14:19:46.466419,,,
2d32d400-866a-4290-ade4-cadbf593ced5,bb7df60e-3de5-4bb5-ace6-eb34d74f485e,Microsoft partner GTM strategy: how ISV founders earn internal attention without wasting cycles,"Editorial calendar ""Editorial Calendar — 2026-06-09"" · blog_post · channel: blog · publish 2026-06-18",Digital,Q2,Medium,suggested,t,,,2026-06-18 15:00:00,,2026-06-09 14:19:46.466419,2026-06-09 14:19:46.466419,,,
e7cda18f-5bec-47ed-bed8-65327806f850,bb7df60e-3de5-4bb5-ace6-eb34d74f485e,Post-merger integration needs more than a playbook: build one execution system across business units,"Editorial calendar ""Editorial Calendar — 2026-06-09"" · blog_post · channel: blog · publish 2026-06-22",Digital,Q2,Medium,suggested,t,,,2026-06-22 15:00:00,,2026-06-09 14:19:46.466419,2026-06-09 14:19:46.466419,,,
e65646bd-75bd-4706-81ae-df611de04eba,bb7df60e-3de5-4bb5-ace6-eb34d74f485e,AI due diligence for private equity: what to assess before you underwrite the upside,"Editorial calendar ""Editorial Calendar — 2026-06-09"" · whitepaper · channel: email · publish 2026-06-22",Digital,Q2,Medium,suggested,t,,,2026-06-22 17:00:00,,2026-06-09 14:19:46.466419,2026-06-09 14:19:46.466419,,,
488be63f-533c-41ae-98e0-475b1a9453d9,bb7df60e-3de5-4bb5-ace6-eb34d74f485e,How to implement a company operating system without creating more bureaucracy,"Editorial calendar ""Editorial Calendar — 2026-06-09"" · newsletter · channel: linkedin · publish 2026-06-24",Digital,Q2,Medium,suggested,t,,,2026-06-24 16:00:00,,2026-06-09 14:19:46.466419,2026-06-09 14:19:46.466419,,,
0a86dc54-273a-4d23-87fe-7d7b5be80a1e,bb7df60e-3de5-4bb5-ace6-eb34d74f485e,The implementation accountability gap: why strategy fails after the deck,"Editorial calendar ""Editorial Calendar — 2026-06-09"" · landing_page · channel: blog · publish 2026-06-26",Digital,Q2,Medium,suggested,t,,,2026-06-26 15:00:00,,2026-06-09 14:19:46.466419,2026-06-09 14:19:46.466419,,,
a5776fba-13a2-46b2-ad49-05f7ad61106f,bb7df60e-3de5-4bb5-ace6-eb34d74f485e,AI strategy for tribal enterprises: how to move forward without compromising sovereignty,"Editorial calendar ""Editorial Calendar — 2026-06-09"" · blog_post · channel: blog · publish 2026-06-29",Digital,Q2,Medium,suggested,t,,,2026-06-29 15:00:00,,2026-06-09 14:19:46.466419,2026-06-09 14:19:46.466419,,,
a5da2a23-0577-4760-bd84-20b6fd6626c2,bb7df60e-3de5-4bb5-ace6-eb34d74f485e,From co-sell confusion to partner momentum: a strategic roadmap for midmarket Microsoft SIs,"Editorial calendar ""Editorial Calendar — 2026-06-09"" · blog_post · channel: blog · publish 2026-06-30",Digital,Q2,Medium,suggested,t,,,2026-06-30 15:00:00,,2026-06-09 14:19:46.466419,2026-06-09 14:19:46.466419,,,
f0c74bdd-05cf-4452-a3fc-ca08b1814a76,bb7df60e-3de5-4bb5-ace6-eb34d74f485e,What measurable transformation looks like when you do not have flashy proof points yet,"Editorial calendar ""Editorial Calendar — 2026-06-09"" · newsletter · channel: email · publish 2026-07-02",Digital,Q3,Medium,suggested,t,,,2026-07-02 17:00:00,,2026-06-09 14:19:46.466419,2026-06-09 14:19:46.466419,,,
286734d8-073b-48ae-91ea-d21afe8db0d7,bb7df60e-3de5-4bb5-ace6-eb34d74f485e,Case study framework: how one focused AI use case earns executive confidence in 6 weeks,"Editorial calendar ""Editorial Calendar — 2026-06-09"" · case_study · channel: linkedin · publish 2026-07-06",Digital,Q3,Medium,suggested,t,,,2026-07-06 16:00:00,,2026-06-09 14:19:46.466419,2026-06-09 14:19:46.466419,,,
1da87e80-7d77-45e7-a067-f693fbbe113b,bb7df60e-3de5-4bb5-ace6-eb34d74f485e,Why large consultancies miss the human side of transformation and what that costs you,"Editorial calendar ""Editorial Calendar — 2026-06-09"" · linkedin_post · channel: linkedin · publish 2026-07-06",Digital,Q3,Medium,suggested,t,,,2026-07-06 16:00:00,,2026-06-09 14:19:46.466419,2026-06-09 14:19:46.466419,,,
adc47c93-4d56-42d4-b6e7-bbaddbe451b9,bb7df60e-3de5-4bb5-ace6-eb34d74f485e,Free strategy day for CEOs and boards: what gets decided in one day and what happens next,"Editorial calendar ""Editorial Calendar — 2026-06-09"" · landing_page · channel: linkedin · publish 2026-07-08",Digital,Q3,Medium,suggested,t,,,2026-07-08 16:00:00,,2026-06-09 14:19:46.466419,2026-06-09 14:19:46.466419,,,
83396abb-b3a3-4e11-bfcb-e6a1d818eb64,bb7df60e-3de5-4bb5-ace6-eb34d74f485e,AI governance before scale: the 3 questions every leadership team should answer first,"Editorial calendar ""Editorial Calendar — 2026-06-09"" · blog_post · channel: blog · publish 2026-06-10",Digital,Q2,Medium,suggested,t,,,2026-06-10 15:00:00,,2026-06-09 16:44:21.771385,2026-06-09 16:44:21.771385,,,
d91aa535-74b0-421d-89c8-f1abbdbd31d5,bb7df60e-3de5-4bb5-ace6-eb34d74f485e,Why a company operating system should run at peacetime speed while AI runs at wartime speed,"Editorial calendar ""Editorial Calendar — 2026-06-09"" · linkedin_post · channel: linkedin · publish 2026-06-12",Digital,Q2,Medium,suggested,t,,,2026-06-12 16:00:00,,2026-06-09 16:44:21.771385,2026-06-09 16:44:21.771385,,,
a299e305-e646-4801-9b05-740992ef05ee,bb7df60e-3de5-4bb5-ace6-eb34d74f485e,Kill 9 of your 12 AI pilots: how to choose the one that actually moves a number,"Editorial calendar ""Editorial Calendar — 2026-06-09"" · video_script · channel: linkedin · publish 2026-06-15",Digital,Q2,Medium,suggested,t,,,2026-06-15 16:00:00,,2026-06-09 16:44:21.771385,2026-06-09 16:44:21.771385,,,
326daad7-7929-4856-9618-48c518e406b9,bb7df60e-3de5-4bb5-ace6-eb34d74f485e,What ChatGPT cannot do for your transformation strategy,"Editorial calendar ""Editorial Calendar — 2026-06-09"" · whitepaper · channel: email · publish 2026-06-16",Digital,Q2,Medium,suggested,t,,,2026-06-16 17:00:00,,2026-06-09 16:44:21.771385,2026-06-09 16:44:21.771385,,,
7129e7d5-36c8-4535-94f4-a41b5ac47ca0,bb7df60e-3de5-4bb5-ace6-eb34d74f485e,Microsoft partner GTM strategy: how ISV founders earn internal attention without wasting cycles,"Editorial calendar ""Editorial Calendar — 2026-06-09"" · blog_post · channel: blog · publish 2026-06-18",Digital,Q2,Medium,suggested,t,,,2026-06-18 15:00:00,,2026-06-09 16:44:21.771385,2026-06-09 16:44:21.771385,,,
fef8f7cb-cc35-423f-98a0-bb2c66297fc6,bb7df60e-3de5-4bb5-ace6-eb34d74f485e,Post-merger integration needs more than a playbook: build one execution system across business units,"Editorial calendar ""Editorial Calendar — 2026-06-09"" · blog_post · channel: blog · publish 2026-06-22",Digital,Q2,Medium,suggested,t,,,2026-06-22 15:00:00,,2026-06-09 16:44:21.771385,2026-06-09 16:44:21.771385,,,
9611906a-3697-4735-9602-ff4eeba82657,bb7df60e-3de5-4bb5-ace6-eb34d74f485e,AI due diligence for private equity: what to assess before you underwrite the upside,"Editorial calendar ""Editorial Calendar — 2026-06-09"" · whitepaper · channel: email · publish 2026-06-22",Digital,Q2,Medium,suggested,t,,,2026-06-22 17:00:00,,2026-06-09 16:44:21.771385,2026-06-09 16:44:21.771385,,,
36f61bef-f29e-4a09-b838-d7f0d9032216,bb7df60e-3de5-4bb5-ace6-eb34d74f485e,How to implement a company operating system without creating more bureaucracy,"Editorial calendar ""Editorial Calendar — 2026-06-09"" · newsletter · channel: linkedin · publish 2026-06-24",Digital,Q2,Medium,suggested,t,,,2026-06-24 16:00:00,,2026-06-09 16:44:21.771385,2026-06-09 16:44:21.771385,,,
31c1569e-7670-4a1c-a8c4-bead312274f2,bb7df60e-3de5-4bb5-ace6-eb34d74f485e,The implementation accountability gap: why strategy fails after the deck,"Editorial calendar ""Editorial Calendar — 2026-06-09"" · landing_page · channel: blog · publish 2026-06-26",Digital,Q2,Medium,suggested,t,,,2026-06-26 15:00:00,,2026-06-09 16:44:21.771385,2026-06-09 16:44:21.771385,,,
e866b147-8945-4c09-ac9d-e9f87bf4c3e7,bb7df60e-3de5-4bb5-ace6-eb34d74f485e,AI strategy for tribal enterprises: how to move forward without compromising sovereignty,"Editorial calendar ""Editorial Calendar — 2026-06-09"" · blog_post · channel: blog · publish 2026-06-29",Digital,Q2,Medium,suggested,t,,,2026-06-29 15:00:00,,2026-06-09 16:44:21.771385,2026-06-09 16:44:21.771385,,,
a6bd501f-815d-46c6-b317-1fff0c4d5fbf,bb7df60e-3de5-4bb5-ace6-eb34d74f485e,From co-sell confusion to partner momentum: a strategic roadmap for midmarket Microsoft SIs,"Editorial calendar ""Editorial Calendar — 2026-06-09"" · blog_post · channel: blog · publish 2026-06-30",Digital,Q2,Medium,suggested,t,,,2026-06-30 15:00:00,,2026-06-09 16:44:21.771385,2026-06-09 16:44:21.771385,,,
b0c57c0a-7821-48cf-a886-1656c7548358,bb7df60e-3de5-4bb5-ace6-eb34d74f485e,What measurable transformation looks like when you do not have flashy proof points yet,"Editorial calendar ""Editorial Calendar — 2026-06-09"" · newsletter · channel: email · publish 2026-07-02",Digital,Q3,Medium,suggested,t,,,2026-07-02 17:00:00,,2026-06-09 16:44:21.771385,2026-06-09 16:44:21.771385,,,
32ef3b27-0c4c-4673-aa67-89d136f5ee59,bb7df60e-3de5-4bb5-ace6-eb34d74f485e,Case study framework: how one focused AI use case earns executive confidence in 6 weeks,"Editorial calendar ""Editorial Calendar — 2026-06-09"" · case_study · channel: linkedin · publish 2026-07-06",Digital,Q3,Medium,suggested,t,,,2026-07-06 16:00:00,,2026-06-09 16:44:21.771385,2026-06-09 16:44:21.771385,,,
6302a0a8-405e-47ee-88e9-3b6439b7c9e1,bb7df60e-3de5-4bb5-ace6-eb34d74f485e,Why large consultancies miss the human side of transformation and what that costs you,"Editorial calendar ""Editorial Calendar — 2026-06-09"" · linkedin_post · channel: linkedin · publish 2026-07-06",Digital,Q3,Medium,suggested,t,,,2026-07-06 16:00:00,,2026-06-09 16:44:21.771385,2026-06-09 16:44:21.771385,,,
e32e6c0d-1c33-4ea3-b14f-c26b6fff2c9c,bb7df60e-3de5-4bb5-ace6-eb34d74f485e,Free strategy day for CEOs and boards: what gets decided in one day and what happens next,"Editorial calendar ""Editorial Calendar — 2026-06-09"" · landing_page · channel: linkedin · publish 2026-07-08",Digital,Q3,Medium,suggested,t,,,2026-07-08 16:00:00,,2026-06-09 16:44:21.771385,2026-06-09 16:44:21.771385,,,
c3e19d95-845f-4d86-a3b1-7245aa7f9251,bb7df60e-3de5-4bb5-ace6-eb34d74f485e,AI governance before scale: the 3 questions every leadership team should answer first,"Editorial calendar ""Editorial Calendar — 2026-06-09"" · blog_post · channel: blog · publish 2026-06-10",Digital,Q2,Medium,suggested,t,,,2026-06-10 15:00:00,,2026-06-09 16:44:26.047337,2026-06-09 16:44:26.047337,,,
f4bf8555-1a96-4504-b4b8-468254690aae,bb7df60e-3de5-4bb5-ace6-eb34d74f485e,Why a company operating system should run at peacetime speed while AI runs at wartime speed,"Editorial calendar ""Editorial Calendar — 2026-06-09"" · linkedin_post · channel: linkedin · publish 2026-06-12",Digital,Q2,Medium,suggested,t,,,2026-06-12 16:00:00,,2026-06-09 16:44:26.047337,2026-06-09 16:44:26.047337,,,
75863f3f-932c-4047-92f4-47203ab5f7bb,bb7df60e-3de5-4bb5-ace6-eb34d74f485e,Kill 9 of your 12 AI pilots: how to choose the one that actually moves a number,"Editorial calendar ""Editorial Calendar — 2026-06-09"" · video_script · channel: linkedin · publish 2026-06-15",Digital,Q2,Medium,suggested,t,,,2026-06-15 16:00:00,,2026-06-09 16:44:26.047337,2026-06-09 16:44:26.047337,,,
26b2a401-fc65-492b-9d6c-5d5734a34457,bb7df60e-3de5-4bb5-ace6-eb34d74f485e,What ChatGPT cannot do for your transformation strategy,"Editorial calendar ""Editorial Calendar — 2026-06-09"" · whitepaper · channel: email · publish 2026-06-16",Digital,Q2,Medium,suggested,t,,,2026-06-16 17:00:00,,2026-06-09 16:44:26.047337,2026-06-09 16:44:26.047337,,,
5420b398-9c63-4a4d-91ab-e0716c3186ed,bb7df60e-3de5-4bb5-ace6-eb34d74f485e,Microsoft partner GTM strategy: how ISV founders earn internal attention without wasting cycles,"Editorial calendar ""Editorial Calendar — 2026-06-09"" · blog_post · channel: blog · publish 2026-06-18",Digital,Q2,Medium,suggested,t,,,2026-06-18 15:00:00,,2026-06-09 16:44:26.047337,2026-06-09 16:44:26.047337,,,
d97f07a1-aa42-46d6-a775-13f0e9773d8e,bb7df60e-3de5-4bb5-ace6-eb34d74f485e,Post-merger integration needs more than a playbook: build one execution system across business units,"Editorial calendar ""Editorial Calendar — 2026-06-09"" · blog_post · channel: blog · publish 2026-06-22",Digital,Q2,Medium,suggested,t,,,2026-06-22 15:00:00,,2026-06-09 16:44:26.047337,2026-06-09 16:44:26.047337,,,
848ec1c0-bf73-4364-b639-08019008301a,bb7df60e-3de5-4bb5-ace6-eb34d74f485e,AI due diligence for private equity: what to assess before you underwrite the upside,"Editorial calendar ""Editorial Calendar — 2026-06-09"" · whitepaper · channel: email · publish 2026-06-22",Digital,Q2,Medium,suggested,t,,,2026-06-22 17:00:00,,2026-06-09 16:44:26.047337,2026-06-09 16:44:26.047337,,,
bf6e57f4-82fe-4db4-9f23-d53f071b26cc,bb7df60e-3de5-4bb5-ace6-eb34d74f485e,How to implement a company operating system without creating more bureaucracy,"Editorial calendar ""Editorial Calendar — 2026-06-09"" · newsletter · channel: linkedin · publish 2026-06-24",Digital,Q2,Medium,suggested,t,,,2026-06-24 16:00:00,,2026-06-09 16:44:26.047337,2026-06-09 16:44:26.047337,,,
7c758985-27b9-49da-ab8d-ee2bc6e28faa,bb7df60e-3de5-4bb5-ace6-eb34d74f485e,The implementation accountability gap: why strategy fails after the deck,"Editorial calendar ""Editorial Calendar — 2026-06-09"" · landing_page · channel: blog · publish 2026-06-26",Digital,Q2,Medium,suggested,t,,,2026-06-26 15:00:00,,2026-06-09 16:44:26.047337,2026-06-09 16:44:26.047337,,,
17e577a7-4ee3-41fd-930e-4dd8d47e8213,bb7df60e-3de5-4bb5-ace6-eb34d74f485e,AI strategy for tribal enterprises: how to move forward without compromising sovereignty,"Editorial calendar ""Editorial Calendar — 2026-06-09"" · blog_post · channel: blog · publish 2026-06-29",Digital,Q2,Medium,suggested,t,,,2026-06-29 15:00:00,,2026-06-09 16:44:26.047337,2026-06-09 16:44:26.047337,,,
bd6f8f75-f3d2-4e5f-be92-151d90ae9127,bb7df60e-3de5-4bb5-ace6-eb34d74f485e,From co-sell confusion to partner momentum: a strategic roadmap for midmarket Microsoft SIs,"Editorial calendar ""Editorial Calendar — 2026-06-09"" · blog_post · channel: blog · publish 2026-06-30",Digital,Q2,Medium,suggested,t,,,2026-06-30 15:00:00,,2026-06-09 16:44:26.047337,2026-06-09 16:44:26.047337,,,
1648c0c2-cb0d-4e99-871d-84585ec7eaa8,bb7df60e-3de5-4bb5-ace6-eb34d74f485e,What measurable transformation looks like when you do not have flashy proof points yet,"Editorial calendar ""Editorial Calendar — 2026-06-09"" · newsletter · channel: email · publish 2026-07-02",Digital,Q3,Medium,suggested,t,,,2026-07-02 17:00:00,,2026-06-09 16:44:26.047337,2026-06-09 16:44:26.047337,,,
a5a583cf-f575-4c54-abe2-753a749e374f,bb7df60e-3de5-4bb5-ace6-eb34d74f485e,Case study framework: how one focused AI use case earns executive confidence in 6 weeks,"Editorial calendar ""Editorial Calendar — 2026-06-09"" · case_study · channel: linkedin · publish 2026-07-06",Digital,Q3,Medium,suggested,t,,,2026-07-06 16:00:00,,2026-06-09 16:44:26.047337,2026-06-09 16:44:26.047337,,,
9364b37e-73b5-4748-8a95-aa46a3d82a76,bb7df60e-3de5-4bb5-ace6-eb34d74f485e,Why large consultancies miss the human side of transformation and what that costs you,"Editorial calendar ""Editorial Calendar — 2026-06-09"" · linkedin_post · channel: linkedin · publish 2026-07-06",Digital,Q3,Medium,suggested,t,,,2026-07-06 16:00:00,,2026-06-09 16:44:26.047337,2026-06-09 16:44:26.047337,,,
2382105d-dc85-4b3b-a137-e85907859c3c,bb7df60e-3de5-4bb5-ace6-eb34d74f485e,Free strategy day for CEOs and boards: what gets decided in one day and what happens next,"Editorial calendar ""Editorial Calendar — 2026-06-09"" · landing_page · channel: linkedin · publish 2026-07-08",Digital,Q3,Medium,suggested,t,,,2026-07-08 16:00:00,,2026-06-09 16:44:26.047337,2026-06-09 16:44:26.047337,,,
4b8e3dde-70f5-4dc9-895d-0103713a74fd,bb7df60e-3de5-4bb5-ace6-eb34d74f485e,AI governance before scale: the 3 questions every leadership team should answer first,"Editorial calendar ""Editorial Calendar — 2026-06-09"" · blog_post · channel: blog · publish 2026-06-10",Digital,Q2,Medium,suggested,t,,,2026-06-10 15:00:00,,2026-06-09 16:44:31.595715,2026-06-09 16:44:31.595715,,,
bd7f203a-d777-4e31-96c8-1463090c0df2,bb7df60e-3de5-4bb5-ace6-eb34d74f485e,Why a company operating system should run at peacetime speed while AI runs at wartime speed,"Editorial calendar ""Editorial Calendar — 2026-06-09"" · linkedin_post · channel: linkedin · publish 2026-06-12",Digital,Q2,Medium,suggested,t,,,2026-06-12 16:00:00,,2026-06-09 16:44:31.595715,2026-06-09 16:44:31.595715,,,
36b739fb-3539-4a51-8a3e-47bef9253fe0,bb7df60e-3de5-4bb5-ace6-eb34d74f485e,Kill 9 of your 12 AI pilots: how to choose the one that actually moves a number,"Editorial calendar ""Editorial Calendar — 2026-06-09"" · video_script · channel: linkedin · publish 2026-06-15",Digital,Q2,Medium,suggested,t,,,2026-06-15 16:00:00,,2026-06-09 16:44:31.595715,2026-06-09 16:44:31.595715,,,
d52c33f2-5b4d-43f8-807f-eb1cbb0f8fb3,bb7df60e-3de5-4bb5-ace6-eb34d74f485e,"The Hidden Cost of AI in PE: Fragmented Pilots, Duplicated Spend, and No Governance","Editorial calendar ""2026-06 AI Costs — Content Plan"" · podcast_outline · channel: linkedin · publish 2026-06-29",Digital,Q2,Medium,suggested,t,,,2026-06-29 16:00:00,,2026-06-10 17:03:13.657499,2026-06-10 17:03:13.657499,,,
590d1c00-9f6b-430e-a9bb-75fe76b186b5,bb7df60e-3de5-4bb5-ace6-eb34d74f485e,30/60/90 Days to AI Value: The Milestones We Use to Keep Costs Honest,"Editorial calendar ""2026-06 AI Costs — Content Plan"" · whitepaper · channel: linkedin · publish 2026-06-30",Digital,Q2,Medium,suggested,t,,,2026-06-30 16:00:00,,2026-06-10 17:03:13.657499,2026-06-10 17:03:13.657499,,,
d172ac8a-55ad-4df9-92ac-1b69d3dc3472,bb7df60e-3de5-4bb5-ace6-eb34d74f485e,Most AI Cost Problems Start Before Procurement,"Editorial calendar ""2026-06 AI Costs — Content Plan"" · linkedin_post · channel: twitter · publish 2026-06-26",Digital,Q2,Medium,suggested,t,,,2026-06-26 19:00:00,,2026-06-10 17:03:13.657499,2026-06-10 17:03:13.657499,,,
9fe72c9d-6e75-41b3-afb4-3b7029659ef3,bb7df60e-3de5-4bb5-ace6-eb34d74f485e,"If Your Team Can't Name the AI Owner, Your Costs Are Already Rising","Editorial calendar ""2026-06 AI Costs — Content Plan"" · x_post · channel: twitter · publish 2026-06-29",Digital,Q2,Medium,suggested,t,,,2026-06-29 19:00:00,,2026-06-10 17:03:13.657499,2026-06-10 17:03:13.657499,,,
90acfe74-aedf-4825-9358-17dbc1adc615,bb7df60e-3de5-4bb5-ace6-eb34d74f485e,ChatGPT Can Draft Ideas. It Cannot Design Your AI Operating Model.,"Editorial calendar ""2026-06 AI Costs — Content Plan"" · x_post · channel: twitter · publish 2026-06-30",Digital,Q2,Medium,suggested,t,,,2026-06-30 19:00:00,,2026-06-10 17:03:13.657499,2026-06-10 17:03:13.657499,,,
8eb58573-9a2a-4dba-bb8b-ab3d28e8c3c6,bb7df60e-3de5-4bb5-ace6-eb34d74f485e,"2026-06 AI Costs Briefing: Where Leaders Waste AI Budget, What to Measure First, and How to Fund the Right Workshop","Editorial calendar ""2026-06 AI Costs — Content Plan"" · other · channel: email · publish 2026-06-29",Digital,Q2,Medium,suggested,t,,,2026-06-29 17:00:00,,2026-06-10 17:03:13.657499,2026-06-10 17:03:13.657499,,,
8cc7431e-c80a-4b57-960d-c768fd5287aa,bb7df60e-3de5-4bb5-ace6-eb34d74f485e,Portfolio AI Value Creation Sprint,"Editorial calendar ""Portfolio AI Value Creation Sprint — Content Plan"" · landing_page · channel: blog · publish 2026-06-26",Digital,Q2,Medium,suggested,t,,,2026-06-26 15:00:00,,2026-06-11 18:26:18.28139,2026-06-11 18:26:18.28139,,,
99ff868d-43b2-4517-812c-0dbbbd640faa,bb7df60e-3de5-4bb5-ace6-eb34d74f485e,Why Most Portfolio AI Programs Fail to Produce ROI in 12 Months,"Editorial calendar ""Portfolio AI Value Creation Sprint — Content Plan"" · blog_post · channel: blog · publish 2026-06-29",Digital,Q2,Medium,suggested,t,,,2026-06-29 15:00:00,,2026-06-11 18:26:18.28139,2026-06-11 18:26:18.28139,,,
bcacbb5a-37a8-4e9c-933a-d134ed157f79,bb7df60e-3de5-4bb5-ace6-eb34d74f485e,What Synozur Owns After the AI Strategy: The 30/60/90 Accountability Model for PE Portfolios,"Editorial calendar ""Portfolio AI Value Creation Sprint — Content Plan"" · blog_post · channel: blog · publish 2026-06-30",Digital,Q2,Medium,suggested,t,,,2026-06-30 15:00:00,,2026-06-11 18:26:18.28139,2026-06-11 18:26:18.28139,,,
ebba3808-8c9d-44b4-8207-97b6c99cbe7d,bb7df60e-3de5-4bb5-ace6-eb34d74f485e,Case Study: From Disconnected AI Pilots to a Portfolio-Wide 30/60/90 Value Roadmap,"Editorial calendar ""Portfolio AI Value Creation Sprint — Content Plan"" · case_study · channel: blog · publish 2026-07-07",Digital,Q3,Medium,suggested,t,,,2026-07-07 15:00:00,,2026-06-11 18:26:18.28139,2026-06-11 18:26:18.28139,,,
924b41cd-2e6d-4bf0-b3a8-b59482300d98,bb7df60e-3de5-4bb5-ace6-eb34d74f485e,LinkedIn Post: PE firms do not need another AI brainstorm. They need a governance map before the next board meeting.,"Editorial calendar ""Portfolio AI Value Creation Sprint — Content Plan"" · linkedin_post · channel: linkedin · publish 2026-07-14",Digital,Q3,Medium,suggested,t,,,2026-07-14 16:00:00,,2026-06-11 18:26:18.28139,2026-06-11 18:26:18.28139,,,
24348ba9-3ffe-4ffc-b165-8285129f2ecb,bb7df60e-3de5-4bb5-ace6-eb34d74f485e,LinkedIn Post: ChatGPT cannot tell you which portfolio AI use case moves EBITDA first,"Editorial calendar ""Portfolio AI Value Creation Sprint — Content Plan"" · linkedin_post · channel: linkedin · publish 2026-07-21",Digital,Q3,Medium,suggested,t,,,2026-07-21 16:00:00,,2026-06-11 18:26:18.28139,2026-06-11 18:26:18.28139,,,
89ec73ca-bdcf-4a82-99a9-bd29e9986bb7,bb7df60e-3de5-4bb5-ace6-eb34d74f485e,Portfolio AI Value Creation Sprint,"Editorial calendar ""Portfolio AI Value Creation Sprint — Content Plan"" · landing_page · channel: blog · publish 2026-06-26",Digital,Q2,Medium,suggested,t,,,2026-06-26 15:00:00,,2026-06-11 20:01:28.398948,2026-06-11 20:01:28.398948,,,
d491bb72-7ade-453a-bcc8-f995008ca30f,bb7df60e-3de5-4bb5-ace6-eb34d74f485e,Why Most Portfolio AI Programs Fail to Produce ROI in 12 Months,"Editorial calendar ""Portfolio AI Value Creation Sprint — Content Plan"" · blog_post · channel: blog · publish 2026-06-29",Digital,Q2,Medium,suggested,t,,,2026-06-29 15:00:00,,2026-06-11 20:01:28.398948,2026-06-11 20:01:28.398948,,,
ca405d03-4c92-4378-a46b-1d01e910472e,bb7df60e-3de5-4bb5-ace6-eb34d74f485e,What Synozur Owns After the AI Strategy: The 30/60/90 Accountability Model for PE Portfolios,"Editorial calendar ""Portfolio AI Value Creation Sprint — Content Plan"" · blog_post · channel: blog · publish 2026-06-30",Digital,Q2,Medium,suggested,t,,,2026-06-30 15:00:00,,2026-06-11 20:01:28.398948,2026-06-11 20:01:28.398948,,,
7318cd35-60a1-4c9a-bff3-933b76486a4c,bb7df60e-3de5-4bb5-ace6-eb34d74f485e,Case Study: From Disconnected AI Pilots to a Portfolio-Wide 30/60/90 Value Roadmap,"Editorial calendar ""Portfolio AI Value Creation Sprint — Content Plan"" · case_study · channel: blog · publish 2026-06-26",Digital,Q2,Medium,suggested,t,,,2026-06-26 15:00:00,,2026-06-11 20:01:28.398948,2026-06-11 20:01:28.398948,,,
cf9f4eed-ba98-4815-bdd0-ded6d2730c66,bb7df60e-3de5-4bb5-ace6-eb34d74f485e,LinkedIn Post: PE firms do not need another AI brainstorm. They need a governance map before the next board meeting.,"Editorial calendar ""Portfolio AI Value Creation Sprint — Content Plan"" · linkedin_post · channel: linkedin · publish 2026-06-29",Digital,Q2,Medium,suggested,t,,,2026-06-29 16:00:00,,2026-06-11 20:01:28.398948,2026-06-11 20:01:28.398948,,,
07e5df49-38bf-4f9d-baff-8771110bc925,bb7df60e-3de5-4bb5-ace6-eb34d74f485e,LinkedIn Post: ChatGPT cannot tell you which portfolio AI use case moves EBITDA first,"Editorial calendar ""Portfolio AI Value Creation Sprint — Content Plan"" · linkedin_post · channel: linkedin · publish 2026-06-30",Digital,Q2,Medium,suggested,t,,,2026-06-30 16:00:00,,2026-06-11 20:01:28.398948,2026-06-11 20:01:28.398948,,,
