id,tenant_domain,market_id,week_start,score,components,business_type,sic_code,created_at
4bb1916c-9484-474d-b0ad-f9fdf4201d4e,synozur.com,7f49f485-e251-4e51-8114-cce62e5ce6a9,2026-04-27,24,"{""weights"": {""sovTrend"": 0.3, ""publishRate"": 0.15, ""actionCompletion"": 0.2, ""socialEngagement"": 0.1, ""competitorFreshness"": 0.25}, ""sovTrend"": 0, ""publishRate"": 0, ""actionCompletion"": 0, ""socialEngagement"": 0, ""competitorFreshness"": 95}",b2b,,2026-05-10 18:12:03.511901
04c635de-6ad3-454c-aa72-f3792126ce14,synozur.com,298c26bd-3400-4ac4-8001-eb38f4f163ed,2026-04-27,34,"{""weights"": {""sovTrend"": 0.3, ""publishRate"": 0.15, ""actionCompletion"": 0.2, ""socialEngagement"": 0.1, ""competitorFreshness"": 0.25}, ""sovTrend"": 0, ""publishRate"": 0, ""actionCompletion"": 50, ""socialEngagement"": 0, ""competitorFreshness"": 95}",b2b,,2026-05-10 18:12:11.813767
82176cfe-097b-46e6-9417-544cfb36e39c,synozur.com,0dad59af-ea3b-4cb2-bf04-f365c7a69114,2026-04-27,34,"{""weights"": {""sovTrend"": 0.3, ""publishRate"": 0.15, ""actionCompletion"": 0.2, ""socialEngagement"": 0.1, ""competitorFreshness"": 0.25}, ""sovTrend"": 0, ""publishRate"": 0, ""actionCompletion"": 50, ""socialEngagement"": 0, ""competitorFreshness"": 95}",b2b,,2026-05-10 18:12:21.513941
06426c50-a94b-42fe-9001-0745bdcf8ef9,synozur.com,872dde94-3e6c-4115-acdc-2c79b3276138,2026-04-27,34,"{""weights"": {""sovTrend"": 0.3, ""publishRate"": 0.15, ""actionCompletion"": 0.2, ""socialEngagement"": 0.1, ""competitorFreshness"": 0.25}, ""sovTrend"": 0, ""publishRate"": 0, ""actionCompletion"": 50, ""socialEngagement"": 0, ""competitorFreshness"": 95}",b2b,,2026-05-10 18:12:35.411882
e65ddb29-4863-4406-94f8-b7da1ec12c3f,synozur.com,93e60ca4-1f9d-456d-af6d-82d8af0566d1,2026-04-27,34,"{""weights"": {""sovTrend"": 0.3, ""publishRate"": 0.15, ""actionCompletion"": 0.2, ""socialEngagement"": 0.1, ""competitorFreshness"": 0.25}, ""sovTrend"": 0, ""publishRate"": 0, ""actionCompletion"": 50, ""socialEngagement"": 0, ""competitorFreshness"": 95}",b2b,,2026-05-10 18:12:41.011878
e40ce930-3253-4fa3-ad97-68d525aac38d,synozur.com,df16877c-1384-407b-be3d-69e8a3442178,2026-04-27,34,"{""weights"": {""sovTrend"": 0.3, ""publishRate"": 0.15, ""actionCompletion"": 0.2, ""socialEngagement"": 0.1, ""competitorFreshness"": 0.25}, ""sovTrend"": 0, ""publishRate"": 0, ""actionCompletion"": 50, ""socialEngagement"": 0, ""competitorFreshness"": 95}",b2b,,2026-05-10 18:12:48.312422
ffb85a99-43a3-406e-8ccd-d7ada1bc01bb,synozur.com,ea07a669-2e2b-4dbc-84fd-42f0009d0955,2026-04-27,22,"{""weights"": {""sovTrend"": 0.25, ""publishRate"": 0.25, ""actionCompletion"": 0.15, ""socialEngagement"": 0.2, ""competitorFreshness"": 0.15}, ""sovTrend"": 0, ""publishRate"": 0, ""actionCompletion"": 50, ""socialEngagement"": 0, ""competitorFreshness"": 95}",b2c,,2026-05-10 18:12:55.212563
c4b3cd8d-be02-4846-a139-36e532683a9a,synozur.com,28dc9e03-8a9c-448e-8aa4-7818fa503a82,2026-04-27,34,"{""weights"": {""sovTrend"": 0.3, ""publishRate"": 0.15, ""actionCompletion"": 0.2, ""socialEngagement"": 0.1, ""competitorFreshness"": 0.25}, ""sovTrend"": 0, ""publishRate"": 0, ""actionCompletion"": 50, ""socialEngagement"": 0, ""competitorFreshness"": 95}",b2b,,2026-05-10 18:13:07.413611
2045dd35-e8c0-443d-a78b-9b252c350a13,synozur.com,17b318bd-67fa-40b5-858e-77c3db633a56,2026-04-27,22,"{""weights"": {""sovTrend"": 0.25, ""publishRate"": 0.25, ""actionCompletion"": 0.15, ""socialEngagement"": 0.2, ""competitorFreshness"": 0.15}, ""sovTrend"": 0, ""publishRate"": 0, ""actionCompletion"": 50, ""socialEngagement"": 0, ""competitorFreshness"": 95}",b2c,,2026-05-10 18:13:18.711222
f8d1a135-7e6d-4d0e-8c73-3249d03fa600,synozur.com,0afdd7be-dd94-47e6-89d5-dd3696094e45,2026-04-27,34,"{""weights"": {""sovTrend"": 0.3, ""publishRate"": 0.15, ""actionCompletion"": 0.2, ""socialEngagement"": 0.1, ""competitorFreshness"": 0.25}, ""sovTrend"": 0, ""publishRate"": 0, ""actionCompletion"": 50, ""socialEngagement"": 0, ""competitorFreshness"": 95}",b2b,,2026-05-10 18:13:31.213046
7b2662cd-7e06-420d-a008-3792f4df8a83,synozur.com,a83caa9d-904f-4508-a008-028921e755d2,2026-04-27,34,"{""weights"": {""sovTrend"": 0.3, ""publishRate"": 0.15, ""actionCompletion"": 0.2, ""socialEngagement"": 0.1, ""competitorFreshness"": 0.25}, ""sovTrend"": 0, ""publishRate"": 0, ""actionCompletion"": 50, ""socialEngagement"": 0, ""competitorFreshness"": 95}",b2b,,2026-05-10 18:13:52.229128
151f8564-670a-49ed-9920-ba42e7b71d8b,synozur.com,21967b75-d76d-4c89-91f5-59b4a9a3d089,2026-04-27,22,"{""weights"": {""sovTrend"": 0.25, ""publishRate"": 0.25, ""actionCompletion"": 0.15, ""socialEngagement"": 0.2, ""competitorFreshness"": 0.15}, ""sovTrend"": 0, ""publishRate"": 0, ""actionCompletion"": 50, ""socialEngagement"": 0, ""competitorFreshness"": 95}",b2c,,2026-05-10 18:13:56.311581
27a62de0-88a9-456e-af7b-1f565fd477e9,synozur.com,723cb0a7-893c-4f36-b867-d6a207f2bfde,2026-04-27,22,"{""weights"": {""sovTrend"": 0.25, ""publishRate"": 0.25, ""actionCompletion"": 0.15, ""socialEngagement"": 0.2, ""competitorFreshness"": 0.15}, ""sovTrend"": 0, ""publishRate"": 0, ""actionCompletion"": 50, ""socialEngagement"": 0, ""competitorFreshness"": 95}",b2c,,2026-05-10 18:14:01.611551
b838cede-047f-42f2-bf27-77fee3f0ac55,synozur.com,b3c49c08-f9c9-483b-8820-acffc29be17a,2026-04-27,22,"{""weights"": {""sovTrend"": 0.25, ""publishRate"": 0.25, ""actionCompletion"": 0.15, ""socialEngagement"": 0.2, ""competitorFreshness"": 0.15}, ""sovTrend"": 0, ""publishRate"": 0, ""actionCompletion"": 50, ""socialEngagement"": 0, ""competitorFreshness"": 95}",b2c,,2026-05-10 18:14:07.912964
a19d4034-644c-4e70-b471-c750ad74d033,synozur.com,,2026-04-27,34,"{""weights"": {""sovTrend"": 0.3, ""publishRate"": 0.15, ""actionCompletion"": 0.2, ""socialEngagement"": 0.1, ""competitorFreshness"": 0.25}, ""sovTrend"": 0, ""publishRate"": 0, ""actionCompletion"": 50, ""socialEngagement"": 0, ""competitorFreshness"": 95}",b2b,,2026-05-10 18:13:42.112185
8a319da6-8d03-4aac-9a96-14b458609771,chrismcnulty.net,,2026-06-15,16,"{""weights"": {""sovTrend"": 0.25, ""publishRate"": 0.25, ""actionCompletion"": 0.15, ""socialEngagement"": 0.2, ""competitorFreshness"": 0.15}, ""sovTrend"": 0, ""publishRate"": 0, ""actionCompletion"": 50, ""socialEngagement"": 0, ""competitorFreshness"": 57}",b2c,,2026-06-28 21:49:36.860954
aece7519-51fa-46a7-9b41-95c432dca896,protiviti.com,,2026-06-15,35,"{""weights"": {""sovTrend"": 0.3, ""publishRate"": 0.15, ""actionCompletion"": 0.2, ""socialEngagement"": 0.1, ""competitorFreshness"": 0.25}, ""sovTrend"": 0, ""publishRate"": 0, ""actionCompletion"": 50, ""socialEngagement"": 0, ""competitorFreshness"": 100}",b2b,,2026-06-28 21:50:00.760488
40f32cf5-d503-4a82-b7d3-013286e2cc77,synozur.com,60965484-0510-4fee-b01a-fb6bb2422b80,2026-05-04,34,"{""weights"": {""sovTrend"": 0.3, ""publishRate"": 0.15, ""actionCompletion"": 0.2, ""socialEngagement"": 0.1, ""competitorFreshness"": 0.25}, ""sovTrend"": 0, ""publishRate"": 0, ""actionCompletion"": 50, ""socialEngagement"": 0, ""competitorFreshness"": 95}",b2b,,2026-05-17 16:43:16.281441
23fbc3de-fa31-442f-8dc7-3af2bbcb55b3,synozur.com,fd07e8e6-04ec-4d59-bd3d-04ed0e567c12,2026-05-04,34,"{""weights"": {""sovTrend"": 0.3, ""publishRate"": 0.15, ""actionCompletion"": 0.2, ""socialEngagement"": 0.1, ""competitorFreshness"": 0.25}, ""sovTrend"": 0, ""publishRate"": 0, ""actionCompletion"": 50, ""socialEngagement"": 0, ""competitorFreshness"": 95}",b2b,,2026-05-17 16:43:21.981796
3c52d927-e1aa-4fe9-bda2-9b16f4bee634,synozur.com,6f5ed80d-e3b4-4d0e-8c71-6c622c224de8,2026-05-04,34,"{""weights"": {""sovTrend"": 0.3, ""publishRate"": 0.15, ""actionCompletion"": 0.2, ""socialEngagement"": 0.1, ""competitorFreshness"": 0.25}, ""sovTrend"": 0, ""publishRate"": 0, ""actionCompletion"": 50, ""socialEngagement"": 0, ""competitorFreshness"": 95}",b2b,,2026-05-17 16:43:25.181589
7a8fa8cd-8dc3-4034-9212-0957af5088e3,synozur.com,d446066a-1794-478a-b019-63409921304a,2026-05-04,34,"{""weights"": {""sovTrend"": 0.3, ""publishRate"": 0.15, ""actionCompletion"": 0.2, ""socialEngagement"": 0.1, ""competitorFreshness"": 0.25}, ""sovTrend"": 0, ""publishRate"": 0, ""actionCompletion"": 50, ""socialEngagement"": 0, ""competitorFreshness"": 95}",b2b,,2026-05-17 16:43:28.582342
584a554f-cfec-4755-adb6-c5ad0925e609,synozur.com,7e86ba11-1ba2-4853-a91b-bcd180e0ba0f,2026-05-04,22,"{""weights"": {""sovTrend"": 0.25, ""publishRate"": 0.25, ""actionCompletion"": 0.15, ""socialEngagement"": 0.2, ""competitorFreshness"": 0.15}, ""sovTrend"": 0, ""publishRate"": 0, ""actionCompletion"": 50, ""socialEngagement"": 0, ""competitorFreshness"": 95}",b2c,,2026-05-17 16:43:32.582315
ebaba155-a224-41c1-bcec-588e5a822649,synozur.com,7f49f485-e251-4e51-8114-cce62e5ce6a9,2026-05-04,34,"{""weights"": {""sovTrend"": 0.3, ""publishRate"": 0.15, ""actionCompletion"": 0.2, ""socialEngagement"": 0.1, ""competitorFreshness"": 0.25}, ""sovTrend"": 0, ""publishRate"": 0, ""actionCompletion"": 50, ""socialEngagement"": 0, ""competitorFreshness"": 95}",b2b,,2026-05-17 16:43:36.781487
53fa9317-2507-4a87-b670-0fe05d9bcf8d,synozur.com,298c26bd-3400-4ac4-8001-eb38f4f163ed,2026-05-04,24,"{""weights"": {""sovTrend"": 0.3, ""publishRate"": 0.15, ""actionCompletion"": 0.2, ""socialEngagement"": 0.1, ""competitorFreshness"": 0.25}, ""sovTrend"": 0, ""publishRate"": 0, ""actionCompletion"": 0, ""socialEngagement"": 0, ""competitorFreshness"": 95}",b2b,,2026-05-17 16:43:40.981426
9458cf7f-b03a-4e5d-ae72-a8637769f216,synozur.com,0dad59af-ea3b-4cb2-bf04-f365c7a69114,2026-05-04,24,"{""weights"": {""sovTrend"": 0.3, ""publishRate"": 0.15, ""actionCompletion"": 0.2, ""socialEngagement"": 0.1, ""competitorFreshness"": 0.25}, ""sovTrend"": 0, ""publishRate"": 0, ""actionCompletion"": 0, ""socialEngagement"": 0, ""competitorFreshness"": 95}",b2b,,2026-05-17 16:43:45.381707
ef4301b4-7c65-4b13-9323-d9949060867e,synozur.com,872dde94-3e6c-4115-acdc-2c79b3276138,2026-05-04,24,"{""weights"": {""sovTrend"": 0.3, ""publishRate"": 0.15, ""actionCompletion"": 0.2, ""socialEngagement"": 0.1, ""competitorFreshness"": 0.25}, ""sovTrend"": 0, ""publishRate"": 0, ""actionCompletion"": 0, ""socialEngagement"": 0, ""competitorFreshness"": 95}",b2b,,2026-05-17 16:43:49.480754
1232c210-1dc3-4cc2-ba4b-702f68915453,synozur.com,93e60ca4-1f9d-456d-af6d-82d8af0566d1,2026-05-04,24,"{""weights"": {""sovTrend"": 0.3, ""publishRate"": 0.15, ""actionCompletion"": 0.2, ""socialEngagement"": 0.1, ""competitorFreshness"": 0.25}, ""sovTrend"": 0, ""publishRate"": 0, ""actionCompletion"": 0, ""socialEngagement"": 0, ""competitorFreshness"": 95}",b2b,,2026-05-17 16:43:53.381309
18c175bf-e7d5-4b6a-8613-ca63c6cfb008,synozur.com,df16877c-1384-407b-be3d-69e8a3442178,2026-05-04,24,"{""weights"": {""sovTrend"": 0.3, ""publishRate"": 0.15, ""actionCompletion"": 0.2, ""socialEngagement"": 0.1, ""competitorFreshness"": 0.25}, ""sovTrend"": 0, ""publishRate"": 0, ""actionCompletion"": 0, ""socialEngagement"": 0, ""competitorFreshness"": 95}",b2b,,2026-05-17 16:43:57.581252
97e5eb96-5f16-4492-aea1-23847b7e1a9c,synozur.com,a8e7cd06-ed45-41ec-b4a1-1c8a55a17a97,2026-05-04,24,"{""weights"": {""sovTrend"": 0.3, ""publishRate"": 0.15, ""actionCompletion"": 0.2, ""socialEngagement"": 0.1, ""competitorFreshness"": 0.25}, ""sovTrend"": 0, ""publishRate"": 0, ""actionCompletion"": 0, ""socialEngagement"": 0, ""competitorFreshness"": 95}",b2b,,2026-05-17 10:39:33.083015
26c91de1-5549-49f5-8fd4-58887034cf12,synozur.com,ea07a669-2e2b-4dbc-84fd-42f0009d0955,2026-05-04,39,"{""weights"": {""sovTrend"": 0.25, ""publishRate"": 0.25, ""actionCompletion"": 0.15, ""socialEngagement"": 0.2, ""competitorFreshness"": 0.15}, ""sovTrend"": 100, ""publishRate"": 0, ""actionCompletion"": 0, ""socialEngagement"": 0, ""competitorFreshness"": 95}",b2c,,2026-05-17 16:44:02.68079
610d09a4-a4e4-42ab-a9a1-7b3d3577223c,synozur.com,0ac8db60-16c4-4665-a8f3-e4655a5a29b5,2026-04-27,34,"{""weights"": {""sovTrend"": 0.3, ""publishRate"": 0.15, ""actionCompletion"": 0.2, ""socialEngagement"": 0.1, ""competitorFreshness"": 0.25}, ""sovTrend"": 0, ""publishRate"": 0, ""actionCompletion"": 50, ""socialEngagement"": 0, ""competitorFreshness"": 95}",b2b,,2026-05-10 18:07:53.414066
c7db3680-e1a4-40b9-9c0c-3763b0fdf796,synozur.com,dfad5af1-e6da-4d26-a1d1-6faab3115447,2026-04-27,34,"{""weights"": {""sovTrend"": 0.3, ""publishRate"": 0.15, ""actionCompletion"": 0.2, ""socialEngagement"": 0.1, ""competitorFreshness"": 0.25}, ""sovTrend"": 0, ""publishRate"": 0, ""actionCompletion"": 50, ""socialEngagement"": 0, ""competitorFreshness"": 95}",b2b,,2026-05-10 18:07:59.111283
6b59e6fa-33c5-41b5-ba3d-6f1f1b7419c2,synozur.com,a8e7cd06-ed45-41ec-b4a1-1c8a55a17a97,2026-04-27,34,"{""weights"": {""sovTrend"": 0.3, ""publishRate"": 0.15, ""actionCompletion"": 0.2, ""socialEngagement"": 0.1, ""competitorFreshness"": 0.25}, ""sovTrend"": 0, ""publishRate"": 0, ""actionCompletion"": 50, ""socialEngagement"": 0, ""competitorFreshness"": 95}",b2b,,2026-05-10 18:08:05.012682
7efb2082-c8fc-4aea-b117-8370079e27ee,synozur.com,1e288019-256e-4322-9781-1034bd47331c,2026-04-27,34,"{""weights"": {""sovTrend"": 0.3, ""publishRate"": 0.15, ""actionCompletion"": 0.2, ""socialEngagement"": 0.1, ""competitorFreshness"": 0.25}, ""sovTrend"": 0, ""publishRate"": 0, ""actionCompletion"": 50, ""socialEngagement"": 0, ""competitorFreshness"": 95}",b2b,,2026-05-10 18:14:12.71248
853ee8d0-54ae-4251-81b7-4a29679be025,synozur.com,9a69511b-78e8-4ac0-b74a-3892578b764b,2026-04-27,22,"{""weights"": {""sovTrend"": 0.25, ""publishRate"": 0.25, ""actionCompletion"": 0.15, ""socialEngagement"": 0.2, ""competitorFreshness"": 0.15}, ""sovTrend"": 0, ""publishRate"": 0, ""actionCompletion"": 50, ""socialEngagement"": 0, ""competitorFreshness"": 95}",b2c,,2026-05-10 18:14:17.71192
50726015-1535-49f7-981f-97985309715b,accordancetech.com,,2026-04-27,23,"{""weights"": {""sovTrend"": 0.3, ""publishRate"": 0.15, ""actionCompletion"": 0.2, ""socialEngagement"": 0.1, ""competitorFreshness"": 0.25}, ""sovTrend"": 0, ""publishRate"": 0, ""actionCompletion"": 50, ""socialEngagement"": 0, ""competitorFreshness"": 50}",b2b,,2026-05-10 18:14:21.911494
18446ecc-9372-43f1-b38b-fb08d8f8b470,synozur.com,28dc9e03-8a9c-448e-8aa4-7818fa503a82,2026-05-04,34,"{""weights"": {""sovTrend"": 0.3, ""publishRate"": 0.15, ""actionCompletion"": 0.2, ""socialEngagement"": 0.1, ""competitorFreshness"": 0.25}, ""sovTrend"": 0, ""publishRate"": 0, ""actionCompletion"": 50, ""socialEngagement"": 0, ""competitorFreshness"": 95}",b2b,,2026-05-17 16:44:07.882322
2555bca7-c10d-41e3-af54-380925ccbd62,synozur.com,17b318bd-67fa-40b5-858e-77c3db633a56,2026-05-04,22,"{""weights"": {""sovTrend"": 0.25, ""publishRate"": 0.25, ""actionCompletion"": 0.15, ""socialEngagement"": 0.2, ""competitorFreshness"": 0.15}, ""sovTrend"": 0, ""publishRate"": 0, ""actionCompletion"": 50, ""socialEngagement"": 0, ""competitorFreshness"": 95}",b2c,,2026-05-17 16:44:13.882272
1c6e0161-46d0-4e88-959a-aae961c8446b,synozur.com,0afdd7be-dd94-47e6-89d5-dd3696094e45,2026-05-04,24,"{""weights"": {""sovTrend"": 0.3, ""publishRate"": 0.15, ""actionCompletion"": 0.2, ""socialEngagement"": 0.1, ""competitorFreshness"": 0.25}, ""sovTrend"": 0, ""publishRate"": 0, ""actionCompletion"": 0, ""socialEngagement"": 0, ""competitorFreshness"": 95}",b2b,,2026-05-17 16:44:18.181784
f5624d7d-0dd9-49dc-977b-d3783dc0ba27,synozur.com,1d70e3b8-1fc9-4c26-a4ea-194832396b83,2026-06-01,21,"{""weights"": {""sovTrend"": 0.25, ""publishRate"": 0.25, ""actionCompletion"": 0.15, ""socialEngagement"": 0.2, ""competitorFreshness"": 0.15}, ""sovTrend"": 0, ""publishRate"": 0, ""actionCompletion"": 50, ""socialEngagement"": 0, ""competitorFreshness"": 92}",b2c,,2026-06-14 21:37:26.69024
80641931-a0ac-4e07-8225-d1ca424175dc,synozur.com,5d149a37-4d48-4ada-994a-eff6cc41c995,2026-06-15,32,"{""weights"": {""sovTrend"": 0.3, ""publishRate"": 0.15, ""actionCompletion"": 0.2, ""socialEngagement"": 0.1, ""competitorFreshness"": 0.25}, ""sovTrend"": 0, ""publishRate"": 0, ""actionCompletion"": 50, ""socialEngagement"": 0, ""competitorFreshness"": 88}",b2b,,2026-06-28 21:52:42.41237
d935143c-ef7b-43ef-bb34-0d67b8fb873f,synozur.com,a83caa9d-904f-4508-a008-028921e755d2,2026-05-04,34,"{""weights"": {""sovTrend"": 0.3, ""publishRate"": 0.15, ""actionCompletion"": 0.2, ""socialEngagement"": 0.1, ""competitorFreshness"": 0.25}, ""sovTrend"": 0, ""publishRate"": 0, ""actionCompletion"": 50, ""socialEngagement"": 0, ""competitorFreshness"": 95}",b2b,,2026-05-17 16:44:30.082257
db61e144-1271-4a80-8589-403caca5ceb5,synozur.com,21967b75-d76d-4c89-91f5-59b4a9a3d089,2026-05-04,22,"{""weights"": {""sovTrend"": 0.25, ""publishRate"": 0.25, ""actionCompletion"": 0.15, ""socialEngagement"": 0.2, ""competitorFreshness"": 0.15}, ""sovTrend"": 0, ""publishRate"": 0, ""actionCompletion"": 50, ""socialEngagement"": 0, ""competitorFreshness"": 95}",b2c,,2026-05-17 16:44:35.881095
69122a67-7b5d-493a-b7dd-eda72186860d,synozur.com,723cb0a7-893c-4f36-b867-d6a207f2bfde,2026-05-04,14,"{""weights"": {""sovTrend"": 0.25, ""publishRate"": 0.25, ""actionCompletion"": 0.15, ""socialEngagement"": 0.2, ""competitorFreshness"": 0.15}, ""sovTrend"": 0, ""publishRate"": 0, ""actionCompletion"": 0, ""socialEngagement"": 0, ""competitorFreshness"": 95}",b2c,,2026-05-17 16:45:05.786842
d1496f52-583e-4083-ab4f-3babf64d9ec6,synozur.com,84a7b88d-e662-47ef-9a1a-fbc2d1046b49,2026-05-11,27,"{""weights"": {""sovTrend"": 0.3, ""publishRate"": 0.15, ""actionCompletion"": 0.2, ""socialEngagement"": 0.1, ""competitorFreshness"": 0.25}, ""sovTrend"": 0, ""publishRate"": 0, ""actionCompletion"": 0, ""socialEngagement"": 43, ""competitorFreshness"": 91}",b2b,,2026-05-24 23:49:36.297686
c06298fb-c018-4ed5-9e28-58434d43b0cf,synozur.com,d8017313-db5e-4e57-910c-95b19f5f9b19,2026-05-11,22,"{""weights"": {""sovTrend"": 0.25, ""publishRate"": 0.25, ""actionCompletion"": 0.15, ""socialEngagement"": 0.2, ""competitorFreshness"": 0.15}, ""sovTrend"": 0, ""publishRate"": 0, ""actionCompletion"": 0, ""socialEngagement"": 43, ""competitorFreshness"": 91}",b2c,,2026-05-24 23:49:39.198093
9faf445d-ada0-457e-995f-6cd12683a2b1,accordancetech.com,,2026-05-11,23,"{""weights"": {""sovTrend"": 0.3, ""publishRate"": 0.15, ""actionCompletion"": 0.2, ""socialEngagement"": 0.1, ""competitorFreshness"": 0.25}, ""sovTrend"": 0, ""publishRate"": 0, ""actionCompletion"": 50, ""socialEngagement"": 0, ""competitorFreshness"": 50}",b2b,,2026-05-24 23:49:42.027368
3ef87336-d644-4ea5-b098-3a0214bcf797,synozur.com,0d26aaa5-4ae5-40d8-a834-e70c84f9d45e,2026-05-18,33,"{""weights"": {""sovTrend"": 0.3, ""publishRate"": 0.15, ""actionCompletion"": 0.2, ""socialEngagement"": 0.1, ""competitorFreshness"": 0.25}, ""sovTrend"": 0, ""publishRate"": 0, ""actionCompletion"": 50, ""socialEngagement"": 0, ""competitorFreshness"": 90}",b2b,,2026-05-31 22:08:43.774547
c21cb3f7-3520-4629-95d9-1ded0fed16bb,synozur.com,60965484-0510-4fee-b01a-fb6bb2422b80,2026-05-18,33,"{""weights"": {""sovTrend"": 0.3, ""publishRate"": 0.15, ""actionCompletion"": 0.2, ""socialEngagement"": 0.1, ""competitorFreshness"": 0.25}, ""sovTrend"": 0, ""publishRate"": 0, ""actionCompletion"": 50, ""socialEngagement"": 0, ""competitorFreshness"": 90}",b2b,,2026-05-31 22:08:52.674769
db45aae8-7d87-4c02-90a0-6e1c272944e2,synozur.com,fd07e8e6-04ec-4d59-bd3d-04ed0e567c12,2026-05-18,33,"{""weights"": {""sovTrend"": 0.3, ""publishRate"": 0.15, ""actionCompletion"": 0.2, ""socialEngagement"": 0.1, ""competitorFreshness"": 0.25}, ""sovTrend"": 0, ""publishRate"": 0, ""actionCompletion"": 50, ""socialEngagement"": 0, ""competitorFreshness"": 90}",b2b,,2026-05-31 22:08:59.573982
55c484c8-2c80-48c8-950c-55c41fb1d113,synozur.com,6f5ed80d-e3b4-4d0e-8c71-6c622c224de8,2026-05-18,33,"{""weights"": {""sovTrend"": 0.3, ""publishRate"": 0.15, ""actionCompletion"": 0.2, ""socialEngagement"": 0.1, ""competitorFreshness"": 0.25}, ""sovTrend"": 0, ""publishRate"": 0, ""actionCompletion"": 50, ""socialEngagement"": 0, ""competitorFreshness"": 90}",b2b,,2026-05-31 22:09:18.97398
f4f8a4ae-ce31-4d66-b46d-0c5f38be5515,synozur.com,d446066a-1794-478a-b019-63409921304a,2026-05-18,33,"{""weights"": {""sovTrend"": 0.3, ""publishRate"": 0.15, ""actionCompletion"": 0.2, ""socialEngagement"": 0.1, ""competitorFreshness"": 0.25}, ""sovTrend"": 0, ""publishRate"": 0, ""actionCompletion"": 50, ""socialEngagement"": 0, ""competitorFreshness"": 90}",b2b,,2026-05-31 22:09:42.675275
1e6f93d9-c1d2-4d1d-b0ad-3de771eb2993,synozur.com,cbb5fabd-c82b-4d50-bd34-2a0d79398622,2026-04-27,34,"{""weights"": {""sovTrend"": 0.3, ""publishRate"": 0.15, ""actionCompletion"": 0.2, ""socialEngagement"": 0.1, ""competitorFreshness"": 0.25}, ""sovTrend"": 0, ""publishRate"": 0, ""actionCompletion"": 50, ""socialEngagement"": 0, ""competitorFreshness"": 95}",b2b,,2026-05-10 18:08:17.812162
3fb30d80-6b8a-4aae-8559-add4b562c2f1,synozur.com,9f8f5946-4dd7-418b-b200-ff258a569bf2,2026-04-27,34,"{""weights"": {""sovTrend"": 0.3, ""publishRate"": 0.15, ""actionCompletion"": 0.2, ""socialEngagement"": 0.1, ""competitorFreshness"": 0.25}, ""sovTrend"": 0, ""publishRate"": 0, ""actionCompletion"": 50, ""socialEngagement"": 0, ""competitorFreshness"": 95}",b2b,,2026-05-10 18:08:22.311952
d0f66f4f-aa72-4f81-ab0f-77063e5d3574,synozur.com,b085c33e-6301-4882-a3fd-5010c4e45238,2026-04-27,34,"{""weights"": {""sovTrend"": 0.3, ""publishRate"": 0.15, ""actionCompletion"": 0.2, ""socialEngagement"": 0.1, ""competitorFreshness"": 0.25}, ""sovTrend"": 0, ""publishRate"": 0, ""actionCompletion"": 50, ""socialEngagement"": 0, ""competitorFreshness"": 95}",b2b,,2026-05-10 18:08:47.266927
b784da5d-823a-4637-b5c6-bddc1c2f7f29,synozur.com,188acbd9-121b-4b3f-b21b-37b4e46638e0,2026-04-27,24,"{""weights"": {""sovTrend"": 0.3, ""publishRate"": 0.15, ""actionCompletion"": 0.2, ""socialEngagement"": 0.1, ""competitorFreshness"": 0.25}, ""sovTrend"": 0, ""publishRate"": 0, ""actionCompletion"": 0, ""socialEngagement"": 0, ""competitorFreshness"": 95}",b2b,,2026-05-10 18:09:00.812622
adb09e44-415e-44ee-ad6b-c60ff1f967e6,synozur.com,ca220481-8e38-44ac-8bec-b77fce1155d9,2026-04-27,34,"{""weights"": {""sovTrend"": 0.3, ""publishRate"": 0.15, ""actionCompletion"": 0.2, ""socialEngagement"": 0.1, ""competitorFreshness"": 0.25}, ""sovTrend"": 0, ""publishRate"": 0, ""actionCompletion"": 50, ""socialEngagement"": 0, ""competitorFreshness"": 95}",b2b,,2026-05-10 18:09:36.913368
7f62ce08-73ff-4cac-ae61-11f84c34de89,synozur.com,0ef94ec0-4a79-4bf6-8bf8-7009864131e5,2026-04-27,34,"{""weights"": {""sovTrend"": 0.3, ""publishRate"": 0.15, ""actionCompletion"": 0.2, ""socialEngagement"": 0.1, ""competitorFreshness"": 0.25}, ""sovTrend"": 0, ""publishRate"": 0, ""actionCompletion"": 50, ""socialEngagement"": 0, ""competitorFreshness"": 95}",b2b,,2026-05-10 18:09:59.713165
14227ac1-fe6b-4809-ac93-b7d11f1100c8,synozur.com,6496aaa4-2ddf-4cad-a993-29582e8590b1,2026-04-27,34,"{""weights"": {""sovTrend"": 0.3, ""publishRate"": 0.15, ""actionCompletion"": 0.2, ""socialEngagement"": 0.1, ""competitorFreshness"": 0.25}, ""sovTrend"": 0, ""publishRate"": 0, ""actionCompletion"": 50, ""socialEngagement"": 0, ""competitorFreshness"": 95}",b2b,,2026-05-10 18:10:12.712806
e90a3701-a5eb-46fc-befa-133e0df89b1f,synozur.com,9705950c-adda-40e3-8f88-7704fdff4d50,2026-04-27,24,"{""weights"": {""sovTrend"": 0.3, ""publishRate"": 0.15, ""actionCompletion"": 0.2, ""socialEngagement"": 0.1, ""competitorFreshness"": 0.25}, ""sovTrend"": 0, ""publishRate"": 0, ""actionCompletion"": 0, ""socialEngagement"": 0, ""competitorFreshness"": 95}",b2b,,2026-05-10 18:10:27.511672
c998da4d-0367-44a8-afd3-35a92f7cf24c,synozur.com,e60427a8-7765-4e8a-a031-3324c883931f,2026-04-27,34,"{""weights"": {""sovTrend"": 0.3, ""publishRate"": 0.15, ""actionCompletion"": 0.2, ""socialEngagement"": 0.1, ""competitorFreshness"": 0.25}, ""sovTrend"": 0, ""publishRate"": 0, ""actionCompletion"": 50, ""socialEngagement"": 0, ""competitorFreshness"": 95}",b2b,,2026-05-10 18:10:39.711345
f77c80c2-824f-4cf2-8159-3be8696c7f4d,synozur.com,0d26aaa5-4ae5-40d8-a834-e70c84f9d45e,2026-04-27,34,"{""weights"": {""sovTrend"": 0.3, ""publishRate"": 0.15, ""actionCompletion"": 0.2, ""socialEngagement"": 0.1, ""competitorFreshness"": 0.25}, ""sovTrend"": 0, ""publishRate"": 0, ""actionCompletion"": 50, ""socialEngagement"": 0, ""competitorFreshness"": 95}",b2b,,2026-05-10 18:10:44.412797
bd54c21f-6a08-4474-9bc0-7c284323a533,synozur.com,60965484-0510-4fee-b01a-fb6bb2422b80,2026-04-27,34,"{""weights"": {""sovTrend"": 0.3, ""publishRate"": 0.15, ""actionCompletion"": 0.2, ""socialEngagement"": 0.1, ""competitorFreshness"": 0.25}, ""sovTrend"": 0, ""publishRate"": 0, ""actionCompletion"": 50, ""socialEngagement"": 0, ""competitorFreshness"": 95}",b2b,,2026-05-10 18:11:20.514243
2367b2d7-211a-47a9-bdfc-48c5e29ffda7,synozur.com,fd07e8e6-04ec-4d59-bd3d-04ed0e567c12,2026-04-27,34,"{""weights"": {""sovTrend"": 0.3, ""publishRate"": 0.15, ""actionCompletion"": 0.2, ""socialEngagement"": 0.1, ""competitorFreshness"": 0.25}, ""sovTrend"": 0, ""publishRate"": 0, ""actionCompletion"": 50, ""socialEngagement"": 0, ""competitorFreshness"": 95}",b2b,,2026-05-10 18:11:39.712798
2411be23-a4c4-4359-9343-cba5a5a1947b,synozur.com,6f5ed80d-e3b4-4d0e-8c71-6c622c224de8,2026-04-27,34,"{""weights"": {""sovTrend"": 0.3, ""publishRate"": 0.15, ""actionCompletion"": 0.2, ""socialEngagement"": 0.1, ""competitorFreshness"": 0.25}, ""sovTrend"": 0, ""publishRate"": 0, ""actionCompletion"": 50, ""socialEngagement"": 0, ""competitorFreshness"": 95}",b2b,,2026-05-10 18:11:47.412602
b3224ea4-f120-4f9c-a38b-845db0407d87,synozur.com,d446066a-1794-478a-b019-63409921304a,2026-04-27,34,"{""weights"": {""sovTrend"": 0.3, ""publishRate"": 0.15, ""actionCompletion"": 0.2, ""socialEngagement"": 0.1, ""competitorFreshness"": 0.25}, ""sovTrend"": 0, ""publishRate"": 0, ""actionCompletion"": 50, ""socialEngagement"": 0, ""competitorFreshness"": 95}",b2b,,2026-05-10 18:11:57.911364
5b2433f5-f8da-4653-a574-48c6a0ad9faf,reveillesoftware.com,,2026-04-27,35,"{""weights"": {""sovTrend"": 0.3, ""publishRate"": 0.15, ""actionCompletion"": 0.2, ""socialEngagement"": 0.1, ""competitorFreshness"": 0.25}, ""sovTrend"": 0, ""publishRate"": 0, ""actionCompletion"": 50, ""socialEngagement"": 0, ""competitorFreshness"": 100}",b2b,,2026-05-10 18:03:38.411511
1fc64a73-a9df-49ba-9366-db2acd74ef97,reveillesoftware.com,cf966795-4a02-410b-ac2b-00d57aca1127,2026-04-27,35,"{""weights"": {""sovTrend"": 0.3, ""publishRate"": 0.15, ""actionCompletion"": 0.2, ""socialEngagement"": 0.1, ""competitorFreshness"": 0.25}, ""sovTrend"": 0, ""publishRate"": 0, ""actionCompletion"": 50, ""socialEngagement"": 0, ""competitorFreshness"": 100}",b2b,,2026-05-10 18:03:42.211417
84663c56-ab37-4de1-8d47-df54fe9454ca,go-planet.com,,2026-04-27,39,"{""weights"": {""sovTrend"": 0.3, ""publishRate"": 0.15, ""actionCompletion"": 0.2, ""socialEngagement"": 0.1, ""competitorFreshness"": 0.25}, ""sovTrend"": 0, ""publishRate"": 0, ""actionCompletion"": 50, ""socialEngagement"": 37, ""competitorFreshness"": 100}",b2b,,2026-05-10 18:03:45.711947
dbbd9e21-572d-45d4-9cd5-10cfc9f2b677,chrismcnulty.net,,2026-04-27,16,"{""weights"": {""sovTrend"": 0.25, ""publishRate"": 0.25, ""actionCompletion"": 0.15, ""socialEngagement"": 0.2, ""competitorFreshness"": 0.15}, ""sovTrend"": 0, ""publishRate"": 0, ""actionCompletion"": 50, ""socialEngagement"": 0, ""competitorFreshness"": 57}",b2c,,2026-05-10 18:03:52.712404
6996035b-2af4-4d65-9674-359f685c2127,protiviti.com,,2026-04-27,35,"{""weights"": {""sovTrend"": 0.3, ""publishRate"": 0.15, ""actionCompletion"": 0.2, ""socialEngagement"": 0.1, ""competitorFreshness"": 0.25}, ""sovTrend"": 0, ""publishRate"": 0, ""actionCompletion"": 50, ""socialEngagement"": 0, ""competitorFreshness"": 100}",b2b,,2026-05-10 18:03:57.210851
c759c1cb-6fd9-48b5-9d61-98abb0fe2001,protiviti.com,ef08cf28-7cb2-4515-a451-62f3989b55cf,2026-04-27,35,"{""weights"": {""sovTrend"": 0.3, ""publishRate"": 0.15, ""actionCompletion"": 0.2, ""socialEngagement"": 0.1, ""competitorFreshness"": 0.25}, ""sovTrend"": 0, ""publishRate"": 0, ""actionCompletion"": 50, ""socialEngagement"": 0, ""competitorFreshness"": 100}",b2b,,2026-05-10 18:04:04.111524
064699cf-8eb5-40b8-875c-9eddd742316a,synozur.com,,2026-04-27,24,"{""weights"": {""sovTrend"": 0.3, ""publishRate"": 0.15, ""actionCompletion"": 0.2, ""socialEngagement"": 0.1, ""competitorFreshness"": 0.25}, ""sovTrend"": 0, ""publishRate"": 0, ""actionCompletion"": 0, ""socialEngagement"": 0, ""competitorFreshness"": 95}",b2b,,2026-05-10 18:04:16.512884
69cade4c-2210-40cd-a6cb-96cc0324fd61,synozur.com,f78f8c44-7b05-43c5-9add-a08bf46af886,2026-04-27,34,"{""weights"": {""sovTrend"": 0.3, ""publishRate"": 0.15, ""actionCompletion"": 0.2, ""socialEngagement"": 0.1, ""competitorFreshness"": 0.25}, ""sovTrend"": 0, ""publishRate"": 0, ""actionCompletion"": 50, ""socialEngagement"": 0, ""competitorFreshness"": 95}",b2b,,2026-05-10 18:04:29.711674
88ee3ccd-1866-497c-94bf-d85e358435d1,synozur.com,e36f9f62-612b-40dd-b2af-39a6cab20c7a,2026-04-27,34,"{""weights"": {""sovTrend"": 0.3, ""publishRate"": 0.15, ""actionCompletion"": 0.2, ""socialEngagement"": 0.1, ""competitorFreshness"": 0.25}, ""sovTrend"": 0, ""publishRate"": 0, ""actionCompletion"": 50, ""socialEngagement"": 0, ""competitorFreshness"": 95}",b2b,,2026-05-10 18:04:37.512086
4bed9628-de79-4d6d-ba2e-c44665b6da04,synozur.com,9a53d812-6ca7-4dae-bc95-9fc975dadab5,2026-04-27,34,"{""weights"": {""sovTrend"": 0.3, ""publishRate"": 0.15, ""actionCompletion"": 0.2, ""socialEngagement"": 0.1, ""competitorFreshness"": 0.25}, ""sovTrend"": 0, ""publishRate"": 0, ""actionCompletion"": 50, ""socialEngagement"": 0, ""competitorFreshness"": 95}",b2b,,2026-05-10 18:04:46.012056
ef6a407e-eca4-4f98-a453-897b460ecc62,synozur.com,9a959fb8-9171-4141-a2b8-f2df7ee805ee,2026-04-27,34,"{""weights"": {""sovTrend"": 0.3, ""publishRate"": 0.15, ""actionCompletion"": 0.2, ""socialEngagement"": 0.1, ""competitorFreshness"": 0.25}, ""sovTrend"": 0, ""publishRate"": 0, ""actionCompletion"": 50, ""socialEngagement"": 0, ""competitorFreshness"": 95}",b2b,,2026-05-10 18:05:36.012558
84086a59-247b-474f-9aa1-be8fd3b2e2e1,synozur.com,17daaca7-2a15-4f92-bbf3-c9a401ef36ac,2026-04-27,34,"{""weights"": {""sovTrend"": 0.3, ""publishRate"": 0.15, ""actionCompletion"": 0.2, ""socialEngagement"": 0.1, ""competitorFreshness"": 0.25}, ""sovTrend"": 0, ""publishRate"": 0, ""actionCompletion"": 50, ""socialEngagement"": 0, ""competitorFreshness"": 95}",b2b,,2026-05-10 18:05:53.012935
64c5c0e5-13b3-4f45-a140-bce06a56fd51,synozur.com,bc7e3c6b-277f-4220-81d8-2bc62426ad25,2026-04-27,34,"{""weights"": {""sovTrend"": 0.3, ""publishRate"": 0.15, ""actionCompletion"": 0.2, ""socialEngagement"": 0.1, ""competitorFreshness"": 0.25}, ""sovTrend"": 0, ""publishRate"": 0, ""actionCompletion"": 50, ""socialEngagement"": 0, ""competitorFreshness"": 95}",b2b,,2026-05-10 18:06:00.41371
68fa0764-450e-4480-a777-ea3a04963841,synozur.com,5428db01-79b3-4487-a2b2-0e63327f2510,2026-04-27,34,"{""weights"": {""sovTrend"": 0.3, ""publishRate"": 0.15, ""actionCompletion"": 0.2, ""socialEngagement"": 0.1, ""competitorFreshness"": 0.25}, ""sovTrend"": 0, ""publishRate"": 0, ""actionCompletion"": 50, ""socialEngagement"": 0, ""competitorFreshness"": 95}",b2b,,2026-05-10 18:06:06.213874
6eccdc20-cc50-466e-beee-b1b89afe7f7c,synozur.com,5d149a37-4d48-4ada-994a-eff6cc41c995,2026-04-27,24,"{""weights"": {""sovTrend"": 0.3, ""publishRate"": 0.15, ""actionCompletion"": 0.2, ""socialEngagement"": 0.1, ""competitorFreshness"": 0.25}, ""sovTrend"": 0, ""publishRate"": 0, ""actionCompletion"": 0, ""socialEngagement"": 0, ""competitorFreshness"": 95}",b2b,,2026-05-10 18:06:11.412281
5ccdf7d3-7fb8-4273-9da1-6e4d50c88ccf,synozur.com,7e86ba11-1ba2-4853-a91b-bcd180e0ba0f,2026-05-18,14,"{""weights"": {""sovTrend"": 0.25, ""publishRate"": 0.25, ""actionCompletion"": 0.15, ""socialEngagement"": 0.2, ""competitorFreshness"": 0.15}, ""sovTrend"": 0, ""publishRate"": 0, ""actionCompletion"": 0, ""socialEngagement"": 0, ""competitorFreshness"": 90}",b2c,,2026-05-31 22:09:56.975402
9ac4bec3-9818-485a-9228-cde8e0f763a0,synozur.com,0a0caa0c-74f1-41e0-ae37-a070ed194772,2026-04-27,34,"{""weights"": {""sovTrend"": 0.3, ""publishRate"": 0.15, ""actionCompletion"": 0.2, ""socialEngagement"": 0.1, ""competitorFreshness"": 0.25}, ""sovTrend"": 0, ""publishRate"": 0, ""actionCompletion"": 50, ""socialEngagement"": 0, ""competitorFreshness"": 95}",b2b,,2026-05-10 18:07:36.412324
aad958e8-cebf-436e-ba77-957850767f1f,synozur.com,7e86ba11-1ba2-4853-a91b-bcd180e0ba0f,2026-04-27,22,"{""weights"": {""sovTrend"": 0.25, ""publishRate"": 0.25, ""actionCompletion"": 0.15, ""socialEngagement"": 0.2, ""competitorFreshness"": 0.15}, ""sovTrend"": 0, ""publishRate"": 0, ""actionCompletion"": 50, ""socialEngagement"": 0, ""competitorFreshness"": 95}",b2c,,2026-05-10 18:11:58.478764
ee77791b-41a6-4d96-9b11-2f33f49294a6,synozur.com,7f49f485-e251-4e51-8114-cce62e5ce6a9,2026-05-18,33,"{""weights"": {""sovTrend"": 0.3, ""publishRate"": 0.15, ""actionCompletion"": 0.2, ""socialEngagement"": 0.1, ""competitorFreshness"": 0.25}, ""sovTrend"": 0, ""publishRate"": 0, ""actionCompletion"": 50, ""socialEngagement"": 0, ""competitorFreshness"": 90}",b2b,,2026-05-31 22:10:10.074953
b2011648-46d8-4a64-b053-7b809b6dc14a,synozur.com,298c26bd-3400-4ac4-8001-eb38f4f163ed,2026-05-18,33,"{""weights"": {""sovTrend"": 0.3, ""publishRate"": 0.15, ""actionCompletion"": 0.2, ""socialEngagement"": 0.1, ""competitorFreshness"": 0.25}, ""sovTrend"": 0, ""publishRate"": 0, ""actionCompletion"": 50, ""socialEngagement"": 0, ""competitorFreshness"": 90}",b2b,,2026-05-31 22:10:16.874735
6e34a2f0-a289-45bb-b66f-e83bac6777ee,synozur.com,0dad59af-ea3b-4cb2-bf04-f365c7a69114,2026-05-18,33,"{""weights"": {""sovTrend"": 0.3, ""publishRate"": 0.15, ""actionCompletion"": 0.2, ""socialEngagement"": 0.1, ""competitorFreshness"": 0.25}, ""sovTrend"": 0, ""publishRate"": 0, ""actionCompletion"": 50, ""socialEngagement"": 0, ""competitorFreshness"": 90}",b2b,,2026-05-31 22:10:20.974871
158cc2e0-01f5-40f5-a2d9-ca5f8d576a83,synozur.com,872dde94-3e6c-4115-acdc-2c79b3276138,2026-05-18,23,"{""weights"": {""sovTrend"": 0.3, ""publishRate"": 0.15, ""actionCompletion"": 0.2, ""socialEngagement"": 0.1, ""competitorFreshness"": 0.25}, ""sovTrend"": 0, ""publishRate"": 0, ""actionCompletion"": 0, ""socialEngagement"": 0, ""competitorFreshness"": 90}",b2b,,2026-05-31 22:10:28.125363
7afdaf66-3c7b-4414-87bb-18e2e8365303,synozur.com,93e60ca4-1f9d-456d-af6d-82d8af0566d1,2026-05-18,33,"{""weights"": {""sovTrend"": 0.3, ""publishRate"": 0.15, ""actionCompletion"": 0.2, ""socialEngagement"": 0.1, ""competitorFreshness"": 0.25}, ""sovTrend"": 0, ""publishRate"": 0, ""actionCompletion"": 50, ""socialEngagement"": 0, ""competitorFreshness"": 90}",b2b,,2026-05-31 22:10:29.573638
8334ce84-4a12-4b69-abf2-bf0d75cd3603,synozur.com,9a959fb8-9171-4141-a2b8-f2df7ee805ee,2026-05-04,34,"{""weights"": {""sovTrend"": 0.3, ""publishRate"": 0.15, ""actionCompletion"": 0.2, ""socialEngagement"": 0.1, ""competitorFreshness"": 0.25}, ""sovTrend"": 0, ""publishRate"": 0, ""actionCompletion"": 50, ""socialEngagement"": 0, ""competitorFreshness"": 95}",b2b,,2026-05-17 16:38:37.980484
c5a9ab32-4390-47d4-b1a9-769480a3b6c6,synozur.com,17daaca7-2a15-4f92-bbf3-c9a401ef36ac,2026-05-04,34,"{""weights"": {""sovTrend"": 0.3, ""publishRate"": 0.15, ""actionCompletion"": 0.2, ""socialEngagement"": 0.1, ""competitorFreshness"": 0.25}, ""sovTrend"": 0, ""publishRate"": 0, ""actionCompletion"": 50, ""socialEngagement"": 0, ""competitorFreshness"": 95}",b2b,,2026-05-17 16:39:03.281201
aa9f7397-1c81-409d-a54d-5a062bb48a52,synozur.com,cbb5fabd-c82b-4d50-bd34-2a0d79398622,2026-05-04,34,"{""weights"": {""sovTrend"": 0.3, ""publishRate"": 0.15, ""actionCompletion"": 0.2, ""socialEngagement"": 0.1, ""competitorFreshness"": 0.25}, ""sovTrend"": 0, ""publishRate"": 0, ""actionCompletion"": 50, ""socialEngagement"": 0, ""competitorFreshness"": 95}",b2b,,2026-05-17 16:41:51.38067
df632de8-dd1b-4022-afb3-f360f0b26962,synozur.com,9f8f5946-4dd7-418b-b200-ff258a569bf2,2026-05-04,34,"{""weights"": {""sovTrend"": 0.3, ""publishRate"": 0.15, ""actionCompletion"": 0.2, ""socialEngagement"": 0.1, ""competitorFreshness"": 0.25}, ""sovTrend"": 0, ""publishRate"": 0, ""actionCompletion"": 50, ""socialEngagement"": 0, ""competitorFreshness"": 95}",b2b,,2026-05-17 16:42:01.981327
ab6e9a63-26d3-4629-9dcf-cd00eac9d618,synozur.com,b085c33e-6301-4882-a3fd-5010c4e45238,2026-05-04,34,"{""weights"": {""sovTrend"": 0.3, ""publishRate"": 0.15, ""actionCompletion"": 0.2, ""socialEngagement"": 0.1, ""competitorFreshness"": 0.25}, ""sovTrend"": 0, ""publishRate"": 0, ""actionCompletion"": 50, ""socialEngagement"": 0, ""competitorFreshness"": 95}",b2b,,2026-05-17 16:42:12.581321
bd65fd71-c81c-48e9-b4a7-692a180c01ce,synozur.com,188acbd9-121b-4b3f-b21b-37b4e46638e0,2026-05-04,34,"{""weights"": {""sovTrend"": 0.3, ""publishRate"": 0.15, ""actionCompletion"": 0.2, ""socialEngagement"": 0.1, ""competitorFreshness"": 0.25}, ""sovTrend"": 0, ""publishRate"": 0, ""actionCompletion"": 50, ""socialEngagement"": 0, ""competitorFreshness"": 95}",b2b,,2026-05-17 16:42:19.615107
5e00eb0c-2093-427e-b3ac-22e8c5c18dcc,synozur.com,ca220481-8e38-44ac-8bec-b77fce1155d9,2026-05-04,34,"{""weights"": {""sovTrend"": 0.3, ""publishRate"": 0.15, ""actionCompletion"": 0.2, ""socialEngagement"": 0.1, ""competitorFreshness"": 0.25}, ""sovTrend"": 0, ""publishRate"": 0, ""actionCompletion"": 50, ""socialEngagement"": 0, ""competitorFreshness"": 95}",b2b,,2026-05-17 16:42:23.681665
55d0eea8-8bcd-4b92-bb96-fc6c001535d0,synozur.com,0ef94ec0-4a79-4bf6-8bf8-7009864131e5,2026-05-04,36,"{""weights"": {""sovTrend"": 0.3, ""publishRate"": 0.15, ""actionCompletion"": 0.2, ""socialEngagement"": 0.1, ""competitorFreshness"": 0.25}, ""sovTrend"": 0, ""publishRate"": 13, ""actionCompletion"": 50, ""socialEngagement"": 0, ""competitorFreshness"": 95}",b2b,,2026-05-17 16:42:30.181721
b82bca7e-75af-41e2-bae8-daebec484e6c,synozur.com,6496aaa4-2ddf-4cad-a993-29582e8590b1,2026-05-04,34,"{""weights"": {""sovTrend"": 0.3, ""publishRate"": 0.15, ""actionCompletion"": 0.2, ""socialEngagement"": 0.1, ""competitorFreshness"": 0.25}, ""sovTrend"": 0, ""publishRate"": 0, ""actionCompletion"": 50, ""socialEngagement"": 0, ""competitorFreshness"": 95}",b2b,,2026-05-17 16:42:37.481984
c7b6a1cd-12e9-4a74-b602-511ce0c907d6,synozur.com,9705950c-adda-40e3-8f88-7704fdff4d50,2026-05-04,24,"{""weights"": {""sovTrend"": 0.3, ""publishRate"": 0.15, ""actionCompletion"": 0.2, ""socialEngagement"": 0.1, ""competitorFreshness"": 0.25}, ""sovTrend"": 0, ""publishRate"": 0, ""actionCompletion"": 0, ""socialEngagement"": 0, ""competitorFreshness"": 95}",b2b,,2026-05-17 16:42:52.981774
3b27c9ac-f439-4c86-90e4-7a9630a9320f,synozur.com,b3c49c08-f9c9-483b-8820-acffc29be17a,2026-05-04,14,"{""weights"": {""sovTrend"": 0.25, ""publishRate"": 0.25, ""actionCompletion"": 0.15, ""socialEngagement"": 0.2, ""competitorFreshness"": 0.15}, ""sovTrend"": 0, ""publishRate"": 0, ""actionCompletion"": 0, ""socialEngagement"": 0, ""competitorFreshness"": 95}",b2c,,2026-05-17 16:45:11.781165
40d2fc84-0a74-4ba7-b7c7-a5fd84dd0166,synozur.com,1e288019-256e-4322-9781-1034bd47331c,2026-05-04,34,"{""weights"": {""sovTrend"": 0.3, ""publishRate"": 0.15, ""actionCompletion"": 0.2, ""socialEngagement"": 0.1, ""competitorFreshness"": 0.25}, ""sovTrend"": 0, ""publishRate"": 0, ""actionCompletion"": 50, ""socialEngagement"": 0, ""competitorFreshness"": 95}",b2b,,2026-05-17 16:45:15.782533
afd42fa5-736d-4fcf-8fe9-a16656a8da8d,synozur.com,9a69511b-78e8-4ac0-b74a-3892578b764b,2026-05-04,14,"{""weights"": {""sovTrend"": 0.25, ""publishRate"": 0.25, ""actionCompletion"": 0.15, ""socialEngagement"": 0.2, ""competitorFreshness"": 0.15}, ""sovTrend"": 0, ""publishRate"": 0, ""actionCompletion"": 0, ""socialEngagement"": 0, ""competitorFreshness"": 95}",b2c,,2026-05-17 16:45:21.68165
abc1e447-f025-4da9-9b9b-66118ce36900,synozur.com,84a7b88d-e662-47ef-9a1a-fbc2d1046b49,2026-05-04,34,"{""weights"": {""sovTrend"": 0.3, ""publishRate"": 0.15, ""actionCompletion"": 0.2, ""socialEngagement"": 0.1, ""competitorFreshness"": 0.25}, ""sovTrend"": 0, ""publishRate"": 0, ""actionCompletion"": 50, ""socialEngagement"": 0, ""competitorFreshness"": 95}",b2b,,2026-05-17 16:45:39.28129
22f13f5b-f156-40e6-9151-9430986d1ed2,synozur.com,d8017313-db5e-4e57-910c-95b19f5f9b19,2026-05-04,22,"{""weights"": {""sovTrend"": 0.25, ""publishRate"": 0.25, ""actionCompletion"": 0.15, ""socialEngagement"": 0.2, ""competitorFreshness"": 0.15}, ""sovTrend"": 0, ""publishRate"": 0, ""actionCompletion"": 50, ""socialEngagement"": 0, ""competitorFreshness"": 95}",b2c,,2026-05-17 16:45:54.880801
d724ff74-6feb-496b-8606-e4cf519a08ea,synozur.com,a8e7cd06-ed45-41ec-b4a1-1c8a55a17a97,2026-05-18,33,"{""weights"": {""sovTrend"": 0.3, ""publishRate"": 0.15, ""actionCompletion"": 0.2, ""socialEngagement"": 0.1, ""competitorFreshness"": 0.25}, ""sovTrend"": 0, ""publishRate"": 0, ""actionCompletion"": 50, ""socialEngagement"": 0, ""competitorFreshness"": 90}",b2b,,2026-05-31 22:07:19.473621
254395e7-c27a-4e33-a9fd-8343a06b71f9,synozur.com,cbb5fabd-c82b-4d50-bd34-2a0d79398622,2026-05-18,33,"{""weights"": {""sovTrend"": 0.3, ""publishRate"": 0.15, ""actionCompletion"": 0.2, ""socialEngagement"": 0.1, ""competitorFreshness"": 0.25}, ""sovTrend"": 0, ""publishRate"": 0, ""actionCompletion"": 50, ""socialEngagement"": 0, ""competitorFreshness"": 90}",b2b,,2026-05-31 22:07:26.17399
6cb79db2-98a7-430c-bd1d-1626f0aad1f8,synozur.com,9f8f5946-4dd7-418b-b200-ff258a569bf2,2026-05-18,33,"{""weights"": {""sovTrend"": 0.3, ""publishRate"": 0.15, ""actionCompletion"": 0.2, ""socialEngagement"": 0.1, ""competitorFreshness"": 0.25}, ""sovTrend"": 0, ""publishRate"": 0, ""actionCompletion"": 50, ""socialEngagement"": 0, ""competitorFreshness"": 90}",b2b,,2026-05-31 22:07:30.774709
e8279f0b-0916-48fc-9022-974a26e5e776,synozur.com,b085c33e-6301-4882-a3fd-5010c4e45238,2026-05-18,33,"{""weights"": {""sovTrend"": 0.3, ""publishRate"": 0.15, ""actionCompletion"": 0.2, ""socialEngagement"": 0.1, ""competitorFreshness"": 0.25}, ""sovTrend"": 0, ""publishRate"": 0, ""actionCompletion"": 50, ""socialEngagement"": 0, ""competitorFreshness"": 90}",b2b,,2026-05-31 22:07:41.174831
4416f176-2257-4d9b-91b0-c1357b51d0db,synozur.com,188acbd9-121b-4b3f-b21b-37b4e46638e0,2026-05-18,23,"{""weights"": {""sovTrend"": 0.3, ""publishRate"": 0.15, ""actionCompletion"": 0.2, ""socialEngagement"": 0.1, ""competitorFreshness"": 0.25}, ""sovTrend"": 0, ""publishRate"": 0, ""actionCompletion"": 0, ""socialEngagement"": 0, ""competitorFreshness"": 90}",b2b,,2026-05-31 22:07:46.075677
2f55f279-ecc7-456d-8233-006e4c1db440,accordancetech.com,,2026-05-04,23,"{""weights"": {""sovTrend"": 0.3, ""publishRate"": 0.15, ""actionCompletion"": 0.2, ""socialEngagement"": 0.1, ""competitorFreshness"": 0.25}, ""sovTrend"": 0, ""publishRate"": 0, ""actionCompletion"": 50, ""socialEngagement"": 0, ""competitorFreshness"": 50}",b2b,,2026-05-17 16:45:58.381125
522c3781-46f6-45af-bb70-185f54dbeba3,synozur.com,ca220481-8e38-44ac-8bec-b77fce1155d9,2026-05-18,33,"{""weights"": {""sovTrend"": 0.3, ""publishRate"": 0.15, ""actionCompletion"": 0.2, ""socialEngagement"": 0.1, ""competitorFreshness"": 0.25}, ""sovTrend"": 0, ""publishRate"": 0, ""actionCompletion"": 50, ""socialEngagement"": 0, ""competitorFreshness"": 90}",b2b,,2026-05-31 22:07:57.574694
d0b8796e-190a-45db-a496-b1bf02ba3e3d,synozur.com,0ef94ec0-4a79-4bf6-8bf8-7009864131e5,2026-05-18,33,"{""weights"": {""sovTrend"": 0.3, ""publishRate"": 0.15, ""actionCompletion"": 0.2, ""socialEngagement"": 0.1, ""competitorFreshness"": 0.25}, ""sovTrend"": 0, ""publishRate"": 0, ""actionCompletion"": 50, ""socialEngagement"": 0, ""competitorFreshness"": 90}",b2b,,2026-05-31 22:08:08.375332
b5efc18b-8f81-4307-8fae-0a555cbd08aa,synozur.com,6496aaa4-2ddf-4cad-a993-29582e8590b1,2026-05-18,33,"{""weights"": {""sovTrend"": 0.3, ""publishRate"": 0.15, ""actionCompletion"": 0.2, ""socialEngagement"": 0.1, ""competitorFreshness"": 0.25}, ""sovTrend"": 0, ""publishRate"": 0, ""actionCompletion"": 50, ""socialEngagement"": 0, ""competitorFreshness"": 90}",b2b,,2026-05-31 22:08:18.474786
14ee26f0-78c7-429d-b54d-0868b9b69815,synozur.com,9705950c-adda-40e3-8f88-7704fdff4d50,2026-05-18,33,"{""weights"": {""sovTrend"": 0.3, ""publishRate"": 0.15, ""actionCompletion"": 0.2, ""socialEngagement"": 0.1, ""competitorFreshness"": 0.25}, ""sovTrend"": 0, ""publishRate"": 0, ""actionCompletion"": 50, ""socialEngagement"": 0, ""competitorFreshness"": 90}",b2b,,2026-05-31 22:08:28.273282
31909fe6-150a-4f53-9dee-76fe72773cab,synozur.com,e60427a8-7765-4e8a-a031-3324c883931f,2026-05-18,33,"{""weights"": {""sovTrend"": 0.3, ""publishRate"": 0.15, ""actionCompletion"": 0.2, ""socialEngagement"": 0.1, ""competitorFreshness"": 0.25}, ""sovTrend"": 0, ""publishRate"": 0, ""actionCompletion"": 50, ""socialEngagement"": 0, ""competitorFreshness"": 90}",b2b,,2026-05-31 22:08:34.07397
a25c1564-287f-4dc7-b177-0e4817dafdd7,synozur.com,df16877c-1384-407b-be3d-69e8a3442178,2026-05-18,33,"{""weights"": {""sovTrend"": 0.3, ""publishRate"": 0.15, ""actionCompletion"": 0.2, ""socialEngagement"": 0.1, ""competitorFreshness"": 0.25}, ""sovTrend"": 0, ""publishRate"": 0, ""actionCompletion"": 50, ""socialEngagement"": 0, ""competitorFreshness"": 90}",b2b,,2026-05-31 22:10:33.375141
421ee94f-0964-4dc0-a80c-431282fb7a1a,synozur.com,ea07a669-2e2b-4dbc-84fd-42f0009d0955,2026-05-18,46,"{""weights"": {""sovTrend"": 0.25, ""publishRate"": 0.25, ""actionCompletion"": 0.15, ""socialEngagement"": 0.2, ""competitorFreshness"": 0.15}, ""sovTrend"": 100, ""publishRate"": 0, ""actionCompletion"": 50, ""socialEngagement"": 0, ""competitorFreshness"": 90}",b2c,,2026-05-31 22:10:39.773419
2850956b-3b32-41a5-a3c2-33f4b2f3efb4,synozur.com,28dc9e03-8a9c-448e-8aa4-7818fa503a82,2026-05-18,33,"{""weights"": {""sovTrend"": 0.3, ""publishRate"": 0.15, ""actionCompletion"": 0.2, ""socialEngagement"": 0.1, ""competitorFreshness"": 0.25}, ""sovTrend"": 0, ""publishRate"": 0, ""actionCompletion"": 50, ""socialEngagement"": 0, ""competitorFreshness"": 90}",b2b,,2026-05-31 22:10:44.475221
a72d3837-c814-43f6-88a4-d0d6a51465a0,synozur.com,17b318bd-67fa-40b5-858e-77c3db633a56,2026-05-18,21,"{""weights"": {""sovTrend"": 0.25, ""publishRate"": 0.25, ""actionCompletion"": 0.15, ""socialEngagement"": 0.2, ""competitorFreshness"": 0.15}, ""sovTrend"": 0, ""publishRate"": 0, ""actionCompletion"": 50, ""socialEngagement"": 0, ""competitorFreshness"": 90}",b2c,,2026-05-31 22:10:48.974846
2a9c721a-f297-44ca-b205-6c7fb606da9d,synozur.com,0afdd7be-dd94-47e6-89d5-dd3696094e45,2026-05-18,33,"{""weights"": {""sovTrend"": 0.3, ""publishRate"": 0.15, ""actionCompletion"": 0.2, ""socialEngagement"": 0.1, ""competitorFreshness"": 0.25}, ""sovTrend"": 0, ""publishRate"": 0, ""actionCompletion"": 50, ""socialEngagement"": 0, ""competitorFreshness"": 90}",b2b,,2026-05-31 22:10:51.774062
be46e11c-74c1-418b-84ba-b7ec17bcbfb4,synozur.com,9f8f5946-4dd7-418b-b200-ff258a569bf2,2026-06-15,32,"{""weights"": {""sovTrend"": 0.3, ""publishRate"": 0.15, ""actionCompletion"": 0.2, ""socialEngagement"": 0.1, ""competitorFreshness"": 0.25}, ""sovTrend"": 0, ""publishRate"": 0, ""actionCompletion"": 50, ""socialEngagement"": 0, ""competitorFreshness"": 88}",b2b,,2026-06-28 21:52:42.795665
26d3823b-71e6-494e-9f66-c83f3b150290,synozur.com,bc7e3c6b-277f-4220-81d8-2bc62426ad25,2026-05-04,49,"{""weights"": {""sovTrend"": 0.3, ""publishRate"": 0.15, ""actionCompletion"": 0.2, ""socialEngagement"": 0.1, ""competitorFreshness"": 0.25}, ""sovTrend"": 50, ""publishRate"": 0, ""actionCompletion"": 50, ""socialEngagement"": 0, ""competitorFreshness"": 95}",b2b,,2026-05-17 16:39:55.184308
e3497836-6459-4111-94fb-3ba1ef836009,synozur.com,5428db01-79b3-4487-a2b2-0e63327f2510,2026-05-04,34,"{""weights"": {""sovTrend"": 0.3, ""publishRate"": 0.15, ""actionCompletion"": 0.2, ""socialEngagement"": 0.1, ""competitorFreshness"": 0.25}, ""sovTrend"": 0, ""publishRate"": 0, ""actionCompletion"": 50, ""socialEngagement"": 0, ""competitorFreshness"": 95}",b2b,,2026-05-17 16:40:04.883326
27e730ad-7ab3-45a5-ad7d-45fc81345acc,synozur.com,e60427a8-7765-4e8a-a031-3324c883931f,2026-05-04,34,"{""weights"": {""sovTrend"": 0.3, ""publishRate"": 0.15, ""actionCompletion"": 0.2, ""socialEngagement"": 0.1, ""competitorFreshness"": 0.25}, ""sovTrend"": 0, ""publishRate"": 0, ""actionCompletion"": 50, ""socialEngagement"": 0, ""competitorFreshness"": 95}",b2b,,2026-05-17 16:43:07.580982
2fa14950-e987-4c66-b752-ec6e4378e068,synozur.com,0d26aaa5-4ae5-40d8-a834-e70c84f9d45e,2026-05-04,34,"{""weights"": {""sovTrend"": 0.3, ""publishRate"": 0.15, ""actionCompletion"": 0.2, ""socialEngagement"": 0.1, ""competitorFreshness"": 0.25}, ""sovTrend"": 0, ""publishRate"": 0, ""actionCompletion"": 50, ""socialEngagement"": 0, ""competitorFreshness"": 95}",b2b,,2026-05-17 16:43:11.381721
46b6df67-b7bc-4d37-b6e0-0ae8e7291099,synozur.com,a83caa9d-904f-4508-a008-028921e755d2,2026-05-18,33,"{""weights"": {""sovTrend"": 0.3, ""publishRate"": 0.15, ""actionCompletion"": 0.2, ""socialEngagement"": 0.1, ""competitorFreshness"": 0.25}, ""sovTrend"": 0, ""publishRate"": 0, ""actionCompletion"": 50, ""socialEngagement"": 0, ""competitorFreshness"": 90}",b2b,,2026-05-31 22:11:04.075284
441cc95e-a36b-434f-a27c-5b2fb8f1a139,synozur.com,21967b75-d76d-4c89-91f5-59b4a9a3d089,2026-05-18,21,"{""weights"": {""sovTrend"": 0.25, ""publishRate"": 0.25, ""actionCompletion"": 0.15, ""socialEngagement"": 0.2, ""competitorFreshness"": 0.15}, ""sovTrend"": 0, ""publishRate"": 0, ""actionCompletion"": 50, ""socialEngagement"": 0, ""competitorFreshness"": 90}",b2c,,2026-05-31 22:11:07.874457
6fb67208-4589-4eef-aed4-ff0a597ee4c4,synozur.com,723cb0a7-893c-4f36-b867-d6a207f2bfde,2026-05-18,14,"{""weights"": {""sovTrend"": 0.25, ""publishRate"": 0.25, ""actionCompletion"": 0.15, ""socialEngagement"": 0.2, ""competitorFreshness"": 0.15}, ""sovTrend"": 0, ""publishRate"": 0, ""actionCompletion"": 0, ""socialEngagement"": 0, ""competitorFreshness"": 90}",b2c,,2026-05-31 22:11:11.373598
4378f46d-9e8a-4e45-97ca-ff3ebedeaa93,synozur.com,b3c49c08-f9c9-483b-8820-acffc29be17a,2026-05-18,21,"{""weights"": {""sovTrend"": 0.25, ""publishRate"": 0.25, ""actionCompletion"": 0.15, ""socialEngagement"": 0.2, ""competitorFreshness"": 0.15}, ""sovTrend"": 0, ""publishRate"": 0, ""actionCompletion"": 50, ""socialEngagement"": 0, ""competitorFreshness"": 90}",b2c,,2026-05-31 22:11:15.575764
e6f7d5f3-cbb4-4135-a89b-22175def6da7,synozur.com,1e288019-256e-4322-9781-1034bd47331c,2026-05-18,33,"{""weights"": {""sovTrend"": 0.3, ""publishRate"": 0.15, ""actionCompletion"": 0.2, ""socialEngagement"": 0.1, ""competitorFreshness"": 0.25}, ""sovTrend"": 0, ""publishRate"": 0, ""actionCompletion"": 50, ""socialEngagement"": 0, ""competitorFreshness"": 90}",b2b,,2026-05-31 22:11:20.274139
643188fd-3593-44aa-af4d-be04b915590e,synozur.com,,2026-05-18,33,"{""weights"": {""sovTrend"": 0.3, ""publishRate"": 0.15, ""actionCompletion"": 0.2, ""socialEngagement"": 0.1, ""competitorFreshness"": 0.25}, ""sovTrend"": 0, ""publishRate"": 0, ""actionCompletion"": 50, ""socialEngagement"": 0, ""competitorFreshness"": 90}",b2b,,2026-05-31 22:10:59.974283
72271cdf-6dd8-4913-b82e-0c4baf5f150c,synozur.com,9a69511b-78e8-4ac0-b74a-3892578b764b,2026-05-18,21,"{""weights"": {""sovTrend"": 0.25, ""publishRate"": 0.25, ""actionCompletion"": 0.15, ""socialEngagement"": 0.2, ""competitorFreshness"": 0.15}, ""sovTrend"": 0, ""publishRate"": 0, ""actionCompletion"": 50, ""socialEngagement"": 0, ""competitorFreshness"": 90}",b2c,,2026-05-31 22:11:23.075574
ed08a519-95a9-4eb6-9648-e2441bddac19,synozur.com,84a7b88d-e662-47ef-9a1a-fbc2d1046b49,2026-05-18,33,"{""weights"": {""sovTrend"": 0.3, ""publishRate"": 0.15, ""actionCompletion"": 0.2, ""socialEngagement"": 0.1, ""competitorFreshness"": 0.25}, ""sovTrend"": 0, ""publishRate"": 0, ""actionCompletion"": 50, ""socialEngagement"": 0, ""competitorFreshness"": 90}",b2b,,2026-05-31 22:11:30.074738
61399a16-70c8-49d4-b706-ab0989fdbddf,synozur.com,b085c33e-6301-4882-a3fd-5010c4e45238,2026-06-15,32,"{""weights"": {""sovTrend"": 0.3, ""publishRate"": 0.15, ""actionCompletion"": 0.2, ""socialEngagement"": 0.1, ""competitorFreshness"": 0.25}, ""sovTrend"": 0, ""publishRate"": 0, ""actionCompletion"": 50, ""socialEngagement"": 0, ""competitorFreshness"": 88}",b2b,,2026-06-28 21:52:47.979633
ae6cf91f-d1ca-4e26-88b2-c13eee332140,synozur.com,188acbd9-121b-4b3f-b21b-37b4e46638e0,2026-06-15,22,"{""weights"": {""sovTrend"": 0.3, ""publishRate"": 0.15, ""actionCompletion"": 0.2, ""socialEngagement"": 0.1, ""competitorFreshness"": 0.25}, ""sovTrend"": 0, ""publishRate"": 0, ""actionCompletion"": 0, ""socialEngagement"": 0, ""competitorFreshness"": 88}",b2b,,2026-06-28 21:52:48.409112
38e15b8f-ba49-4037-a5e4-4cdd68defb02,synozur.com,ca220481-8e38-44ac-8bec-b77fce1155d9,2026-06-15,32,"{""weights"": {""sovTrend"": 0.3, ""publishRate"": 0.15, ""actionCompletion"": 0.2, ""socialEngagement"": 0.1, ""competitorFreshness"": 0.25}, ""sovTrend"": 0, ""publishRate"": 0, ""actionCompletion"": 50, ""socialEngagement"": 0, ""competitorFreshness"": 88}",b2b,,2026-06-28 21:52:55.328968
2cdb8e82-d4b9-4b63-8246-cda11551000e,synozur.com,0ef94ec0-4a79-4bf6-8bf8-7009864131e5,2026-06-15,32,"{""weights"": {""sovTrend"": 0.3, ""publishRate"": 0.15, ""actionCompletion"": 0.2, ""socialEngagement"": 0.1, ""competitorFreshness"": 0.25}, ""sovTrend"": 0, ""publishRate"": 0, ""actionCompletion"": 50, ""socialEngagement"": 0, ""competitorFreshness"": 88}",b2b,,2026-06-28 21:52:55.732622
efa2bc3c-fd7b-42f6-b75d-2fcd54b53885,synozur.com,6496aaa4-2ddf-4cad-a993-29582e8590b1,2026-06-15,32,"{""weights"": {""sovTrend"": 0.3, ""publishRate"": 0.15, ""actionCompletion"": 0.2, ""socialEngagement"": 0.1, ""competitorFreshness"": 0.25}, ""sovTrend"": 0, ""publishRate"": 0, ""actionCompletion"": 50, ""socialEngagement"": 0, ""competitorFreshness"": 88}",b2b,,2026-06-28 21:52:56.108157
e033746c-7028-4174-91da-5963960beb3f,synozur.com,e60427a8-7765-4e8a-a031-3324c883931f,2026-06-15,32,"{""weights"": {""sovTrend"": 0.3, ""publishRate"": 0.15, ""actionCompletion"": 0.2, ""socialEngagement"": 0.1, ""competitorFreshness"": 0.25}, ""sovTrend"": 0, ""publishRate"": 0, ""actionCompletion"": 50, ""socialEngagement"": 0, ""competitorFreshness"": 88}",b2b,,2026-06-28 21:52:56.486629
bde3b005-4387-4d78-b792-073474cc6f4d,synozur.com,0d26aaa5-4ae5-40d8-a834-e70c84f9d45e,2026-06-15,32,"{""weights"": {""sovTrend"": 0.3, ""publishRate"": 0.15, ""actionCompletion"": 0.2, ""socialEngagement"": 0.1, ""competitorFreshness"": 0.25}, ""sovTrend"": 0, ""publishRate"": 0, ""actionCompletion"": 50, ""socialEngagement"": 0, ""competitorFreshness"": 88}",b2b,,2026-06-28 21:53:09.349855
bc88372e-3dd9-4223-bbd7-fef1d0170197,synozur.com,60965484-0510-4fee-b01a-fb6bb2422b80,2026-06-15,32,"{""weights"": {""sovTrend"": 0.3, ""publishRate"": 0.15, ""actionCompletion"": 0.2, ""socialEngagement"": 0.1, ""competitorFreshness"": 0.25}, ""sovTrend"": 0, ""publishRate"": 0, ""actionCompletion"": 50, ""socialEngagement"": 0, ""competitorFreshness"": 88}",b2b,,2026-06-28 21:53:09.808608
b7a6b1df-2611-49ca-90ad-b8e9cb96bc79,synozur.com,fd07e8e6-04ec-4d59-bd3d-04ed0e567c12,2026-06-15,32,"{""weights"": {""sovTrend"": 0.3, ""publishRate"": 0.15, ""actionCompletion"": 0.2, ""socialEngagement"": 0.1, ""competitorFreshness"": 0.25}, ""sovTrend"": 0, ""publishRate"": 0, ""actionCompletion"": 50, ""socialEngagement"": 0, ""competitorFreshness"": 88}",b2b,,2026-06-28 21:53:10.128003
dab8ed10-916f-4bd8-a535-24fadeb4bb9d,synozur.com,d446066a-1794-478a-b019-63409921304a,2026-06-15,32,"{""weights"": {""sovTrend"": 0.3, ""publishRate"": 0.15, ""actionCompletion"": 0.2, ""socialEngagement"": 0.1, ""competitorFreshness"": 0.25}, ""sovTrend"": 0, ""publishRate"": 0, ""actionCompletion"": 50, ""socialEngagement"": 0, ""competitorFreshness"": 88}",b2b,,2026-06-28 21:53:11.40797
e69ca86b-2859-453b-8636-531b29d9d5be,reveillesoftware.com,,2026-05-04,35,"{""weights"": {""sovTrend"": 0.3, ""publishRate"": 0.15, ""actionCompletion"": 0.2, ""socialEngagement"": 0.1, ""competitorFreshness"": 0.25}, ""sovTrend"": 0, ""publishRate"": 0, ""actionCompletion"": 50, ""socialEngagement"": 0, ""competitorFreshness"": 100}",b2b,,2026-05-17 16:36:55.980938
c8f74d1b-1a91-4568-898a-2673368ce205,reveillesoftware.com,cf966795-4a02-410b-ac2b-00d57aca1127,2026-05-04,25,"{""weights"": {""sovTrend"": 0.3, ""publishRate"": 0.15, ""actionCompletion"": 0.2, ""socialEngagement"": 0.1, ""competitorFreshness"": 0.25}, ""sovTrend"": 0, ""publishRate"": 0, ""actionCompletion"": 0, ""socialEngagement"": 0, ""competitorFreshness"": 100}",b2b,,2026-05-17 16:36:57.981032
ad0a07a8-b860-41bc-809e-5a21d36c878c,go-planet.com,,2026-05-04,39,"{""weights"": {""sovTrend"": 0.3, ""publishRate"": 0.15, ""actionCompletion"": 0.2, ""socialEngagement"": 0.1, ""competitorFreshness"": 0.25}, ""sovTrend"": 0, ""publishRate"": 0, ""actionCompletion"": 50, ""socialEngagement"": 37, ""competitorFreshness"": 100}",b2b,,2026-05-17 16:37:00.681044
9a40589f-f493-450f-93aa-ceab5cc1063e,chrismcnulty.net,,2026-05-04,16,"{""weights"": {""sovTrend"": 0.25, ""publishRate"": 0.25, ""actionCompletion"": 0.15, ""socialEngagement"": 0.2, ""competitorFreshness"": 0.15}, ""sovTrend"": 0, ""publishRate"": 0, ""actionCompletion"": 50, ""socialEngagement"": 0, ""competitorFreshness"": 57}",b2c,,2026-05-17 16:37:03.681005
9ed1f2e1-f297-4e40-aa70-f6204a3d0279,protiviti.com,,2026-05-04,35,"{""weights"": {""sovTrend"": 0.3, ""publishRate"": 0.15, ""actionCompletion"": 0.2, ""socialEngagement"": 0.1, ""competitorFreshness"": 0.25}, ""sovTrend"": 0, ""publishRate"": 0, ""actionCompletion"": 50, ""socialEngagement"": 0, ""competitorFreshness"": 100}",b2b,,2026-05-17 16:37:07.681185
a8db3866-02eb-4dce-812c-a3cfabe5b15d,protiviti.com,ef08cf28-7cb2-4515-a451-62f3989b55cf,2026-05-04,35,"{""weights"": {""sovTrend"": 0.3, ""publishRate"": 0.15, ""actionCompletion"": 0.2, ""socialEngagement"": 0.1, ""competitorFreshness"": 0.25}, ""sovTrend"": 0, ""publishRate"": 0, ""actionCompletion"": 50, ""socialEngagement"": 0, ""competitorFreshness"": 100}",b2b,,2026-05-17 16:37:14.857482
71a9fd7a-9efd-4543-9de2-5d4cc4494879,synozur.com,,2026-05-04,34,"{""weights"": {""sovTrend"": 0.3, ""publishRate"": 0.15, ""actionCompletion"": 0.2, ""socialEngagement"": 0.1, ""competitorFreshness"": 0.25}, ""sovTrend"": 0, ""publishRate"": 0, ""actionCompletion"": 50, ""socialEngagement"": 0, ""competitorFreshness"": 95}",b2b,,2026-05-17 16:37:20.7808
b49a176e-549b-4612-8338-9136023c8156,synozur.com,f78f8c44-7b05-43c5-9add-a08bf46af886,2026-05-04,34,"{""weights"": {""sovTrend"": 0.3, ""publishRate"": 0.15, ""actionCompletion"": 0.2, ""socialEngagement"": 0.1, ""competitorFreshness"": 0.25}, ""sovTrend"": 0, ""publishRate"": 0, ""actionCompletion"": 50, ""socialEngagement"": 0, ""competitorFreshness"": 95}",b2b,,2026-05-17 16:37:26.980789
b1f54a4a-820a-47b2-ac86-f8784e972584,synozur.com,e36f9f62-612b-40dd-b2af-39a6cab20c7a,2026-05-04,34,"{""weights"": {""sovTrend"": 0.3, ""publishRate"": 0.15, ""actionCompletion"": 0.2, ""socialEngagement"": 0.1, ""competitorFreshness"": 0.25}, ""sovTrend"": 0, ""publishRate"": 0, ""actionCompletion"": 50, ""socialEngagement"": 0, ""competitorFreshness"": 95}",b2b,,2026-05-17 16:37:31.581667
0b3c6aa3-5955-4b74-a869-5d5d9274d7e5,synozur.com,9a53d812-6ca7-4dae-bc95-9fc975dadab5,2026-05-04,34,"{""weights"": {""sovTrend"": 0.3, ""publishRate"": 0.15, ""actionCompletion"": 0.2, ""socialEngagement"": 0.1, ""competitorFreshness"": 0.25}, ""sovTrend"": 0, ""publishRate"": 0, ""actionCompletion"": 50, ""socialEngagement"": 0, ""competitorFreshness"": 95}",b2b,,2026-05-17 16:37:47.4814
ad91dd3e-5fb0-4ad6-b363-7b14507d2afe,synozur.com,5d149a37-4d48-4ada-994a-eff6cc41c995,2026-05-04,24,"{""weights"": {""sovTrend"": 0.3, ""publishRate"": 0.15, ""actionCompletion"": 0.2, ""socialEngagement"": 0.1, ""competitorFreshness"": 0.25}, ""sovTrend"": 0, ""publishRate"": 0, ""actionCompletion"": 0, ""socialEngagement"": 0, ""competitorFreshness"": 95}",b2b,,2026-05-17 16:40:13.282954
284adb1e-b922-492c-962a-482b7aa29967,synozur.com,0a0caa0c-74f1-41e0-ae37-a070ed194772,2026-05-04,34,"{""weights"": {""sovTrend"": 0.3, ""publishRate"": 0.15, ""actionCompletion"": 0.2, ""socialEngagement"": 0.1, ""competitorFreshness"": 0.25}, ""sovTrend"": 0, ""publishRate"": 0, ""actionCompletion"": 50, ""socialEngagement"": 0, ""competitorFreshness"": 95}",b2b,,2026-05-17 16:40:26.983096
ecaaf7ee-aaab-4fcf-9ac5-32e3c6e4c83b,synozur.com,0ac8db60-16c4-4665-a8f3-e4655a5a29b5,2026-05-04,34,"{""weights"": {""sovTrend"": 0.3, ""publishRate"": 0.15, ""actionCompletion"": 0.2, ""socialEngagement"": 0.1, ""competitorFreshness"": 0.25}, ""sovTrend"": 0, ""publishRate"": 0, ""actionCompletion"": 50, ""socialEngagement"": 0, ""competitorFreshness"": 95}",b2b,,2026-05-17 16:40:36.584047
5cbd7b09-049f-470c-92c5-953930956748,synozur.com,dfad5af1-e6da-4d26-a1d1-6faab3115447,2026-05-04,34,"{""weights"": {""sovTrend"": 0.3, ""publishRate"": 0.15, ""actionCompletion"": 0.2, ""socialEngagement"": 0.1, ""competitorFreshness"": 0.25}, ""sovTrend"": 0, ""publishRate"": 0, ""actionCompletion"": 50, ""socialEngagement"": 0, ""competitorFreshness"": 95}",b2b,,2026-05-17 16:41:16.082912
59d698ee-1187-4b17-bfff-59ac06dc831a,reveillesoftware.com,,2026-05-11,35,"{""weights"": {""sovTrend"": 0.3, ""publishRate"": 0.15, ""actionCompletion"": 0.2, ""socialEngagement"": 0.1, ""competitorFreshness"": 0.25}, ""sovTrend"": 0, ""publishRate"": 0, ""actionCompletion"": 50, ""socialEngagement"": 0, ""competitorFreshness"": 100}",b2b,,2026-05-24 23:37:35.098811
7850291e-06eb-4951-9140-c047e062a05f,reveillesoftware.com,cf966795-4a02-410b-ac2b-00d57aca1127,2026-05-11,35,"{""weights"": {""sovTrend"": 0.3, ""publishRate"": 0.15, ""actionCompletion"": 0.2, ""socialEngagement"": 0.1, ""competitorFreshness"": 0.25}, ""sovTrend"": 0, ""publishRate"": 0, ""actionCompletion"": 50, ""socialEngagement"": 0, ""competitorFreshness"": 100}",b2b,,2026-05-24 23:37:39.997996
f771cba0-84a5-4a97-a102-6bc62bbb3f67,go-planet.com,,2026-05-11,39,"{""weights"": {""sovTrend"": 0.3, ""publishRate"": 0.15, ""actionCompletion"": 0.2, ""socialEngagement"": 0.1, ""competitorFreshness"": 0.25}, ""sovTrend"": 0, ""publishRate"": 0, ""actionCompletion"": 50, ""socialEngagement"": 37, ""competitorFreshness"": 100}",b2b,,2026-05-24 23:37:49.398991
55231cc0-7dd9-4a63-8c3c-87900073f925,chrismcnulty.net,,2026-05-11,16,"{""weights"": {""sovTrend"": 0.25, ""publishRate"": 0.25, ""actionCompletion"": 0.15, ""socialEngagement"": 0.2, ""competitorFreshness"": 0.15}, ""sovTrend"": 0, ""publishRate"": 0, ""actionCompletion"": 50, ""socialEngagement"": 0, ""competitorFreshness"": 57}",b2c,,2026-05-24 23:38:30.300357
c85fb7b1-dae6-46e4-a6d0-24394dd3a650,protiviti.com,,2026-05-11,33,"{""weights"": {""sovTrend"": 0.3, ""publishRate"": 0.15, ""actionCompletion"": 0.2, ""socialEngagement"": 0.1, ""competitorFreshness"": 0.25}, ""sovTrend"": 0, ""publishRate"": 0, ""actionCompletion"": 50, ""socialEngagement"": 0, ""competitorFreshness"": 93}",b2b,,2026-05-24 23:39:07.218198
d5f94f67-f6db-4681-8717-73c3d50c16fb,protiviti.com,ef08cf28-7cb2-4515-a451-62f3989b55cf,2026-05-11,33,"{""weights"": {""sovTrend"": 0.3, ""publishRate"": 0.15, ""actionCompletion"": 0.2, ""socialEngagement"": 0.1, ""competitorFreshness"": 0.25}, ""sovTrend"": 0, ""publishRate"": 0, ""actionCompletion"": 50, ""socialEngagement"": 0, ""competitorFreshness"": 93}",b2b,,2026-05-24 23:39:16.499716
905c770f-7ce7-4225-8db6-c4d65fb1ae3f,synozur.com,,2026-05-11,37,"{""weights"": {""sovTrend"": 0.3, ""publishRate"": 0.15, ""actionCompletion"": 0.2, ""socialEngagement"": 0.1, ""competitorFreshness"": 0.25}, ""sovTrend"": 0, ""publishRate"": 0, ""actionCompletion"": 50, ""socialEngagement"": 43, ""competitorFreshness"": 91}",b2b,,2026-05-24 23:39:52.101686
f5a08c91-a561-45de-b7ba-2aff04eb006c,synozur.com,f78f8c44-7b05-43c5-9add-a08bf46af886,2026-05-11,37,"{""weights"": {""sovTrend"": 0.3, ""publishRate"": 0.15, ""actionCompletion"": 0.2, ""socialEngagement"": 0.1, ""competitorFreshness"": 0.25}, ""sovTrend"": 0, ""publishRate"": 0, ""actionCompletion"": 50, ""socialEngagement"": 43, ""competitorFreshness"": 91}",b2b,,2026-05-24 23:39:59.299027
44aa5a94-2729-4474-a44f-5775adf8226a,synozur.com,e36f9f62-612b-40dd-b2af-39a6cab20c7a,2026-05-11,37,"{""weights"": {""sovTrend"": 0.3, ""publishRate"": 0.15, ""actionCompletion"": 0.2, ""socialEngagement"": 0.1, ""competitorFreshness"": 0.25}, ""sovTrend"": 0, ""publishRate"": 0, ""actionCompletion"": 50, ""socialEngagement"": 43, ""competitorFreshness"": 91}",b2b,,2026-05-24 23:40:07.698303
a9255f5a-7b55-4175-97c3-2f7c04b4a8aa,synozur.com,9a53d812-6ca7-4dae-bc95-9fc975dadab5,2026-05-11,37,"{""weights"": {""sovTrend"": 0.3, ""publishRate"": 0.15, ""actionCompletion"": 0.2, ""socialEngagement"": 0.1, ""competitorFreshness"": 0.25}, ""sovTrend"": 0, ""publishRate"": 0, ""actionCompletion"": 50, ""socialEngagement"": 43, ""competitorFreshness"": 91}",b2b,,2026-05-24 23:40:19.602075
aad2f607-a6e2-494a-95d9-220dc640bdf6,synozur.com,9a959fb8-9171-4141-a2b8-f2df7ee805ee,2026-05-11,37,"{""weights"": {""sovTrend"": 0.3, ""publishRate"": 0.15, ""actionCompletion"": 0.2, ""socialEngagement"": 0.1, ""competitorFreshness"": 0.25}, ""sovTrend"": 0, ""publishRate"": 0, ""actionCompletion"": 50, ""socialEngagement"": 43, ""competitorFreshness"": 91}",b2b,,2026-05-24 23:40:26.500353
c6399882-5370-4b39-b50f-189aec31035f,synozur.com,17daaca7-2a15-4f92-bbf3-c9a401ef36ac,2026-05-11,37,"{""weights"": {""sovTrend"": 0.3, ""publishRate"": 0.15, ""actionCompletion"": 0.2, ""socialEngagement"": 0.1, ""competitorFreshness"": 0.25}, ""sovTrend"": 0, ""publishRate"": 0, ""actionCompletion"": 50, ""socialEngagement"": 43, ""competitorFreshness"": 91}",b2b,,2026-05-24 23:40:33.701482
c6dcf03c-f01d-4989-8fe4-1d03e397f59c,synozur.com,bc7e3c6b-277f-4220-81d8-2bc62426ad25,2026-05-11,37,"{""weights"": {""sovTrend"": 0.3, ""publishRate"": 0.15, ""actionCompletion"": 0.2, ""socialEngagement"": 0.1, ""competitorFreshness"": 0.25}, ""sovTrend"": 0, ""publishRate"": 0, ""actionCompletion"": 50, ""socialEngagement"": 43, ""competitorFreshness"": 91}",b2b,,2026-05-24 23:40:44.897528
70e55086-d920-40f2-a04d-27974c75d000,synozur.com,5428db01-79b3-4487-a2b2-0e63327f2510,2026-05-11,37,"{""weights"": {""sovTrend"": 0.3, ""publishRate"": 0.15, ""actionCompletion"": 0.2, ""socialEngagement"": 0.1, ""competitorFreshness"": 0.25}, ""sovTrend"": 0, ""publishRate"": 0, ""actionCompletion"": 50, ""socialEngagement"": 43, ""competitorFreshness"": 91}",b2b,,2026-05-24 23:41:23.600841
940d36be-97fb-45dd-b8be-d861bd9fe75b,synozur.com,5d149a37-4d48-4ada-994a-eff6cc41c995,2026-05-11,37,"{""weights"": {""sovTrend"": 0.3, ""publishRate"": 0.15, ""actionCompletion"": 0.2, ""socialEngagement"": 0.1, ""competitorFreshness"": 0.25}, ""sovTrend"": 0, ""publishRate"": 0, ""actionCompletion"": 50, ""socialEngagement"": 43, ""competitorFreshness"": 91}",b2b,,2026-05-24 23:41:36.998141
18b9211d-418b-4415-95bd-e32c7e0c4ee9,synozur.com,0a0caa0c-74f1-41e0-ae37-a070ed194772,2026-05-11,27,"{""weights"": {""sovTrend"": 0.3, ""publishRate"": 0.15, ""actionCompletion"": 0.2, ""socialEngagement"": 0.1, ""competitorFreshness"": 0.25}, ""sovTrend"": 0, ""publishRate"": 0, ""actionCompletion"": 0, ""socialEngagement"": 43, ""competitorFreshness"": 91}",b2b,,2026-05-24 23:41:46.698738
537f50ab-5981-4da7-bae3-e2d4047f9bd3,synozur.com,0ac8db60-16c4-4665-a8f3-e4655a5a29b5,2026-05-11,37,"{""weights"": {""sovTrend"": 0.3, ""publishRate"": 0.15, ""actionCompletion"": 0.2, ""socialEngagement"": 0.1, ""competitorFreshness"": 0.25}, ""sovTrend"": 0, ""publishRate"": 0, ""actionCompletion"": 50, ""socialEngagement"": 43, ""competitorFreshness"": 91}",b2b,,2026-05-24 23:41:52.398984
29399597-5abf-4fd3-8b6f-e0fdba2c953b,synozur.com,dfad5af1-e6da-4d26-a1d1-6faab3115447,2026-05-11,37,"{""weights"": {""sovTrend"": 0.3, ""publishRate"": 0.15, ""actionCompletion"": 0.2, ""socialEngagement"": 0.1, ""competitorFreshness"": 0.25}, ""sovTrend"": 0, ""publishRate"": 0, ""actionCompletion"": 50, ""socialEngagement"": 43, ""competitorFreshness"": 91}",b2b,,2026-05-24 23:42:34.201394
a8986814-dd5f-4319-aa0d-612318f87185,synozur.com,a8e7cd06-ed45-41ec-b4a1-1c8a55a17a97,2026-05-11,37,"{""weights"": {""sovTrend"": 0.3, ""publishRate"": 0.15, ""actionCompletion"": 0.2, ""socialEngagement"": 0.1, ""competitorFreshness"": 0.25}, ""sovTrend"": 0, ""publishRate"": 0, ""actionCompletion"": 50, ""socialEngagement"": 43, ""competitorFreshness"": 91}",b2b,,2026-05-24 23:42:45.501488
5a52a1fb-f188-4d59-888e-9cc0146334ac,synozur.com,cbb5fabd-c82b-4d50-bd34-2a0d79398622,2026-05-11,37,"{""weights"": {""sovTrend"": 0.3, ""publishRate"": 0.15, ""actionCompletion"": 0.2, ""socialEngagement"": 0.1, ""competitorFreshness"": 0.25}, ""sovTrend"": 0, ""publishRate"": 0, ""actionCompletion"": 50, ""socialEngagement"": 43, ""competitorFreshness"": 91}",b2b,,2026-05-24 23:42:54.500121
ac860f18-5985-4d3f-8c7f-38db933c1747,synozur.com,9f8f5946-4dd7-418b-b200-ff258a569bf2,2026-05-11,37,"{""weights"": {""sovTrend"": 0.3, ""publishRate"": 0.15, ""actionCompletion"": 0.2, ""socialEngagement"": 0.1, ""competitorFreshness"": 0.25}, ""sovTrend"": 0, ""publishRate"": 0, ""actionCompletion"": 50, ""socialEngagement"": 43, ""competitorFreshness"": 91}",b2b,,2026-05-24 23:43:03.7001
4565bc97-15cd-4f1f-81e5-310b22467728,synozur.com,b085c33e-6301-4882-a3fd-5010c4e45238,2026-05-11,37,"{""weights"": {""sovTrend"": 0.3, ""publishRate"": 0.15, ""actionCompletion"": 0.2, ""socialEngagement"": 0.1, ""competitorFreshness"": 0.25}, ""sovTrend"": 0, ""publishRate"": 0, ""actionCompletion"": 50, ""socialEngagement"": 43, ""competitorFreshness"": 91}",b2b,,2026-05-24 23:43:16.60032
0ae9b5d7-7d6f-45cc-ad44-09ef242d2d01,synozur.com,188acbd9-121b-4b3f-b21b-37b4e46638e0,2026-05-11,27,"{""weights"": {""sovTrend"": 0.3, ""publishRate"": 0.15, ""actionCompletion"": 0.2, ""socialEngagement"": 0.1, ""competitorFreshness"": 0.25}, ""sovTrend"": 0, ""publishRate"": 0, ""actionCompletion"": 0, ""socialEngagement"": 43, ""competitorFreshness"": 91}",b2b,,2026-05-24 23:43:24.800031
39b573cf-4677-4771-adc4-69bd5858a66d,synozur.com,ca220481-8e38-44ac-8bec-b77fce1155d9,2026-05-11,37,"{""weights"": {""sovTrend"": 0.3, ""publishRate"": 0.15, ""actionCompletion"": 0.2, ""socialEngagement"": 0.1, ""competitorFreshness"": 0.25}, ""sovTrend"": 0, ""publishRate"": 0, ""actionCompletion"": 50, ""socialEngagement"": 43, ""competitorFreshness"": 91}",b2b,,2026-05-24 23:43:36.40131
f3cfa060-460a-4808-8760-2b5ae2433473,synozur.com,0ef94ec0-4a79-4bf6-8bf8-7009864131e5,2026-05-11,37,"{""weights"": {""sovTrend"": 0.3, ""publishRate"": 0.15, ""actionCompletion"": 0.2, ""socialEngagement"": 0.1, ""competitorFreshness"": 0.25}, ""sovTrend"": 0, ""publishRate"": 0, ""actionCompletion"": 50, ""socialEngagement"": 43, ""competitorFreshness"": 91}",b2b,,2026-05-24 23:43:48.801372
2d4c5df7-539d-4353-83f3-f78f1b46a585,synozur.com,6496aaa4-2ddf-4cad-a993-29582e8590b1,2026-05-11,37,"{""weights"": {""sovTrend"": 0.3, ""publishRate"": 0.15, ""actionCompletion"": 0.2, ""socialEngagement"": 0.1, ""competitorFreshness"": 0.25}, ""sovTrend"": 0, ""publishRate"": 0, ""actionCompletion"": 50, ""socialEngagement"": 43, ""competitorFreshness"": 91}",b2b,,2026-05-24 23:44:20.89962
ab39f96c-98dd-4451-9929-88219dbe4374,synozur.com,9705950c-adda-40e3-8f88-7704fdff4d50,2026-05-11,37,"{""weights"": {""sovTrend"": 0.3, ""publishRate"": 0.15, ""actionCompletion"": 0.2, ""socialEngagement"": 0.1, ""competitorFreshness"": 0.25}, ""sovTrend"": 0, ""publishRate"": 0, ""actionCompletion"": 50, ""socialEngagement"": 43, ""competitorFreshness"": 91}",b2b,,2026-05-24 23:44:37.097627
1ed8caeb-7586-4e63-bc18-e8e2319cc306,reveillesoftware.com,,2026-05-25,38,"{""weights"": {""sovTrend"": 0.3, ""publishRate"": 0.15, ""actionCompletion"": 0.2, ""socialEngagement"": 0.1, ""competitorFreshness"": 0.25}, ""sovTrend"": 0, ""publishRate"": 0, ""actionCompletion"": 50, ""socialEngagement"": 33, ""competitorFreshness"": 100}",b2b,,2026-06-07 17:35:15.314702
1289d968-392a-4a84-8d4c-23bd7beec22d,reveillesoftware.com,cf966795-4a02-410b-ac2b-00d57aca1127,2026-05-25,38,"{""weights"": {""sovTrend"": 0.3, ""publishRate"": 0.15, ""actionCompletion"": 0.2, ""socialEngagement"": 0.1, ""competitorFreshness"": 0.25}, ""sovTrend"": 0, ""publishRate"": 0, ""actionCompletion"": 50, ""socialEngagement"": 33, ""competitorFreshness"": 100}",b2b,,2026-06-07 17:35:15.552706
3e188b61-25fa-4f7b-a13f-d7aa19a37e83,synozur.com,e60427a8-7765-4e8a-a031-3324c883931f,2026-05-11,37,"{""weights"": {""sovTrend"": 0.3, ""publishRate"": 0.15, ""actionCompletion"": 0.2, ""socialEngagement"": 0.1, ""competitorFreshness"": 0.25}, ""sovTrend"": 0, ""publishRate"": 0, ""actionCompletion"": 50, ""socialEngagement"": 43, ""competitorFreshness"": 91}",b2b,,2026-05-24 23:44:54.799269
da26638e-6ddf-4c49-8346-6e2904e9cca3,synozur.com,0d26aaa5-4ae5-40d8-a834-e70c84f9d45e,2026-05-11,37,"{""weights"": {""sovTrend"": 0.3, ""publishRate"": 0.15, ""actionCompletion"": 0.2, ""socialEngagement"": 0.1, ""competitorFreshness"": 0.25}, ""sovTrend"": 0, ""publishRate"": 0, ""actionCompletion"": 50, ""socialEngagement"": 43, ""competitorFreshness"": 91}",b2b,,2026-05-24 23:44:58.700477
139da72d-ccde-4a82-a195-9f14a73e25b4,synozur.com,60965484-0510-4fee-b01a-fb6bb2422b80,2026-05-11,37,"{""weights"": {""sovTrend"": 0.3, ""publishRate"": 0.15, ""actionCompletion"": 0.2, ""socialEngagement"": 0.1, ""competitorFreshness"": 0.25}, ""sovTrend"": 0, ""publishRate"": 0, ""actionCompletion"": 50, ""socialEngagement"": 43, ""competitorFreshness"": 91}",b2b,,2026-05-24 23:45:13.001319
eaa3e4e0-7bcb-4355-9897-e5921a21a92a,synozur.com,fd07e8e6-04ec-4d59-bd3d-04ed0e567c12,2026-05-11,37,"{""weights"": {""sovTrend"": 0.3, ""publishRate"": 0.15, ""actionCompletion"": 0.2, ""socialEngagement"": 0.1, ""competitorFreshness"": 0.25}, ""sovTrend"": 0, ""publishRate"": 0, ""actionCompletion"": 50, ""socialEngagement"": 43, ""competitorFreshness"": 91}",b2b,,2026-05-24 23:45:30.707188
e79617f8-1e58-4366-a630-c1d1ff55be4a,synozur.com,6f5ed80d-e3b4-4d0e-8c71-6c622c224de8,2026-05-11,27,"{""weights"": {""sovTrend"": 0.3, ""publishRate"": 0.15, ""actionCompletion"": 0.2, ""socialEngagement"": 0.1, ""competitorFreshness"": 0.25}, ""sovTrend"": 0, ""publishRate"": 0, ""actionCompletion"": 0, ""socialEngagement"": 43, ""competitorFreshness"": 91}",b2b,,2026-05-24 23:45:56.098034
210867da-8908-4942-ab96-a78b98fd5fe9,synozur.com,d446066a-1794-478a-b019-63409921304a,2026-05-11,37,"{""weights"": {""sovTrend"": 0.3, ""publishRate"": 0.15, ""actionCompletion"": 0.2, ""socialEngagement"": 0.1, ""competitorFreshness"": 0.25}, ""sovTrend"": 0, ""publishRate"": 0, ""actionCompletion"": 50, ""socialEngagement"": 43, ""competitorFreshness"": 91}",b2b,,2026-05-24 23:46:37.800764
47dac506-ec24-4517-abb5-5a67c2141afe,synozur.com,7e86ba11-1ba2-4853-a91b-bcd180e0ba0f,2026-05-11,30,"{""weights"": {""sovTrend"": 0.25, ""publishRate"": 0.25, ""actionCompletion"": 0.15, ""socialEngagement"": 0.2, ""competitorFreshness"": 0.15}, ""sovTrend"": 0, ""publishRate"": 0, ""actionCompletion"": 50, ""socialEngagement"": 43, ""competitorFreshness"": 91}",b2c,,2026-05-24 23:47:27.099739
486c6157-f5ac-468a-8339-4f4c580efebd,synozur.com,7f49f485-e251-4e51-8114-cce62e5ce6a9,2026-05-11,37,"{""weights"": {""sovTrend"": 0.3, ""publishRate"": 0.15, ""actionCompletion"": 0.2, ""socialEngagement"": 0.1, ""competitorFreshness"": 0.25}, ""sovTrend"": 0, ""publishRate"": 0, ""actionCompletion"": 50, ""socialEngagement"": 43, ""competitorFreshness"": 91}",b2b,,2026-05-24 23:47:52.400083
4cc8b3ec-31f3-4c2d-8190-a90f5acffb05,synozur.com,298c26bd-3400-4ac4-8001-eb38f4f163ed,2026-05-11,37,"{""weights"": {""sovTrend"": 0.3, ""publishRate"": 0.15, ""actionCompletion"": 0.2, ""socialEngagement"": 0.1, ""competitorFreshness"": 0.25}, ""sovTrend"": 0, ""publishRate"": 0, ""actionCompletion"": 50, ""socialEngagement"": 43, ""competitorFreshness"": 91}",b2b,,2026-05-24 23:48:17.600597
83c62363-4789-48da-9f4c-c3a2cfd49330,synozur.com,0dad59af-ea3b-4cb2-bf04-f365c7a69114,2026-05-11,37,"{""weights"": {""sovTrend"": 0.3, ""publishRate"": 0.15, ""actionCompletion"": 0.2, ""socialEngagement"": 0.1, ""competitorFreshness"": 0.25}, ""sovTrend"": 0, ""publishRate"": 0, ""actionCompletion"": 50, ""socialEngagement"": 43, ""competitorFreshness"": 91}",b2b,,2026-05-24 23:48:24.201145
6484c2f0-241f-4d97-9985-ac0d4957fc92,synozur.com,872dde94-3e6c-4115-acdc-2c79b3276138,2026-05-11,37,"{""weights"": {""sovTrend"": 0.3, ""publishRate"": 0.15, ""actionCompletion"": 0.2, ""socialEngagement"": 0.1, ""competitorFreshness"": 0.25}, ""sovTrend"": 0, ""publishRate"": 0, ""actionCompletion"": 50, ""socialEngagement"": 43, ""competitorFreshness"": 91}",b2b,,2026-05-24 23:48:30.101118
e9780761-7b5a-42fb-a62c-334884e672ab,synozur.com,93e60ca4-1f9d-456d-af6d-82d8af0566d1,2026-05-11,37,"{""weights"": {""sovTrend"": 0.3, ""publishRate"": 0.15, ""actionCompletion"": 0.2, ""socialEngagement"": 0.1, ""competitorFreshness"": 0.25}, ""sovTrend"": 0, ""publishRate"": 0, ""actionCompletion"": 50, ""socialEngagement"": 43, ""competitorFreshness"": 91}",b2b,,2026-05-24 23:48:39.597494
68003b81-7bd1-4173-9ec9-aa97ba354ade,synozur.com,df16877c-1384-407b-be3d-69e8a3442178,2026-05-11,37,"{""weights"": {""sovTrend"": 0.3, ""publishRate"": 0.15, ""actionCompletion"": 0.2, ""socialEngagement"": 0.1, ""competitorFreshness"": 0.25}, ""sovTrend"": 0, ""publishRate"": 0, ""actionCompletion"": 50, ""socialEngagement"": 43, ""competitorFreshness"": 91}",b2b,,2026-05-24 23:48:51.302193
a317973f-5e0f-4a6d-8f58-67e6fd36a511,synozur.com,ea07a669-2e2b-4dbc-84fd-42f0009d0955,2026-05-11,55,"{""weights"": {""sovTrend"": 0.25, ""publishRate"": 0.25, ""actionCompletion"": 0.15, ""socialEngagement"": 0.2, ""competitorFreshness"": 0.15}, ""sovTrend"": 100, ""publishRate"": 0, ""actionCompletion"": 50, ""socialEngagement"": 43, ""competitorFreshness"": 91}",b2c,,2026-05-24 23:48:56.798195
11bdb3c2-8b2c-4b50-891f-032a5bfa12fb,synozur.com,28dc9e03-8a9c-448e-8aa4-7818fa503a82,2026-05-11,37,"{""weights"": {""sovTrend"": 0.3, ""publishRate"": 0.15, ""actionCompletion"": 0.2, ""socialEngagement"": 0.1, ""competitorFreshness"": 0.25}, ""sovTrend"": 0, ""publishRate"": 0, ""actionCompletion"": 50, ""socialEngagement"": 43, ""competitorFreshness"": 91}",b2b,,2026-05-24 23:49:05.098549
c983f5a9-7ded-4b9f-a7ef-6869fc3f6075,synozur.com,17b318bd-67fa-40b5-858e-77c3db633a56,2026-05-11,30,"{""weights"": {""sovTrend"": 0.25, ""publishRate"": 0.25, ""actionCompletion"": 0.15, ""socialEngagement"": 0.2, ""competitorFreshness"": 0.15}, ""sovTrend"": 0, ""publishRate"": 0, ""actionCompletion"": 50, ""socialEngagement"": 43, ""competitorFreshness"": 91}",b2c,,2026-05-24 23:49:17.498962
20ac1349-bfb1-447b-91f7-f2bf4fd16734,synozur.com,6f5ed80d-e3b4-4d0e-8c71-6c622c224de8,2026-06-15,32,"{""weights"": {""sovTrend"": 0.3, ""publishRate"": 0.15, ""actionCompletion"": 0.2, ""socialEngagement"": 0.1, ""competitorFreshness"": 0.25}, ""sovTrend"": 0, ""publishRate"": 0, ""actionCompletion"": 50, ""socialEngagement"": 0, ""competitorFreshness"": 88}",b2b,,2026-06-28 21:53:10.571433
6b98cb86-0e27-491b-8d51-abf134876344,synozur.com,,2026-05-11,27,"{""weights"": {""sovTrend"": 0.3, ""publishRate"": 0.15, ""actionCompletion"": 0.2, ""socialEngagement"": 0.1, ""competitorFreshness"": 0.25}, ""sovTrend"": 0, ""publishRate"": 0, ""actionCompletion"": 0, ""socialEngagement"": 43, ""competitorFreshness"": 91}",b2b,,2026-05-24 23:49:25.199581
8974a6c8-0b74-4c40-b378-7f7553c8c258,synozur.com,0afdd7be-dd94-47e6-89d5-dd3696094e45,2026-05-11,37,"{""weights"": {""sovTrend"": 0.3, ""publishRate"": 0.15, ""actionCompletion"": 0.2, ""socialEngagement"": 0.1, ""competitorFreshness"": 0.25}, ""sovTrend"": 0, ""publishRate"": 0, ""actionCompletion"": 50, ""socialEngagement"": 43, ""competitorFreshness"": 91}",b2b,,2026-05-24 23:49:18.59809
74d34b19-a7c4-46fa-a7a5-5f280330cff1,synozur.com,a83caa9d-904f-4508-a008-028921e755d2,2026-05-11,37,"{""weights"": {""sovTrend"": 0.3, ""publishRate"": 0.15, ""actionCompletion"": 0.2, ""socialEngagement"": 0.1, ""competitorFreshness"": 0.25}, ""sovTrend"": 0, ""publishRate"": 0, ""actionCompletion"": 50, ""socialEngagement"": 43, ""competitorFreshness"": 91}",b2b,,2026-05-24 23:49:26.79866
85aca11f-7ca3-45a1-a1ec-fda1cc3e9f3f,synozur.com,21967b75-d76d-4c89-91f5-59b4a9a3d089,2026-05-11,30,"{""weights"": {""sovTrend"": 0.25, ""publishRate"": 0.25, ""actionCompletion"": 0.15, ""socialEngagement"": 0.2, ""competitorFreshness"": 0.15}, ""sovTrend"": 0, ""publishRate"": 0, ""actionCompletion"": 50, ""socialEngagement"": 43, ""competitorFreshness"": 91}",b2c,,2026-05-24 23:49:28.399953
3598022b-5579-404a-ad3d-7f06ca38a0bc,synozur.com,723cb0a7-893c-4f36-b867-d6a207f2bfde,2026-05-11,22,"{""weights"": {""sovTrend"": 0.25, ""publishRate"": 0.25, ""actionCompletion"": 0.15, ""socialEngagement"": 0.2, ""competitorFreshness"": 0.15}, ""sovTrend"": 0, ""publishRate"": 0, ""actionCompletion"": 0, ""socialEngagement"": 43, ""competitorFreshness"": 91}",b2c,,2026-05-24 23:49:30.399033
b792e405-10ea-4da1-a56c-5fef403ca1ac,synozur.com,b3c49c08-f9c9-483b-8820-acffc29be17a,2026-05-11,30,"{""weights"": {""sovTrend"": 0.25, ""publishRate"": 0.25, ""actionCompletion"": 0.15, ""socialEngagement"": 0.2, ""competitorFreshness"": 0.15}, ""sovTrend"": 0, ""publishRate"": 0, ""actionCompletion"": 50, ""socialEngagement"": 43, ""competitorFreshness"": 91}",b2c,,2026-05-24 23:49:31.79988
bb6d5b2e-2477-4e1e-a065-d8061c08047d,synozur.com,9705950c-adda-40e3-8f88-7704fdff4d50,2026-06-15,32,"{""weights"": {""sovTrend"": 0.3, ""publishRate"": 0.15, ""actionCompletion"": 0.2, ""socialEngagement"": 0.1, ""competitorFreshness"": 0.25}, ""sovTrend"": 0, ""publishRate"": 0, ""actionCompletion"": 50, ""socialEngagement"": 0, ""competitorFreshness"": 88}",b2b,,2026-06-28 21:53:11.965231
486499fc-be9c-435e-9c9c-9cd2d8888d8f,accordancetech.com,,2026-06-22,38,"{""weights"": {""sovTrend"": 0.3, ""publishRate"": 0.15, ""actionCompletion"": 0.2, ""socialEngagement"": 0.1, ""competitorFreshness"": 0.25}, ""sovTrend"": 50, ""publishRate"": 0, ""actionCompletion"": 50, ""socialEngagement"": 0, ""competitorFreshness"": 50}",b2b,,2026-07-05 18:06:21.327971
637f9f60-d381-4855-bbd1-535c1cb8ac0d,reveillesoftware.com,,2026-06-22,38,"{""weights"": {""sovTrend"": 0.3, ""publishRate"": 0.15, ""actionCompletion"": 0.2, ""socialEngagement"": 0.1, ""competitorFreshness"": 0.25}, ""sovTrend"": 0, ""publishRate"": 0, ""actionCompletion"": 50, ""socialEngagement"": 33, ""competitorFreshness"": 100}",b2b,,2026-07-05 18:06:58.626697
4963526d-fa27-434d-b86e-0191936dd5ab,reveillesoftware.com,cf966795-4a02-410b-ac2b-00d57aca1127,2026-06-22,38,"{""weights"": {""sovTrend"": 0.3, ""publishRate"": 0.15, ""actionCompletion"": 0.2, ""socialEngagement"": 0.1, ""competitorFreshness"": 0.25}, ""sovTrend"": 0, ""publishRate"": 0, ""actionCompletion"": 50, ""socialEngagement"": 33, ""competitorFreshness"": 100}",b2b,,2026-07-05 18:07:03.926693
82b6ca7c-7879-440d-b622-9df3dc3cd92b,go-planet.com,,2026-06-22,39,"{""weights"": {""sovTrend"": 0.3, ""publishRate"": 0.15, ""actionCompletion"": 0.2, ""socialEngagement"": 0.1, ""competitorFreshness"": 0.25}, ""sovTrend"": 0, ""publishRate"": 0, ""actionCompletion"": 50, ""socialEngagement"": 37, ""competitorFreshness"": 100}",b2b,,2026-07-05 18:07:09.850243
c47f4de0-e712-4376-b66d-9a742c3c968b,chrismcnulty.net,,2026-06-22,16,"{""weights"": {""sovTrend"": 0.25, ""publishRate"": 0.25, ""actionCompletion"": 0.15, ""socialEngagement"": 0.2, ""competitorFreshness"": 0.15}, ""sovTrend"": 0, ""publishRate"": 0, ""actionCompletion"": 50, ""socialEngagement"": 0, ""competitorFreshness"": 57}",b2c,,2026-07-05 18:07:15.926468
b1409bf6-8f12-424e-bd46-7d9b9ef85b75,protiviti.com,,2026-06-22,35,"{""weights"": {""sovTrend"": 0.3, ""publishRate"": 0.15, ""actionCompletion"": 0.2, ""socialEngagement"": 0.1, ""competitorFreshness"": 0.25}, ""sovTrend"": 0, ""publishRate"": 0, ""actionCompletion"": 50, ""socialEngagement"": 0, ""competitorFreshness"": 100}",b2b,,2026-07-05 18:07:20.930024
f0315f51-b7f4-4b1d-a02e-012634552952,protiviti.com,ef08cf28-7cb2-4515-a451-62f3989b55cf,2026-06-15,35,"{""weights"": {""sovTrend"": 0.3, ""publishRate"": 0.15, ""actionCompletion"": 0.2, ""socialEngagement"": 0.1, ""competitorFreshness"": 0.25}, ""sovTrend"": 0, ""publishRate"": 0, ""actionCompletion"": 50, ""socialEngagement"": 0, ""competitorFreshness"": 100}",b2b,,2026-06-28 21:50:21.060956
333f29c3-9e25-428e-b5b7-fe0a3430b990,synozur.com,,2026-06-15,62,"{""weights"": {""sovTrend"": 0.3, ""publishRate"": 0.15, ""actionCompletion"": 0.2, ""socialEngagement"": 0.1, ""competitorFreshness"": 0.25}, ""sovTrend"": 100, ""publishRate"": 0, ""actionCompletion"": 50, ""socialEngagement"": 0, ""competitorFreshness"": 88}",b2b,,2026-06-28 21:51:20.225151
62201265-fe82-4d28-bf1c-d323fdd45862,synozur.com,f78f8c44-7b05-43c5-9add-a08bf46af886,2026-06-15,32,"{""weights"": {""sovTrend"": 0.3, ""publishRate"": 0.15, ""actionCompletion"": 0.2, ""socialEngagement"": 0.1, ""competitorFreshness"": 0.25}, ""sovTrend"": 0, ""publishRate"": 0, ""actionCompletion"": 50, ""socialEngagement"": 0, ""competitorFreshness"": 88}",b2b,,2026-06-28 21:51:52.361767
57b060ad-d99e-43b2-b7cd-e8042583b86e,synozur.com,e36f9f62-612b-40dd-b2af-39a6cab20c7a,2026-06-15,32,"{""weights"": {""sovTrend"": 0.3, ""publishRate"": 0.15, ""actionCompletion"": 0.2, ""socialEngagement"": 0.1, ""competitorFreshness"": 0.25}, ""sovTrend"": 0, ""publishRate"": 0, ""actionCompletion"": 50, ""socialEngagement"": 0, ""competitorFreshness"": 88}",b2b,,2026-06-28 21:52:32.275803
0424f9d5-7bce-445a-9732-26aa6f0ca4ab,synozur.com,9a53d812-6ca7-4dae-bc95-9fc975dadab5,2026-06-15,32,"{""weights"": {""sovTrend"": 0.3, ""publishRate"": 0.15, ""actionCompletion"": 0.2, ""socialEngagement"": 0.1, ""competitorFreshness"": 0.25}, ""sovTrend"": 0, ""publishRate"": 0, ""actionCompletion"": 50, ""socialEngagement"": 0, ""competitorFreshness"": 88}",b2b,,2026-06-28 21:52:32.633574
c687d9be-a3a3-4361-bbce-740f76ad2263,synozur.com,9a959fb8-9171-4141-a2b8-f2df7ee805ee,2026-06-15,32,"{""weights"": {""sovTrend"": 0.3, ""publishRate"": 0.15, ""actionCompletion"": 0.2, ""socialEngagement"": 0.1, ""competitorFreshness"": 0.25}, ""sovTrend"": 0, ""publishRate"": 0, ""actionCompletion"": 50, ""socialEngagement"": 0, ""competitorFreshness"": 88}",b2b,,2026-06-28 21:52:32.977927
859bab02-5b42-468c-9501-4341155a9aaf,synozur.com,17daaca7-2a15-4f92-bbf3-c9a401ef36ac,2026-06-15,32,"{""weights"": {""sovTrend"": 0.3, ""publishRate"": 0.15, ""actionCompletion"": 0.2, ""socialEngagement"": 0.1, ""competitorFreshness"": 0.25}, ""sovTrend"": 0, ""publishRate"": 0, ""actionCompletion"": 50, ""socialEngagement"": 0, ""competitorFreshness"": 88}",b2b,,2026-06-28 21:52:33.374139
3a485739-cec2-4c44-ba04-97bc3f96be6b,synozur.com,bc7e3c6b-277f-4220-81d8-2bc62426ad25,2026-06-15,32,"{""weights"": {""sovTrend"": 0.3, ""publishRate"": 0.15, ""actionCompletion"": 0.2, ""socialEngagement"": 0.1, ""competitorFreshness"": 0.25}, ""sovTrend"": 0, ""publishRate"": 0, ""actionCompletion"": 50, ""socialEngagement"": 0, ""competitorFreshness"": 88}",b2b,,2026-06-28 21:52:33.733936
9f47140f-1567-4b22-ad9b-23124aae8a69,synozur.com,5428db01-79b3-4487-a2b2-0e63327f2510,2026-06-15,32,"{""weights"": {""sovTrend"": 0.3, ""publishRate"": 0.15, ""actionCompletion"": 0.2, ""socialEngagement"": 0.1, ""competitorFreshness"": 0.25}, ""sovTrend"": 0, ""publishRate"": 0, ""actionCompletion"": 50, ""socialEngagement"": 0, ""competitorFreshness"": 88}",b2b,,2026-06-28 21:52:34.08056
38833ec4-d7a9-4950-a648-c2c106d46577,synozur.com,0a0caa0c-74f1-41e0-ae37-a070ed194772,2026-06-15,32,"{""weights"": {""sovTrend"": 0.3, ""publishRate"": 0.15, ""actionCompletion"": 0.2, ""socialEngagement"": 0.1, ""competitorFreshness"": 0.25}, ""sovTrend"": 0, ""publishRate"": 0, ""actionCompletion"": 50, ""socialEngagement"": 0, ""competitorFreshness"": 88}",b2b,,2026-06-28 21:52:36.156415
9c54e18a-5ad8-4c35-807b-9590e51b48d3,go-planet.com,,2026-05-25,39,"{""weights"": {""sovTrend"": 0.3, ""publishRate"": 0.15, ""actionCompletion"": 0.2, ""socialEngagement"": 0.1, ""competitorFreshness"": 0.25}, ""sovTrend"": 0, ""publishRate"": 0, ""actionCompletion"": 50, ""socialEngagement"": 37, ""competitorFreshness"": 100}",b2b,,2026-06-07 17:35:16.144236
466dc9e3-c309-4205-9834-687412d76bc6,chrismcnulty.net,,2026-05-25,16,"{""weights"": {""sovTrend"": 0.25, ""publishRate"": 0.25, ""actionCompletion"": 0.15, ""socialEngagement"": 0.2, ""competitorFreshness"": 0.15}, ""sovTrend"": 0, ""publishRate"": 0, ""actionCompletion"": 50, ""socialEngagement"": 0, ""competitorFreshness"": 57}",b2c,,2026-06-07 17:35:16.434876
4e2e9b4b-1f38-4d35-aa3c-f465c3709a22,protiviti.com,,2026-05-25,40,"{""weights"": {""sovTrend"": 0.3, ""publishRate"": 0.15, ""actionCompletion"": 0.2, ""socialEngagement"": 0.1, ""competitorFreshness"": 0.25}, ""sovTrend"": 0, ""publishRate"": 0, ""actionCompletion"": 50, ""socialEngagement"": 70, ""competitorFreshness"": 93}",b2b,,2026-06-07 17:35:16.726082
80cf5374-cb0c-4896-964f-fb226579945c,protiviti.com,ef08cf28-7cb2-4515-a451-62f3989b55cf,2026-05-25,40,"{""weights"": {""sovTrend"": 0.3, ""publishRate"": 0.15, ""actionCompletion"": 0.2, ""socialEngagement"": 0.1, ""competitorFreshness"": 0.25}, ""sovTrend"": 0, ""publishRate"": 0, ""actionCompletion"": 50, ""socialEngagement"": 70, ""competitorFreshness"": 93}",b2b,,2026-06-07 17:35:16.939304
aab1dc88-6e68-41d6-bb5c-e86569fb7348,synozur.com,1e288019-256e-4322-9781-1034bd47331c,2026-05-11,37,"{""weights"": {""sovTrend"": 0.3, ""publishRate"": 0.15, ""actionCompletion"": 0.2, ""socialEngagement"": 0.1, ""competitorFreshness"": 0.25}, ""sovTrend"": 0, ""publishRate"": 0, ""actionCompletion"": 50, ""socialEngagement"": 43, ""competitorFreshness"": 91}",b2b,,2026-05-24 23:49:33.099497
aec1b29d-8107-4c9b-8af5-5f1845d33898,synozur.com,9a69511b-78e8-4ac0-b74a-3892578b764b,2026-05-11,30,"{""weights"": {""sovTrend"": 0.25, ""publishRate"": 0.25, ""actionCompletion"": 0.15, ""socialEngagement"": 0.2, ""competitorFreshness"": 0.15}, ""sovTrend"": 0, ""publishRate"": 0, ""actionCompletion"": 50, ""socialEngagement"": 43, ""competitorFreshness"": 91}",b2c,,2026-05-24 23:49:34.898419
0b53b06f-2f14-4c4e-a1db-7c9fbf16cbba,synozur.com,,2026-05-25,40,"{""weights"": {""sovTrend"": 0.3, ""publishRate"": 0.15, ""actionCompletion"": 0.2, ""socialEngagement"": 0.1, ""competitorFreshness"": 0.25}, ""sovTrend"": 0, ""publishRate"": 0, ""actionCompletion"": 50, ""socialEngagement"": 74, ""competitorFreshness"": 90}",b2b,,2026-06-07 17:35:17.257519
2d35551c-b4c8-4f50-8c27-8cb4061f8d2f,synozur.com,f78f8c44-7b05-43c5-9add-a08bf46af886,2026-05-25,40,"{""weights"": {""sovTrend"": 0.3, ""publishRate"": 0.15, ""actionCompletion"": 0.2, ""socialEngagement"": 0.1, ""competitorFreshness"": 0.25}, ""sovTrend"": 0, ""publishRate"": 0, ""actionCompletion"": 50, ""socialEngagement"": 74, ""competitorFreshness"": 90}",b2b,,2026-06-07 17:35:17.494087
02e16a80-c843-4e42-bccf-d09f411b819f,synozur.com,e36f9f62-612b-40dd-b2af-39a6cab20c7a,2026-05-25,40,"{""weights"": {""sovTrend"": 0.3, ""publishRate"": 0.15, ""actionCompletion"": 0.2, ""socialEngagement"": 0.1, ""competitorFreshness"": 0.25}, ""sovTrend"": 0, ""publishRate"": 0, ""actionCompletion"": 50, ""socialEngagement"": 74, ""competitorFreshness"": 90}",b2b,,2026-06-07 17:35:20.601389
70052431-b1c5-4c2d-a347-86e367dfdcb8,synozur.com,9a53d812-6ca7-4dae-bc95-9fc975dadab5,2026-05-25,40,"{""weights"": {""sovTrend"": 0.3, ""publishRate"": 0.15, ""actionCompletion"": 0.2, ""socialEngagement"": 0.1, ""competitorFreshness"": 0.25}, ""sovTrend"": 0, ""publishRate"": 0, ""actionCompletion"": 50, ""socialEngagement"": 74, ""competitorFreshness"": 90}",b2b,,2026-06-07 17:35:20.808845
8c0d0ff8-fa4a-4d9b-aeee-c8ee2b908ec9,synozur.com,9a959fb8-9171-4141-a2b8-f2df7ee805ee,2026-05-25,40,"{""weights"": {""sovTrend"": 0.3, ""publishRate"": 0.15, ""actionCompletion"": 0.2, ""socialEngagement"": 0.1, ""competitorFreshness"": 0.25}, ""sovTrend"": 0, ""publishRate"": 0, ""actionCompletion"": 50, ""socialEngagement"": 74, ""competitorFreshness"": 90}",b2b,,2026-06-07 17:35:21.011244
30c98b63-2052-4af7-b4a1-ec7147e8c4e7,synozur.com,d8017313-db5e-4e57-910c-95b19f5f9b19,2026-05-18,21,"{""weights"": {""sovTrend"": 0.25, ""publishRate"": 0.25, ""actionCompletion"": 0.15, ""socialEngagement"": 0.2, ""competitorFreshness"": 0.15}, ""sovTrend"": 0, ""publishRate"": 0, ""actionCompletion"": 50, ""socialEngagement"": 0, ""competitorFreshness"": 90}",b2c,,2026-05-31 22:11:38.575087
406b36e0-68e7-4158-9fa0-5440e8f6f029,synozur.com,2e7dced4-517d-4271-99d6-dffdeff64c66,2026-05-18,21,"{""weights"": {""sovTrend"": 0.25, ""publishRate"": 0.25, ""actionCompletion"": 0.15, ""socialEngagement"": 0.2, ""competitorFreshness"": 0.15}, ""sovTrend"": 0, ""publishRate"": 0, ""actionCompletion"": 50, ""socialEngagement"": 0, ""competitorFreshness"": 90}",b2c,,2026-05-31 22:11:42.277671
09ad5c09-229b-4e18-9366-99a25b024808,accordancetech.com,,2026-05-18,23,"{""weights"": {""sovTrend"": 0.3, ""publishRate"": 0.15, ""actionCompletion"": 0.2, ""socialEngagement"": 0.1, ""competitorFreshness"": 0.25}, ""sovTrend"": 0, ""publishRate"": 0, ""actionCompletion"": 50, ""socialEngagement"": 0, ""competitorFreshness"": 50}",b2b,,2026-05-31 22:11:45.775583
eec6e4ac-1a7a-4528-bee4-5d7997396fc1,synozur.com,17daaca7-2a15-4f92-bbf3-c9a401ef36ac,2026-05-25,40,"{""weights"": {""sovTrend"": 0.3, ""publishRate"": 0.15, ""actionCompletion"": 0.2, ""socialEngagement"": 0.1, ""competitorFreshness"": 0.25}, ""sovTrend"": 0, ""publishRate"": 0, ""actionCompletion"": 50, ""socialEngagement"": 74, ""competitorFreshness"": 90}",b2b,,2026-06-07 17:35:21.405704
52d0fcfe-f5b3-4cb7-990b-9963292b054e,synozur.com,bc7e3c6b-277f-4220-81d8-2bc62426ad25,2026-05-25,40,"{""weights"": {""sovTrend"": 0.3, ""publishRate"": 0.15, ""actionCompletion"": 0.2, ""socialEngagement"": 0.1, ""competitorFreshness"": 0.25}, ""sovTrend"": 0, ""publishRate"": 0, ""actionCompletion"": 50, ""socialEngagement"": 74, ""competitorFreshness"": 90}",b2b,,2026-06-07 17:35:21.613756
63ba68e2-8854-4b35-a037-9b0c7947544d,synozur.com,5428db01-79b3-4487-a2b2-0e63327f2510,2026-05-25,40,"{""weights"": {""sovTrend"": 0.3, ""publishRate"": 0.15, ""actionCompletion"": 0.2, ""socialEngagement"": 0.1, ""competitorFreshness"": 0.25}, ""sovTrend"": 0, ""publishRate"": 0, ""actionCompletion"": 50, ""socialEngagement"": 74, ""competitorFreshness"": 90}",b2b,,2026-06-07 17:35:22.799576
bca873fc-5e84-45e1-affb-c8566ec0be4e,reveillesoftware.com,,2026-05-18,38,"{""weights"": {""sovTrend"": 0.3, ""publishRate"": 0.15, ""actionCompletion"": 0.2, ""socialEngagement"": 0.1, ""competitorFreshness"": 0.25}, ""sovTrend"": 0, ""publishRate"": 0, ""actionCompletion"": 50, ""socialEngagement"": 33, ""competitorFreshness"": 100}",b2b,,2026-05-31 22:02:09.573945
decdea5a-3cf1-4fce-be44-d7845fed2bff,synozur.com,5d149a37-4d48-4ada-994a-eff6cc41c995,2026-05-25,40,"{""weights"": {""sovTrend"": 0.3, ""publishRate"": 0.15, ""actionCompletion"": 0.2, ""socialEngagement"": 0.1, ""competitorFreshness"": 0.25}, ""sovTrend"": 0, ""publishRate"": 0, ""actionCompletion"": 50, ""socialEngagement"": 74, ""competitorFreshness"": 90}",b2b,,2026-06-07 17:35:24.05454
c8cc6a38-a490-472f-913e-0baa3c1da00f,synozur.com,0a0caa0c-74f1-41e0-ae37-a070ed194772,2026-05-25,40,"{""weights"": {""sovTrend"": 0.3, ""publishRate"": 0.15, ""actionCompletion"": 0.2, ""socialEngagement"": 0.1, ""competitorFreshness"": 0.25}, ""sovTrend"": 0, ""publishRate"": 0, ""actionCompletion"": 50, ""socialEngagement"": 74, ""competitorFreshness"": 90}",b2b,,2026-06-07 17:35:24.296879
561712fd-497c-46e9-b7aa-a5cfeb4a3d65,synozur.com,0ac8db60-16c4-4665-a8f3-e4655a5a29b5,2026-05-25,70,"{""weights"": {""sovTrend"": 0.3, ""publishRate"": 0.15, ""actionCompletion"": 0.2, ""socialEngagement"": 0.1, ""competitorFreshness"": 0.25}, ""sovTrend"": 100, ""publishRate"": 0, ""actionCompletion"": 50, ""socialEngagement"": 74, ""competitorFreshness"": 90}",b2b,,2026-06-07 17:35:25.08924
42f38716-69dc-4521-8bd3-003d4d9e243a,synozur.com,dfad5af1-e6da-4d26-a1d1-6faab3115447,2026-05-25,40,"{""weights"": {""sovTrend"": 0.3, ""publishRate"": 0.15, ""actionCompletion"": 0.2, ""socialEngagement"": 0.1, ""competitorFreshness"": 0.25}, ""sovTrend"": 0, ""publishRate"": 0, ""actionCompletion"": 50, ""socialEngagement"": 74, ""competitorFreshness"": 90}",b2b,,2026-06-07 17:35:25.330848
e35215a6-dad4-4824-8c82-b5a199757684,synozur.com,a8e7cd06-ed45-41ec-b4a1-1c8a55a17a97,2026-05-25,40,"{""weights"": {""sovTrend"": 0.3, ""publishRate"": 0.15, ""actionCompletion"": 0.2, ""socialEngagement"": 0.1, ""competitorFreshness"": 0.25}, ""sovTrend"": 0, ""publishRate"": 0, ""actionCompletion"": 50, ""socialEngagement"": 74, ""competitorFreshness"": 90}",b2b,,2026-06-07 17:35:25.58874
b80b3134-4b6e-4e37-bfa9-3e75f349956f,synozur.com,cbb5fabd-c82b-4d50-bd34-2a0d79398622,2026-05-25,40,"{""weights"": {""sovTrend"": 0.3, ""publishRate"": 0.15, ""actionCompletion"": 0.2, ""socialEngagement"": 0.1, ""competitorFreshness"": 0.25}, ""sovTrend"": 0, ""publishRate"": 0, ""actionCompletion"": 50, ""socialEngagement"": 74, ""competitorFreshness"": 90}",b2b,,2026-06-07 17:35:25.800823
4c48fcef-d6ea-41e2-8c24-9a66bdcbbc2b,synozur.com,9f8f5946-4dd7-418b-b200-ff258a569bf2,2026-05-25,40,"{""weights"": {""sovTrend"": 0.3, ""publishRate"": 0.15, ""actionCompletion"": 0.2, ""socialEngagement"": 0.1, ""competitorFreshness"": 0.25}, ""sovTrend"": 0, ""publishRate"": 0, ""actionCompletion"": 50, ""socialEngagement"": 74, ""competitorFreshness"": 90}",b2b,,2026-06-07 17:35:26.005514
a3af8c2e-c3cc-4f2c-9618-5171d72e1fca,reveillesoftware.com,cf966795-4a02-410b-ac2b-00d57aca1127,2026-05-18,38,"{""weights"": {""sovTrend"": 0.3, ""publishRate"": 0.15, ""actionCompletion"": 0.2, ""socialEngagement"": 0.1, ""competitorFreshness"": 0.25}, ""sovTrend"": 0, ""publishRate"": 0, ""actionCompletion"": 50, ""socialEngagement"": 33, ""competitorFreshness"": 100}",b2b,,2026-05-31 22:02:13.673855
0af31387-65bc-4141-96b1-7dc037c8178c,go-planet.com,,2026-05-18,39,"{""weights"": {""sovTrend"": 0.3, ""publishRate"": 0.15, ""actionCompletion"": 0.2, ""socialEngagement"": 0.1, ""competitorFreshness"": 0.25}, ""sovTrend"": 0, ""publishRate"": 0, ""actionCompletion"": 50, ""socialEngagement"": 37, ""competitorFreshness"": 100}",b2b,,2026-05-31 22:02:21.075524
63709cb3-a984-45ed-8719-a8c10e76fe3b,chrismcnulty.net,,2026-05-18,16,"{""weights"": {""sovTrend"": 0.25, ""publishRate"": 0.25, ""actionCompletion"": 0.15, ""socialEngagement"": 0.2, ""competitorFreshness"": 0.15}, ""sovTrend"": 0, ""publishRate"": 0, ""actionCompletion"": 50, ""socialEngagement"": 0, ""competitorFreshness"": 57}",b2c,,2026-05-31 22:02:26.875421
9c47b48b-844d-46a1-9a75-c28cb11a549d,protiviti.com,,2026-05-18,33,"{""weights"": {""sovTrend"": 0.3, ""publishRate"": 0.15, ""actionCompletion"": 0.2, ""socialEngagement"": 0.1, ""competitorFreshness"": 0.25}, ""sovTrend"": 0, ""publishRate"": 0, ""actionCompletion"": 50, ""socialEngagement"": 0, ""competitorFreshness"": 93}",b2b,,2026-05-31 22:02:31.175275
466f50f8-bba2-42b5-afa5-ceafb8b4d991,protiviti.com,ef08cf28-7cb2-4515-a451-62f3989b55cf,2026-05-18,33,"{""weights"": {""sovTrend"": 0.3, ""publishRate"": 0.15, ""actionCompletion"": 0.2, ""socialEngagement"": 0.1, ""competitorFreshness"": 0.25}, ""sovTrend"": 0, ""publishRate"": 0, ""actionCompletion"": 50, ""socialEngagement"": 0, ""competitorFreshness"": 93}",b2b,,2026-05-31 22:02:57.574317
b8e0dde7-bf1e-4c23-8df7-dfa5e6a32d02,synozur.com,f78f8c44-7b05-43c5-9add-a08bf46af886,2026-05-18,33,"{""weights"": {""sovTrend"": 0.3, ""publishRate"": 0.15, ""actionCompletion"": 0.2, ""socialEngagement"": 0.1, ""competitorFreshness"": 0.25}, ""sovTrend"": 0, ""publishRate"": 0, ""actionCompletion"": 50, ""socialEngagement"": 0, ""competitorFreshness"": 90}",b2b,,2026-05-31 22:04:09.874762
fcf6ebbb-e6b2-4dc1-a3f8-9e32410be75d,synozur.com,e36f9f62-612b-40dd-b2af-39a6cab20c7a,2026-05-18,33,"{""weights"": {""sovTrend"": 0.3, ""publishRate"": 0.15, ""actionCompletion"": 0.2, ""socialEngagement"": 0.1, ""competitorFreshness"": 0.25}, ""sovTrend"": 0, ""publishRate"": 0, ""actionCompletion"": 50, ""socialEngagement"": 0, ""competitorFreshness"": 90}",b2b,,2026-05-31 22:04:52.173534
61d094ce-617f-496f-a7cc-83b8acccd089,synozur.com,9a53d812-6ca7-4dae-bc95-9fc975dadab5,2026-05-18,33,"{""weights"": {""sovTrend"": 0.3, ""publishRate"": 0.15, ""actionCompletion"": 0.2, ""socialEngagement"": 0.1, ""competitorFreshness"": 0.25}, ""sovTrend"": 0, ""publishRate"": 0, ""actionCompletion"": 50, ""socialEngagement"": 0, ""competitorFreshness"": 90}",b2b,,2026-05-31 22:05:23.589139
e9456b5c-d039-4ff8-b56e-27e2122b2bbc,synozur.com,9a959fb8-9171-4141-a2b8-f2df7ee805ee,2026-05-18,33,"{""weights"": {""sovTrend"": 0.3, ""publishRate"": 0.15, ""actionCompletion"": 0.2, ""socialEngagement"": 0.1, ""competitorFreshness"": 0.25}, ""sovTrend"": 0, ""publishRate"": 0, ""actionCompletion"": 50, ""socialEngagement"": 0, ""competitorFreshness"": 90}",b2b,,2026-05-31 22:05:27.475587
aab6d20e-a71c-4029-865a-75b09c525193,synozur.com,,2026-05-18,33,"{""weights"": {""sovTrend"": 0.3, ""publishRate"": 0.15, ""actionCompletion"": 0.2, ""socialEngagement"": 0.1, ""competitorFreshness"": 0.25}, ""sovTrend"": 0, ""publishRate"": 0, ""actionCompletion"": 50, ""socialEngagement"": 0, ""competitorFreshness"": 90}",b2b,,2026-05-31 22:03:49.57454
1a228bff-6701-40d3-86f7-5a7ce1a756d7,accordancetech.com,,2026-06-08,23,"{""weights"": {""sovTrend"": 0.3, ""publishRate"": 0.15, ""actionCompletion"": 0.2, ""socialEngagement"": 0.1, ""competitorFreshness"": 0.25}, ""sovTrend"": 0, ""publishRate"": 0, ""actionCompletion"": 50, ""socialEngagement"": 0, ""competitorFreshness"": 50}",b2b,,2026-06-21 16:32:20.791591
40a88e12-1d02-473d-8bec-a7bf3d2860bc,reveillesoftware.com,,2026-06-08,38,"{""weights"": {""sovTrend"": 0.3, ""publishRate"": 0.15, ""actionCompletion"": 0.2, ""socialEngagement"": 0.1, ""competitorFreshness"": 0.25}, ""sovTrend"": 0, ""publishRate"": 0, ""actionCompletion"": 50, ""socialEngagement"": 33, ""competitorFreshness"": 100}",b2b,,2026-06-21 16:32:26.246704
4707c923-5637-48e1-9e39-09b8b20da859,reveillesoftware.com,cf966795-4a02-410b-ac2b-00d57aca1127,2026-06-08,38,"{""weights"": {""sovTrend"": 0.3, ""publishRate"": 0.15, ""actionCompletion"": 0.2, ""socialEngagement"": 0.1, ""competitorFreshness"": 0.25}, ""sovTrend"": 0, ""publishRate"": 0, ""actionCompletion"": 50, ""socialEngagement"": 33, ""competitorFreshness"": 100}",b2b,,2026-06-21 16:32:26.706669
e1e5899e-8569-4950-8161-8dd80fc6b590,go-planet.com,,2026-06-08,39,"{""weights"": {""sovTrend"": 0.3, ""publishRate"": 0.15, ""actionCompletion"": 0.2, ""socialEngagement"": 0.1, ""competitorFreshness"": 0.25}, ""sovTrend"": 0, ""publishRate"": 0, ""actionCompletion"": 50, ""socialEngagement"": 37, ""competitorFreshness"": 100}",b2b,,2026-06-21 16:32:32.488635
899220a8-283e-4b30-9426-739b0b8af23f,chrismcnulty.net,,2026-06-08,16,"{""weights"": {""sovTrend"": 0.25, ""publishRate"": 0.25, ""actionCompletion"": 0.15, ""socialEngagement"": 0.2, ""competitorFreshness"": 0.15}, ""sovTrend"": 0, ""publishRate"": 0, ""actionCompletion"": 50, ""socialEngagement"": 0, ""competitorFreshness"": 57}",b2c,,2026-06-21 16:32:32.83372
cde761f8-d786-4485-bce9-a959634ecd8c,protiviti.com,,2026-06-08,35,"{""weights"": {""sovTrend"": 0.3, ""publishRate"": 0.15, ""actionCompletion"": 0.2, ""socialEngagement"": 0.1, ""competitorFreshness"": 0.25}, ""sovTrend"": 0, ""publishRate"": 0, ""actionCompletion"": 50, ""socialEngagement"": 0, ""competitorFreshness"": 100}",b2b,,2026-06-21 16:32:38.231212
d784b6e2-c149-4012-a829-778159e44e8d,protiviti.com,ef08cf28-7cb2-4515-a451-62f3989b55cf,2026-06-08,35,"{""weights"": {""sovTrend"": 0.3, ""publishRate"": 0.15, ""actionCompletion"": 0.2, ""socialEngagement"": 0.1, ""competitorFreshness"": 0.25}, ""sovTrend"": 0, ""publishRate"": 0, ""actionCompletion"": 50, ""socialEngagement"": 0, ""competitorFreshness"": 100}",b2b,,2026-06-21 16:32:43.480201
75c62809-4940-4d56-a7b6-740067e6933e,synozur.com,,2026-06-08,53,"{""weights"": {""sovTrend"": 0.3, ""publishRate"": 0.15, ""actionCompletion"": 0.2, ""socialEngagement"": 0.1, ""competitorFreshness"": 0.25}, ""sovTrend"": 100, ""publishRate"": 0, ""actionCompletion"": 0, ""socialEngagement"": 0, ""competitorFreshness"": 91}",b2b,,2026-06-21 16:32:43.8978
2ec288c1-a87b-48b9-80e3-cd1b124f0518,synozur.com,f78f8c44-7b05-43c5-9add-a08bf46af886,2026-06-08,33,"{""weights"": {""sovTrend"": 0.3, ""publishRate"": 0.15, ""actionCompletion"": 0.2, ""socialEngagement"": 0.1, ""competitorFreshness"": 0.25}, ""sovTrend"": 0, ""publishRate"": 0, ""actionCompletion"": 50, ""socialEngagement"": 0, ""competitorFreshness"": 91}",b2b,,2026-06-21 16:32:44.208383
6cd62a10-fdba-4336-be5b-096708b3982f,synozur.com,e36f9f62-612b-40dd-b2af-39a6cab20c7a,2026-06-08,33,"{""weights"": {""sovTrend"": 0.3, ""publishRate"": 0.15, ""actionCompletion"": 0.2, ""socialEngagement"": 0.1, ""competitorFreshness"": 0.25}, ""sovTrend"": 0, ""publishRate"": 0, ""actionCompletion"": 50, ""socialEngagement"": 0, ""competitorFreshness"": 91}",b2b,,2026-06-21 16:32:44.49201
91b7f729-5bb3-4a58-9c39-2eee0c3d2635,synozur.com,9a53d812-6ca7-4dae-bc95-9fc975dadab5,2026-06-08,33,"{""weights"": {""sovTrend"": 0.3, ""publishRate"": 0.15, ""actionCompletion"": 0.2, ""socialEngagement"": 0.1, ""competitorFreshness"": 0.25}, ""sovTrend"": 0, ""publishRate"": 0, ""actionCompletion"": 50, ""socialEngagement"": 0, ""competitorFreshness"": 91}",b2b,,2026-06-21 16:32:44.762274
89d403c0-0d10-4e0b-a198-b329d50c050c,synozur.com,9a959fb8-9171-4141-a2b8-f2df7ee805ee,2026-06-08,33,"{""weights"": {""sovTrend"": 0.3, ""publishRate"": 0.15, ""actionCompletion"": 0.2, ""socialEngagement"": 0.1, ""competitorFreshness"": 0.25}, ""sovTrend"": 0, ""publishRate"": 0, ""actionCompletion"": 50, ""socialEngagement"": 0, ""competitorFreshness"": 91}",b2b,,2026-06-21 16:32:45.030419
23c9cf95-afe3-41ff-9058-1fd0c53e481c,synozur.com,17daaca7-2a15-4f92-bbf3-c9a401ef36ac,2026-06-08,33,"{""weights"": {""sovTrend"": 0.3, ""publishRate"": 0.15, ""actionCompletion"": 0.2, ""socialEngagement"": 0.1, ""competitorFreshness"": 0.25}, ""sovTrend"": 0, ""publishRate"": 0, ""actionCompletion"": 50, ""socialEngagement"": 0, ""competitorFreshness"": 91}",b2b,,2026-06-21 16:32:45.330237
0bef401c-df83-47b7-a17c-9921293d7723,synozur.com,7e86ba11-1ba2-4853-a91b-bcd180e0ba0f,2026-06-15,21,"{""weights"": {""sovTrend"": 0.25, ""publishRate"": 0.25, ""actionCompletion"": 0.15, ""socialEngagement"": 0.2, ""competitorFreshness"": 0.15}, ""sovTrend"": 0, ""publishRate"": 0, ""actionCompletion"": 50, ""socialEngagement"": 0, ""competitorFreshness"": 88}",b2c,,2026-06-28 21:53:12.294987
e853e048-d7a4-4764-ad04-f337dc578eb6,synozur.com,,2026-05-04,34,"{""weights"": {""sovTrend"": 0.3, ""publishRate"": 0.15, ""actionCompletion"": 0.2, ""socialEngagement"": 0.1, ""competitorFreshness"": 0.25}, ""sovTrend"": 0, ""publishRate"": 0, ""actionCompletion"": 50, ""socialEngagement"": 0, ""competitorFreshness"": 95}",b2b,,2026-05-17 16:44:25.081948
c6e924d7-e548-4de2-9389-9c02b8a0e24e,synozur.com,,2026-06-01,33,"{""weights"": {""sovTrend"": 0.3, ""publishRate"": 0.15, ""actionCompletion"": 0.2, ""socialEngagement"": 0.1, ""competitorFreshness"": 0.25}, ""sovTrend"": 0, ""publishRate"": 0, ""actionCompletion"": 50, ""socialEngagement"": 0, ""competitorFreshness"": 92}",b2b,,2026-06-14 21:37:23.476859
59fc2184-f401-422c-8564-46dc8755d799,synozur.com,b085c33e-6301-4882-a3fd-5010c4e45238,2026-05-25,40,"{""weights"": {""sovTrend"": 0.3, ""publishRate"": 0.15, ""actionCompletion"": 0.2, ""socialEngagement"": 0.1, ""competitorFreshness"": 0.25}, ""sovTrend"": 0, ""publishRate"": 0, ""actionCompletion"": 50, ""socialEngagement"": 74, ""competitorFreshness"": 90}",b2b,,2026-06-07 17:35:26.231437
9281174a-7b75-4949-98e4-ab3f437a00d4,synozur.com,188acbd9-121b-4b3f-b21b-37b4e46638e0,2026-05-25,30,"{""weights"": {""sovTrend"": 0.3, ""publishRate"": 0.15, ""actionCompletion"": 0.2, ""socialEngagement"": 0.1, ""competitorFreshness"": 0.25}, ""sovTrend"": 0, ""publishRate"": 0, ""actionCompletion"": 0, ""socialEngagement"": 74, ""competitorFreshness"": 90}",b2b,,2026-06-07 17:35:26.456308
4e1fd424-3883-4cf9-84cd-b02e605d64fd,synozur.com,ca220481-8e38-44ac-8bec-b77fce1155d9,2026-05-25,40,"{""weights"": {""sovTrend"": 0.3, ""publishRate"": 0.15, ""actionCompletion"": 0.2, ""socialEngagement"": 0.1, ""competitorFreshness"": 0.25}, ""sovTrend"": 0, ""publishRate"": 0, ""actionCompletion"": 50, ""socialEngagement"": 74, ""competitorFreshness"": 90}",b2b,,2026-06-07 17:35:29.009361
217ee9b0-3c18-4df5-9d47-926c717edef0,synozur.com,0ef94ec0-4a79-4bf6-8bf8-7009864131e5,2026-05-25,40,"{""weights"": {""sovTrend"": 0.3, ""publishRate"": 0.15, ""actionCompletion"": 0.2, ""socialEngagement"": 0.1, ""competitorFreshness"": 0.25}, ""sovTrend"": 0, ""publishRate"": 0, ""actionCompletion"": 50, ""socialEngagement"": 74, ""competitorFreshness"": 90}",b2b,,2026-06-07 17:35:31.68983
97d7e09c-d8a6-4159-9647-ccdc3c41ca89,synozur.com,6496aaa4-2ddf-4cad-a993-29582e8590b1,2026-05-25,40,"{""weights"": {""sovTrend"": 0.3, ""publishRate"": 0.15, ""actionCompletion"": 0.2, ""socialEngagement"": 0.1, ""competitorFreshness"": 0.25}, ""sovTrend"": 0, ""publishRate"": 0, ""actionCompletion"": 50, ""socialEngagement"": 74, ""competitorFreshness"": 90}",b2b,,2026-06-07 17:35:32.573713
48fd2495-7164-4988-9f27-797e921f3648,synozur.com,9705950c-adda-40e3-8f88-7704fdff4d50,2026-05-25,40,"{""weights"": {""sovTrend"": 0.3, ""publishRate"": 0.15, ""actionCompletion"": 0.2, ""socialEngagement"": 0.1, ""competitorFreshness"": 0.25}, ""sovTrend"": 0, ""publishRate"": 0, ""actionCompletion"": 50, ""socialEngagement"": 74, ""competitorFreshness"": 90}",b2b,,2026-06-07 17:35:32.820158
e94a8262-3aa0-4df2-8c8d-d9f54c6d173c,synozur.com,e60427a8-7765-4e8a-a031-3324c883931f,2026-05-25,40,"{""weights"": {""sovTrend"": 0.3, ""publishRate"": 0.15, ""actionCompletion"": 0.2, ""socialEngagement"": 0.1, ""competitorFreshness"": 0.25}, ""sovTrend"": 0, ""publishRate"": 0, ""actionCompletion"": 50, ""socialEngagement"": 74, ""competitorFreshness"": 90}",b2b,,2026-06-07 17:35:33.697478
3c9bb942-3a7e-43d2-b80c-302d94a1bfc2,synozur.com,0d26aaa5-4ae5-40d8-a834-e70c84f9d45e,2026-05-25,40,"{""weights"": {""sovTrend"": 0.3, ""publishRate"": 0.15, ""actionCompletion"": 0.2, ""socialEngagement"": 0.1, ""competitorFreshness"": 0.25}, ""sovTrend"": 0, ""publishRate"": 0, ""actionCompletion"": 50, ""socialEngagement"": 74, ""competitorFreshness"": 90}",b2b,,2026-06-07 17:35:33.950689
1b31eb34-976b-4862-b07b-f83844d273fb,synozur.com,60965484-0510-4fee-b01a-fb6bb2422b80,2026-05-25,40,"{""weights"": {""sovTrend"": 0.3, ""publishRate"": 0.15, ""actionCompletion"": 0.2, ""socialEngagement"": 0.1, ""competitorFreshness"": 0.25}, ""sovTrend"": 0, ""publishRate"": 0, ""actionCompletion"": 50, ""socialEngagement"": 74, ""competitorFreshness"": 90}",b2b,,2026-06-07 17:35:34.20302
3b20b788-ba1d-4a5e-8aa0-fc6c2013e253,synozur.com,fd07e8e6-04ec-4d59-bd3d-04ed0e567c12,2026-05-25,40,"{""weights"": {""sovTrend"": 0.3, ""publishRate"": 0.15, ""actionCompletion"": 0.2, ""socialEngagement"": 0.1, ""competitorFreshness"": 0.25}, ""sovTrend"": 0, ""publishRate"": 0, ""actionCompletion"": 50, ""socialEngagement"": 74, ""competitorFreshness"": 90}",b2b,,2026-06-07 17:35:34.44054
23f0e64c-3aca-4963-a181-5754a70b17a6,synozur.com,6f5ed80d-e3b4-4d0e-8c71-6c622c224de8,2026-05-25,40,"{""weights"": {""sovTrend"": 0.3, ""publishRate"": 0.15, ""actionCompletion"": 0.2, ""socialEngagement"": 0.1, ""competitorFreshness"": 0.25}, ""sovTrend"": 0, ""publishRate"": 0, ""actionCompletion"": 50, ""socialEngagement"": 74, ""competitorFreshness"": 90}",b2b,,2026-06-07 17:35:34.652226
b22a86f1-d35f-40cc-bd3a-2fc06f5a0d9e,synozur.com,d446066a-1794-478a-b019-63409921304a,2026-05-25,40,"{""weights"": {""sovTrend"": 0.3, ""publishRate"": 0.15, ""actionCompletion"": 0.2, ""socialEngagement"": 0.1, ""competitorFreshness"": 0.25}, ""sovTrend"": 0, ""publishRate"": 0, ""actionCompletion"": 50, ""socialEngagement"": 74, ""competitorFreshness"": 90}",b2b,,2026-06-07 17:35:34.855765
9b4867ec-b9c2-4005-bfe9-0437157152d0,synozur.com,7e86ba11-1ba2-4853-a91b-bcd180e0ba0f,2026-05-25,36,"{""weights"": {""sovTrend"": 0.25, ""publishRate"": 0.25, ""actionCompletion"": 0.15, ""socialEngagement"": 0.2, ""competitorFreshness"": 0.15}, ""sovTrend"": 0, ""publishRate"": 0, ""actionCompletion"": 50, ""socialEngagement"": 74, ""competitorFreshness"": 90}",b2c,,2026-06-07 17:35:35.09286
3ed6fb9c-50a3-437e-ad59-a58958a9b356,synozur.com,7f49f485-e251-4e51-8114-cce62e5ce6a9,2026-05-25,70,"{""weights"": {""sovTrend"": 0.3, ""publishRate"": 0.15, ""actionCompletion"": 0.2, ""socialEngagement"": 0.1, ""competitorFreshness"": 0.25}, ""sovTrend"": 100, ""publishRate"": 0, ""actionCompletion"": 50, ""socialEngagement"": 74, ""competitorFreshness"": 90}",b2b,,2026-06-07 17:35:37.145229
5ce8d80c-6a41-4b10-9154-366da35a51c5,synozur.com,298c26bd-3400-4ac4-8001-eb38f4f163ed,2026-05-25,40,"{""weights"": {""sovTrend"": 0.3, ""publishRate"": 0.15, ""actionCompletion"": 0.2, ""socialEngagement"": 0.1, ""competitorFreshness"": 0.25}, ""sovTrend"": 0, ""publishRate"": 0, ""actionCompletion"": 50, ""socialEngagement"": 74, ""competitorFreshness"": 90}",b2b,,2026-06-07 17:35:37.384653
554c3bd4-266e-4a5c-8f72-a4b661bea799,synozur.com,0dad59af-ea3b-4cb2-bf04-f365c7a69114,2026-05-25,40,"{""weights"": {""sovTrend"": 0.3, ""publishRate"": 0.15, ""actionCompletion"": 0.2, ""socialEngagement"": 0.1, ""competitorFreshness"": 0.25}, ""sovTrend"": 0, ""publishRate"": 0, ""actionCompletion"": 50, ""socialEngagement"": 74, ""competitorFreshness"": 90}",b2b,,2026-06-07 17:35:41.320826
ce06502c-e9c0-438e-8ca9-ccfad473e13c,synozur.com,17daaca7-2a15-4f92-bbf3-c9a401ef36ac,2026-05-18,33,"{""weights"": {""sovTrend"": 0.3, ""publishRate"": 0.15, ""actionCompletion"": 0.2, ""socialEngagement"": 0.1, ""competitorFreshness"": 0.25}, ""sovTrend"": 0, ""publishRate"": 0, ""actionCompletion"": 50, ""socialEngagement"": 0, ""competitorFreshness"": 90}",b2b,,2026-05-31 22:05:38.175905
307ca3b3-4de0-40e5-b2ea-ab0f28d6e9c8,synozur.com,bc7e3c6b-277f-4220-81d8-2bc62426ad25,2026-05-18,33,"{""weights"": {""sovTrend"": 0.3, ""publishRate"": 0.15, ""actionCompletion"": 0.2, ""socialEngagement"": 0.1, ""competitorFreshness"": 0.25}, ""sovTrend"": 0, ""publishRate"": 0, ""actionCompletion"": 50, ""socialEngagement"": 0, ""competitorFreshness"": 90}",b2b,,2026-05-31 22:05:50.074054
8476bc80-fb39-46ef-b3e4-8f43505797be,synozur.com,5428db01-79b3-4487-a2b2-0e63327f2510,2026-05-18,23,"{""weights"": {""sovTrend"": 0.3, ""publishRate"": 0.15, ""actionCompletion"": 0.2, ""socialEngagement"": 0.1, ""competitorFreshness"": 0.25}, ""sovTrend"": 0, ""publishRate"": 0, ""actionCompletion"": 0, ""socialEngagement"": 0, ""competitorFreshness"": 90}",b2b,,2026-05-31 22:06:05.275043
4a58cf96-55ef-4d46-a3fe-027224e8cf9c,synozur.com,5d149a37-4d48-4ada-994a-eff6cc41c995,2026-05-18,33,"{""weights"": {""sovTrend"": 0.3, ""publishRate"": 0.15, ""actionCompletion"": 0.2, ""socialEngagement"": 0.1, ""competitorFreshness"": 0.25}, ""sovTrend"": 0, ""publishRate"": 0, ""actionCompletion"": 50, ""socialEngagement"": 0, ""competitorFreshness"": 90}",b2b,,2026-05-31 22:06:25.47505
eba86c23-58ce-40f2-a199-518bcc2d2da2,synozur.com,0a0caa0c-74f1-41e0-ae37-a070ed194772,2026-05-18,33,"{""weights"": {""sovTrend"": 0.3, ""publishRate"": 0.15, ""actionCompletion"": 0.2, ""socialEngagement"": 0.1, ""competitorFreshness"": 0.25}, ""sovTrend"": 0, ""publishRate"": 0, ""actionCompletion"": 50, ""socialEngagement"": 0, ""competitorFreshness"": 90}",b2b,,2026-05-31 22:06:43.274142
cce9ad78-4989-495a-83a2-651dd6276117,synozur.com,872dde94-3e6c-4115-acdc-2c79b3276138,2026-05-25,40,"{""weights"": {""sovTrend"": 0.3, ""publishRate"": 0.15, ""actionCompletion"": 0.2, ""socialEngagement"": 0.1, ""competitorFreshness"": 0.25}, ""sovTrend"": 0, ""publishRate"": 0, ""actionCompletion"": 50, ""socialEngagement"": 74, ""competitorFreshness"": 90}",b2b,,2026-06-07 17:35:41.586562
94919bd9-1cff-4508-b5af-433ded123ebe,synozur.com,93e60ca4-1f9d-456d-af6d-82d8af0566d1,2026-05-25,40,"{""weights"": {""sovTrend"": 0.3, ""publishRate"": 0.15, ""actionCompletion"": 0.2, ""socialEngagement"": 0.1, ""competitorFreshness"": 0.25}, ""sovTrend"": 0, ""publishRate"": 0, ""actionCompletion"": 50, ""socialEngagement"": 74, ""competitorFreshness"": 90}",b2b,,2026-06-07 17:35:42.05709
e6d6bb03-6806-406a-9391-2049255fb81a,synozur.com,df16877c-1384-407b-be3d-69e8a3442178,2026-05-25,40,"{""weights"": {""sovTrend"": 0.3, ""publishRate"": 0.15, ""actionCompletion"": 0.2, ""socialEngagement"": 0.1, ""competitorFreshness"": 0.25}, ""sovTrend"": 0, ""publishRate"": 0, ""actionCompletion"": 50, ""socialEngagement"": 74, ""competitorFreshness"": 90}",b2b,,2026-06-07 17:35:42.296582
5f36cb77-0dcd-45a5-a02b-e5f5cd269a59,synozur.com,ea07a669-2e2b-4dbc-84fd-42f0009d0955,2026-05-25,61,"{""weights"": {""sovTrend"": 0.25, ""publishRate"": 0.25, ""actionCompletion"": 0.15, ""socialEngagement"": 0.2, ""competitorFreshness"": 0.15}, ""sovTrend"": 100, ""publishRate"": 0, ""actionCompletion"": 50, ""socialEngagement"": 74, ""competitorFreshness"": 90}",b2c,,2026-06-07 17:35:42.536701
1974d320-8d5a-44d9-8b55-6ba5f8b8dfe6,synozur.com,28dc9e03-8a9c-448e-8aa4-7818fa503a82,2026-05-25,40,"{""weights"": {""sovTrend"": 0.3, ""publishRate"": 0.15, ""actionCompletion"": 0.2, ""socialEngagement"": 0.1, ""competitorFreshness"": 0.25}, ""sovTrend"": 0, ""publishRate"": 0, ""actionCompletion"": 50, ""socialEngagement"": 74, ""competitorFreshness"": 90}",b2b,,2026-06-07 17:35:42.754628
e7f88e60-8f12-4c7e-83b9-d8038587a457,synozur.com,17b318bd-67fa-40b5-858e-77c3db633a56,2026-05-25,36,"{""weights"": {""sovTrend"": 0.25, ""publishRate"": 0.25, ""actionCompletion"": 0.15, ""socialEngagement"": 0.2, ""competitorFreshness"": 0.15}, ""sovTrend"": 0, ""publishRate"": 0, ""actionCompletion"": 50, ""socialEngagement"": 74, ""competitorFreshness"": 90}",b2c,,2026-06-07 17:35:42.973342
930e1ad5-9e48-45ff-8cf8-967626a3d101,synozur.com,0afdd7be-dd94-47e6-89d5-dd3696094e45,2026-05-25,40,"{""weights"": {""sovTrend"": 0.3, ""publishRate"": 0.15, ""actionCompletion"": 0.2, ""socialEngagement"": 0.1, ""competitorFreshness"": 0.25}, ""sovTrend"": 0, ""publishRate"": 0, ""actionCompletion"": 50, ""socialEngagement"": 74, ""competitorFreshness"": 90}",b2b,,2026-06-07 17:35:43.193526
86a73bf3-9b93-4940-935c-8792b89fda89,synozur.com,bc7e3c6b-277f-4220-81d8-2bc62426ad25,2026-06-08,33,"{""weights"": {""sovTrend"": 0.3, ""publishRate"": 0.15, ""actionCompletion"": 0.2, ""socialEngagement"": 0.1, ""competitorFreshness"": 0.25}, ""sovTrend"": 0, ""publishRate"": 0, ""actionCompletion"": 50, ""socialEngagement"": 0, ""competitorFreshness"": 91}",b2b,,2026-06-21 16:32:48.968338
534d5972-fe24-4d7e-913f-217641f2883d,synozur.com,,2026-05-25,40,"{""weights"": {""sovTrend"": 0.3, ""publishRate"": 0.15, ""actionCompletion"": 0.2, ""socialEngagement"": 0.1, ""competitorFreshness"": 0.25}, ""sovTrend"": 0, ""publishRate"": 0, ""actionCompletion"": 50, ""socialEngagement"": 74, ""competitorFreshness"": 90}",b2b,,2026-06-07 17:35:43.629469
5c3623f9-de0a-4b9c-867b-7fa0921b2a11,synozur.com,0ac8db60-16c4-4665-a8f3-e4655a5a29b5,2026-05-18,33,"{""weights"": {""sovTrend"": 0.3, ""publishRate"": 0.15, ""actionCompletion"": 0.2, ""socialEngagement"": 0.1, ""competitorFreshness"": 0.25}, ""sovTrend"": 0, ""publishRate"": 0, ""actionCompletion"": 50, ""socialEngagement"": 0, ""competitorFreshness"": 90}",b2b,,2026-05-31 22:06:55.474215
b7f25ffd-d98e-4f36-8779-dfe69bc24410,synozur.com,dfad5af1-e6da-4d26-a1d1-6faab3115447,2026-05-18,33,"{""weights"": {""sovTrend"": 0.3, ""publishRate"": 0.15, ""actionCompletion"": 0.2, ""socialEngagement"": 0.1, ""competitorFreshness"": 0.25}, ""sovTrend"": 0, ""publishRate"": 0, ""actionCompletion"": 50, ""socialEngagement"": 0, ""competitorFreshness"": 90}",b2b,,2026-05-31 22:07:05.175462
20a7d648-df29-4b18-acd5-713287ed1eb1,synozur.com,a83caa9d-904f-4508-a008-028921e755d2,2026-05-25,40,"{""weights"": {""sovTrend"": 0.3, ""publishRate"": 0.15, ""actionCompletion"": 0.2, ""socialEngagement"": 0.1, ""competitorFreshness"": 0.25}, ""sovTrend"": 0, ""publishRate"": 0, ""actionCompletion"": 50, ""socialEngagement"": 74, ""competitorFreshness"": 90}",b2b,,2026-06-07 17:35:47.825068
55619772-b122-4e48-91c6-1907203c56ff,synozur.com,21967b75-d76d-4c89-91f5-59b4a9a3d089,2026-05-25,36,"{""weights"": {""sovTrend"": 0.25, ""publishRate"": 0.25, ""actionCompletion"": 0.15, ""socialEngagement"": 0.2, ""competitorFreshness"": 0.15}, ""sovTrend"": 0, ""publishRate"": 0, ""actionCompletion"": 50, ""socialEngagement"": 74, ""competitorFreshness"": 90}",b2c,,2026-06-07 17:35:48.054095
cdf6f043-a2f5-433d-a884-d935fc687f1a,synozur.com,723cb0a7-893c-4f36-b867-d6a207f2bfde,2026-05-25,28,"{""weights"": {""sovTrend"": 0.25, ""publishRate"": 0.25, ""actionCompletion"": 0.15, ""socialEngagement"": 0.2, ""competitorFreshness"": 0.15}, ""sovTrend"": 0, ""publishRate"": 0, ""actionCompletion"": 0, ""socialEngagement"": 74, ""competitorFreshness"": 90}",b2c,,2026-06-07 17:35:50.436259
ece68082-0680-4849-b394-95642c7ce52b,synozur.com,b3c49c08-f9c9-483b-8820-acffc29be17a,2026-05-25,36,"{""weights"": {""sovTrend"": 0.25, ""publishRate"": 0.25, ""actionCompletion"": 0.15, ""socialEngagement"": 0.2, ""competitorFreshness"": 0.15}, ""sovTrend"": 0, ""publishRate"": 0, ""actionCompletion"": 50, ""socialEngagement"": 74, ""competitorFreshness"": 90}",b2c,,2026-06-07 17:35:51.369737
03ca1b4a-337f-42b3-891e-c49cc6f74375,synozur.com,1e288019-256e-4322-9781-1034bd47331c,2026-05-25,40,"{""weights"": {""sovTrend"": 0.3, ""publishRate"": 0.15, ""actionCompletion"": 0.2, ""socialEngagement"": 0.1, ""competitorFreshness"": 0.25}, ""sovTrend"": 0, ""publishRate"": 0, ""actionCompletion"": 50, ""socialEngagement"": 74, ""competitorFreshness"": 90}",b2b,,2026-06-07 17:35:51.566846
51240713-2cca-4063-a17f-5456a9d4f7b8,synozur.com,9a69511b-78e8-4ac0-b74a-3892578b764b,2026-05-25,36,"{""weights"": {""sovTrend"": 0.25, ""publishRate"": 0.25, ""actionCompletion"": 0.15, ""socialEngagement"": 0.2, ""competitorFreshness"": 0.15}, ""sovTrend"": 0, ""publishRate"": 0, ""actionCompletion"": 50, ""socialEngagement"": 74, ""competitorFreshness"": 90}",b2c,,2026-06-07 17:35:51.768464
f6020ff7-1fe8-44b8-a844-2a7bfc482f22,synozur.com,84a7b88d-e662-47ef-9a1a-fbc2d1046b49,2026-05-25,40,"{""weights"": {""sovTrend"": 0.3, ""publishRate"": 0.15, ""actionCompletion"": 0.2, ""socialEngagement"": 0.1, ""competitorFreshness"": 0.25}, ""sovTrend"": 0, ""publishRate"": 0, ""actionCompletion"": 50, ""socialEngagement"": 74, ""competitorFreshness"": 90}",b2b,,2026-06-07 17:35:51.957458
b472115f-0987-4ba5-a1bc-99d9c491a001,synozur.com,d8017313-db5e-4e57-910c-95b19f5f9b19,2026-05-25,28,"{""weights"": {""sovTrend"": 0.25, ""publishRate"": 0.25, ""actionCompletion"": 0.15, ""socialEngagement"": 0.2, ""competitorFreshness"": 0.15}, ""sovTrend"": 0, ""publishRate"": 0, ""actionCompletion"": 0, ""socialEngagement"": 74, ""competitorFreshness"": 90}",b2c,,2026-06-07 17:35:52.156714
4ef5e62f-9fa0-4b46-bbbf-ed4842b62e46,synozur.com,2e7dced4-517d-4271-99d6-dffdeff64c66,2026-05-25,28,"{""weights"": {""sovTrend"": 0.25, ""publishRate"": 0.25, ""actionCompletion"": 0.15, ""socialEngagement"": 0.2, ""competitorFreshness"": 0.15}, ""sovTrend"": 0, ""publishRate"": 0, ""actionCompletion"": 0, ""socialEngagement"": 74, ""competitorFreshness"": 90}",b2c,,2026-06-07 17:35:52.337846
13a17be9-d37d-4376-9254-32eed3c7d57a,synozur.com,f0bcbd9a-e68c-4dfc-87d8-d0adc9660f51,2026-05-25,40,"{""weights"": {""sovTrend"": 0.3, ""publishRate"": 0.15, ""actionCompletion"": 0.2, ""socialEngagement"": 0.1, ""competitorFreshness"": 0.25}, ""sovTrend"": 0, ""publishRate"": 0, ""actionCompletion"": 50, ""socialEngagement"": 74, ""competitorFreshness"": 90}",b2b,,2026-06-07 17:35:52.51561
bcd6a16c-dae0-47b2-a0d6-85b5b936e298,accordancetech.com,,2026-05-25,23,"{""weights"": {""sovTrend"": 0.3, ""publishRate"": 0.15, ""actionCompletion"": 0.2, ""socialEngagement"": 0.1, ""competitorFreshness"": 0.25}, ""sovTrend"": 0, ""publishRate"": 0, ""actionCompletion"": 50, ""socialEngagement"": 0, ""competitorFreshness"": 50}",b2b,,2026-06-07 17:35:52.733611
9529eced-2fa1-4191-8774-9f290acf3cea,synozur.com,,2026-04-27,34,"{""weights"": {""sovTrend"": 0.3, ""publishRate"": 0.15, ""actionCompletion"": 0.2, ""socialEngagement"": 0.1, ""competitorFreshness"": 0.25}, ""sovTrend"": 0, ""publishRate"": 0, ""actionCompletion"": 50, ""socialEngagement"": 0, ""competitorFreshness"": 95}",b2b,,2026-05-10 18:13:37.011047
187db3fe-fa1a-4af3-bdcc-adb9c3abda87,synozur.com,,2026-05-04,24,"{""weights"": {""sovTrend"": 0.3, ""publishRate"": 0.15, ""actionCompletion"": 0.2, ""socialEngagement"": 0.1, ""competitorFreshness"": 0.25}, ""sovTrend"": 0, ""publishRate"": 0, ""actionCompletion"": 0, ""socialEngagement"": 0, ""competitorFreshness"": 95}",b2b,,2026-05-17 16:44:21.281349
3749a36b-1e79-43fd-a3d2-46045fdb5abb,synozur.com,,2026-05-18,23,"{""weights"": {""sovTrend"": 0.3, ""publishRate"": 0.15, ""actionCompletion"": 0.2, ""socialEngagement"": 0.1, ""competitorFreshness"": 0.25}, ""sovTrend"": 0, ""publishRate"": 0, ""actionCompletion"": 0, ""socialEngagement"": 0, ""competitorFreshness"": 90}",b2b,,2026-05-31 22:10:56.675283
2c2ecd36-d274-4c91-b31a-92f323e2088f,synozur.com,,2026-05-11,27,"{""weights"": {""sovTrend"": 0.3, ""publishRate"": 0.15, ""actionCompletion"": 0.2, ""socialEngagement"": 0.1, ""competitorFreshness"": 0.25}, ""sovTrend"": 0, ""publishRate"": 0, ""actionCompletion"": 0, ""socialEngagement"": 43, ""competitorFreshness"": 91}",b2b,,2026-05-24 23:49:22.29945
c5521efd-a7ad-4a4a-b500-d542bf401e38,synozur.com,,2026-05-25,30,"{""weights"": {""sovTrend"": 0.3, ""publishRate"": 0.15, ""actionCompletion"": 0.2, ""socialEngagement"": 0.1, ""competitorFreshness"": 0.25}, ""sovTrend"": 0, ""publishRate"": 0, ""actionCompletion"": 0, ""socialEngagement"": 74, ""competitorFreshness"": 90}",b2b,,2026-06-07 17:35:43.42479
e1438295-6939-4e46-ad23-a646bbf49d12,synozur.com,5428db01-79b3-4487-a2b2-0e63327f2510,2026-06-08,33,"{""weights"": {""sovTrend"": 0.3, ""publishRate"": 0.15, ""actionCompletion"": 0.2, ""socialEngagement"": 0.1, ""competitorFreshness"": 0.25}, ""sovTrend"": 0, ""publishRate"": 0, ""actionCompletion"": 50, ""socialEngagement"": 0, ""competitorFreshness"": 91}",b2b,,2026-06-21 16:32:49.252535
08c4fe2d-d30b-4fe2-8453-304eb365e183,synozur.com,0a0caa0c-74f1-41e0-ae37-a070ed194772,2026-06-08,33,"{""weights"": {""sovTrend"": 0.3, ""publishRate"": 0.15, ""actionCompletion"": 0.2, ""socialEngagement"": 0.1, ""competitorFreshness"": 0.25}, ""sovTrend"": 0, ""publishRate"": 0, ""actionCompletion"": 50, ""socialEngagement"": 0, ""competitorFreshness"": 91}",b2b,,2026-06-21 16:32:49.581575
2e60c49e-c8c6-4f56-b70a-97f4659c45c0,synozur.com,0ac8db60-16c4-4665-a8f3-e4655a5a29b5,2026-06-08,53,"{""weights"": {""sovTrend"": 0.3, ""publishRate"": 0.15, ""actionCompletion"": 0.2, ""socialEngagement"": 0.1, ""competitorFreshness"": 0.25}, ""sovTrend"": 100, ""publishRate"": 0, ""actionCompletion"": 0, ""socialEngagement"": 0, ""competitorFreshness"": 91}",b2b,,2026-06-21 16:32:49.844657
3bd732a7-0a48-4d4c-a20d-367083f474d4,synozur.com,dfad5af1-e6da-4d26-a1d1-6faab3115447,2026-06-08,33,"{""weights"": {""sovTrend"": 0.3, ""publishRate"": 0.15, ""actionCompletion"": 0.2, ""socialEngagement"": 0.1, ""competitorFreshness"": 0.25}, ""sovTrend"": 0, ""publishRate"": 0, ""actionCompletion"": 50, ""socialEngagement"": 0, ""competitorFreshness"": 91}",b2b,,2026-06-21 16:32:50.079972
cc22fbe7-923e-473e-90ef-bcd05f051874,synozur.com,a8e7cd06-ed45-41ec-b4a1-1c8a55a17a97,2026-06-08,33,"{""weights"": {""sovTrend"": 0.3, ""publishRate"": 0.15, ""actionCompletion"": 0.2, ""socialEngagement"": 0.1, ""competitorFreshness"": 0.25}, ""sovTrend"": 0, ""publishRate"": 0, ""actionCompletion"": 50, ""socialEngagement"": 0, ""competitorFreshness"": 91}",b2b,,2026-06-21 16:32:50.332251
07dc8844-410d-457e-a7b6-bb0caa7b8cf0,synozur.com,cbb5fabd-c82b-4d50-bd34-2a0d79398622,2026-06-08,33,"{""weights"": {""sovTrend"": 0.3, ""publishRate"": 0.15, ""actionCompletion"": 0.2, ""socialEngagement"": 0.1, ""competitorFreshness"": 0.25}, ""sovTrend"": 0, ""publishRate"": 0, ""actionCompletion"": 50, ""socialEngagement"": 0, ""competitorFreshness"": 91}",b2b,,2026-06-21 16:32:53.965925
124ec571-30d9-47ab-8c30-66835f369681,synozur.com,5d149a37-4d48-4ada-994a-eff6cc41c995,2026-06-08,33,"{""weights"": {""sovTrend"": 0.3, ""publishRate"": 0.15, ""actionCompletion"": 0.2, ""socialEngagement"": 0.1, ""competitorFreshness"": 0.25}, ""sovTrend"": 0, ""publishRate"": 0, ""actionCompletion"": 50, ""socialEngagement"": 0, ""competitorFreshness"": 91}",b2b,,2026-06-21 16:32:54.23181
972a1922-58e0-4a4f-b659-a41f412d1cc3,synozur.com,9f8f5946-4dd7-418b-b200-ff258a569bf2,2026-06-08,33,"{""weights"": {""sovTrend"": 0.3, ""publishRate"": 0.15, ""actionCompletion"": 0.2, ""socialEngagement"": 0.1, ""competitorFreshness"": 0.25}, ""sovTrend"": 0, ""publishRate"": 0, ""actionCompletion"": 50, ""socialEngagement"": 0, ""competitorFreshness"": 91}",b2b,,2026-06-21 16:32:59.335278
a70566f7-522d-462e-a571-57691f21fdc2,synozur.com,b085c33e-6301-4882-a3fd-5010c4e45238,2026-06-08,33,"{""weights"": {""sovTrend"": 0.3, ""publishRate"": 0.15, ""actionCompletion"": 0.2, ""socialEngagement"": 0.1, ""competitorFreshness"": 0.25}, ""sovTrend"": 0, ""publishRate"": 0, ""actionCompletion"": 50, ""socialEngagement"": 0, ""competitorFreshness"": 91}",b2b,,2026-06-21 16:32:59.627898
3f5973bb-86fa-4f7e-84cd-3c841616a6e7,synozur.com,188acbd9-121b-4b3f-b21b-37b4e46638e0,2026-06-08,23,"{""weights"": {""sovTrend"": 0.3, ""publishRate"": 0.15, ""actionCompletion"": 0.2, ""socialEngagement"": 0.1, ""competitorFreshness"": 0.25}, ""sovTrend"": 0, ""publishRate"": 0, ""actionCompletion"": 0, ""socialEngagement"": 0, ""competitorFreshness"": 91}",b2b,,2026-06-21 16:32:59.888327
4d5a725c-2095-4bf8-9e22-7958bc0b9a51,synozur.com,ca220481-8e38-44ac-8bec-b77fce1155d9,2026-06-08,33,"{""weights"": {""sovTrend"": 0.3, ""publishRate"": 0.15, ""actionCompletion"": 0.2, ""socialEngagement"": 0.1, ""competitorFreshness"": 0.25}, ""sovTrend"": 0, ""publishRate"": 0, ""actionCompletion"": 50, ""socialEngagement"": 0, ""competitorFreshness"": 91}",b2b,,2026-06-21 16:33:03.294064
9bdb8817-a321-4014-9e0e-b4f4f99b2513,synozur.com,0ef94ec0-4a79-4bf6-8bf8-7009864131e5,2026-06-08,33,"{""weights"": {""sovTrend"": 0.3, ""publishRate"": 0.15, ""actionCompletion"": 0.2, ""socialEngagement"": 0.1, ""competitorFreshness"": 0.25}, ""sovTrend"": 0, ""publishRate"": 0, ""actionCompletion"": 50, ""socialEngagement"": 0, ""competitorFreshness"": 91}",b2b,,2026-06-21 16:33:04.996462
c621a4ec-a7ec-404a-bce3-1fc86cac8e4b,synozur.com,6496aaa4-2ddf-4cad-a993-29582e8590b1,2026-06-08,33,"{""weights"": {""sovTrend"": 0.3, ""publishRate"": 0.15, ""actionCompletion"": 0.2, ""socialEngagement"": 0.1, ""competitorFreshness"": 0.25}, ""sovTrend"": 0, ""publishRate"": 0, ""actionCompletion"": 50, ""socialEngagement"": 0, ""competitorFreshness"": 91}",b2b,,2026-06-21 16:33:05.2736
929602f9-4d0b-4a55-809f-1d42a6d2a858,synozur.com,e60427a8-7765-4e8a-a031-3324c883931f,2026-06-08,33,"{""weights"": {""sovTrend"": 0.3, ""publishRate"": 0.15, ""actionCompletion"": 0.2, ""socialEngagement"": 0.1, ""competitorFreshness"": 0.25}, ""sovTrend"": 0, ""publishRate"": 0, ""actionCompletion"": 50, ""socialEngagement"": 0, ""competitorFreshness"": 91}",b2b,,2026-06-21 16:33:10.470584
0e127e0b-8678-4e0e-b911-bd9b4c325f7f,synozur.com,0d26aaa5-4ae5-40d8-a834-e70c84f9d45e,2026-06-08,33,"{""weights"": {""sovTrend"": 0.3, ""publishRate"": 0.15, ""actionCompletion"": 0.2, ""socialEngagement"": 0.1, ""competitorFreshness"": 0.25}, ""sovTrend"": 0, ""publishRate"": 0, ""actionCompletion"": 50, ""socialEngagement"": 0, ""competitorFreshness"": 91}",b2b,,2026-06-21 16:33:10.766908
4fd3802e-a105-4075-8570-91aadb7ad90f,synozur.com,7f49f485-e251-4e51-8114-cce62e5ce6a9,2026-06-15,62,"{""weights"": {""sovTrend"": 0.3, ""publishRate"": 0.15, ""actionCompletion"": 0.2, ""socialEngagement"": 0.1, ""competitorFreshness"": 0.25}, ""sovTrend"": 100, ""publishRate"": 0, ""actionCompletion"": 50, ""socialEngagement"": 0, ""competitorFreshness"": 88}",b2b,,2026-06-28 21:53:12.642864
538edad6-5f1e-4405-9034-37c0b035e616,synozur.com,298c26bd-3400-4ac4-8001-eb38f4f163ed,2026-06-15,32,"{""weights"": {""sovTrend"": 0.3, ""publishRate"": 0.15, ""actionCompletion"": 0.2, ""socialEngagement"": 0.1, ""competitorFreshness"": 0.25}, ""sovTrend"": 0, ""publishRate"": 0, ""actionCompletion"": 50, ""socialEngagement"": 0, ""competitorFreshness"": 88}",b2b,,2026-06-28 21:53:16.688489
b6a7f6c5-16d0-42b0-97b3-985d72cff3ec,synozur.com,60965484-0510-4fee-b01a-fb6bb2422b80,2026-06-08,33,"{""weights"": {""sovTrend"": 0.3, ""publishRate"": 0.15, ""actionCompletion"": 0.2, ""socialEngagement"": 0.1, ""competitorFreshness"": 0.25}, ""sovTrend"": 0, ""publishRate"": 0, ""actionCompletion"": 50, ""socialEngagement"": 0, ""competitorFreshness"": 91}",b2b,,2026-06-21 16:33:19.197635
5bd21c58-a302-471d-bbb2-7303c5a03b67,synozur.com,fd07e8e6-04ec-4d59-bd3d-04ed0e567c12,2026-06-08,23,"{""weights"": {""sovTrend"": 0.3, ""publishRate"": 0.15, ""actionCompletion"": 0.2, ""socialEngagement"": 0.1, ""competitorFreshness"": 0.25}, ""sovTrend"": 0, ""publishRate"": 0, ""actionCompletion"": 0, ""socialEngagement"": 0, ""competitorFreshness"": 91}",b2b,,2026-06-21 16:33:19.445213
327a7c54-38bc-4c04-80e6-49a419dc5a3c,synozur.com,6f5ed80d-e3b4-4d0e-8c71-6c622c224de8,2026-06-08,33,"{""weights"": {""sovTrend"": 0.3, ""publishRate"": 0.15, ""actionCompletion"": 0.2, ""socialEngagement"": 0.1, ""competitorFreshness"": 0.25}, ""sovTrend"": 0, ""publishRate"": 0, ""actionCompletion"": 50, ""socialEngagement"": 0, ""competitorFreshness"": 91}",b2b,,2026-06-21 16:33:19.757959
b4ff163f-7f72-4358-8d48-089d7535e315,synozur.com,d446066a-1794-478a-b019-63409921304a,2026-06-08,33,"{""weights"": {""sovTrend"": 0.3, ""publishRate"": 0.15, ""actionCompletion"": 0.2, ""socialEngagement"": 0.1, ""competitorFreshness"": 0.25}, ""sovTrend"": 0, ""publishRate"": 0, ""actionCompletion"": 50, ""socialEngagement"": 0, ""competitorFreshness"": 91}",b2b,,2026-06-21 16:33:20.047498
12598198-ec46-4a3b-94a3-0dddee7a5f6b,synozur.com,9705950c-adda-40e3-8f88-7704fdff4d50,2026-06-08,33,"{""weights"": {""sovTrend"": 0.3, ""publishRate"": 0.15, ""actionCompletion"": 0.2, ""socialEngagement"": 0.1, ""competitorFreshness"": 0.25}, ""sovTrend"": 0, ""publishRate"": 0, ""actionCompletion"": 50, ""socialEngagement"": 0, ""competitorFreshness"": 91}",b2b,,2026-06-21 16:33:20.300723
a9406994-7db6-4408-a7df-6b73e127c667,synozur.com,7e86ba11-1ba2-4853-a91b-bcd180e0ba0f,2026-06-08,21,"{""weights"": {""sovTrend"": 0.25, ""publishRate"": 0.25, ""actionCompletion"": 0.15, ""socialEngagement"": 0.2, ""competitorFreshness"": 0.15}, ""sovTrend"": 0, ""publishRate"": 0, ""actionCompletion"": 50, ""socialEngagement"": 0, ""competitorFreshness"": 91}",b2c,,2026-06-21 16:33:20.715203
1e0ef444-5be3-483f-a0b3-e6fae368c217,synozur.com,7f49f485-e251-4e51-8114-cce62e5ce6a9,2026-06-08,53,"{""weights"": {""sovTrend"": 0.3, ""publishRate"": 0.15, ""actionCompletion"": 0.2, ""socialEngagement"": 0.1, ""competitorFreshness"": 0.25}, ""sovTrend"": 100, ""publishRate"": 0, ""actionCompletion"": 0, ""socialEngagement"": 0, ""competitorFreshness"": 91}",b2b,,2026-06-21 16:33:20.99102
a2cde75c-07b4-42c8-90e3-a3fa5e2df0e0,synozur.com,298c26bd-3400-4ac4-8001-eb38f4f163ed,2026-06-08,33,"{""weights"": {""sovTrend"": 0.3, ""publishRate"": 0.15, ""actionCompletion"": 0.2, ""socialEngagement"": 0.1, ""competitorFreshness"": 0.25}, ""sovTrend"": 0, ""publishRate"": 0, ""actionCompletion"": 50, ""socialEngagement"": 0, ""competitorFreshness"": 91}",b2b,,2026-06-21 16:33:24.689723
283b9552-13e4-4991-8d2a-38362f6b0e58,synozur.com,0dad59af-ea3b-4cb2-bf04-f365c7a69114,2026-06-08,33,"{""weights"": {""sovTrend"": 0.3, ""publishRate"": 0.15, ""actionCompletion"": 0.2, ""socialEngagement"": 0.1, ""competitorFreshness"": 0.25}, ""sovTrend"": 0, ""publishRate"": 0, ""actionCompletion"": 50, ""socialEngagement"": 0, ""competitorFreshness"": 91}",b2b,,2026-06-21 16:33:25.055504
759aa89b-b768-4144-9f6b-2527e197d5ca,synozur.com,872dde94-3e6c-4115-acdc-2c79b3276138,2026-06-08,33,"{""weights"": {""sovTrend"": 0.3, ""publishRate"": 0.15, ""actionCompletion"": 0.2, ""socialEngagement"": 0.1, ""competitorFreshness"": 0.25}, ""sovTrend"": 0, ""publishRate"": 0, ""actionCompletion"": 50, ""socialEngagement"": 0, ""competitorFreshness"": 91}",b2b,,2026-06-21 16:33:25.28862
04dbc2e8-97ad-4f11-ba46-d66ca4a9bf1f,synozur.com,93e60ca4-1f9d-456d-af6d-82d8af0566d1,2026-06-08,33,"{""weights"": {""sovTrend"": 0.3, ""publishRate"": 0.15, ""actionCompletion"": 0.2, ""socialEngagement"": 0.1, ""competitorFreshness"": 0.25}, ""sovTrend"": 0, ""publishRate"": 0, ""actionCompletion"": 50, ""socialEngagement"": 0, ""competitorFreshness"": 91}",b2b,,2026-06-21 16:33:25.658869
ba7cfd2a-a043-4d8e-a024-bd395aefd863,synozur.com,df16877c-1384-407b-be3d-69e8a3442178,2026-06-08,33,"{""weights"": {""sovTrend"": 0.3, ""publishRate"": 0.15, ""actionCompletion"": 0.2, ""socialEngagement"": 0.1, ""competitorFreshness"": 0.25}, ""sovTrend"": 0, ""publishRate"": 0, ""actionCompletion"": 50, ""socialEngagement"": 0, ""competitorFreshness"": 91}",b2b,,2026-06-21 16:33:25.836425
27110cbb-75ca-48d9-880d-d715197af8f5,synozur.com,ea07a669-2e2b-4dbc-84fd-42f0009d0955,2026-06-08,46,"{""weights"": {""sovTrend"": 0.25, ""publishRate"": 0.25, ""actionCompletion"": 0.15, ""socialEngagement"": 0.2, ""competitorFreshness"": 0.15}, ""sovTrend"": 100, ""publishRate"": 0, ""actionCompletion"": 50, ""socialEngagement"": 0, ""competitorFreshness"": 91}",b2c,,2026-06-21 16:33:26.079063
62d9580d-5e35-4a85-b53c-65125538be7a,synozur.com,28dc9e03-8a9c-448e-8aa4-7818fa503a82,2026-06-08,33,"{""weights"": {""sovTrend"": 0.3, ""publishRate"": 0.15, ""actionCompletion"": 0.2, ""socialEngagement"": 0.1, ""competitorFreshness"": 0.25}, ""sovTrend"": 0, ""publishRate"": 0, ""actionCompletion"": 50, ""socialEngagement"": 0, ""competitorFreshness"": 91}",b2b,,2026-06-21 16:33:27.719222
c6b82d69-8a22-4650-8a36-1f46f0324da6,synozur.com,17b318bd-67fa-40b5-858e-77c3db633a56,2026-06-08,21,"{""weights"": {""sovTrend"": 0.25, ""publishRate"": 0.25, ""actionCompletion"": 0.15, ""socialEngagement"": 0.2, ""competitorFreshness"": 0.15}, ""sovTrend"": 0, ""publishRate"": 0, ""actionCompletion"": 50, ""socialEngagement"": 0, ""competitorFreshness"": 91}",b2c,,2026-06-21 16:33:27.999441
a0920e9c-1a41-46f1-b277-bac13a670750,synozur.com,0afdd7be-dd94-47e6-89d5-dd3696094e45,2026-06-08,33,"{""weights"": {""sovTrend"": 0.3, ""publishRate"": 0.15, ""actionCompletion"": 0.2, ""socialEngagement"": 0.1, ""competitorFreshness"": 0.25}, ""sovTrend"": 0, ""publishRate"": 0, ""actionCompletion"": 50, ""socialEngagement"": 0, ""competitorFreshness"": 91}",b2b,,2026-06-21 16:33:28.312754
bd02fa93-a6c4-4ae9-b7cf-637093592ec9,reveillesoftware.com,,2026-06-01,38,"{""weights"": {""sovTrend"": 0.3, ""publishRate"": 0.15, ""actionCompletion"": 0.2, ""socialEngagement"": 0.1, ""competitorFreshness"": 0.25}, ""sovTrend"": 0, ""publishRate"": 0, ""actionCompletion"": 50, ""socialEngagement"": 33, ""competitorFreshness"": 100}",b2b,,2026-06-14 21:31:00.82194
2e99d353-2946-4d12-80cf-f7b48ff23e72,reveillesoftware.com,cf966795-4a02-410b-ac2b-00d57aca1127,2026-06-01,38,"{""weights"": {""sovTrend"": 0.3, ""publishRate"": 0.15, ""actionCompletion"": 0.2, ""socialEngagement"": 0.1, ""competitorFreshness"": 0.25}, ""sovTrend"": 0, ""publishRate"": 0, ""actionCompletion"": 50, ""socialEngagement"": 33, ""competitorFreshness"": 100}",b2b,,2026-06-14 21:31:01.881247
9179e34e-c6ff-4ee9-b650-240eaee806e5,go-planet.com,,2026-06-01,39,"{""weights"": {""sovTrend"": 0.3, ""publishRate"": 0.15, ""actionCompletion"": 0.2, ""socialEngagement"": 0.1, ""competitorFreshness"": 0.25}, ""sovTrend"": 0, ""publishRate"": 0, ""actionCompletion"": 50, ""socialEngagement"": 37, ""competitorFreshness"": 100}",b2b,,2026-06-14 21:31:02.262774
12693a7a-bd9a-4135-a75f-f085cf932c3b,chrismcnulty.net,,2026-06-01,16,"{""weights"": {""sovTrend"": 0.25, ""publishRate"": 0.25, ""actionCompletion"": 0.15, ""socialEngagement"": 0.2, ""competitorFreshness"": 0.15}, ""sovTrend"": 0, ""publishRate"": 0, ""actionCompletion"": 50, ""socialEngagement"": 0, ""competitorFreshness"": 57}",b2c,,2026-06-14 21:31:06.728643
886dd780-e03d-4d7e-914b-065f38c7ecbf,protiviti.com,,2026-06-01,35,"{""weights"": {""sovTrend"": 0.3, ""publishRate"": 0.15, ""actionCompletion"": 0.2, ""socialEngagement"": 0.1, ""competitorFreshness"": 0.25}, ""sovTrend"": 0, ""publishRate"": 0, ""actionCompletion"": 50, ""socialEngagement"": 0, ""competitorFreshness"": 100}",b2b,,2026-06-14 21:31:07.130568
8a9961b6-4658-46f1-ab27-00846bdff6fa,protiviti.com,ef08cf28-7cb2-4515-a451-62f3989b55cf,2026-06-01,35,"{""weights"": {""sovTrend"": 0.3, ""publishRate"": 0.15, ""actionCompletion"": 0.2, ""socialEngagement"": 0.1, ""competitorFreshness"": 0.25}, ""sovTrend"": 0, ""publishRate"": 0, ""actionCompletion"": 50, ""socialEngagement"": 0, ""competitorFreshness"": 100}",b2b,,2026-06-14 21:31:12.335008
9d35be98-8b53-41fe-9464-4e7be497a406,accordancetech.com,,2026-06-01,23,"{""weights"": {""sovTrend"": 0.3, ""publishRate"": 0.15, ""actionCompletion"": 0.2, ""socialEngagement"": 0.1, ""competitorFreshness"": 0.25}, ""sovTrend"": 0, ""publishRate"": 0, ""actionCompletion"": 50, ""socialEngagement"": 0, ""competitorFreshness"": 50}",b2b,,2026-06-14 21:31:12.660282
e94740c9-b291-432f-9e9b-2b582d66e19a,synozur.com,,2026-06-01,53,"{""weights"": {""sovTrend"": 0.3, ""publishRate"": 0.15, ""actionCompletion"": 0.2, ""socialEngagement"": 0.1, ""competitorFreshness"": 0.25}, ""sovTrend"": 100, ""publishRate"": 0, ""actionCompletion"": 0, ""socialEngagement"": 0, ""competitorFreshness"": 92}",b2b,,2026-06-14 21:31:17.614556
84540149-e34b-48b2-a7e9-5e849757614c,synozur.com,f78f8c44-7b05-43c5-9add-a08bf46af886,2026-06-01,23,"{""weights"": {""sovTrend"": 0.3, ""publishRate"": 0.15, ""actionCompletion"": 0.2, ""socialEngagement"": 0.1, ""competitorFreshness"": 0.25}, ""sovTrend"": 0, ""publishRate"": 0, ""actionCompletion"": 0, ""socialEngagement"": 0, ""competitorFreshness"": 92}",b2b,,2026-06-14 21:31:31.514594
825bad75-c305-4cc9-91a5-ead0791d7afc,synozur.com,e36f9f62-612b-40dd-b2af-39a6cab20c7a,2026-06-01,33,"{""weights"": {""sovTrend"": 0.3, ""publishRate"": 0.15, ""actionCompletion"": 0.2, ""socialEngagement"": 0.1, ""competitorFreshness"": 0.25}, ""sovTrend"": 0, ""publishRate"": 0, ""actionCompletion"": 50, ""socialEngagement"": 0, ""competitorFreshness"": 92}",b2b,,2026-06-14 21:31:43.414956
88eaea11-81c1-4547-8f80-c5bb9abc51b9,synozur.com,9a53d812-6ca7-4dae-bc95-9fc975dadab5,2026-06-01,33,"{""weights"": {""sovTrend"": 0.3, ""publishRate"": 0.15, ""actionCompletion"": 0.2, ""socialEngagement"": 0.1, ""competitorFreshness"": 0.25}, ""sovTrend"": 0, ""publishRate"": 0, ""actionCompletion"": 50, ""socialEngagement"": 0, ""competitorFreshness"": 92}",b2b,,2026-06-14 21:31:52.513689
37b9db67-631d-48a9-ba7a-cb55ba24e057,synozur.com,9a959fb8-9171-4141-a2b8-f2df7ee805ee,2026-06-01,33,"{""weights"": {""sovTrend"": 0.3, ""publishRate"": 0.15, ""actionCompletion"": 0.2, ""socialEngagement"": 0.1, ""competitorFreshness"": 0.25}, ""sovTrend"": 0, ""publishRate"": 0, ""actionCompletion"": 50, ""socialEngagement"": 0, ""competitorFreshness"": 92}",b2b,,2026-06-14 21:32:01.815011
fff9d77d-fe9d-441f-9d1c-cf2a9171c27b,synozur.com,17daaca7-2a15-4f92-bbf3-c9a401ef36ac,2026-06-01,33,"{""weights"": {""sovTrend"": 0.3, ""publishRate"": 0.15, ""actionCompletion"": 0.2, ""socialEngagement"": 0.1, ""competitorFreshness"": 0.25}, ""sovTrend"": 0, ""publishRate"": 0, ""actionCompletion"": 50, ""socialEngagement"": 0, ""competitorFreshness"": 92}",b2b,,2026-06-14 21:32:10.714265
2cd6aca1-cc38-450d-aed9-1426c790f1dc,synozur.com,bc7e3c6b-277f-4220-81d8-2bc62426ad25,2026-06-01,33,"{""weights"": {""sovTrend"": 0.3, ""publishRate"": 0.15, ""actionCompletion"": 0.2, ""socialEngagement"": 0.1, ""competitorFreshness"": 0.25}, ""sovTrend"": 0, ""publishRate"": 0, ""actionCompletion"": 50, ""socialEngagement"": 0, ""competitorFreshness"": 92}",b2b,,2026-06-14 21:32:17.714438
e01cf7a4-30eb-4eb4-bc1e-6f431d4eaf8e,synozur.com,5428db01-79b3-4487-a2b2-0e63327f2510,2026-06-01,33,"{""weights"": {""sovTrend"": 0.3, ""publishRate"": 0.15, ""actionCompletion"": 0.2, ""socialEngagement"": 0.1, ""competitorFreshness"": 0.25}, ""sovTrend"": 0, ""publishRate"": 0, ""actionCompletion"": 50, ""socialEngagement"": 0, ""competitorFreshness"": 92}",b2b,,2026-06-14 21:32:25.314894
526831ed-6aac-4ad3-a300-31bead318a46,synozur.com,5d149a37-4d48-4ada-994a-eff6cc41c995,2026-06-01,33,"{""weights"": {""sovTrend"": 0.3, ""publishRate"": 0.15, ""actionCompletion"": 0.2, ""socialEngagement"": 0.1, ""competitorFreshness"": 0.25}, ""sovTrend"": 0, ""publishRate"": 0, ""actionCompletion"": 50, ""socialEngagement"": 0, ""competitorFreshness"": 92}",b2b,,2026-06-14 21:32:36.114284
d7c8f3f0-35d0-4a68-9ffd-4b553f3a53b9,synozur.com,0a0caa0c-74f1-41e0-ae37-a070ed194772,2026-06-01,33,"{""weights"": {""sovTrend"": 0.3, ""publishRate"": 0.15, ""actionCompletion"": 0.2, ""socialEngagement"": 0.1, ""competitorFreshness"": 0.25}, ""sovTrend"": 0, ""publishRate"": 0, ""actionCompletion"": 50, ""socialEngagement"": 0, ""competitorFreshness"": 92}",b2b,,2026-06-14 21:32:40.714598
b75c86ad-741a-4379-85e3-3cce5a7875ed,synozur.com,0ac8db60-16c4-4665-a8f3-e4655a5a29b5,2026-06-01,63,"{""weights"": {""sovTrend"": 0.3, ""publishRate"": 0.15, ""actionCompletion"": 0.2, ""socialEngagement"": 0.1, ""competitorFreshness"": 0.25}, ""sovTrend"": 100, ""publishRate"": 0, ""actionCompletion"": 50, ""socialEngagement"": 0, ""competitorFreshness"": 92}",b2b,,2026-06-14 21:33:25.715192
8725c3df-e8b8-4592-a2cc-aa21921f967c,synozur.com,dfad5af1-e6da-4d26-a1d1-6faab3115447,2026-06-01,33,"{""weights"": {""sovTrend"": 0.3, ""publishRate"": 0.15, ""actionCompletion"": 0.2, ""socialEngagement"": 0.1, ""competitorFreshness"": 0.25}, ""sovTrend"": 0, ""publishRate"": 0, ""actionCompletion"": 50, ""socialEngagement"": 0, ""competitorFreshness"": 92}",b2b,,2026-06-14 21:33:42.914663
e2ba080f-f62b-4c7d-8ab2-1b462ab1e94b,synozur.com,a8e7cd06-ed45-41ec-b4a1-1c8a55a17a97,2026-06-01,33,"{""weights"": {""sovTrend"": 0.3, ""publishRate"": 0.15, ""actionCompletion"": 0.2, ""socialEngagement"": 0.1, ""competitorFreshness"": 0.25}, ""sovTrend"": 0, ""publishRate"": 0, ""actionCompletion"": 50, ""socialEngagement"": 0, ""competitorFreshness"": 92}",b2b,,2026-06-14 21:33:52.514009
7c7cde26-7d78-410c-8d16-ca7b12484459,synozur.com,cbb5fabd-c82b-4d50-bd34-2a0d79398622,2026-06-01,33,"{""weights"": {""sovTrend"": 0.3, ""publishRate"": 0.15, ""actionCompletion"": 0.2, ""socialEngagement"": 0.1, ""competitorFreshness"": 0.25}, ""sovTrend"": 0, ""publishRate"": 0, ""actionCompletion"": 50, ""socialEngagement"": 0, ""competitorFreshness"": 92}",b2b,,2026-06-14 21:34:00.5146
374ce9f1-cbf1-44ed-b7aa-92d9444071d6,synozur.com,9f8f5946-4dd7-418b-b200-ff258a569bf2,2026-06-01,33,"{""weights"": {""sovTrend"": 0.3, ""publishRate"": 0.15, ""actionCompletion"": 0.2, ""socialEngagement"": 0.1, ""competitorFreshness"": 0.25}, ""sovTrend"": 0, ""publishRate"": 0, ""actionCompletion"": 50, ""socialEngagement"": 0, ""competitorFreshness"": 92}",b2b,,2026-06-14 21:34:10.114431
460d7557-2e09-4724-9b06-d7068ec77116,synozur.com,b085c33e-6301-4882-a3fd-5010c4e45238,2026-06-01,33,"{""weights"": {""sovTrend"": 0.3, ""publishRate"": 0.15, ""actionCompletion"": 0.2, ""socialEngagement"": 0.1, ""competitorFreshness"": 0.25}, ""sovTrend"": 0, ""publishRate"": 0, ""actionCompletion"": 50, ""socialEngagement"": 0, ""competitorFreshness"": 92}",b2b,,2026-06-14 21:34:18.017256
14f8ffd3-801a-4701-847a-74b8ecab7b3b,synozur.com,188acbd9-121b-4b3f-b21b-37b4e46638e0,2026-06-01,23,"{""weights"": {""sovTrend"": 0.3, ""publishRate"": 0.15, ""actionCompletion"": 0.2, ""socialEngagement"": 0.1, ""competitorFreshness"": 0.25}, ""sovTrend"": 0, ""publishRate"": 0, ""actionCompletion"": 0, ""socialEngagement"": 0, ""competitorFreshness"": 92}",b2b,,2026-06-14 21:34:24.61529
7df62add-c7bf-41b9-9f4c-be94848c5a46,synozur.com,ca220481-8e38-44ac-8bec-b77fce1155d9,2026-06-01,33,"{""weights"": {""sovTrend"": 0.3, ""publishRate"": 0.15, ""actionCompletion"": 0.2, ""socialEngagement"": 0.1, ""competitorFreshness"": 0.25}, ""sovTrend"": 0, ""publishRate"": 0, ""actionCompletion"": 50, ""socialEngagement"": 0, ""competitorFreshness"": 92}",b2b,,2026-06-14 21:34:29.214696
3c18bed2-9f45-4197-b403-441a82c0931f,synozur.com,0ef94ec0-4a79-4bf6-8bf8-7009864131e5,2026-06-01,33,"{""weights"": {""sovTrend"": 0.3, ""publishRate"": 0.15, ""actionCompletion"": 0.2, ""socialEngagement"": 0.1, ""competitorFreshness"": 0.25}, ""sovTrend"": 0, ""publishRate"": 0, ""actionCompletion"": 50, ""socialEngagement"": 0, ""competitorFreshness"": 92}",b2b,,2026-06-14 21:34:31.820713
8d9cfcac-5441-496a-b30c-30820d4af682,synozur.com,6496aaa4-2ddf-4cad-a993-29582e8590b1,2026-06-01,33,"{""weights"": {""sovTrend"": 0.3, ""publishRate"": 0.15, ""actionCompletion"": 0.2, ""socialEngagement"": 0.1, ""competitorFreshness"": 0.25}, ""sovTrend"": 0, ""publishRate"": 0, ""actionCompletion"": 50, ""socialEngagement"": 0, ""competitorFreshness"": 92}",b2b,,2026-06-14 21:34:36.814438
405355f0-2f20-45f0-8753-9501de12e902,synozur.com,9705950c-adda-40e3-8f88-7704fdff4d50,2026-06-01,33,"{""weights"": {""sovTrend"": 0.3, ""publishRate"": 0.15, ""actionCompletion"": 0.2, ""socialEngagement"": 0.1, ""competitorFreshness"": 0.25}, ""sovTrend"": 0, ""publishRate"": 0, ""actionCompletion"": 50, ""socialEngagement"": 0, ""competitorFreshness"": 92}",b2b,,2026-06-14 21:34:47.815805
3da529fd-3404-4d46-a7f1-6778d47b5eba,synozur.com,e60427a8-7765-4e8a-a031-3324c883931f,2026-06-01,33,"{""weights"": {""sovTrend"": 0.3, ""publishRate"": 0.15, ""actionCompletion"": 0.2, ""socialEngagement"": 0.1, ""competitorFreshness"": 0.25}, ""sovTrend"": 0, ""publishRate"": 0, ""actionCompletion"": 50, ""socialEngagement"": 0, ""competitorFreshness"": 92}",b2b,,2026-06-14 21:34:56.414553
37d23fea-d2ef-4f32-b2b2-90fb2400c818,synozur.com,0d26aaa5-4ae5-40d8-a834-e70c84f9d45e,2026-06-01,33,"{""weights"": {""sovTrend"": 0.3, ""publishRate"": 0.15, ""actionCompletion"": 0.2, ""socialEngagement"": 0.1, ""competitorFreshness"": 0.25}, ""sovTrend"": 0, ""publishRate"": 0, ""actionCompletion"": 50, ""socialEngagement"": 0, ""competitorFreshness"": 92}",b2b,,2026-06-14 21:35:01.814815
e663fc1f-bca8-4d15-aff8-de871622739d,synozur.com,60965484-0510-4fee-b01a-fb6bb2422b80,2026-06-01,33,"{""weights"": {""sovTrend"": 0.3, ""publishRate"": 0.15, ""actionCompletion"": 0.2, ""socialEngagement"": 0.1, ""competitorFreshness"": 0.25}, ""sovTrend"": 0, ""publishRate"": 0, ""actionCompletion"": 50, ""socialEngagement"": 0, ""competitorFreshness"": 92}",b2b,,2026-06-14 21:35:10.914464
20e743c7-7772-4268-bb7a-114ca377a185,synozur.com,fd07e8e6-04ec-4d59-bd3d-04ed0e567c12,2026-06-01,33,"{""weights"": {""sovTrend"": 0.3, ""publishRate"": 0.15, ""actionCompletion"": 0.2, ""socialEngagement"": 0.1, ""competitorFreshness"": 0.25}, ""sovTrend"": 0, ""publishRate"": 0, ""actionCompletion"": 50, ""socialEngagement"": 0, ""competitorFreshness"": 92}",b2b,,2026-06-14 21:35:38.514819
5de12e2f-2e13-4547-b220-3a3d9b1e5ead,synozur.com,6f5ed80d-e3b4-4d0e-8c71-6c622c224de8,2026-06-01,33,"{""weights"": {""sovTrend"": 0.3, ""publishRate"": 0.15, ""actionCompletion"": 0.2, ""socialEngagement"": 0.1, ""competitorFreshness"": 0.25}, ""sovTrend"": 0, ""publishRate"": 0, ""actionCompletion"": 50, ""socialEngagement"": 0, ""competitorFreshness"": 92}",b2b,,2026-06-14 21:35:57.514803
098c9383-9c3a-467b-a2b4-b9a77fc449eb,synozur.com,d446066a-1794-478a-b019-63409921304a,2026-06-01,33,"{""weights"": {""sovTrend"": 0.3, ""publishRate"": 0.15, ""actionCompletion"": 0.2, ""socialEngagement"": 0.1, ""competitorFreshness"": 0.25}, ""sovTrend"": 0, ""publishRate"": 0, ""actionCompletion"": 50, ""socialEngagement"": 0, ""competitorFreshness"": 92}",b2b,,2026-06-14 21:36:07.31529
8f570ecf-d06c-484a-b224-9f15da87931c,synozur.com,7e86ba11-1ba2-4853-a91b-bcd180e0ba0f,2026-06-01,21,"{""weights"": {""sovTrend"": 0.25, ""publishRate"": 0.25, ""actionCompletion"": 0.15, ""socialEngagement"": 0.2, ""competitorFreshness"": 0.15}, ""sovTrend"": 0, ""publishRate"": 0, ""actionCompletion"": 50, ""socialEngagement"": 0, ""competitorFreshness"": 92}",b2c,,2026-06-14 21:36:13.686311
71660aed-338b-4951-b1aa-05c4e7a559c1,synozur.com,7f49f485-e251-4e51-8114-cce62e5ce6a9,2026-06-01,63,"{""weights"": {""sovTrend"": 0.3, ""publishRate"": 0.15, ""actionCompletion"": 0.2, ""socialEngagement"": 0.1, ""competitorFreshness"": 0.25}, ""sovTrend"": 100, ""publishRate"": 0, ""actionCompletion"": 50, ""socialEngagement"": 0, ""competitorFreshness"": 92}",b2b,,2026-06-14 21:36:16.81751
c41b678e-a955-4b3d-b0dd-f833fc5cb795,synozur.com,298c26bd-3400-4ac4-8001-eb38f4f163ed,2026-06-01,33,"{""weights"": {""sovTrend"": 0.3, ""publishRate"": 0.15, ""actionCompletion"": 0.2, ""socialEngagement"": 0.1, ""competitorFreshness"": 0.25}, ""sovTrend"": 0, ""publishRate"": 0, ""actionCompletion"": 50, ""socialEngagement"": 0, ""competitorFreshness"": 92}",b2b,,2026-06-14 21:36:25.115573
b7f47cd3-424f-4d5a-90e0-cea6432aad2a,synozur.com,0dad59af-ea3b-4cb2-bf04-f365c7a69114,2026-06-01,33,"{""weights"": {""sovTrend"": 0.3, ""publishRate"": 0.15, ""actionCompletion"": 0.2, ""socialEngagement"": 0.1, ""competitorFreshness"": 0.25}, ""sovTrend"": 0, ""publishRate"": 0, ""actionCompletion"": 50, ""socialEngagement"": 0, ""competitorFreshness"": 92}",b2b,,2026-06-14 21:36:29.814536
1cea4f98-dee8-44cc-a7e9-345d357a9497,synozur.com,872dde94-3e6c-4115-acdc-2c79b3276138,2026-06-01,33,"{""weights"": {""sovTrend"": 0.3, ""publishRate"": 0.15, ""actionCompletion"": 0.2, ""socialEngagement"": 0.1, ""competitorFreshness"": 0.25}, ""sovTrend"": 0, ""publishRate"": 0, ""actionCompletion"": 50, ""socialEngagement"": 0, ""competitorFreshness"": 92}",b2b,,2026-06-14 21:36:34.614608
d0f90bc3-65f4-4852-8735-2e82f2e844b6,synozur.com,93e60ca4-1f9d-456d-af6d-82d8af0566d1,2026-06-01,33,"{""weights"": {""sovTrend"": 0.3, ""publishRate"": 0.15, ""actionCompletion"": 0.2, ""socialEngagement"": 0.1, ""competitorFreshness"": 0.25}, ""sovTrend"": 0, ""publishRate"": 0, ""actionCompletion"": 50, ""socialEngagement"": 0, ""competitorFreshness"": 92}",b2b,,2026-06-14 21:36:43.41516
f38cd51a-b163-4f7d-b4da-d6683c7079e9,synozur.com,df16877c-1384-407b-be3d-69e8a3442178,2026-06-01,33,"{""weights"": {""sovTrend"": 0.3, ""publishRate"": 0.15, ""actionCompletion"": 0.2, ""socialEngagement"": 0.1, ""competitorFreshness"": 0.25}, ""sovTrend"": 0, ""publishRate"": 0, ""actionCompletion"": 50, ""socialEngagement"": 0, ""competitorFreshness"": 92}",b2b,,2026-06-14 21:36:50.514377
ef6d4b22-27cb-42ee-8fc2-743b820fac3a,synozur.com,ea07a669-2e2b-4dbc-84fd-42f0009d0955,2026-06-01,46,"{""weights"": {""sovTrend"": 0.25, ""publishRate"": 0.25, ""actionCompletion"": 0.15, ""socialEngagement"": 0.2, ""competitorFreshness"": 0.15}, ""sovTrend"": 100, ""publishRate"": 0, ""actionCompletion"": 50, ""socialEngagement"": 0, ""competitorFreshness"": 92}",b2c,,2026-06-14 21:37:01.915057
c7ec49ad-7f5c-4ac2-951c-2580e3470ab4,synozur.com,28dc9e03-8a9c-448e-8aa4-7818fa503a82,2026-06-01,33,"{""weights"": {""sovTrend"": 0.3, ""publishRate"": 0.15, ""actionCompletion"": 0.2, ""socialEngagement"": 0.1, ""competitorFreshness"": 0.25}, ""sovTrend"": 0, ""publishRate"": 0, ""actionCompletion"": 50, ""socialEngagement"": 0, ""competitorFreshness"": 92}",b2b,,2026-06-14 21:37:08.015579
d245af4a-6435-4b4e-b6c8-727a11cd6a7a,synozur.com,a83caa9d-904f-4508-a008-028921e755d2,2026-06-08,23,"{""weights"": {""sovTrend"": 0.3, ""publishRate"": 0.15, ""actionCompletion"": 0.2, ""socialEngagement"": 0.1, ""competitorFreshness"": 0.25}, ""sovTrend"": 0, ""publishRate"": 0, ""actionCompletion"": 0, ""socialEngagement"": 0, ""competitorFreshness"": 91}",b2b,,2026-06-21 16:33:28.517808
6b932c10-7b76-4752-b34f-c756ddd6a307,synozur.com,723cb0a7-893c-4f36-b867-d6a207f2bfde,2026-06-08,14,"{""weights"": {""sovTrend"": 0.25, ""publishRate"": 0.25, ""actionCompletion"": 0.15, ""socialEngagement"": 0.2, ""competitorFreshness"": 0.15}, ""sovTrend"": 0, ""publishRate"": 0, ""actionCompletion"": 0, ""socialEngagement"": 0, ""competitorFreshness"": 91}",b2c,,2026-06-21 16:33:28.81375
93812c89-8eef-496d-a7f4-ff584146785d,synozur.com,b3c49c08-f9c9-483b-8820-acffc29be17a,2026-06-08,21,"{""weights"": {""sovTrend"": 0.25, ""publishRate"": 0.25, ""actionCompletion"": 0.15, ""socialEngagement"": 0.2, ""competitorFreshness"": 0.15}, ""sovTrend"": 0, ""publishRate"": 0, ""actionCompletion"": 50, ""socialEngagement"": 0, ""competitorFreshness"": 91}",b2c,,2026-06-21 16:33:30.399504
d08cf0b8-54bf-49d2-9f86-b1fd577353c5,synozur.com,1e288019-256e-4322-9781-1034bd47331c,2026-06-08,33,"{""weights"": {""sovTrend"": 0.3, ""publishRate"": 0.15, ""actionCompletion"": 0.2, ""socialEngagement"": 0.1, ""competitorFreshness"": 0.25}, ""sovTrend"": 0, ""publishRate"": 0, ""actionCompletion"": 50, ""socialEngagement"": 0, ""competitorFreshness"": 91}",b2b,,2026-06-21 16:33:30.641556
47eb3315-27ea-427b-a4f2-00b6d4c18ecf,synozur.com,9a69511b-78e8-4ac0-b74a-3892578b764b,2026-06-08,21,"{""weights"": {""sovTrend"": 0.25, ""publishRate"": 0.25, ""actionCompletion"": 0.15, ""socialEngagement"": 0.2, ""competitorFreshness"": 0.15}, ""sovTrend"": 0, ""publishRate"": 0, ""actionCompletion"": 50, ""socialEngagement"": 0, ""competitorFreshness"": 91}",b2c,,2026-06-21 16:33:30.840918
d7b6048b-53b6-4911-b90c-4e28b38d240e,synozur.com,84a7b88d-e662-47ef-9a1a-fbc2d1046b49,2026-06-08,33,"{""weights"": {""sovTrend"": 0.3, ""publishRate"": 0.15, ""actionCompletion"": 0.2, ""socialEngagement"": 0.1, ""competitorFreshness"": 0.25}, ""sovTrend"": 0, ""publishRate"": 0, ""actionCompletion"": 50, ""socialEngagement"": 0, ""competitorFreshness"": 91}",b2b,,2026-06-21 16:33:35.795913
b1e918d2-66a8-43a9-a098-600dc170df8c,synozur.com,0dad59af-ea3b-4cb2-bf04-f365c7a69114,2026-06-15,32,"{""weights"": {""sovTrend"": 0.3, ""publishRate"": 0.15, ""actionCompletion"": 0.2, ""socialEngagement"": 0.1, ""competitorFreshness"": 0.25}, ""sovTrend"": 0, ""publishRate"": 0, ""actionCompletion"": 50, ""socialEngagement"": 0, ""competitorFreshness"": 88}",b2b,,2026-06-28 21:53:21.857624
ec6218a5-005a-4f73-bbaa-8581f64efdf2,synozur.com,872dde94-3e6c-4115-acdc-2c79b3276138,2026-06-15,32,"{""weights"": {""sovTrend"": 0.3, ""publishRate"": 0.15, ""actionCompletion"": 0.2, ""socialEngagement"": 0.1, ""competitorFreshness"": 0.25}, ""sovTrend"": 0, ""publishRate"": 0, ""actionCompletion"": 50, ""socialEngagement"": 0, ""competitorFreshness"": 88}",b2b,,2026-06-28 21:53:22.363795
de7c0bb2-d4ac-48d8-b3ee-50952165199f,synozur.com,93e60ca4-1f9d-456d-af6d-82d8af0566d1,2026-06-15,32,"{""weights"": {""sovTrend"": 0.3, ""publishRate"": 0.15, ""actionCompletion"": 0.2, ""socialEngagement"": 0.1, ""competitorFreshness"": 0.25}, ""sovTrend"": 0, ""publishRate"": 0, ""actionCompletion"": 50, ""socialEngagement"": 0, ""competitorFreshness"": 88}",b2b,,2026-06-28 21:53:27.702142
57f3cf2e-7586-4797-be5e-60d254566afb,synozur.com,df16877c-1384-407b-be3d-69e8a3442178,2026-06-15,32,"{""weights"": {""sovTrend"": 0.3, ""publishRate"": 0.15, ""actionCompletion"": 0.2, ""socialEngagement"": 0.1, ""competitorFreshness"": 0.25}, ""sovTrend"": 0, ""publishRate"": 0, ""actionCompletion"": 50, ""socialEngagement"": 0, ""competitorFreshness"": 88}",b2b,,2026-06-28 21:53:28.091615
6f52669f-abfb-4dee-9075-170a139889ff,synozur.com,ea07a669-2e2b-4dbc-84fd-42f0009d0955,2026-06-15,46,"{""weights"": {""sovTrend"": 0.25, ""publishRate"": 0.25, ""actionCompletion"": 0.15, ""socialEngagement"": 0.2, ""competitorFreshness"": 0.15}, ""sovTrend"": 100, ""publishRate"": 0, ""actionCompletion"": 50, ""socialEngagement"": 0, ""competitorFreshness"": 88}",b2c,,2026-06-28 21:53:28.465595
79c7e141-9a89-4e02-9b7a-5a1f5d24ef2d,synozur.com,28dc9e03-8a9c-448e-8aa4-7818fa503a82,2026-06-15,32,"{""weights"": {""sovTrend"": 0.3, ""publishRate"": 0.15, ""actionCompletion"": 0.2, ""socialEngagement"": 0.1, ""competitorFreshness"": 0.25}, ""sovTrend"": 0, ""publishRate"": 0, ""actionCompletion"": 50, ""socialEngagement"": 0, ""competitorFreshness"": 88}",b2b,,2026-06-28 21:53:29.039408
fa0d0252-f03e-4aad-8ab1-8897bc135095,synozur.com,17b318bd-67fa-40b5-858e-77c3db633a56,2026-06-15,21,"{""weights"": {""sovTrend"": 0.25, ""publishRate"": 0.25, ""actionCompletion"": 0.15, ""socialEngagement"": 0.2, ""competitorFreshness"": 0.15}, ""sovTrend"": 0, ""publishRate"": 0, ""actionCompletion"": 50, ""socialEngagement"": 0, ""competitorFreshness"": 88}",b2c,,2026-06-28 21:53:29.406403
32afb52c-1015-40e9-a0b7-897e9282404e,synozur.com,0afdd7be-dd94-47e6-89d5-dd3696094e45,2026-06-15,32,"{""weights"": {""sovTrend"": 0.3, ""publishRate"": 0.15, ""actionCompletion"": 0.2, ""socialEngagement"": 0.1, ""competitorFreshness"": 0.25}, ""sovTrend"": 0, ""publishRate"": 0, ""actionCompletion"": 50, ""socialEngagement"": 0, ""competitorFreshness"": 88}",b2b,,2026-06-28 21:53:29.723615
25a283d8-348d-417a-9367-daf412a6cf81,synozur.com,a83caa9d-904f-4508-a008-028921e755d2,2026-06-15,22,"{""weights"": {""sovTrend"": 0.3, ""publishRate"": 0.15, ""actionCompletion"": 0.2, ""socialEngagement"": 0.1, ""competitorFreshness"": 0.25}, ""sovTrend"": 0, ""publishRate"": 0, ""actionCompletion"": 0, ""socialEngagement"": 0, ""competitorFreshness"": 88}",b2b,,2026-06-28 21:53:30.05854
2edd73fc-b09a-4b21-9b5f-13e4672cb66d,synozur.com,723cb0a7-893c-4f36-b867-d6a207f2bfde,2026-06-15,21,"{""weights"": {""sovTrend"": 0.25, ""publishRate"": 0.25, ""actionCompletion"": 0.15, ""socialEngagement"": 0.2, ""competitorFreshness"": 0.15}, ""sovTrend"": 0, ""publishRate"": 0, ""actionCompletion"": 50, ""socialEngagement"": 0, ""competitorFreshness"": 88}",b2c,,2026-06-28 21:53:30.398519
da8bb802-4c80-480e-b497-8e9389e25003,synozur.com,d8017313-db5e-4e57-910c-95b19f5f9b19,2026-06-08,21,"{""weights"": {""sovTrend"": 0.25, ""publishRate"": 0.25, ""actionCompletion"": 0.15, ""socialEngagement"": 0.2, ""competitorFreshness"": 0.15}, ""sovTrend"": 0, ""publishRate"": 0, ""actionCompletion"": 50, ""socialEngagement"": 0, ""competitorFreshness"": 91}",b2c,,2026-06-21 16:33:36.020374
de4fd211-d0e9-47be-aa6a-4fe3efda1b8b,synozur.com,2e7dced4-517d-4271-99d6-dffdeff64c66,2026-06-08,14,"{""weights"": {""sovTrend"": 0.25, ""publishRate"": 0.25, ""actionCompletion"": 0.15, ""socialEngagement"": 0.2, ""competitorFreshness"": 0.15}, ""sovTrend"": 0, ""publishRate"": 0, ""actionCompletion"": 0, ""socialEngagement"": 0, ""competitorFreshness"": 91}",b2c,,2026-06-21 16:33:36.253435
5d5473e6-a3d2-4ecf-a003-0c0ebe433dbb,synozur.com,f0bcbd9a-e68c-4dfc-87d8-d0adc9660f51,2026-06-08,33,"{""weights"": {""sovTrend"": 0.3, ""publishRate"": 0.15, ""actionCompletion"": 0.2, ""socialEngagement"": 0.1, ""competitorFreshness"": 0.25}, ""sovTrend"": 0, ""publishRate"": 0, ""actionCompletion"": 50, ""socialEngagement"": 0, ""competitorFreshness"": 91}",b2b,,2026-06-21 16:33:41.320955
27ad573d-af98-481a-935d-fdbd4906df8e,synozur.com,21967b75-d76d-4c89-91f5-59b4a9a3d089,2026-06-08,21,"{""weights"": {""sovTrend"": 0.25, ""publishRate"": 0.25, ""actionCompletion"": 0.15, ""socialEngagement"": 0.2, ""competitorFreshness"": 0.15}, ""sovTrend"": 0, ""publishRate"": 0, ""actionCompletion"": 50, ""socialEngagement"": 0, ""competitorFreshness"": 91}",b2c,,2026-06-21 16:33:41.556408
6378df51-69ee-4711-b2c1-70698ef2dc00,synozur.com,a95efa43-f0a9-4ae4-8488-1fe8bff8b529,2026-06-08,14,"{""weights"": {""sovTrend"": 0.25, ""publishRate"": 0.25, ""actionCompletion"": 0.15, ""socialEngagement"": 0.2, ""competitorFreshness"": 0.15}, ""sovTrend"": 0, ""publishRate"": 0, ""actionCompletion"": 0, ""socialEngagement"": 0, ""competitorFreshness"": 91}",b2c,,2026-06-21 16:33:41.771638
74462252-cc97-4747-b573-9fb3dfd366ea,synozur.com,1d70e3b8-1fc9-4c26-a4ea-194832396b83,2026-06-08,14,"{""weights"": {""sovTrend"": 0.25, ""publishRate"": 0.25, ""actionCompletion"": 0.15, ""socialEngagement"": 0.2, ""competitorFreshness"": 0.15}, ""sovTrend"": 0, ""publishRate"": 0, ""actionCompletion"": 0, ""socialEngagement"": 0, ""competitorFreshness"": 91}",b2c,,2026-06-21 16:33:46.825403
f4df688a-3398-4f4c-a176-7bf4cb718de8,synozur.com,b3c49c08-f9c9-483b-8820-acffc29be17a,2026-06-15,21,"{""weights"": {""sovTrend"": 0.25, ""publishRate"": 0.25, ""actionCompletion"": 0.15, ""socialEngagement"": 0.2, ""competitorFreshness"": 0.15}, ""sovTrend"": 0, ""publishRate"": 0, ""actionCompletion"": 50, ""socialEngagement"": 0, ""competitorFreshness"": 88}",b2c,,2026-06-28 21:53:30.720661
ec389375-1f0d-4ee7-93de-f80a2f6e68bd,synozur.com,1e288019-256e-4322-9781-1034bd47331c,2026-06-15,32,"{""weights"": {""sovTrend"": 0.3, ""publishRate"": 0.15, ""actionCompletion"": 0.2, ""socialEngagement"": 0.1, ""competitorFreshness"": 0.25}, ""sovTrend"": 0, ""publishRate"": 0, ""actionCompletion"": 50, ""socialEngagement"": 0, ""competitorFreshness"": 88}",b2b,,2026-06-28 21:53:37.95193
dcfe411e-ffd0-4b3f-8dfd-d421602af8bb,synozur.com,9a69511b-78e8-4ac0-b74a-3892578b764b,2026-06-15,21,"{""weights"": {""sovTrend"": 0.25, ""publishRate"": 0.25, ""actionCompletion"": 0.15, ""socialEngagement"": 0.2, ""competitorFreshness"": 0.15}, ""sovTrend"": 0, ""publishRate"": 0, ""actionCompletion"": 50, ""socialEngagement"": 0, ""competitorFreshness"": 88}",b2c,,2026-06-28 21:53:38.409089
57edf662-e029-449e-ab3d-1700f6b102fa,synozur.com,17b318bd-67fa-40b5-858e-77c3db633a56,2026-06-01,21,"{""weights"": {""sovTrend"": 0.25, ""publishRate"": 0.25, ""actionCompletion"": 0.15, ""socialEngagement"": 0.2, ""competitorFreshness"": 0.15}, ""sovTrend"": 0, ""publishRate"": 0, ""actionCompletion"": 50, ""socialEngagement"": 0, ""competitorFreshness"": 92}",b2c,,2026-06-14 21:37:18.514606
0c608be0-f522-4756-b432-384c869ddf29,synozur.com,0afdd7be-dd94-47e6-89d5-dd3696094e45,2026-06-01,33,"{""weights"": {""sovTrend"": 0.3, ""publishRate"": 0.15, ""actionCompletion"": 0.2, ""socialEngagement"": 0.1, ""competitorFreshness"": 0.25}, ""sovTrend"": 0, ""publishRate"": 0, ""actionCompletion"": 50, ""socialEngagement"": 0, ""competitorFreshness"": 92}",b2b,,2026-06-14 21:37:23.207877
7a394077-7ff0-4cc5-986e-ce7755a39fa2,synozur.com,a83caa9d-904f-4508-a008-028921e755d2,2026-06-01,33,"{""weights"": {""sovTrend"": 0.3, ""publishRate"": 0.15, ""actionCompletion"": 0.2, ""socialEngagement"": 0.1, ""competitorFreshness"": 0.25}, ""sovTrend"": 0, ""publishRate"": 0, ""actionCompletion"": 50, ""socialEngagement"": 0, ""competitorFreshness"": 92}",b2b,,2026-06-14 21:37:23.750929
3ec17264-d8a8-4cd8-b034-9ecc8218342f,synozur.com,723cb0a7-893c-4f36-b867-d6a207f2bfde,2026-06-01,14,"{""weights"": {""sovTrend"": 0.25, ""publishRate"": 0.25, ""actionCompletion"": 0.15, ""socialEngagement"": 0.2, ""competitorFreshness"": 0.15}, ""sovTrend"": 0, ""publishRate"": 0, ""actionCompletion"": 0, ""socialEngagement"": 0, ""competitorFreshness"": 92}",b2c,,2026-06-14 21:37:23.989988
42f76d50-5f1c-4ebe-82e5-b55fe6211105,synozur.com,b3c49c08-f9c9-483b-8820-acffc29be17a,2026-06-01,21,"{""weights"": {""sovTrend"": 0.25, ""publishRate"": 0.25, ""actionCompletion"": 0.15, ""socialEngagement"": 0.2, ""competitorFreshness"": 0.15}, ""sovTrend"": 0, ""publishRate"": 0, ""actionCompletion"": 50, ""socialEngagement"": 0, ""competitorFreshness"": 92}",b2c,,2026-06-14 21:37:24.23932
578817cc-8325-4874-a0ee-8b9e71d64602,synozur.com,1e288019-256e-4322-9781-1034bd47331c,2026-06-01,33,"{""weights"": {""sovTrend"": 0.3, ""publishRate"": 0.15, ""actionCompletion"": 0.2, ""socialEngagement"": 0.1, ""competitorFreshness"": 0.25}, ""sovTrend"": 0, ""publishRate"": 0, ""actionCompletion"": 50, ""socialEngagement"": 0, ""competitorFreshness"": 92}",b2b,,2026-06-14 21:37:24.490621
23b83325-c15e-4f35-b35d-f008a88686c7,synozur.com,9a69511b-78e8-4ac0-b74a-3892578b764b,2026-06-01,21,"{""weights"": {""sovTrend"": 0.25, ""publishRate"": 0.25, ""actionCompletion"": 0.15, ""socialEngagement"": 0.2, ""competitorFreshness"": 0.15}, ""sovTrend"": 0, ""publishRate"": 0, ""actionCompletion"": 50, ""socialEngagement"": 0, ""competitorFreshness"": 92}",b2c,,2026-06-14 21:37:24.73186
004e89fe-27c1-44dd-b441-d2d5076bb0a7,synozur.com,84a7b88d-e662-47ef-9a1a-fbc2d1046b49,2026-06-01,33,"{""weights"": {""sovTrend"": 0.3, ""publishRate"": 0.15, ""actionCompletion"": 0.2, ""socialEngagement"": 0.1, ""competitorFreshness"": 0.25}, ""sovTrend"": 0, ""publishRate"": 0, ""actionCompletion"": 50, ""socialEngagement"": 0, ""competitorFreshness"": 92}",b2b,,2026-06-14 21:37:24.979287
0170b07c-b42a-4196-8c09-7c0b27655497,synozur.com,d8017313-db5e-4e57-910c-95b19f5f9b19,2026-06-01,21,"{""weights"": {""sovTrend"": 0.25, ""publishRate"": 0.25, ""actionCompletion"": 0.15, ""socialEngagement"": 0.2, ""competitorFreshness"": 0.15}, ""sovTrend"": 0, ""publishRate"": 0, ""actionCompletion"": 50, ""socialEngagement"": 0, ""competitorFreshness"": 92}",b2c,,2026-06-14 21:37:25.232661
8eab20af-3edb-4ce9-9e22-13f32fa2923e,synozur.com,2e7dced4-517d-4271-99d6-dffdeff64c66,2026-06-01,21,"{""weights"": {""sovTrend"": 0.25, ""publishRate"": 0.25, ""actionCompletion"": 0.15, ""socialEngagement"": 0.2, ""competitorFreshness"": 0.15}, ""sovTrend"": 0, ""publishRate"": 0, ""actionCompletion"": 50, ""socialEngagement"": 0, ""competitorFreshness"": 92}",b2c,,2026-06-14 21:37:25.492139
b90aeaf2-c4b6-4958-ae32-b19c5c7ac735,synozur.com,f0bcbd9a-e68c-4dfc-87d8-d0adc9660f51,2026-06-01,23,"{""weights"": {""sovTrend"": 0.3, ""publishRate"": 0.15, ""actionCompletion"": 0.2, ""socialEngagement"": 0.1, ""competitorFreshness"": 0.25}, ""sovTrend"": 0, ""publishRate"": 0, ""actionCompletion"": 0, ""socialEngagement"": 0, ""competitorFreshness"": 92}",b2b,,2026-06-14 21:37:25.74794
553ea336-1c63-46b1-aa97-d8d28462c2fd,synozur.com,21967b75-d76d-4c89-91f5-59b4a9a3d089,2026-06-01,21,"{""weights"": {""sovTrend"": 0.25, ""publishRate"": 0.25, ""actionCompletion"": 0.15, ""socialEngagement"": 0.2, ""competitorFreshness"": 0.15}, ""sovTrend"": 0, ""publishRate"": 0, ""actionCompletion"": 50, ""socialEngagement"": 0, ""competitorFreshness"": 92}",b2c,,2026-06-14 21:37:26.002209
f350b638-e245-4779-b3a8-4fcc2e296e89,synozur.com,a95efa43-f0a9-4ae4-8488-1fe8bff8b529,2026-06-01,21,"{""weights"": {""sovTrend"": 0.25, ""publishRate"": 0.25, ""actionCompletion"": 0.15, ""socialEngagement"": 0.2, ""competitorFreshness"": 0.15}, ""sovTrend"": 0, ""publishRate"": 0, ""actionCompletion"": 50, ""socialEngagement"": 0, ""competitorFreshness"": 92}",b2c,,2026-06-14 21:37:26.26587
8ae66e11-b389-41f7-bf45-3dceca7c9238,synozur.com,84a7b88d-e662-47ef-9a1a-fbc2d1046b49,2026-06-15,32,"{""weights"": {""sovTrend"": 0.3, ""publishRate"": 0.15, ""actionCompletion"": 0.2, ""socialEngagement"": 0.1, ""competitorFreshness"": 0.25}, ""sovTrend"": 0, ""publishRate"": 0, ""actionCompletion"": 50, ""socialEngagement"": 0, ""competitorFreshness"": 88}",b2b,,2026-06-28 21:53:38.791211
ed144b1d-295b-46ce-87c2-dedc28d77397,protiviti.com,ef08cf28-7cb2-4515-a451-62f3989b55cf,2026-06-22,35,"{""weights"": {""sovTrend"": 0.3, ""publishRate"": 0.15, ""actionCompletion"": 0.2, ""socialEngagement"": 0.1, ""competitorFreshness"": 0.25}, ""sovTrend"": 0, ""publishRate"": 0, ""actionCompletion"": 50, ""socialEngagement"": 0, ""competitorFreshness"": 100}",b2b,,2026-07-05 18:07:25.026705
66a32f59-94b8-4988-b3eb-00f3519e0d7e,synozur.com,f78f8c44-7b05-43c5-9add-a08bf46af886,2026-06-22,32,"{""weights"": {""sovTrend"": 0.3, ""publishRate"": 0.15, ""actionCompletion"": 0.2, ""socialEngagement"": 0.1, ""competitorFreshness"": 0.25}, ""sovTrend"": 0, ""publishRate"": 0, ""actionCompletion"": 50, ""socialEngagement"": 0, ""competitorFreshness"": 87}",b2b,,2026-07-05 18:07:28.726651
558dac94-205b-467c-8092-44af8252e967,synozur.com,e36f9f62-612b-40dd-b2af-39a6cab20c7a,2026-06-22,32,"{""weights"": {""sovTrend"": 0.3, ""publishRate"": 0.15, ""actionCompletion"": 0.2, ""socialEngagement"": 0.1, ""competitorFreshness"": 0.25}, ""sovTrend"": 0, ""publishRate"": 0, ""actionCompletion"": 50, ""socialEngagement"": 0, ""competitorFreshness"": 87}",b2b,,2026-07-05 18:07:31.927005
420b0b75-5d68-473a-9dfa-40082298d23a,synozur.com,9a959fb8-9171-4141-a2b8-f2df7ee805ee,2026-06-22,32,"{""weights"": {""sovTrend"": 0.3, ""publishRate"": 0.15, ""actionCompletion"": 0.2, ""socialEngagement"": 0.1, ""competitorFreshness"": 0.25}, ""sovTrend"": 0, ""publishRate"": 0, ""actionCompletion"": 50, ""socialEngagement"": 0, ""competitorFreshness"": 87}",b2b,,2026-07-05 18:07:35.42767
c001c9cb-cd7b-4cb5-81d8-60670eb0c110,synozur.com,17daaca7-2a15-4f92-bbf3-c9a401ef36ac,2026-06-22,32,"{""weights"": {""sovTrend"": 0.3, ""publishRate"": 0.15, ""actionCompletion"": 0.2, ""socialEngagement"": 0.1, ""competitorFreshness"": 0.25}, ""sovTrend"": 0, ""publishRate"": 0, ""actionCompletion"": 50, ""socialEngagement"": 0, ""competitorFreshness"": 87}",b2b,,2026-07-05 18:07:38.427656
262354d3-e689-42b4-aed6-6dfab5b1b33a,accordancetech.com,,2026-06-15,23,"{""weights"": {""sovTrend"": 0.3, ""publishRate"": 0.15, ""actionCompletion"": 0.2, ""socialEngagement"": 0.1, ""competitorFreshness"": 0.25}, ""sovTrend"": 0, ""publishRate"": 0, ""actionCompletion"": 50, ""socialEngagement"": 0, ""competitorFreshness"": 50}",b2b,,2026-06-28 21:45:03.064735
263cdc0d-4f5e-49af-8015-ebecb4b4a16e,synozur.com,0ac8db60-16c4-4665-a8f3-e4655a5a29b5,2026-06-15,62,"{""weights"": {""sovTrend"": 0.3, ""publishRate"": 0.15, ""actionCompletion"": 0.2, ""socialEngagement"": 0.1, ""competitorFreshness"": 0.25}, ""sovTrend"": 100, ""publishRate"": 0, ""actionCompletion"": 50, ""socialEngagement"": 0, ""competitorFreshness"": 88}",b2b,,2026-06-28 21:52:37.086351
6cf0f579-8ef3-4306-80a7-dac7b999a88e,synozur.com,bc7e3c6b-277f-4220-81d8-2bc62426ad25,2026-06-22,32,"{""weights"": {""sovTrend"": 0.3, ""publishRate"": 0.15, ""actionCompletion"": 0.2, ""socialEngagement"": 0.1, ""competitorFreshness"": 0.25}, ""sovTrend"": 0, ""publishRate"": 0, ""actionCompletion"": 50, ""socialEngagement"": 0, ""competitorFreshness"": 87}",b2b,,2026-07-05 18:07:40.726969
ecf3af00-8f72-4b25-8ddb-d5345de0214b,synozur.com,5428db01-79b3-4487-a2b2-0e63327f2510,2026-06-22,32,"{""weights"": {""sovTrend"": 0.3, ""publishRate"": 0.15, ""actionCompletion"": 0.2, ""socialEngagement"": 0.1, ""competitorFreshness"": 0.25}, ""sovTrend"": 0, ""publishRate"": 0, ""actionCompletion"": 50, ""socialEngagement"": 0, ""competitorFreshness"": 87}",b2b,,2026-07-05 18:07:43.827827
bab993db-f92e-4293-aaaf-7a68f36f35ee,synozur.com,0a0caa0c-74f1-41e0-ae37-a070ed194772,2026-06-22,32,"{""weights"": {""sovTrend"": 0.3, ""publishRate"": 0.15, ""actionCompletion"": 0.2, ""socialEngagement"": 0.1, ""competitorFreshness"": 0.25}, ""sovTrend"": 0, ""publishRate"": 0, ""actionCompletion"": 50, ""socialEngagement"": 0, ""competitorFreshness"": 87}",b2b,,2026-07-05 18:08:09.628347
c29f3b9c-2c41-4573-b747-15a85325c034,synozur.com,dfad5af1-e6da-4d26-a1d1-6faab3115447,2026-06-22,32,"{""weights"": {""sovTrend"": 0.3, ""publishRate"": 0.15, ""actionCompletion"": 0.2, ""socialEngagement"": 0.1, ""competitorFreshness"": 0.25}, ""sovTrend"": 0, ""publishRate"": 0, ""actionCompletion"": 50, ""socialEngagement"": 0, ""competitorFreshness"": 87}",b2b,,2026-07-05 18:08:11.728114
66380242-bfca-4178-b109-2f0460d89d63,synozur.com,cbb5fabd-c82b-4d50-bd34-2a0d79398622,2026-06-22,32,"{""weights"": {""sovTrend"": 0.3, ""publishRate"": 0.15, ""actionCompletion"": 0.2, ""socialEngagement"": 0.1, ""competitorFreshness"": 0.25}, ""sovTrend"": 0, ""publishRate"": 0, ""actionCompletion"": 50, ""socialEngagement"": 0, ""competitorFreshness"": 87}",b2b,,2026-07-05 18:08:20.629247
859ebb70-ca7e-4482-80ad-775f61c331e8,synozur.com,5d149a37-4d48-4ada-994a-eff6cc41c995,2026-06-22,32,"{""weights"": {""sovTrend"": 0.3, ""publishRate"": 0.15, ""actionCompletion"": 0.2, ""socialEngagement"": 0.1, ""competitorFreshness"": 0.25}, ""sovTrend"": 0, ""publishRate"": 0, ""actionCompletion"": 50, ""socialEngagement"": 0, ""competitorFreshness"": 87}",b2b,,2026-07-05 18:08:26.829005
96682fce-0bd9-4272-8b47-ffcbc2ff55b2,synozur.com,9a53d812-6ca7-4dae-bc95-9fc975dadab5,2026-06-22,32,"{""weights"": {""sovTrend"": 0.3, ""publishRate"": 0.15, ""actionCompletion"": 0.2, ""socialEngagement"": 0.1, ""competitorFreshness"": 0.25}, ""sovTrend"": 0, ""publishRate"": 0, ""actionCompletion"": 50, ""socialEngagement"": 0, ""competitorFreshness"": 87}",b2b,,2026-07-05 18:08:32.527804
7ebc6a01-cf18-40af-881b-50fee0b3f987,synozur.com,0ac8db60-16c4-4665-a8f3-e4655a5a29b5,2026-06-22,62,"{""weights"": {""sovTrend"": 0.3, ""publishRate"": 0.15, ""actionCompletion"": 0.2, ""socialEngagement"": 0.1, ""competitorFreshness"": 0.25}, ""sovTrend"": 100, ""publishRate"": 0, ""actionCompletion"": 50, ""socialEngagement"": 0, ""competitorFreshness"": 87}",b2b,,2026-07-05 18:08:37.02712
0b2b74ab-4c3e-4121-b8a8-8f73322b9e94,synozur.com,,2026-06-22,62,"{""weights"": {""sovTrend"": 0.3, ""publishRate"": 0.15, ""actionCompletion"": 0.2, ""socialEngagement"": 0.1, ""competitorFreshness"": 0.25}, ""sovTrend"": 100, ""publishRate"": 0, ""actionCompletion"": 50, ""socialEngagement"": 0, ""competitorFreshness"": 87}",b2b,,2026-07-05 18:08:41.029715
ee6aae4f-b955-419d-8fd5-1f3f234ab764,synozur.com,d8017313-db5e-4e57-910c-95b19f5f9b19,2026-06-15,21,"{""weights"": {""sovTrend"": 0.25, ""publishRate"": 0.25, ""actionCompletion"": 0.15, ""socialEngagement"": 0.2, ""competitorFreshness"": 0.15}, ""sovTrend"": 0, ""publishRate"": 0, ""actionCompletion"": 50, ""socialEngagement"": 0, ""competitorFreshness"": 88}",b2c,,2026-06-28 21:53:44.501928
398b65e3-c332-4a1b-b16a-af62f72429f3,synozur.com,2e7dced4-517d-4271-99d6-dffdeff64c66,2026-06-15,21,"{""weights"": {""sovTrend"": 0.25, ""publishRate"": 0.25, ""actionCompletion"": 0.15, ""socialEngagement"": 0.2, ""competitorFreshness"": 0.15}, ""sovTrend"": 0, ""publishRate"": 0, ""actionCompletion"": 50, ""socialEngagement"": 0, ""competitorFreshness"": 88}",b2c,,2026-06-28 21:53:44.869781
ea1ce6f0-4ce0-4fa2-9361-310a6b292c3d,synozur.com,f0bcbd9a-e68c-4dfc-87d8-d0adc9660f51,2026-06-15,32,"{""weights"": {""sovTrend"": 0.3, ""publishRate"": 0.15, ""actionCompletion"": 0.2, ""socialEngagement"": 0.1, ""competitorFreshness"": 0.25}, ""sovTrend"": 0, ""publishRate"": 0, ""actionCompletion"": 50, ""socialEngagement"": 0, ""competitorFreshness"": 88}",b2b,,2026-06-28 21:53:51.150276
9b8df6e7-c683-464f-8fe0-38194ed52db4,synozur.com,21967b75-d76d-4c89-91f5-59b4a9a3d089,2026-06-15,21,"{""weights"": {""sovTrend"": 0.25, ""publishRate"": 0.25, ""actionCompletion"": 0.15, ""socialEngagement"": 0.2, ""competitorFreshness"": 0.15}, ""sovTrend"": 0, ""publishRate"": 0, ""actionCompletion"": 50, ""socialEngagement"": 0, ""competitorFreshness"": 88}",b2c,,2026-06-28 21:53:53.376162
1c5077b5-b50d-4a1d-9e34-24012b97c903,synozur.com,a95efa43-f0a9-4ae4-8488-1fe8bff8b529,2026-06-15,21,"{""weights"": {""sovTrend"": 0.25, ""publishRate"": 0.25, ""actionCompletion"": 0.15, ""socialEngagement"": 0.2, ""competitorFreshness"": 0.15}, ""sovTrend"": 0, ""publishRate"": 0, ""actionCompletion"": 50, ""socialEngagement"": 0, ""competitorFreshness"": 88}",b2c,,2026-06-28 21:53:53.841462
ef493e45-aaa9-478c-af0f-f60d70a11172,synozur.com,1d70e3b8-1fc9-4c26-a4ea-194832396b83,2026-06-15,21,"{""weights"": {""sovTrend"": 0.25, ""publishRate"": 0.25, ""actionCompletion"": 0.15, ""socialEngagement"": 0.2, ""competitorFreshness"": 0.15}, ""sovTrend"": 0, ""publishRate"": 0, ""actionCompletion"": 50, ""socialEngagement"": 0, ""competitorFreshness"": 88}",b2c,,2026-06-28 21:53:54.229066
79781cb1-6ba8-442b-a13f-fd9f87450173,synozur.com,188acbd9-121b-4b3f-b21b-37b4e46638e0,2026-06-22,32,"{""weights"": {""sovTrend"": 0.3, ""publishRate"": 0.15, ""actionCompletion"": 0.2, ""socialEngagement"": 0.1, ""competitorFreshness"": 0.25}, ""sovTrend"": 0, ""publishRate"": 0, ""actionCompletion"": 50, ""socialEngagement"": 0, ""competitorFreshness"": 87}",b2b,,2026-07-05 18:08:49.92762
a78d2a93-f315-44bd-a0af-c2d7010feb6a,synozur.com,ca220481-8e38-44ac-8bec-b77fce1155d9,2026-06-22,32,"{""weights"": {""sovTrend"": 0.3, ""publishRate"": 0.15, ""actionCompletion"": 0.2, ""socialEngagement"": 0.1, ""competitorFreshness"": 0.25}, ""sovTrend"": 0, ""publishRate"": 0, ""actionCompletion"": 50, ""socialEngagement"": 0, ""competitorFreshness"": 87}",b2b,,2026-07-05 18:08:56.12801
ec934676-5276-4bbe-94a4-0fb994009ea2,synozur.com,0ef94ec0-4a79-4bf6-8bf8-7009864131e5,2026-06-22,32,"{""weights"": {""sovTrend"": 0.3, ""publishRate"": 0.15, ""actionCompletion"": 0.2, ""socialEngagement"": 0.1, ""competitorFreshness"": 0.25}, ""sovTrend"": 0, ""publishRate"": 0, ""actionCompletion"": 50, ""socialEngagement"": 0, ""competitorFreshness"": 87}",b2b,,2026-07-05 18:09:00.426689
b3581952-8aae-4629-aeb0-15f4fd629ca1,synozur.com,0d26aaa5-4ae5-40d8-a834-e70c84f9d45e,2026-06-22,32,"{""weights"": {""sovTrend"": 0.3, ""publishRate"": 0.15, ""actionCompletion"": 0.2, ""socialEngagement"": 0.1, ""competitorFreshness"": 0.25}, ""sovTrend"": 0, ""publishRate"": 0, ""actionCompletion"": 50, ""socialEngagement"": 0, ""competitorFreshness"": 87}",b2b,,2026-07-05 18:09:04.328669
5f555ea0-226a-405e-827a-910eb7f8fb22,synozur.com,60965484-0510-4fee-b01a-fb6bb2422b80,2026-06-22,32,"{""weights"": {""sovTrend"": 0.3, ""publishRate"": 0.15, ""actionCompletion"": 0.2, ""socialEngagement"": 0.1, ""competitorFreshness"": 0.25}, ""sovTrend"": 0, ""publishRate"": 0, ""actionCompletion"": 50, ""socialEngagement"": 0, ""competitorFreshness"": 87}",b2b,,2026-07-05 18:09:07.727318
45ac3075-0ea5-4e9c-9a74-754ff74681f3,synozur.com,9705950c-adda-40e3-8f88-7704fdff4d50,2026-06-22,32,"{""weights"": {""sovTrend"": 0.3, ""publishRate"": 0.15, ""actionCompletion"": 0.2, ""socialEngagement"": 0.1, ""competitorFreshness"": 0.25}, ""sovTrend"": 0, ""publishRate"": 0, ""actionCompletion"": 50, ""socialEngagement"": 0, ""competitorFreshness"": 87}",b2b,,2026-07-05 18:09:12.127043
2d85ac49-70c4-490d-8d36-3507c94bae5d,synozur.com,d446066a-1794-478a-b019-63409921304a,2026-06-22,32,"{""weights"": {""sovTrend"": 0.3, ""publishRate"": 0.15, ""actionCompletion"": 0.2, ""socialEngagement"": 0.1, ""competitorFreshness"": 0.25}, ""sovTrend"": 0, ""publishRate"": 0, ""actionCompletion"": 50, ""socialEngagement"": 0, ""competitorFreshness"": 87}",b2b,,2026-07-05 18:09:16.827106
aaad5f55-7fea-40aa-8022-19fd94f8aa1d,synozur.com,fd07e8e6-04ec-4d59-bd3d-04ed0e567c12,2026-06-22,32,"{""weights"": {""sovTrend"": 0.3, ""publishRate"": 0.15, ""actionCompletion"": 0.2, ""socialEngagement"": 0.1, ""competitorFreshness"": 0.25}, ""sovTrend"": 0, ""publishRate"": 0, ""actionCompletion"": 50, ""socialEngagement"": 0, ""competitorFreshness"": 87}",b2b,,2026-07-05 18:09:22.328558
885960f0-66e0-48cb-944a-a955ffc0e75f,synozur.com,6496aaa4-2ddf-4cad-a993-29582e8590b1,2026-06-22,32,"{""weights"": {""sovTrend"": 0.3, ""publishRate"": 0.15, ""actionCompletion"": 0.2, ""socialEngagement"": 0.1, ""competitorFreshness"": 0.25}, ""sovTrend"": 0, ""publishRate"": 0, ""actionCompletion"": 50, ""socialEngagement"": 0, ""competitorFreshness"": 87}",b2b,,2026-07-05 18:09:26.829772
f37a5432-770c-4dc6-9a28-f550b7cf208a,synozur.com,e60427a8-7765-4e8a-a031-3324c883931f,2026-06-22,32,"{""weights"": {""sovTrend"": 0.3, ""publishRate"": 0.15, ""actionCompletion"": 0.2, ""socialEngagement"": 0.1, ""competitorFreshness"": 0.25}, ""sovTrend"": 0, ""publishRate"": 0, ""actionCompletion"": 50, ""socialEngagement"": 0, ""competitorFreshness"": 87}",b2b,,2026-07-05 18:09:31.828191
04a3fb4e-0108-4c7d-94c4-7dea9678979e,synozur.com,6f5ed80d-e3b4-4d0e-8c71-6c622c224de8,2026-06-22,32,"{""weights"": {""sovTrend"": 0.3, ""publishRate"": 0.15, ""actionCompletion"": 0.2, ""socialEngagement"": 0.1, ""competitorFreshness"": 0.25}, ""sovTrend"": 0, ""publishRate"": 0, ""actionCompletion"": 50, ""socialEngagement"": 0, ""competitorFreshness"": 87}",b2b,,2026-07-05 18:09:35.928844
a5d65305-308f-4b69-934e-07c1d8582f39,synozur.com,b085c33e-6301-4882-a3fd-5010c4e45238,2026-06-22,32,"{""weights"": {""sovTrend"": 0.3, ""publishRate"": 0.15, ""actionCompletion"": 0.2, ""socialEngagement"": 0.1, ""competitorFreshness"": 0.25}, ""sovTrend"": 0, ""publishRate"": 0, ""actionCompletion"": 50, ""socialEngagement"": 0, ""competitorFreshness"": 87}",b2b,,2026-07-05 18:09:44.030722
ada020fe-ab9e-4f8b-bc7d-e7f02f790756,synozur.com,9f8f5946-4dd7-418b-b200-ff258a569bf2,2026-06-22,32,"{""weights"": {""sovTrend"": 0.3, ""publishRate"": 0.15, ""actionCompletion"": 0.2, ""socialEngagement"": 0.1, ""competitorFreshness"": 0.25}, ""sovTrend"": 0, ""publishRate"": 0, ""actionCompletion"": 50, ""socialEngagement"": 0, ""competitorFreshness"": 87}",b2b,,2026-07-05 18:09:56.027391
a74ea91f-1756-4729-90d1-141d2df4dca9,synozur.com,7f49f485-e251-4e51-8114-cce62e5ce6a9,2026-06-22,62,"{""weights"": {""sovTrend"": 0.3, ""publishRate"": 0.15, ""actionCompletion"": 0.2, ""socialEngagement"": 0.1, ""competitorFreshness"": 0.25}, ""sovTrend"": 100, ""publishRate"": 0, ""actionCompletion"": 50, ""socialEngagement"": 0, ""competitorFreshness"": 87}",b2b,,2026-07-05 18:10:54.626559
0dacb4db-b3b8-415f-ab27-46bacb490ab0,synozur.com,298c26bd-3400-4ac4-8001-eb38f4f163ed,2026-06-22,32,"{""weights"": {""sovTrend"": 0.3, ""publishRate"": 0.15, ""actionCompletion"": 0.2, ""socialEngagement"": 0.1, ""competitorFreshness"": 0.25}, ""sovTrend"": 0, ""publishRate"": 0, ""actionCompletion"": 50, ""socialEngagement"": 0, ""competitorFreshness"": 87}",b2b,,2026-07-05 18:11:02.129584
99fa292c-b6c8-48b6-9177-199cf1a2bc49,synozur.com,0dad59af-ea3b-4cb2-bf04-f365c7a69114,2026-06-22,32,"{""weights"": {""sovTrend"": 0.3, ""publishRate"": 0.15, ""actionCompletion"": 0.2, ""socialEngagement"": 0.1, ""competitorFreshness"": 0.25}, ""sovTrend"": 0, ""publishRate"": 0, ""actionCompletion"": 50, ""socialEngagement"": 0, ""competitorFreshness"": 87}",b2b,,2026-07-05 18:11:08.226648
f1b04307-cc7a-4160-a553-c503c2569aa2,synozur.com,93e60ca4-1f9d-456d-af6d-82d8af0566d1,2026-06-22,32,"{""weights"": {""sovTrend"": 0.3, ""publishRate"": 0.15, ""actionCompletion"": 0.2, ""socialEngagement"": 0.1, ""competitorFreshness"": 0.25}, ""sovTrend"": 0, ""publishRate"": 0, ""actionCompletion"": 50, ""socialEngagement"": 0, ""competitorFreshness"": 87}",b2b,,2026-07-05 18:11:13.151769
2b7a699d-233e-4e1d-b1b6-426fb4b476ba,synozur.com,df16877c-1384-407b-be3d-69e8a3442178,2026-06-22,32,"{""weights"": {""sovTrend"": 0.3, ""publishRate"": 0.15, ""actionCompletion"": 0.2, ""socialEngagement"": 0.1, ""competitorFreshness"": 0.25}, ""sovTrend"": 0, ""publishRate"": 0, ""actionCompletion"": 50, ""socialEngagement"": 0, ""competitorFreshness"": 87}",b2b,,2026-07-05 18:11:14.631353
a57661de-b043-4a87-ae1f-fcc3a45a58e8,synozur.com,ea07a669-2e2b-4dbc-84fd-42f0009d0955,2026-06-22,46,"{""weights"": {""sovTrend"": 0.25, ""publishRate"": 0.25, ""actionCompletion"": 0.15, ""socialEngagement"": 0.2, ""competitorFreshness"": 0.15}, ""sovTrend"": 100, ""publishRate"": 0, ""actionCompletion"": 50, ""socialEngagement"": 0, ""competitorFreshness"": 87}",b2c,,2026-07-05 18:11:19.627824
24286ded-2545-4247-8946-d35fc0841849,synozur.com,28dc9e03-8a9c-448e-8aa4-7818fa503a82,2026-06-22,32,"{""weights"": {""sovTrend"": 0.3, ""publishRate"": 0.15, ""actionCompletion"": 0.2, ""socialEngagement"": 0.1, ""competitorFreshness"": 0.25}, ""sovTrend"": 0, ""publishRate"": 0, ""actionCompletion"": 50, ""socialEngagement"": 0, ""competitorFreshness"": 87}",b2b,,2026-07-05 18:11:24.82808
f46048a7-3716-47ff-bddb-d79b76652611,synozur.com,17b318bd-67fa-40b5-858e-77c3db633a56,2026-06-22,21,"{""weights"": {""sovTrend"": 0.25, ""publishRate"": 0.25, ""actionCompletion"": 0.15, ""socialEngagement"": 0.2, ""competitorFreshness"": 0.15}, ""sovTrend"": 0, ""publishRate"": 0, ""actionCompletion"": 50, ""socialEngagement"": 0, ""competitorFreshness"": 87}",b2c,,2026-07-05 18:11:29.329962
1ba6dbd3-e221-49ae-b280-669d62155237,synozur.com,0afdd7be-dd94-47e6-89d5-dd3696094e45,2026-06-22,32,"{""weights"": {""sovTrend"": 0.3, ""publishRate"": 0.15, ""actionCompletion"": 0.2, ""socialEngagement"": 0.1, ""competitorFreshness"": 0.25}, ""sovTrend"": 0, ""publishRate"": 0, ""actionCompletion"": 50, ""socialEngagement"": 0, ""competitorFreshness"": 87}",b2b,,2026-07-05 18:11:34.729375
ba757885-5c81-45b1-9092-e175560cf2ea,synozur.com,a83caa9d-904f-4508-a008-028921e755d2,2026-06-22,32,"{""weights"": {""sovTrend"": 0.3, ""publishRate"": 0.15, ""actionCompletion"": 0.2, ""socialEngagement"": 0.1, ""competitorFreshness"": 0.25}, ""sovTrend"": 0, ""publishRate"": 0, ""actionCompletion"": 50, ""socialEngagement"": 0, ""competitorFreshness"": 87}",b2b,,2026-07-05 18:11:41.928211
c5deb42a-4ba4-49a0-a176-3001ee20ab97,synozur.com,b3c49c08-f9c9-483b-8820-acffc29be17a,2026-06-22,21,"{""weights"": {""sovTrend"": 0.25, ""publishRate"": 0.25, ""actionCompletion"": 0.15, ""socialEngagement"": 0.2, ""competitorFreshness"": 0.15}, ""sovTrend"": 0, ""publishRate"": 0, ""actionCompletion"": 50, ""socialEngagement"": 0, ""competitorFreshness"": 87}",b2c,,2026-07-05 18:11:52.428121
d4a7653f-e77b-4578-b2bd-c36a11007b27,synozur.com,7e86ba11-1ba2-4853-a91b-bcd180e0ba0f,2026-06-22,21,"{""weights"": {""sovTrend"": 0.25, ""publishRate"": 0.25, ""actionCompletion"": 0.15, ""socialEngagement"": 0.2, ""competitorFreshness"": 0.15}, ""sovTrend"": 0, ""publishRate"": 0, ""actionCompletion"": 50, ""socialEngagement"": 0, ""competitorFreshness"": 87}",b2c,,2026-07-05 18:11:57.628168
8d80139b-c15d-4fe0-a453-173a389c4dec,synozur.com,872dde94-3e6c-4115-acdc-2c79b3276138,2026-06-22,32,"{""weights"": {""sovTrend"": 0.3, ""publishRate"": 0.15, ""actionCompletion"": 0.2, ""socialEngagement"": 0.1, ""competitorFreshness"": 0.25}, ""sovTrend"": 0, ""publishRate"": 0, ""actionCompletion"": 50, ""socialEngagement"": 0, ""competitorFreshness"": 87}",b2b,,2026-07-05 18:12:00.927354
6413b5ea-5ccf-45b4-8207-bc78de223602,synozur.com,723cb0a7-893c-4f36-b867-d6a207f2bfde,2026-06-22,21,"{""weights"": {""sovTrend"": 0.25, ""publishRate"": 0.25, ""actionCompletion"": 0.15, ""socialEngagement"": 0.2, ""competitorFreshness"": 0.15}, ""sovTrend"": 0, ""publishRate"": 0, ""actionCompletion"": 50, ""socialEngagement"": 0, ""competitorFreshness"": 87}",b2c,,2026-07-05 18:12:04.027454
5b2e6398-1edb-49c5-b368-3ca0a1477594,accordancetech.com,,2026-07-06,23,"{""weights"": {""sovTrend"": 0.3, ""publishRate"": 0.15, ""actionCompletion"": 0.2, ""socialEngagement"": 0.1, ""competitorFreshness"": 0.25}, ""sovTrend"": 0, ""publishRate"": 0, ""actionCompletion"": 50, ""socialEngagement"": 0, ""competitorFreshness"": 50}",b2b,,2026-07-18 00:07:45.698149
7e8770c4-f4bc-4c6a-9b71-055299004a69,reveillesoftware.com,,2026-07-06,16,"{""weights"": {""sovTrend"": 0.3, ""publishRate"": 0.15, ""actionCompletion"": 0.2, ""socialEngagement"": 0.1, ""competitorFreshness"": 0.25}, ""sovTrend"": 0, ""publishRate"": 0, ""actionCompletion"": 50, ""socialEngagement"": 33, ""competitorFreshness"": 10}",b2b,,2026-07-18 00:07:46.474256
643a1a3e-e7d0-43c4-a2e0-a979c5f18082,reveillesoftware.com,cf966795-4a02-410b-ac2b-00d57aca1127,2026-07-06,6,"{""weights"": {""sovTrend"": 0.3, ""publishRate"": 0.15, ""actionCompletion"": 0.2, ""socialEngagement"": 0.1, ""competitorFreshness"": 0.25}, ""sovTrend"": 0, ""publishRate"": 0, ""actionCompletion"": 0, ""socialEngagement"": 33, ""competitorFreshness"": 10}",b2b,,2026-07-18 00:07:46.927906
86d6a7f1-0a34-4bb5-a46d-76fb0640f338,go-planet.com,,2026-07-06,29,"{""weights"": {""sovTrend"": 0.3, ""publishRate"": 0.15, ""actionCompletion"": 0.2, ""socialEngagement"": 0.1, ""competitorFreshness"": 0.25}, ""sovTrend"": 0, ""publishRate"": 0, ""actionCompletion"": 50, ""socialEngagement"": 37, ""competitorFreshness"": 60}",b2b,,2026-07-18 00:07:50.769173
2013d29b-a9df-4524-89a3-0f0d2d8c8871,reveillesoftware.com,,2026-06-15,38,"{""weights"": {""sovTrend"": 0.3, ""publishRate"": 0.15, ""actionCompletion"": 0.2, ""socialEngagement"": 0.1, ""competitorFreshness"": 0.25}, ""sovTrend"": 0, ""publishRate"": 0, ""actionCompletion"": 50, ""socialEngagement"": 33, ""competitorFreshness"": 100}",b2b,,2026-06-28 21:45:09.279745
0288957d-7cc0-4ba1-8f09-0e3259a6f9f5,chrismcnulty.net,,2026-07-06,11,"{""weights"": {""sovTrend"": 0.25, ""publishRate"": 0.25, ""actionCompletion"": 0.15, ""socialEngagement"": 0.2, ""competitorFreshness"": 0.15}, ""sovTrend"": 0, ""publishRate"": 0, ""actionCompletion"": 50, ""socialEngagement"": 0, ""competitorFreshness"": 21}",b2c,,2026-07-18 00:07:51.666178
abfa93c4-dcdc-4e54-9ecb-e63b0e9b95f1,protiviti.com,,2026-07-06,17,"{""weights"": {""sovTrend"": 0.3, ""publishRate"": 0.15, ""actionCompletion"": 0.2, ""socialEngagement"": 0.1, ""competitorFreshness"": 0.25}, ""sovTrend"": 0, ""publishRate"": 0, ""actionCompletion"": 50, ""socialEngagement"": 0, ""competitorFreshness"": 29}",b2b,,2026-07-18 00:07:53.397178
b84cc4d0-4de7-4a1d-9ac0-2edd8ac16543,protiviti.com,ef08cf28-7cb2-4515-a451-62f3989b55cf,2026-07-06,7,"{""weights"": {""sovTrend"": 0.3, ""publishRate"": 0.15, ""actionCompletion"": 0.2, ""socialEngagement"": 0.1, ""competitorFreshness"": 0.25}, ""sovTrend"": 0, ""publishRate"": 0, ""actionCompletion"": 0, ""socialEngagement"": 0, ""competitorFreshness"": 29}",b2b,,2026-07-18 00:07:54.068855
8e6741a5-ce0d-42f2-bbe7-4c00cbb06fc0,synozur.com,1e288019-256e-4322-9781-1034bd47331c,2026-06-22,32,"{""weights"": {""sovTrend"": 0.3, ""publishRate"": 0.15, ""actionCompletion"": 0.2, ""socialEngagement"": 0.1, ""competitorFreshness"": 0.25}, ""sovTrend"": 0, ""publishRate"": 0, ""actionCompletion"": 50, ""socialEngagement"": 0, ""competitorFreshness"": 87}",b2b,,2026-07-05 18:12:08.227211
69411bbd-7d62-4185-be65-fb297fc03db8,synozur.com,9a69511b-78e8-4ac0-b74a-3892578b764b,2026-06-22,21,"{""weights"": {""sovTrend"": 0.25, ""publishRate"": 0.25, ""actionCompletion"": 0.15, ""socialEngagement"": 0.2, ""competitorFreshness"": 0.15}, ""sovTrend"": 0, ""publishRate"": 0, ""actionCompletion"": 50, ""socialEngagement"": 0, ""competitorFreshness"": 87}",b2c,,2026-07-05 18:12:11.228064
343fe111-d221-4a2e-9ae5-6bef5e5b66ce,synozur.com,84a7b88d-e662-47ef-9a1a-fbc2d1046b49,2026-06-22,32,"{""weights"": {""sovTrend"": 0.3, ""publishRate"": 0.15, ""actionCompletion"": 0.2, ""socialEngagement"": 0.1, ""competitorFreshness"": 0.25}, ""sovTrend"": 0, ""publishRate"": 0, ""actionCompletion"": 50, ""socialEngagement"": 0, ""competitorFreshness"": 87}",b2b,,2026-07-05 18:12:14.928025
3e1b228a-3e27-42c8-b978-6ebade8f972e,synozur.com,d8017313-db5e-4e57-910c-95b19f5f9b19,2026-06-22,21,"{""weights"": {""sovTrend"": 0.25, ""publishRate"": 0.25, ""actionCompletion"": 0.15, ""socialEngagement"": 0.2, ""competitorFreshness"": 0.15}, ""sovTrend"": 0, ""publishRate"": 0, ""actionCompletion"": 50, ""socialEngagement"": 0, ""competitorFreshness"": 87}",b2c,,2026-07-05 18:12:19.027476
07e4082c-3aa0-4d03-a6b8-ac7ed815b012,synozur.com,f0bcbd9a-e68c-4dfc-87d8-d0adc9660f51,2026-06-22,32,"{""weights"": {""sovTrend"": 0.3, ""publishRate"": 0.15, ""actionCompletion"": 0.2, ""socialEngagement"": 0.1, ""competitorFreshness"": 0.25}, ""sovTrend"": 0, ""publishRate"": 0, ""actionCompletion"": 50, ""socialEngagement"": 0, ""competitorFreshness"": 87}",b2b,,2026-07-05 18:12:21.727986
ab087dbe-2a58-4184-92ef-4e5911b911f5,synozur.com,21967b75-d76d-4c89-91f5-59b4a9a3d089,2026-06-22,21,"{""weights"": {""sovTrend"": 0.25, ""publishRate"": 0.25, ""actionCompletion"": 0.15, ""socialEngagement"": 0.2, ""competitorFreshness"": 0.15}, ""sovTrend"": 0, ""publishRate"": 0, ""actionCompletion"": 50, ""socialEngagement"": 0, ""competitorFreshness"": 87}",b2c,,2026-07-05 18:12:26.128045
8c576f5c-b900-43b8-b58e-cb14566e6682,synozur.com,a95efa43-f0a9-4ae4-8488-1fe8bff8b529,2026-06-22,21,"{""weights"": {""sovTrend"": 0.25, ""publishRate"": 0.25, ""actionCompletion"": 0.15, ""socialEngagement"": 0.2, ""competitorFreshness"": 0.15}, ""sovTrend"": 0, ""publishRate"": 0, ""actionCompletion"": 50, ""socialEngagement"": 0, ""competitorFreshness"": 87}",b2c,,2026-07-05 18:12:31.327057
cb98ccda-ad91-4349-b5f2-dbcf3357a15a,synozur.com,f78f8c44-7b05-43c5-9add-a08bf46af886,2026-07-06,2,"{""weights"": {""sovTrend"": 0.3, ""publishRate"": 0.15, ""actionCompletion"": 0.2, ""socialEngagement"": 0.1, ""competitorFreshness"": 0.25}, ""sovTrend"": 0, ""publishRate"": 0, ""actionCompletion"": 0, ""socialEngagement"": 0, ""competitorFreshness"": 7}",b2b,,2026-07-18 00:07:55.410947
31196c4f-5cce-449d-a164-4f224f9f9da1,synozur.com,7856ea44-c556-4a25-a43e-9c6bb238e648,2026-06-22,32,"{""weights"": {""sovTrend"": 0.3, ""publishRate"": 0.15, ""actionCompletion"": 0.2, ""socialEngagement"": 0.1, ""competitorFreshness"": 0.25}, ""sovTrend"": 0, ""publishRate"": 0, ""actionCompletion"": 50, ""socialEngagement"": 0, ""competitorFreshness"": 87}",b2b,,2026-07-05 18:12:36.826925
9f74fed3-1330-46d9-bc8e-8e54fa6fc95d,synozur.com,1d70e3b8-1fc9-4c26-a4ea-194832396b83,2026-06-22,21,"{""weights"": {""sovTrend"": 0.25, ""publishRate"": 0.25, ""actionCompletion"": 0.15, ""socialEngagement"": 0.2, ""competitorFreshness"": 0.15}, ""sovTrend"": 0, ""publishRate"": 0, ""actionCompletion"": 50, ""socialEngagement"": 0, ""competitorFreshness"": 87}",b2c,,2026-07-05 18:13:15.029104
88390220-011d-4f68-91f2-53be43553e54,synozur.com,a8e7cd06-ed45-41ec-b4a1-1c8a55a17a97,2026-06-22,32,"{""weights"": {""sovTrend"": 0.3, ""publishRate"": 0.15, ""actionCompletion"": 0.2, ""socialEngagement"": 0.1, ""competitorFreshness"": 0.25}, ""sovTrend"": 0, ""publishRate"": 0, ""actionCompletion"": 50, ""socialEngagement"": 0, ""competitorFreshness"": 87}",b2b,,2026-07-05 18:13:42.931074
60dd08a8-5976-4e7e-b8a0-752ef8bf50c0,synozur.com,2e7dced4-517d-4271-99d6-dffdeff64c66,2026-06-22,21,"{""weights"": {""sovTrend"": 0.25, ""publishRate"": 0.25, ""actionCompletion"": 0.15, ""socialEngagement"": 0.2, ""competitorFreshness"": 0.15}, ""sovTrend"": 0, ""publishRate"": 0, ""actionCompletion"": 50, ""socialEngagement"": 0, ""competitorFreshness"": 87}",b2c,,2026-07-05 18:13:49.227804
2cb06fb6-a5dd-4786-a944-2c84b97c09e0,synozur.com,e36f9f62-612b-40dd-b2af-39a6cab20c7a,2026-07-06,2,"{""weights"": {""sovTrend"": 0.3, ""publishRate"": 0.15, ""actionCompletion"": 0.2, ""socialEngagement"": 0.1, ""competitorFreshness"": 0.25}, ""sovTrend"": 0, ""publishRate"": 0, ""actionCompletion"": 0, ""socialEngagement"": 0, ""competitorFreshness"": 7}",b2b,,2026-07-18 00:07:55.707725
ae70f89f-020b-4a39-9520-1c29629e68a2,synozur.com,9a959fb8-9171-4141-a2b8-f2df7ee805ee,2026-07-06,2,"{""weights"": {""sovTrend"": 0.3, ""publishRate"": 0.15, ""actionCompletion"": 0.2, ""socialEngagement"": 0.1, ""competitorFreshness"": 0.25}, ""sovTrend"": 0, ""publishRate"": 0, ""actionCompletion"": 0, ""socialEngagement"": 0, ""competitorFreshness"": 7}",b2b,,2026-07-18 00:07:56.857254
44c9b180-b1fc-4145-9e82-e7c2977ec4a4,synozur.com,17daaca7-2a15-4f92-bbf3-c9a401ef36ac,2026-07-06,2,"{""weights"": {""sovTrend"": 0.3, ""publishRate"": 0.15, ""actionCompletion"": 0.2, ""socialEngagement"": 0.1, ""competitorFreshness"": 0.25}, ""sovTrend"": 0, ""publishRate"": 0, ""actionCompletion"": 0, ""socialEngagement"": 0, ""competitorFreshness"": 7}",b2b,,2026-07-18 00:07:57.168686
2abe0bd7-a498-444c-9640-a7d3bcc0855d,synozur.com,bc7e3c6b-277f-4220-81d8-2bc62426ad25,2026-07-06,2,"{""weights"": {""sovTrend"": 0.3, ""publishRate"": 0.15, ""actionCompletion"": 0.2, ""socialEngagement"": 0.1, ""competitorFreshness"": 0.25}, ""sovTrend"": 0, ""publishRate"": 0, ""actionCompletion"": 0, ""socialEngagement"": 0, ""competitorFreshness"": 7}",b2b,,2026-07-18 00:07:57.426776
f2887029-da97-4883-aa5e-5dc8316bc825,synozur.com,5428db01-79b3-4487-a2b2-0e63327f2510,2026-07-06,2,"{""weights"": {""sovTrend"": 0.3, ""publishRate"": 0.15, ""actionCompletion"": 0.2, ""socialEngagement"": 0.1, ""competitorFreshness"": 0.25}, ""sovTrend"": 0, ""publishRate"": 0, ""actionCompletion"": 0, ""socialEngagement"": 0, ""competitorFreshness"": 7}",b2b,,2026-07-18 00:07:58.785069
a7b178ca-3655-43b8-aa19-af3f5d5754b9,synozur.com,0a0caa0c-74f1-41e0-ae37-a070ed194772,2026-07-06,2,"{""weights"": {""sovTrend"": 0.3, ""publishRate"": 0.15, ""actionCompletion"": 0.2, ""socialEngagement"": 0.1, ""competitorFreshness"": 0.25}, ""sovTrend"": 0, ""publishRate"": 0, ""actionCompletion"": 0, ""socialEngagement"": 0, ""competitorFreshness"": 7}",b2b,,2026-07-18 00:07:59.091058
69de1313-62d6-4264-853d-bd05c0d6ea95,synozur.com,dfad5af1-e6da-4d26-a1d1-6faab3115447,2026-07-06,2,"{""weights"": {""sovTrend"": 0.3, ""publishRate"": 0.15, ""actionCompletion"": 0.2, ""socialEngagement"": 0.1, ""competitorFreshness"": 0.25}, ""sovTrend"": 0, ""publishRate"": 0, ""actionCompletion"": 0, ""socialEngagement"": 0, ""competitorFreshness"": 7}",b2b,,2026-07-18 00:08:00.08993
be2eed45-9c9a-4b2d-8fa0-de4a35f23ed6,synozur.com,cbb5fabd-c82b-4d50-bd34-2a0d79398622,2026-07-06,2,"{""weights"": {""sovTrend"": 0.3, ""publishRate"": 0.15, ""actionCompletion"": 0.2, ""socialEngagement"": 0.1, ""competitorFreshness"": 0.25}, ""sovTrend"": 0, ""publishRate"": 0, ""actionCompletion"": 0, ""socialEngagement"": 0, ""competitorFreshness"": 7}",b2b,,2026-07-18 00:08:02.474999
517dce38-ad3e-491b-8d04-6a58d87b3b2a,synozur.com,,2026-07-06,2,"{""weights"": {""sovTrend"": 0.3, ""publishRate"": 0.15, ""actionCompletion"": 0.2, ""socialEngagement"": 0.1, ""competitorFreshness"": 0.25}, ""sovTrend"": 0, ""publishRate"": 0, ""actionCompletion"": 0, ""socialEngagement"": 0, ""competitorFreshness"": 7}",b2b,,2026-07-18 00:08:02.785676
98ea07c0-bcd8-4857-aa4c-86dc41f47046,synozur.com,5d149a37-4d48-4ada-994a-eff6cc41c995,2026-07-06,12,"{""weights"": {""sovTrend"": 0.3, ""publishRate"": 0.15, ""actionCompletion"": 0.2, ""socialEngagement"": 0.1, ""competitorFreshness"": 0.25}, ""sovTrend"": 0, ""publishRate"": 0, ""actionCompletion"": 50, ""socialEngagement"": 0, ""competitorFreshness"": 7}",b2b,,2026-07-18 00:08:03.080294
ceb74486-985a-44ec-a3db-6f40f2bb0a8b,synozur.com,9a53d812-6ca7-4dae-bc95-9fc975dadab5,2026-07-06,12,"{""weights"": {""sovTrend"": 0.3, ""publishRate"": 0.15, ""actionCompletion"": 0.2, ""socialEngagement"": 0.1, ""competitorFreshness"": 0.25}, ""sovTrend"": 0, ""publishRate"": 0, ""actionCompletion"": 50, ""socialEngagement"": 0, ""competitorFreshness"": 7}",b2b,,2026-07-18 00:08:03.337614
6620a816-299c-4849-bcae-3e7f29907b55,synozur.com,0ac8db60-16c4-4665-a8f3-e4655a5a29b5,2026-07-06,2,"{""weights"": {""sovTrend"": 0.3, ""publishRate"": 0.15, ""actionCompletion"": 0.2, ""socialEngagement"": 0.1, ""competitorFreshness"": 0.25}, ""sovTrend"": 0, ""publishRate"": 0, ""actionCompletion"": 0, ""socialEngagement"": 0, ""competitorFreshness"": 7}",b2b,,2026-07-18 00:08:06.113064
c54555c8-6cfb-40ed-921a-d108f30289c9,synozur.com,188acbd9-121b-4b3f-b21b-37b4e46638e0,2026-07-06,2,"{""weights"": {""sovTrend"": 0.3, ""publishRate"": 0.15, ""actionCompletion"": 0.2, ""socialEngagement"": 0.1, ""competitorFreshness"": 0.25}, ""sovTrend"": 0, ""publishRate"": 0, ""actionCompletion"": 0, ""socialEngagement"": 0, ""competitorFreshness"": 7}",b2b,,2026-07-18 00:08:06.433687
d298ebd7-d93c-4882-982a-f6de954fbeef,synozur.com,ca220481-8e38-44ac-8bec-b77fce1155d9,2026-07-06,2,"{""weights"": {""sovTrend"": 0.3, ""publishRate"": 0.15, ""actionCompletion"": 0.2, ""socialEngagement"": 0.1, ""competitorFreshness"": 0.25}, ""sovTrend"": 0, ""publishRate"": 0, ""actionCompletion"": 0, ""socialEngagement"": 0, ""competitorFreshness"": 7}",b2b,,2026-07-18 00:08:06.72562
f35eb435-576b-4cd4-ae3c-7f41777eac7f,synozur.com,0ef94ec0-4a79-4bf6-8bf8-7009864131e5,2026-07-06,2,"{""weights"": {""sovTrend"": 0.3, ""publishRate"": 0.15, ""actionCompletion"": 0.2, ""socialEngagement"": 0.1, ""competitorFreshness"": 0.25}, ""sovTrend"": 0, ""publishRate"": 0, ""actionCompletion"": 0, ""socialEngagement"": 0, ""competitorFreshness"": 7}",b2b,,2026-07-18 00:08:07.199851
c7d5cbb3-af27-49d8-b4b0-d4c756c3e4db,synozur.com,0d26aaa5-4ae5-40d8-a834-e70c84f9d45e,2026-07-06,2,"{""weights"": {""sovTrend"": 0.3, ""publishRate"": 0.15, ""actionCompletion"": 0.2, ""socialEngagement"": 0.1, ""competitorFreshness"": 0.25}, ""sovTrend"": 0, ""publishRate"": 0, ""actionCompletion"": 0, ""socialEngagement"": 0, ""competitorFreshness"": 7}",b2b,,2026-07-18 00:08:08.493534
6287bb73-c8c1-480c-a559-c5f899ccfb12,synozur.com,60965484-0510-4fee-b01a-fb6bb2422b80,2026-07-06,12,"{""weights"": {""sovTrend"": 0.3, ""publishRate"": 0.15, ""actionCompletion"": 0.2, ""socialEngagement"": 0.1, ""competitorFreshness"": 0.25}, ""sovTrend"": 0, ""publishRate"": 0, ""actionCompletion"": 50, ""socialEngagement"": 0, ""competitorFreshness"": 7}",b2b,,2026-07-18 00:08:08.787583
f52c7bfa-816d-4b97-ae6a-be42d1963bde,synozur.com,9705950c-adda-40e3-8f88-7704fdff4d50,2026-07-06,12,"{""weights"": {""sovTrend"": 0.3, ""publishRate"": 0.15, ""actionCompletion"": 0.2, ""socialEngagement"": 0.1, ""competitorFreshness"": 0.25}, ""sovTrend"": 0, ""publishRate"": 0, ""actionCompletion"": 50, ""socialEngagement"": 0, ""competitorFreshness"": 7}",b2b,,2026-07-18 00:08:09.953773
d71a54dc-1b07-439e-9e7d-4d4f091f8f26,synozur.com,d446066a-1794-478a-b019-63409921304a,2026-07-06,12,"{""weights"": {""sovTrend"": 0.3, ""publishRate"": 0.15, ""actionCompletion"": 0.2, ""socialEngagement"": 0.1, ""competitorFreshness"": 0.25}, ""sovTrend"": 0, ""publishRate"": 0, ""actionCompletion"": 50, ""socialEngagement"": 0, ""competitorFreshness"": 7}",b2b,,2026-07-18 00:08:10.250305
bb32583e-ee0b-4791-a713-969b0986821b,synozur.com,fd07e8e6-04ec-4d59-bd3d-04ed0e567c12,2026-07-06,12,"{""weights"": {""sovTrend"": 0.3, ""publishRate"": 0.15, ""actionCompletion"": 0.2, ""socialEngagement"": 0.1, ""competitorFreshness"": 0.25}, ""sovTrend"": 0, ""publishRate"": 0, ""actionCompletion"": 50, ""socialEngagement"": 0, ""competitorFreshness"": 7}",b2b,,2026-07-18 00:08:10.868976
8d685a86-5abf-467f-8766-0b7d5c497c67,synozur.com,6496aaa4-2ddf-4cad-a993-29582e8590b1,2026-07-06,12,"{""weights"": {""sovTrend"": 0.3, ""publishRate"": 0.15, ""actionCompletion"": 0.2, ""socialEngagement"": 0.1, ""competitorFreshness"": 0.25}, ""sovTrend"": 0, ""publishRate"": 0, ""actionCompletion"": 50, ""socialEngagement"": 0, ""competitorFreshness"": 7}",b2b,,2026-07-18 00:08:18.468657
f89aa712-012d-4f63-84e3-2d5b08febc2a,synozur.com,e60427a8-7765-4e8a-a031-3324c883931f,2026-07-06,12,"{""weights"": {""sovTrend"": 0.3, ""publishRate"": 0.15, ""actionCompletion"": 0.2, ""socialEngagement"": 0.1, ""competitorFreshness"": 0.25}, ""sovTrend"": 0, ""publishRate"": 0, ""actionCompletion"": 50, ""socialEngagement"": 0, ""competitorFreshness"": 7}",b2b,,2026-07-18 00:08:24.968794
f3a9f537-8575-4a6d-8410-74b98f423b26,synozur.com,6f5ed80d-e3b4-4d0e-8c71-6c622c224de8,2026-07-06,12,"{""weights"": {""sovTrend"": 0.3, ""publishRate"": 0.15, ""actionCompletion"": 0.2, ""socialEngagement"": 0.1, ""competitorFreshness"": 0.25}, ""sovTrend"": 0, ""publishRate"": 0, ""actionCompletion"": 50, ""socialEngagement"": 0, ""competitorFreshness"": 7}",b2b,,2026-07-18 00:08:36.506583
250a8886-c7d1-42d5-ab51-13061b4b1a9b,synozur.com,b085c33e-6301-4882-a3fd-5010c4e45238,2026-07-06,12,"{""weights"": {""sovTrend"": 0.3, ""publishRate"": 0.15, ""actionCompletion"": 0.2, ""socialEngagement"": 0.1, ""competitorFreshness"": 0.25}, ""sovTrend"": 0, ""publishRate"": 0, ""actionCompletion"": 50, ""socialEngagement"": 0, ""competitorFreshness"": 7}",b2b,,2026-07-18 00:08:40.268922
159e9d81-6c3a-4181-9c6e-e288ecb19204,synozur.com,9f8f5946-4dd7-418b-b200-ff258a569bf2,2026-07-06,12,"{""weights"": {""sovTrend"": 0.3, ""publishRate"": 0.15, ""actionCompletion"": 0.2, ""socialEngagement"": 0.1, ""competitorFreshness"": 0.25}, ""sovTrend"": 0, ""publishRate"": 0, ""actionCompletion"": 50, ""socialEngagement"": 0, ""competitorFreshness"": 6}",b2b,,2026-07-18 00:08:51.568255
f5507169-ba04-4b79-b5b0-291241fb8ab2,synozur.com,298c26bd-3400-4ac4-8001-eb38f4f163ed,2026-07-06,2,"{""weights"": {""sovTrend"": 0.3, ""publishRate"": 0.15, ""actionCompletion"": 0.2, ""socialEngagement"": 0.1, ""competitorFreshness"": 0.25}, ""sovTrend"": 0, ""publishRate"": 0, ""actionCompletion"": 0, ""socialEngagement"": 0, ""competitorFreshness"": 6}",b2b,,2026-07-18 00:10:25.167059
1152e7ff-9f6f-4318-bd11-e094717339a8,synozur.com,0dad59af-ea3b-4cb2-bf04-f365c7a69114,2026-07-06,2,"{""weights"": {""sovTrend"": 0.3, ""publishRate"": 0.15, ""actionCompletion"": 0.2, ""socialEngagement"": 0.1, ""competitorFreshness"": 0.25}, ""sovTrend"": 0, ""publishRate"": 0, ""actionCompletion"": 0, ""socialEngagement"": 0, ""competitorFreshness"": 6}",b2b,,2026-07-18 00:10:25.469922
b918adda-04cf-40f7-a597-76d66249b98b,synozur.com,93e60ca4-1f9d-456d-af6d-82d8af0566d1,2026-07-06,2,"{""weights"": {""sovTrend"": 0.3, ""publishRate"": 0.15, ""actionCompletion"": 0.2, ""socialEngagement"": 0.1, ""competitorFreshness"": 0.25}, ""sovTrend"": 0, ""publishRate"": 0, ""actionCompletion"": 0, ""socialEngagement"": 0, ""competitorFreshness"": 6}",b2b,,2026-07-18 00:10:25.76253
8b35b001-a4dc-46eb-8cce-3eb7e3bc7d97,accordancetech.com,,2026-06-29,23,"{""weights"": {""sovTrend"": 0.3, ""publishRate"": 0.15, ""actionCompletion"": 0.2, ""socialEngagement"": 0.1, ""competitorFreshness"": 0.25}, ""sovTrend"": 0, ""publishRate"": 0, ""actionCompletion"": 50, ""socialEngagement"": 0, ""competitorFreshness"": 50}",b2b,,2026-07-12 22:54:35.686757
0fbc76df-b0db-4974-a287-af6c3541fd10,reveillesoftware.com,,2026-06-29,31,"{""weights"": {""sovTrend"": 0.3, ""publishRate"": 0.15, ""actionCompletion"": 0.2, ""socialEngagement"": 0.1, ""competitorFreshness"": 0.25}, ""sovTrend"": 0, ""publishRate"": 0, ""actionCompletion"": 50, ""socialEngagement"": 33, ""competitorFreshness"": 70}",b2b,,2026-07-12 22:55:02.420562
0096d48a-1ce9-410b-8960-fc84797303b7,reveillesoftware.com,cf966795-4a02-410b-ac2b-00d57aca1127,2026-06-29,31,"{""weights"": {""sovTrend"": 0.3, ""publishRate"": 0.15, ""actionCompletion"": 0.2, ""socialEngagement"": 0.1, ""competitorFreshness"": 0.25}, ""sovTrend"": 0, ""publishRate"": 0, ""actionCompletion"": 50, ""socialEngagement"": 33, ""competitorFreshness"": 70}",b2b,,2026-07-12 22:55:06.286987
a963553d-e587-4f0e-9c4f-e728d236f086,go-planet.com,,2026-06-29,39,"{""weights"": {""sovTrend"": 0.3, ""publishRate"": 0.15, ""actionCompletion"": 0.2, ""socialEngagement"": 0.1, ""competitorFreshness"": 0.25}, ""sovTrend"": 0, ""publishRate"": 0, ""actionCompletion"": 50, ""socialEngagement"": 37, ""competitorFreshness"": 100}",b2b,,2026-07-12 22:56:10.684097
1a4b0c35-0042-4987-8dac-3861557b380b,chrismcnulty.net,,2026-06-29,16,"{""weights"": {""sovTrend"": 0.25, ""publishRate"": 0.25, ""actionCompletion"": 0.15, ""socialEngagement"": 0.2, ""competitorFreshness"": 0.15}, ""sovTrend"": 0, ""publishRate"": 0, ""actionCompletion"": 50, ""socialEngagement"": 0, ""competitorFreshness"": 57}",b2c,,2026-07-12 22:56:34.084617
1c14e058-b2c2-4466-9c4f-89ecd2815c49,protiviti.com,ef08cf28-7cb2-4515-a451-62f3989b55cf,2026-06-29,35,"{""weights"": {""sovTrend"": 0.3, ""publishRate"": 0.15, ""actionCompletion"": 0.2, ""socialEngagement"": 0.1, ""competitorFreshness"": 0.25}, ""sovTrend"": 0, ""publishRate"": 0, ""actionCompletion"": 50, ""socialEngagement"": 0, ""competitorFreshness"": 100}",b2b,,2026-07-12 22:57:28.685125
48080141-4563-438c-a427-8414e1cc24db,synozur.com,f78f8c44-7b05-43c5-9add-a08bf46af886,2026-06-29,32,"{""weights"": {""sovTrend"": 0.3, ""publishRate"": 0.15, ""actionCompletion"": 0.2, ""socialEngagement"": 0.1, ""competitorFreshness"": 0.25}, ""sovTrend"": 0, ""publishRate"": 0, ""actionCompletion"": 50, ""socialEngagement"": 0, ""competitorFreshness"": 87}",b2b,,2026-07-12 22:57:53.887337
57bdee2d-2fb2-4c71-9173-36916f3e5e86,synozur.com,e36f9f62-612b-40dd-b2af-39a6cab20c7a,2026-06-29,32,"{""weights"": {""sovTrend"": 0.3, ""publishRate"": 0.15, ""actionCompletion"": 0.2, ""socialEngagement"": 0.1, ""competitorFreshness"": 0.25}, ""sovTrend"": 0, ""publishRate"": 0, ""actionCompletion"": 50, ""socialEngagement"": 0, ""competitorFreshness"": 87}",b2b,,2026-07-12 22:58:05.7839
71cfa1f4-d4a2-4d27-b272-e8384ac3c3c7,synozur.com,9a959fb8-9171-4141-a2b8-f2df7ee805ee,2026-06-29,32,"{""weights"": {""sovTrend"": 0.3, ""publishRate"": 0.15, ""actionCompletion"": 0.2, ""socialEngagement"": 0.1, ""competitorFreshness"": 0.25}, ""sovTrend"": 0, ""publishRate"": 0, ""actionCompletion"": 50, ""socialEngagement"": 0, ""competitorFreshness"": 87}",b2b,,2026-07-12 22:58:17.387835
785f103b-2cdf-4938-9999-5ec48abc3245,synozur.com,17daaca7-2a15-4f92-bbf3-c9a401ef36ac,2026-06-29,32,"{""weights"": {""sovTrend"": 0.3, ""publishRate"": 0.15, ""actionCompletion"": 0.2, ""socialEngagement"": 0.1, ""competitorFreshness"": 0.25}, ""sovTrend"": 0, ""publishRate"": 0, ""actionCompletion"": 50, ""socialEngagement"": 0, ""competitorFreshness"": 87}",b2b,,2026-07-12 22:58:33.383396
2bd305b2-3afe-40cc-9a58-b6e5420d313b,synozur.com,bc7e3c6b-277f-4220-81d8-2bc62426ad25,2026-06-29,32,"{""weights"": {""sovTrend"": 0.3, ""publishRate"": 0.15, ""actionCompletion"": 0.2, ""socialEngagement"": 0.1, ""competitorFreshness"": 0.25}, ""sovTrend"": 0, ""publishRate"": 0, ""actionCompletion"": 50, ""socialEngagement"": 0, ""competitorFreshness"": 87}",b2b,,2026-07-12 22:58:43.084646
fc9ca2df-f108-4412-ba2a-6937bcfbf39a,synozur.com,5428db01-79b3-4487-a2b2-0e63327f2510,2026-06-29,22,"{""weights"": {""sovTrend"": 0.3, ""publishRate"": 0.15, ""actionCompletion"": 0.2, ""socialEngagement"": 0.1, ""competitorFreshness"": 0.25}, ""sovTrend"": 0, ""publishRate"": 0, ""actionCompletion"": 0, ""socialEngagement"": 0, ""competitorFreshness"": 87}",b2b,,2026-07-12 22:58:58.686735
b565b059-0ae2-439d-a6b6-5b5ad5abb25d,synozur.com,0a0caa0c-74f1-41e0-ae37-a070ed194772,2026-06-29,22,"{""weights"": {""sovTrend"": 0.3, ""publishRate"": 0.15, ""actionCompletion"": 0.2, ""socialEngagement"": 0.1, ""competitorFreshness"": 0.25}, ""sovTrend"": 0, ""publishRate"": 0, ""actionCompletion"": 0, ""socialEngagement"": 0, ""competitorFreshness"": 87}",b2b,,2026-07-12 22:59:16.985207
f7e3dc85-1249-444b-b07a-8b219b81b368,synozur.com,dfad5af1-e6da-4d26-a1d1-6faab3115447,2026-06-29,32,"{""weights"": {""sovTrend"": 0.3, ""publishRate"": 0.15, ""actionCompletion"": 0.2, ""socialEngagement"": 0.1, ""competitorFreshness"": 0.25}, ""sovTrend"": 0, ""publishRate"": 0, ""actionCompletion"": 50, ""socialEngagement"": 0, ""competitorFreshness"": 87}",b2b,,2026-07-12 22:59:28.182824
3a8310a7-94e9-4aeb-9bca-7908e8beb7c2,synozur.com,cbb5fabd-c82b-4d50-bd34-2a0d79398622,2026-06-29,32,"{""weights"": {""sovTrend"": 0.3, ""publishRate"": 0.15, ""actionCompletion"": 0.2, ""socialEngagement"": 0.1, ""competitorFreshness"": 0.25}, ""sovTrend"": 0, ""publishRate"": 0, ""actionCompletion"": 50, ""socialEngagement"": 0, ""competitorFreshness"": 87}",b2b,,2026-07-12 22:59:46.382788
06da4c32-31e2-4ac7-b41d-6b2e4fd0803c,synozur.com,,2026-06-29,62,"{""weights"": {""sovTrend"": 0.3, ""publishRate"": 0.15, ""actionCompletion"": 0.2, ""socialEngagement"": 0.1, ""competitorFreshness"": 0.25}, ""sovTrend"": 100, ""publishRate"": 0, ""actionCompletion"": 50, ""socialEngagement"": 0, ""competitorFreshness"": 87}",b2b,,2026-07-12 23:00:06.599814
f2df8dc6-8ffd-47f3-9191-07a3c46e7d28,synozur.com,5d149a37-4d48-4ada-994a-eff6cc41c995,2026-06-29,32,"{""weights"": {""sovTrend"": 0.3, ""publishRate"": 0.15, ""actionCompletion"": 0.2, ""socialEngagement"": 0.1, ""competitorFreshness"": 0.25}, ""sovTrend"": 0, ""publishRate"": 0, ""actionCompletion"": 50, ""socialEngagement"": 0, ""competitorFreshness"": 87}",b2b,,2026-07-12 23:00:06.944595
a4942f9f-2d09-4216-bec5-f22d801d8944,protiviti.com,,2026-06-29,35,"{""weights"": {""sovTrend"": 0.3, ""publishRate"": 0.15, ""actionCompletion"": 0.2, ""socialEngagement"": 0.1, ""competitorFreshness"": 0.25}, ""sovTrend"": 0, ""publishRate"": 0, ""actionCompletion"": 50, ""socialEngagement"": 0, ""competitorFreshness"": 100}",b2b,,2026-07-12 22:57:04.683943
817546af-9c3b-4ada-a584-4fb47ac70b5e,synozur.com,df16877c-1384-407b-be3d-69e8a3442178,2026-07-06,2,"{""weights"": {""sovTrend"": 0.3, ""publishRate"": 0.15, ""actionCompletion"": 0.2, ""socialEngagement"": 0.1, ""competitorFreshness"": 0.25}, ""sovTrend"": 0, ""publishRate"": 0, ""actionCompletion"": 0, ""socialEngagement"": 0, ""competitorFreshness"": 6}",b2b,,2026-07-18 00:10:26.068318
94c677b8-3cdc-40c7-8c73-e214e88fdff7,synozur.com,ea07a669-2e2b-4dbc-84fd-42f0009d0955,2026-07-06,1,"{""weights"": {""sovTrend"": 0.25, ""publishRate"": 0.25, ""actionCompletion"": 0.15, ""socialEngagement"": 0.2, ""competitorFreshness"": 0.15}, ""sovTrend"": 0, ""publishRate"": 0, ""actionCompletion"": 0, ""socialEngagement"": 0, ""competitorFreshness"": 6}",b2c,,2026-07-18 00:10:29.569192
c6d31813-278b-4c7e-bbe6-321888f4ba6d,synozur.com,28dc9e03-8a9c-448e-8aa4-7818fa503a82,2026-07-06,12,"{""weights"": {""sovTrend"": 0.3, ""publishRate"": 0.15, ""actionCompletion"": 0.2, ""socialEngagement"": 0.1, ""competitorFreshness"": 0.25}, ""sovTrend"": 0, ""publishRate"": 0, ""actionCompletion"": 50, ""socialEngagement"": 0, ""competitorFreshness"": 6}",b2b,,2026-07-18 00:10:32.522018
7eb98377-91a5-4297-83ec-9758ea8e3d3e,synozur.com,17b318bd-67fa-40b5-858e-77c3db633a56,2026-07-06,8,"{""weights"": {""sovTrend"": 0.25, ""publishRate"": 0.25, ""actionCompletion"": 0.15, ""socialEngagement"": 0.2, ""competitorFreshness"": 0.15}, ""sovTrend"": 0, ""publishRate"": 0, ""actionCompletion"": 50, ""socialEngagement"": 0, ""competitorFreshness"": 6}",b2c,,2026-07-18 00:10:32.864737
32d89c61-634c-4d46-9064-0fbaf39fdad9,synozur.com,0afdd7be-dd94-47e6-89d5-dd3696094e45,2026-07-06,2,"{""weights"": {""sovTrend"": 0.3, ""publishRate"": 0.15, ""actionCompletion"": 0.2, ""socialEngagement"": 0.1, ""competitorFreshness"": 0.25}, ""sovTrend"": 0, ""publishRate"": 0, ""actionCompletion"": 0, ""socialEngagement"": 0, ""competitorFreshness"": 6}",b2b,,2026-07-18 00:10:33.180604
69fdee56-ce82-4d4d-b272-2e20034c0309,synozur.com,a83caa9d-904f-4508-a008-028921e755d2,2026-07-06,2,"{""weights"": {""sovTrend"": 0.3, ""publishRate"": 0.15, ""actionCompletion"": 0.2, ""socialEngagement"": 0.1, ""competitorFreshness"": 0.25}, ""sovTrend"": 0, ""publishRate"": 0, ""actionCompletion"": 0, ""socialEngagement"": 0, ""competitorFreshness"": 6}",b2b,,2026-07-18 00:10:42.16898
7b79a532-131e-4ee8-b3e2-8b27a11a7d0d,synozur.com,b3c49c08-f9c9-483b-8820-acffc29be17a,2026-07-06,1,"{""weights"": {""sovTrend"": 0.25, ""publishRate"": 0.25, ""actionCompletion"": 0.15, ""socialEngagement"": 0.2, ""competitorFreshness"": 0.15}, ""sovTrend"": 0, ""publishRate"": 0, ""actionCompletion"": 0, ""socialEngagement"": 0, ""competitorFreshness"": 6}",b2c,,2026-07-18 00:11:22.469158
c05147c6-a36e-4486-add3-eba3fb01d8b7,synozur.com,7e86ba11-1ba2-4853-a91b-bcd180e0ba0f,2026-07-06,8,"{""weights"": {""sovTrend"": 0.25, ""publishRate"": 0.25, ""actionCompletion"": 0.15, ""socialEngagement"": 0.2, ""competitorFreshness"": 0.15}, ""sovTrend"": 0, ""publishRate"": 0, ""actionCompletion"": 50, ""socialEngagement"": 0, ""competitorFreshness"": 6}",b2c,,2026-07-18 00:12:00.282582
0afe4478-80b8-48d1-b850-f2d672d2d942,synozur.com,872dde94-3e6c-4115-acdc-2c79b3276138,2026-07-06,2,"{""weights"": {""sovTrend"": 0.3, ""publishRate"": 0.15, ""actionCompletion"": 0.2, ""socialEngagement"": 0.1, ""competitorFreshness"": 0.25}, ""sovTrend"": 0, ""publishRate"": 0, ""actionCompletion"": 0, ""socialEngagement"": 0, ""competitorFreshness"": 6}",b2b,,2026-07-18 00:12:07.569482
413732da-69c9-47c2-b2d8-9a7c9d13ae6f,synozur.com,723cb0a7-893c-4f36-b867-d6a207f2bfde,2026-07-06,8,"{""weights"": {""sovTrend"": 0.25, ""publishRate"": 0.25, ""actionCompletion"": 0.15, ""socialEngagement"": 0.2, ""competitorFreshness"": 0.15}, ""sovTrend"": 0, ""publishRate"": 0, ""actionCompletion"": 50, ""socialEngagement"": 0, ""competitorFreshness"": 4}",b2c,,2026-07-18 00:12:16.968784
c398f456-56ac-4d82-a8c0-be9cb93cabcf,reveillesoftware.com,cf966795-4a02-410b-ac2b-00d57aca1127,2026-06-15,38,"{""weights"": {""sovTrend"": 0.3, ""publishRate"": 0.15, ""actionCompletion"": 0.2, ""socialEngagement"": 0.1, ""competitorFreshness"": 0.25}, ""sovTrend"": 0, ""publishRate"": 0, ""actionCompletion"": 50, ""socialEngagement"": 33, ""competitorFreshness"": 100}",b2b,,2026-06-28 21:45:09.886816
08535835-8d03-4ed4-a4e7-5eb73f7283bd,go-planet.com,,2026-06-15,39,"{""weights"": {""sovTrend"": 0.3, ""publishRate"": 0.15, ""actionCompletion"": 0.2, ""socialEngagement"": 0.1, ""competitorFreshness"": 0.25}, ""sovTrend"": 0, ""publishRate"": 0, ""actionCompletion"": 50, ""socialEngagement"": 37, ""competitorFreshness"": 100}",b2b,,2026-06-28 21:46:15.841298
dd0c9253-7189-4efb-bad4-a8b15fd1c5ee,synozur.com,dfad5af1-e6da-4d26-a1d1-6faab3115447,2026-06-15,32,"{""weights"": {""sovTrend"": 0.3, ""publishRate"": 0.15, ""actionCompletion"": 0.2, ""socialEngagement"": 0.1, ""competitorFreshness"": 0.25}, ""sovTrend"": 0, ""publishRate"": 0, ""actionCompletion"": 50, ""socialEngagement"": 0, ""competitorFreshness"": 88}",b2b,,2026-06-28 21:52:37.562365
9acf79c3-41a9-4542-a788-daa2aa985f8e,synozur.com,a8e7cd06-ed45-41ec-b4a1-1c8a55a17a97,2026-06-15,32,"{""weights"": {""sovTrend"": 0.3, ""publishRate"": 0.15, ""actionCompletion"": 0.2, ""socialEngagement"": 0.1, ""competitorFreshness"": 0.25}, ""sovTrend"": 0, ""publishRate"": 0, ""actionCompletion"": 50, ""socialEngagement"": 0, ""competitorFreshness"": 88}",b2b,,2026-06-28 21:52:37.94833
2ae62fe3-cd88-4610-bd81-febcc8f78a4f,synozur.com,cbb5fabd-c82b-4d50-bd34-2a0d79398622,2026-06-15,32,"{""weights"": {""sovTrend"": 0.3, ""publishRate"": 0.15, ""actionCompletion"": 0.2, ""socialEngagement"": 0.1, ""competitorFreshness"": 0.25}, ""sovTrend"": 0, ""publishRate"": 0, ""actionCompletion"": 50, ""socialEngagement"": 0, ""competitorFreshness"": 88}",b2b,,2026-06-28 21:52:38.280611
9ab7da1b-7ba2-4bbc-a054-1343d11bad71,synozur.com,9a53d812-6ca7-4dae-bc95-9fc975dadab5,2026-06-29,32,"{""weights"": {""sovTrend"": 0.3, ""publishRate"": 0.15, ""actionCompletion"": 0.2, ""socialEngagement"": 0.1, ""competitorFreshness"": 0.25}, ""sovTrend"": 0, ""publishRate"": 0, ""actionCompletion"": 50, ""socialEngagement"": 0, ""competitorFreshness"": 87}",b2b,,2026-07-12 23:00:26.883039
34dff00b-5a44-4c97-931c-0fb44146dd95,synozur.com,0ac8db60-16c4-4665-a8f3-e4655a5a29b5,2026-06-29,52,"{""weights"": {""sovTrend"": 0.3, ""publishRate"": 0.15, ""actionCompletion"": 0.2, ""socialEngagement"": 0.1, ""competitorFreshness"": 0.25}, ""sovTrend"": 100, ""publishRate"": 0, ""actionCompletion"": 0, ""socialEngagement"": 0, ""competitorFreshness"": 87}",b2b,,2026-07-12 23:01:34.283371
2f46e0b6-da6e-4630-83ef-6e075876aad2,synozur.com,188acbd9-121b-4b3f-b21b-37b4e46638e0,2026-06-29,22,"{""weights"": {""sovTrend"": 0.3, ""publishRate"": 0.15, ""actionCompletion"": 0.2, ""socialEngagement"": 0.1, ""competitorFreshness"": 0.25}, ""sovTrend"": 0, ""publishRate"": 0, ""actionCompletion"": 0, ""socialEngagement"": 0, ""competitorFreshness"": 87}",b2b,,2026-07-12 23:01:58.785396
524ebf1e-9068-4a86-895d-4477e9afebd8,synozur.com,ca220481-8e38-44ac-8bec-b77fce1155d9,2026-06-29,32,"{""weights"": {""sovTrend"": 0.3, ""publishRate"": 0.15, ""actionCompletion"": 0.2, ""socialEngagement"": 0.1, ""competitorFreshness"": 0.25}, ""sovTrend"": 0, ""publishRate"": 0, ""actionCompletion"": 50, ""socialEngagement"": 0, ""competitorFreshness"": 87}",b2b,,2026-07-12 23:02:08.385367
b20659e0-d2a3-42f7-9cee-1dd92e810253,synozur.com,0ef94ec0-4a79-4bf6-8bf8-7009864131e5,2026-06-29,22,"{""weights"": {""sovTrend"": 0.3, ""publishRate"": 0.15, ""actionCompletion"": 0.2, ""socialEngagement"": 0.1, ""competitorFreshness"": 0.25}, ""sovTrend"": 0, ""publishRate"": 0, ""actionCompletion"": 0, ""socialEngagement"": 0, ""competitorFreshness"": 87}",b2b,,2026-07-12 23:02:15.385035
4b9f97f9-8ad0-49ad-b325-ce0697b50a7b,synozur.com,0d26aaa5-4ae5-40d8-a834-e70c84f9d45e,2026-06-29,22,"{""weights"": {""sovTrend"": 0.3, ""publishRate"": 0.15, ""actionCompletion"": 0.2, ""socialEngagement"": 0.1, ""competitorFreshness"": 0.25}, ""sovTrend"": 0, ""publishRate"": 0, ""actionCompletion"": 0, ""socialEngagement"": 0, ""competitorFreshness"": 87}",b2b,,2026-07-12 23:02:26.482898
66a678eb-45b5-4059-ab32-e57567897f47,synozur.com,60965484-0510-4fee-b01a-fb6bb2422b80,2026-06-29,32,"{""weights"": {""sovTrend"": 0.3, ""publishRate"": 0.15, ""actionCompletion"": 0.2, ""socialEngagement"": 0.1, ""competitorFreshness"": 0.25}, ""sovTrend"": 0, ""publishRate"": 0, ""actionCompletion"": 50, ""socialEngagement"": 0, ""competitorFreshness"": 87}",b2b,,2026-07-12 23:02:34.684998
b02eb9b0-d8d7-412e-b112-ce6a24ab3f1f,synozur.com,9705950c-adda-40e3-8f88-7704fdff4d50,2026-06-29,32,"{""weights"": {""sovTrend"": 0.3, ""publishRate"": 0.15, ""actionCompletion"": 0.2, ""socialEngagement"": 0.1, ""competitorFreshness"": 0.25}, ""sovTrend"": 0, ""publishRate"": 0, ""actionCompletion"": 50, ""socialEngagement"": 0, ""competitorFreshness"": 87}",b2b,,2026-07-12 23:02:40.084295
5b371e37-defc-4fd5-9261-726e45dea785,synozur.com,d446066a-1794-478a-b019-63409921304a,2026-06-29,32,"{""weights"": {""sovTrend"": 0.3, ""publishRate"": 0.15, ""actionCompletion"": 0.2, ""socialEngagement"": 0.1, ""competitorFreshness"": 0.25}, ""sovTrend"": 0, ""publishRate"": 0, ""actionCompletion"": 50, ""socialEngagement"": 0, ""competitorFreshness"": 87}",b2b,,2026-07-12 23:02:53.38344
54c591ae-ae2d-499d-966a-e8f8996e009e,synozur.com,fd07e8e6-04ec-4d59-bd3d-04ed0e567c12,2026-06-29,32,"{""weights"": {""sovTrend"": 0.3, ""publishRate"": 0.15, ""actionCompletion"": 0.2, ""socialEngagement"": 0.1, ""competitorFreshness"": 0.25}, ""sovTrend"": 0, ""publishRate"": 0, ""actionCompletion"": 50, ""socialEngagement"": 0, ""competitorFreshness"": 87}",b2b,,2026-07-12 23:03:01.485404
a8e1d774-2ccd-40ce-9942-18394c1b610d,synozur.com,6496aaa4-2ddf-4cad-a993-29582e8590b1,2026-06-29,32,"{""weights"": {""sovTrend"": 0.3, ""publishRate"": 0.15, ""actionCompletion"": 0.2, ""socialEngagement"": 0.1, ""competitorFreshness"": 0.25}, ""sovTrend"": 0, ""publishRate"": 0, ""actionCompletion"": 50, ""socialEngagement"": 0, ""competitorFreshness"": 87}",b2b,,2026-07-12 23:03:08.58609
ed3bcf0b-908c-48f8-b048-c0317f20460d,synozur.com,e60427a8-7765-4e8a-a031-3324c883931f,2026-06-29,32,"{""weights"": {""sovTrend"": 0.3, ""publishRate"": 0.15, ""actionCompletion"": 0.2, ""socialEngagement"": 0.1, ""competitorFreshness"": 0.25}, ""sovTrend"": 0, ""publishRate"": 0, ""actionCompletion"": 50, ""socialEngagement"": 0, ""competitorFreshness"": 87}",b2b,,2026-07-12 23:03:16.583943
82cb47b4-a7a7-4755-adeb-9ba6a445871d,synozur.com,6f5ed80d-e3b4-4d0e-8c71-6c622c224de8,2026-06-29,32,"{""weights"": {""sovTrend"": 0.3, ""publishRate"": 0.15, ""actionCompletion"": 0.2, ""socialEngagement"": 0.1, ""competitorFreshness"": 0.25}, ""sovTrend"": 0, ""publishRate"": 0, ""actionCompletion"": 50, ""socialEngagement"": 0, ""competitorFreshness"": 87}",b2b,,2026-07-12 23:03:28.883148
27c7ecd8-caaf-4f81-9312-6945fcc46491,synozur.com,b085c33e-6301-4882-a3fd-5010c4e45238,2026-06-29,32,"{""weights"": {""sovTrend"": 0.3, ""publishRate"": 0.15, ""actionCompletion"": 0.2, ""socialEngagement"": 0.1, ""competitorFreshness"": 0.25}, ""sovTrend"": 0, ""publishRate"": 0, ""actionCompletion"": 50, ""socialEngagement"": 0, ""competitorFreshness"": 87}",b2b,,2026-07-12 23:03:37.783569
ef6b57c4-52f2-43d3-8a43-790dc246ae6d,synozur.com,9f8f5946-4dd7-418b-b200-ff258a569bf2,2026-06-29,32,"{""weights"": {""sovTrend"": 0.3, ""publishRate"": 0.15, ""actionCompletion"": 0.2, ""socialEngagement"": 0.1, ""competitorFreshness"": 0.25}, ""sovTrend"": 0, ""publishRate"": 0, ""actionCompletion"": 50, ""socialEngagement"": 0, ""competitorFreshness"": 87}",b2b,,2026-07-12 23:03:48.583323
23342733-a3c4-4985-b36a-b02f9de206ef,synozur.com,298c26bd-3400-4ac4-8001-eb38f4f163ed,2026-06-29,32,"{""weights"": {""sovTrend"": 0.3, ""publishRate"": 0.15, ""actionCompletion"": 0.2, ""socialEngagement"": 0.1, ""competitorFreshness"": 0.25}, ""sovTrend"": 0, ""publishRate"": 0, ""actionCompletion"": 50, ""socialEngagement"": 0, ""competitorFreshness"": 87}",b2b,,2026-07-12 23:03:57.98466
bbb5f451-5ec9-4ea6-ab84-d31133c0b2f1,synozur.com,0dad59af-ea3b-4cb2-bf04-f365c7a69114,2026-06-29,32,"{""weights"": {""sovTrend"": 0.3, ""publishRate"": 0.15, ""actionCompletion"": 0.2, ""socialEngagement"": 0.1, ""competitorFreshness"": 0.25}, ""sovTrend"": 0, ""publishRate"": 0, ""actionCompletion"": 50, ""socialEngagement"": 0, ""competitorFreshness"": 87}",b2b,,2026-07-12 23:04:08.282993
20498d9c-2836-4f50-81c8-e1bb3a23f209,synozur.com,93e60ca4-1f9d-456d-af6d-82d8af0566d1,2026-06-29,32,"{""weights"": {""sovTrend"": 0.3, ""publishRate"": 0.15, ""actionCompletion"": 0.2, ""socialEngagement"": 0.1, ""competitorFreshness"": 0.25}, ""sovTrend"": 0, ""publishRate"": 0, ""actionCompletion"": 50, ""socialEngagement"": 0, ""competitorFreshness"": 87}",b2b,,2026-07-12 23:04:14.984798
5c6d9443-41c4-4fd0-836c-e669cb1b4061,synozur.com,7f49f485-e251-4e51-8114-cce62e5ce6a9,2026-07-06,31,"{""weights"": {""sovTrend"": 0.3, ""publishRate"": 0.15, ""actionCompletion"": 0.2, ""socialEngagement"": 0.1, ""competitorFreshness"": 0.25}, ""sovTrend"": 100, ""publishRate"": 0, ""actionCompletion"": 0, ""socialEngagement"": 0, ""competitorFreshness"": 4}",b2b,,2026-07-18 00:12:23.26979
54ad26cb-ca9c-45ec-9c70-e116edc0a43b,synozur.com,df16877c-1384-407b-be3d-69e8a3442178,2026-06-29,22,"{""weights"": {""sovTrend"": 0.3, ""publishRate"": 0.15, ""actionCompletion"": 0.2, ""socialEngagement"": 0.1, ""competitorFreshness"": 0.25}, ""sovTrend"": 0, ""publishRate"": 0, ""actionCompletion"": 0, ""socialEngagement"": 0, ""competitorFreshness"": 87}",b2b,,2026-07-12 23:04:22.582618
c5e646f0-07e7-4c02-8875-d5bd72f62a6e,synozur.com,ea07a669-2e2b-4dbc-84fd-42f0009d0955,2026-06-29,38,"{""weights"": {""sovTrend"": 0.25, ""publishRate"": 0.25, ""actionCompletion"": 0.15, ""socialEngagement"": 0.2, ""competitorFreshness"": 0.15}, ""sovTrend"": 100, ""publishRate"": 0, ""actionCompletion"": 0, ""socialEngagement"": 0, ""competitorFreshness"": 87}",b2c,,2026-07-12 23:04:29.883386
ee03a115-f066-4f20-9683-36a9332b491b,synozur.com,28dc9e03-8a9c-448e-8aa4-7818fa503a82,2026-06-29,32,"{""weights"": {""sovTrend"": 0.3, ""publishRate"": 0.15, ""actionCompletion"": 0.2, ""socialEngagement"": 0.1, ""competitorFreshness"": 0.25}, ""sovTrend"": 0, ""publishRate"": 0, ""actionCompletion"": 50, ""socialEngagement"": 0, ""competitorFreshness"": 87}",b2b,,2026-07-12 23:04:39.58322
c9329e97-9c2e-49dc-83b0-27ad24cb3c41,synozur.com,17b318bd-67fa-40b5-858e-77c3db633a56,2026-06-29,21,"{""weights"": {""sovTrend"": 0.25, ""publishRate"": 0.25, ""actionCompletion"": 0.15, ""socialEngagement"": 0.2, ""competitorFreshness"": 0.15}, ""sovTrend"": 0, ""publishRate"": 0, ""actionCompletion"": 50, ""socialEngagement"": 0, ""competitorFreshness"": 87}",b2c,,2026-07-12 23:04:48.883119
3e5fb068-c623-43df-8955-0b62e7d6ab33,synozur.com,0afdd7be-dd94-47e6-89d5-dd3696094e45,2026-06-29,22,"{""weights"": {""sovTrend"": 0.3, ""publishRate"": 0.15, ""actionCompletion"": 0.2, ""socialEngagement"": 0.1, ""competitorFreshness"": 0.25}, ""sovTrend"": 0, ""publishRate"": 0, ""actionCompletion"": 0, ""socialEngagement"": 0, ""competitorFreshness"": 87}",b2b,,2026-07-12 23:04:56.284625
63a71e76-ade9-4767-9e1f-d106a34ccbd0,synozur.com,a83caa9d-904f-4508-a008-028921e755d2,2026-06-29,32,"{""weights"": {""sovTrend"": 0.3, ""publishRate"": 0.15, ""actionCompletion"": 0.2, ""socialEngagement"": 0.1, ""competitorFreshness"": 0.25}, ""sovTrend"": 0, ""publishRate"": 0, ""actionCompletion"": 50, ""socialEngagement"": 0, ""competitorFreshness"": 87}",b2b,,2026-07-12 23:05:05.682919
ae960807-628b-4968-9300-ac055820cd1b,synozur.com,b3c49c08-f9c9-483b-8820-acffc29be17a,2026-06-29,13,"{""weights"": {""sovTrend"": 0.25, ""publishRate"": 0.25, ""actionCompletion"": 0.15, ""socialEngagement"": 0.2, ""competitorFreshness"": 0.15}, ""sovTrend"": 0, ""publishRate"": 0, ""actionCompletion"": 0, ""socialEngagement"": 0, ""competitorFreshness"": 87}",b2c,,2026-07-12 23:05:10.91547
5420c9b6-f60f-425c-92b5-890e5fcb5a79,synozur.com,7e86ba11-1ba2-4853-a91b-bcd180e0ba0f,2026-06-29,21,"{""weights"": {""sovTrend"": 0.25, ""publishRate"": 0.25, ""actionCompletion"": 0.15, ""socialEngagement"": 0.2, ""competitorFreshness"": 0.15}, ""sovTrend"": 0, ""publishRate"": 0, ""actionCompletion"": 50, ""socialEngagement"": 0, ""competitorFreshness"": 87}",b2c,,2026-07-12 23:05:11.220773
465f4ea7-fbe9-466b-ae14-564a292a62d9,synozur.com,872dde94-3e6c-4115-acdc-2c79b3276138,2026-06-29,22,"{""weights"": {""sovTrend"": 0.3, ""publishRate"": 0.15, ""actionCompletion"": 0.2, ""socialEngagement"": 0.1, ""competitorFreshness"": 0.25}, ""sovTrend"": 0, ""publishRate"": 0, ""actionCompletion"": 0, ""socialEngagement"": 0, ""competitorFreshness"": 87}",b2b,,2026-07-12 23:05:18.684324
3e4d038b-bda1-4b47-81e5-fe5124a7215d,synozur.com,723cb0a7-893c-4f36-b867-d6a207f2bfde,2026-06-29,21,"{""weights"": {""sovTrend"": 0.25, ""publishRate"": 0.25, ""actionCompletion"": 0.15, ""socialEngagement"": 0.2, ""competitorFreshness"": 0.15}, ""sovTrend"": 0, ""publishRate"": 0, ""actionCompletion"": 50, ""socialEngagement"": 0, ""competitorFreshness"": 87}",b2c,,2026-07-12 23:05:25.975483
30d36155-4a38-48e6-a549-2627e4f21c1c,synozur.com,7f49f485-e251-4e51-8114-cce62e5ce6a9,2026-06-29,62,"{""weights"": {""sovTrend"": 0.3, ""publishRate"": 0.15, ""actionCompletion"": 0.2, ""socialEngagement"": 0.1, ""competitorFreshness"": 0.25}, ""sovTrend"": 100, ""publishRate"": 0, ""actionCompletion"": 50, ""socialEngagement"": 0, ""competitorFreshness"": 87}",b2b,,2026-07-12 23:05:30.08397
57f62188-3e04-4c8a-b31e-6ef45d3ab4c5,synozur.com,1e288019-256e-4322-9781-1034bd47331c,2026-06-29,22,"{""weights"": {""sovTrend"": 0.3, ""publishRate"": 0.15, ""actionCompletion"": 0.2, ""socialEngagement"": 0.1, ""competitorFreshness"": 0.25}, ""sovTrend"": 0, ""publishRate"": 0, ""actionCompletion"": 0, ""socialEngagement"": 0, ""competitorFreshness"": 87}",b2b,,2026-07-12 23:05:40.583804
64ccfaff-1ae0-4eb8-a6b6-e609007db247,synozur.com,9a69511b-78e8-4ac0-b74a-3892578b764b,2026-06-29,13,"{""weights"": {""sovTrend"": 0.25, ""publishRate"": 0.25, ""actionCompletion"": 0.15, ""socialEngagement"": 0.2, ""competitorFreshness"": 0.15}, ""sovTrend"": 0, ""publishRate"": 0, ""actionCompletion"": 0, ""socialEngagement"": 0, ""competitorFreshness"": 87}",b2c,,2026-07-12 23:05:52.783399
5fb21c1a-304f-4dbb-9a74-d579a49dbef7,synozur.com,84a7b88d-e662-47ef-9a1a-fbc2d1046b49,2026-06-29,22,"{""weights"": {""sovTrend"": 0.3, ""publishRate"": 0.15, ""actionCompletion"": 0.2, ""socialEngagement"": 0.1, ""competitorFreshness"": 0.25}, ""sovTrend"": 0, ""publishRate"": 0, ""actionCompletion"": 0, ""socialEngagement"": 0, ""competitorFreshness"": 87}",b2b,,2026-07-12 23:06:04.282647
63e3ac89-b3fd-48af-a6ef-acb7abf6f8c5,synozur.com,d8017313-db5e-4e57-910c-95b19f5f9b19,2026-06-29,13,"{""weights"": {""sovTrend"": 0.25, ""publishRate"": 0.25, ""actionCompletion"": 0.15, ""socialEngagement"": 0.2, ""competitorFreshness"": 0.15}, ""sovTrend"": 0, ""publishRate"": 0, ""actionCompletion"": 0, ""socialEngagement"": 0, ""competitorFreshness"": 87}",b2c,,2026-07-12 23:06:11.184004
aca05c8f-e6e1-47ef-a69f-7e1df0540469,synozur.com,f0bcbd9a-e68c-4dfc-87d8-d0adc9660f51,2026-06-29,22,"{""weights"": {""sovTrend"": 0.3, ""publishRate"": 0.15, ""actionCompletion"": 0.2, ""socialEngagement"": 0.1, ""competitorFreshness"": 0.25}, ""sovTrend"": 0, ""publishRate"": 0, ""actionCompletion"": 0, ""socialEngagement"": 0, ""competitorFreshness"": 87}",b2b,,2026-07-12 23:06:20.082519
32055d88-4e05-4019-b8ac-ea554f7afa70,synozur.com,21967b75-d76d-4c89-91f5-59b4a9a3d089,2026-06-29,21,"{""weights"": {""sovTrend"": 0.25, ""publishRate"": 0.25, ""actionCompletion"": 0.15, ""socialEngagement"": 0.2, ""competitorFreshness"": 0.15}, ""sovTrend"": 0, ""publishRate"": 0, ""actionCompletion"": 50, ""socialEngagement"": 0, ""competitorFreshness"": 87}",b2c,,2026-07-12 23:06:27.982856
76146478-d90b-4c3a-b310-e089456367c7,synozur.com,a95efa43-f0a9-4ae4-8488-1fe8bff8b529,2026-06-29,13,"{""weights"": {""sovTrend"": 0.25, ""publishRate"": 0.25, ""actionCompletion"": 0.15, ""socialEngagement"": 0.2, ""competitorFreshness"": 0.15}, ""sovTrend"": 0, ""publishRate"": 0, ""actionCompletion"": 0, ""socialEngagement"": 0, ""competitorFreshness"": 87}",b2c,,2026-07-12 23:06:37.184091
b0fab6a0-fe0f-475f-a2e7-94330db274ea,synozur.com,1d70e3b8-1fc9-4c26-a4ea-194832396b83,2026-06-29,21,"{""weights"": {""sovTrend"": 0.25, ""publishRate"": 0.25, ""actionCompletion"": 0.15, ""socialEngagement"": 0.2, ""competitorFreshness"": 0.15}, ""sovTrend"": 0, ""publishRate"": 0, ""actionCompletion"": 50, ""socialEngagement"": 0, ""competitorFreshness"": 87}",b2c,,2026-07-12 23:06:43.682641
667bd8d2-2a86-4946-bb67-535fa05d2096,synozur.com,a8e7cd06-ed45-41ec-b4a1-1c8a55a17a97,2026-06-29,32,"{""weights"": {""sovTrend"": 0.3, ""publishRate"": 0.15, ""actionCompletion"": 0.2, ""socialEngagement"": 0.1, ""competitorFreshness"": 0.25}, ""sovTrend"": 0, ""publishRate"": 0, ""actionCompletion"": 50, ""socialEngagement"": 0, ""competitorFreshness"": 87}",b2b,,2026-07-12 23:06:53.784616
9ec4e95c-3cd4-4f0c-8bac-7c60cbfe0008,synozur.com,2e7dced4-517d-4271-99d6-dffdeff64c66,2026-06-29,21,"{""weights"": {""sovTrend"": 0.25, ""publishRate"": 0.25, ""actionCompletion"": 0.15, ""socialEngagement"": 0.2, ""competitorFreshness"": 0.15}, ""sovTrend"": 0, ""publishRate"": 0, ""actionCompletion"": 50, ""socialEngagement"": 0, ""competitorFreshness"": 87}",b2c,,2026-07-12 23:07:01.382762
76ae4c17-2c16-4753-b306-c584999109ce,synozur.com,7856ea44-c556-4a25-a43e-9c6bb238e648,2026-06-29,22,"{""weights"": {""sovTrend"": 0.3, ""publishRate"": 0.15, ""actionCompletion"": 0.2, ""socialEngagement"": 0.1, ""competitorFreshness"": 0.25}, ""sovTrend"": 0, ""publishRate"": 0, ""actionCompletion"": 0, ""socialEngagement"": 0, ""competitorFreshness"": 87}",b2b,,2026-07-12 23:07:09.383775
3de8450d-549a-41df-a785-6d3e61c6d560,synozur.com,1e288019-256e-4322-9781-1034bd47331c,2026-07-06,1,"{""weights"": {""sovTrend"": 0.3, ""publishRate"": 0.15, ""actionCompletion"": 0.2, ""socialEngagement"": 0.1, ""competitorFreshness"": 0.25}, ""sovTrend"": 0, ""publishRate"": 0, ""actionCompletion"": 0, ""socialEngagement"": 0, ""competitorFreshness"": 4}",b2b,,2026-07-18 00:12:44.469293
f51063b5-563f-4866-8ab0-2c4b7ea4d603,synozur.com,9a69511b-78e8-4ac0-b74a-3892578b764b,2026-07-06,1,"{""weights"": {""sovTrend"": 0.25, ""publishRate"": 0.25, ""actionCompletion"": 0.15, ""socialEngagement"": 0.2, ""competitorFreshness"": 0.15}, ""sovTrend"": 0, ""publishRate"": 0, ""actionCompletion"": 0, ""socialEngagement"": 0, ""competitorFreshness"": 4}",b2c,,2026-07-18 00:13:12.268544
fc24961c-80da-4e45-abcd-ba0a1cf98110,synozur.com,84a7b88d-e662-47ef-9a1a-fbc2d1046b49,2026-07-06,11,"{""weights"": {""sovTrend"": 0.3, ""publishRate"": 0.15, ""actionCompletion"": 0.2, ""socialEngagement"": 0.1, ""competitorFreshness"": 0.25}, ""sovTrend"": 0, ""publishRate"": 0, ""actionCompletion"": 50, ""socialEngagement"": 0, ""competitorFreshness"": 4}",b2b,,2026-07-18 00:13:35.268336
ea70368c-8ba7-423c-b365-cb7ce29bd8c0,synozur.com,d8017313-db5e-4e57-910c-95b19f5f9b19,2026-07-06,1,"{""weights"": {""sovTrend"": 0.25, ""publishRate"": 0.25, ""actionCompletion"": 0.15, ""socialEngagement"": 0.2, ""competitorFreshness"": 0.15}, ""sovTrend"": 0, ""publishRate"": 0, ""actionCompletion"": 0, ""socialEngagement"": 0, ""competitorFreshness"": 4}",b2c,,2026-07-18 00:13:57.268735
d7f3ab7f-a48f-41d7-a3d4-01367dc6a545,synozur.com,f0bcbd9a-e68c-4dfc-87d8-d0adc9660f51,2026-07-06,1,"{""weights"": {""sovTrend"": 0.3, ""publishRate"": 0.15, ""actionCompletion"": 0.2, ""socialEngagement"": 0.1, ""competitorFreshness"": 0.25}, ""sovTrend"": 0, ""publishRate"": 0, ""actionCompletion"": 0, ""socialEngagement"": 0, ""competitorFreshness"": 4}",b2b,,2026-07-18 00:14:19.068895
8feb0022-c709-4b3f-ad60-2e024626e7ca,synozur.com,21967b75-d76d-4c89-91f5-59b4a9a3d089,2026-07-06,8,"{""weights"": {""sovTrend"": 0.25, ""publishRate"": 0.25, ""actionCompletion"": 0.15, ""socialEngagement"": 0.2, ""competitorFreshness"": 0.15}, ""sovTrend"": 0, ""publishRate"": 0, ""actionCompletion"": 50, ""socialEngagement"": 0, ""competitorFreshness"": 4}",b2c,,2026-07-18 00:14:38.749193
e7d10ad5-5cfb-4dbe-94d4-7366ab02a325,synozur.com,a95efa43-f0a9-4ae4-8488-1fe8bff8b529,2026-07-06,8,"{""weights"": {""sovTrend"": 0.25, ""publishRate"": 0.25, ""actionCompletion"": 0.15, ""socialEngagement"": 0.2, ""competitorFreshness"": 0.15}, ""sovTrend"": 0, ""publishRate"": 0, ""actionCompletion"": 50, ""socialEngagement"": 0, ""competitorFreshness"": 4}",b2c,,2026-07-18 00:14:39.053848
81fccfa2-a121-425a-b195-802dcd5e3868,synozur.com,1d70e3b8-1fc9-4c26-a4ea-194832396b83,2026-07-06,8,"{""weights"": {""sovTrend"": 0.25, ""publishRate"": 0.25, ""actionCompletion"": 0.15, ""socialEngagement"": 0.2, ""competitorFreshness"": 0.15}, ""sovTrend"": 0, ""publishRate"": 0, ""actionCompletion"": 50, ""socialEngagement"": 0, ""competitorFreshness"": 4}",b2c,,2026-07-18 00:14:39.323144
f989bc56-1d37-46e0-9a36-5d174b900d56,synozur.com,a8e7cd06-ed45-41ec-b4a1-1c8a55a17a97,2026-07-06,11,"{""weights"": {""sovTrend"": 0.3, ""publishRate"": 0.15, ""actionCompletion"": 0.2, ""socialEngagement"": 0.1, ""competitorFreshness"": 0.25}, ""sovTrend"": 0, ""publishRate"": 0, ""actionCompletion"": 50, ""socialEngagement"": 0, ""competitorFreshness"": 4}",b2b,,2026-07-18 00:14:39.585431
24ba0513-7022-4aec-8abc-a5e3903093df,synozur.com,2e7dced4-517d-4271-99d6-dffdeff64c66,2026-07-06,8,"{""weights"": {""sovTrend"": 0.25, ""publishRate"": 0.25, ""actionCompletion"": 0.15, ""socialEngagement"": 0.2, ""competitorFreshness"": 0.15}, ""sovTrend"": 0, ""publishRate"": 0, ""actionCompletion"": 50, ""socialEngagement"": 0, ""competitorFreshness"": 4}",b2c,,2026-07-18 00:14:39.847069
4f24bb4e-baa3-40d1-859f-0df7d814078c,synozur.com,7856ea44-c556-4a25-a43e-9c6bb238e648,2026-07-06,1,"{""weights"": {""sovTrend"": 0.3, ""publishRate"": 0.15, ""actionCompletion"": 0.2, ""socialEngagement"": 0.1, ""competitorFreshness"": 0.25}, ""sovTrend"": 0, ""publishRate"": 0, ""actionCompletion"": 0, ""socialEngagement"": 0, ""competitorFreshness"": 4}",b2b,,2026-07-18 00:14:40.114369
