id,tenant_domain,market_id,name,role,industry,company_size,pain_points,goals,objections,preferred_channels,notes,is_icp,created_by,created_at,updated_at
49a6b904-8165-464a-913e-7bb0bd212589,synozur.com,137db123-4906-4e61-af99-f0d23d86a622,Post-Merger Enterprise Strategy Leader,Chief Strategy Officer / Head of Enterprise Transformation,Manufacturing,Enterprise 2500+,"{""Post-merger integration efforts stall because leadership teams, operating norms, and execution cadences are misaligned"",""Different business units use disconnected systems, KPIs, and transformation methods, making enterprise coordination difficult"",""Large consultancies provide broad recommendations but often move too slowly and fail to sustain momentum across functions"",""Pressure from the CEO and board to capture synergies quickly requires visible results, especially in cost, productivity, and decision speed"",""Transformation success depends as much on organizational alignment and leadership behavior as on system integration""}","{""Accelerate post-merger integration with a structured, repeatable transformation methodology"",""Create one strategic execution framework across business units, functions, and leadership teams"",""Deliver measurable synergy capture and operational efficiency improvements on a defined timeline"",""Improve visibility into transformation progress, accountability, and decision-making across the enterprise"",""Use AI-enabled tools to maintain alignment between strategic goals and day-to-day execution""}","{""We already work with major consulting and implementation partners, so I need a clear reason to add another firm"",""Your frameworks sound compelling, but I need evidence they outperform traditional consulting approaches"",""Can your team support the complexity of multi-site, cross-functional enterprise transformation?"",""Manufacturing leaders often prefer partners with explicit sector case studies and quantified outcomes""}","{LinkedIn,""Executive workshops"",Email,""Analyst or peer recommendations""}","This persona is critical because manufacturing is a major competitor focus area and post-merger transformation is often underserved by generic technology-first firms. Synozur can stand out with a systematic Company OS methodology, senior-level engagement, and AI-augmented execution visibility through Vega and Orion.",f,116500d0-357e-4ace-a7af-7264ed58e22a,2026-03-26 12:27:39.310765,2026-03-26 12:27:39.310765
086a3910-83ed-4f09-a29f-6e78ac5bce57,reveillesoftware.com,5232feeb-8671-489f-ab07-e9d7310f0a3f,Enterprise ECM Operations Leader,Director of ECM Operations / Content Services Platform Owner,"Financial Services, Insurance, Healthcare, Government",Enterprise 1000+,"{""Limited visibility into the health, performance, and dependencies of ECM platforms such as OpenText, Hyland, and Kofax"",""Business-critical document workflows fail silently or degrade before IT teams can identify root causes"",""High volume of support tickets and manual troubleshooting consumes skilled team capacity"",""Generic observability tools require heavy customization and still miss ECM-specific failure modes"",""Downtime in content and document processing systems disrupts customer service, claims, onboarding, and compliance operations""}","{""Reduce ECM-related downtime and prevent workflow interruptions before they affect users"",""Improve SLA attainment and operational stability across document-intensive business processes"",""Lower ticket volumes through proactive alerting and automation-specific self-healing"",""Gain actionable insight into ECM environment health without building custom monitoring from scratch"",""Demonstrate measurable operational ROI through hours saved, incidents avoided, and better platform performance""}","{""We already have Datadog, Splunk, or another enterprise monitoring platform in place"",""I am concerned this is too niche or overlaps with our existing APM and IT operations stack"",""We need proof that deployment will be fast and not require extensive internal resources"",""I want evidence from similar enterprise customers using our ECM platform""}","{LinkedIn,""Vendor demos"",Webinars,""Peer case studies""}","This is the core operational buyer who directly feels the pain of ECM instability and support overload. They matter because they own system uptime, evaluate purpose-built monitoring tools against generic platforms, and are most likely to champion Reveille based on domain depth, pre-configured templates, and self-healing for ECM workflows.",f,116500d0-357e-4ace-a7af-7264ed58e22a,2026-03-26 12:31:44.528931,2026-03-26 12:31:44.528931
9f9c9ffd-819e-4919-b070-9a47f8eece2a,reveillesoftware.com,5232feeb-8671-489f-ab07-e9d7310f0a3f,Automation Infrastructure Architect,Enterprise Architect / Head of Intelligent Automation / Automation Platform Manager,"Banking, BPO, Manufacturing, Shared Services, Large Enterprises with RPA and IDP programs",Mid-market 500-5000 employees,"{""RPA, IDP, and ECM platforms are monitored in silos, creating blind spots across end-to-end automation workflows"",""Generic APM tools lack native understanding of bot failures, document extraction issues, and automation process bottlenecks"",""Automation programs struggle to scale because operational issues are detected too late and require specialist intervention"",""ITSM teams receive alerts without business-process context, slowing triage and remediation"",""Budget scrutiny is forcing consolidation, but current toolsets are expensive and fragmented""}","{""Create a unified observability layer across ECM, IDP, and RPA environments"",""Improve resilience and reliability of automation programs that support critical business operations"",""Integrate monitoring insights into ITSM, service operations, and BI workflows for faster action"",""Reduce total cost of ownership by replacing custom monitoring work and minimizing reliance on multiple generic tools"",""Build a forward-looking automation operations strategy that supports AI-enabled document processing and workflow monitoring""}","{""We need to know how Reveille fits into our broader observability and ITSM architecture"",""I am skeptical of vague AI claims and want clear automation-specific use cases and outcomes"",""Our team may prefer extending existing monitoring investments rather than adding another platform"",""We need assurance that the solution can support multiple automation platforms and future expansion""}","{""Solution architecture workshops"",""Technical webinars"",LinkedIn,""Industry conferences""}","This persona is strategically important because Reveille is expanding from an ECM monitoring narrative to an automation infrastructure layer. They influence platform standardization, integration decisions, and vendor consolidation efforts, making them highly valuable in competitive deals against Datadog, Splunk, and other broad observability vendors.",f,116500d0-357e-4ace-a7af-7264ed58e22a,2026-03-26 12:31:55.934273,2026-03-26 12:31:55.934273
f5f50dd4-7dc8-4c11-a59f-37ca7e492168,reveillesoftware.com,5232feeb-8671-489f-ab07-e9d7310f0a3f,Business Continuity-Focused Technology Executive,CIO / COO / VP of IT Operations,"Regulated Enterprises in Financial Services, Insurance, Healthcare, Public Sector",Enterprise 1000+,"{""System outages in content and document workflows create major business disruption, customer impact, and revenue leakage"",""Executive teams lack clear visibility into the business risk and cost of ECM and automation platform instability"",""Monitoring investments are under scrutiny, especially when generic tools are costly and difficult to operationalize"",""Mission-critical operations depend on document processing, but issue prevention and response remain too reactive"",""Vendor risk is a concern when evaluating specialized solutions without enough external validation or customer proof""}","{""Protect business continuity for high-volume document and content operations"",""Reduce financial impact of downtime through proactive monitoring and automated remediation"",""Justify technology investments with measurable ROI, cost avoidance, and team productivity gains"",""Simplify the monitoring stack while improving accountability, reporting, and executive visibility"",""Support digital transformation and automation programs with more reliable operational infrastructure""}","{""Why should we add a specialized tool instead of expanding our enterprise monitoring platform"",""I need stronger market proof, customer references, and third-party validation before approving a purchase"",""The business case must show hard ROI, fast time to value, and low deployment risk"",""This may appear tactical unless it clearly supports enterprise resilience and strategic automation goals""}","{""Executive briefings"",""ROI calculators"",""Analyst reports"",""Customer success stories""}","This executive buyer is essential for larger deals because they control budget, prioritize resilience, and sponsor strategic initiatives. Reveille needs this persona to broaden beyond operations-led messaging and win on business continuity, TCO, and automation infrastructure value rather than being perceived as just another monitoring point solution.",f,116500d0-357e-4ace-a7af-7264ed58e22a,2026-03-26 12:32:02.881573,2026-03-26 12:32:02.881573
249c009f-1609-4180-b944-063061cc5900,reveillesoftware.com,5232feeb-8671-489f-ab07-e9d7310f0a3f,Large Enterprise Microsoft 365 Administrator,Microsoft 365 Administrator,"Large regulated or content-intensive enterprises, especially financial services, insurance, healthcare, government, and manufacturing",Enterprise 5000+ employees,"{""Limited visibility from native Microsoft admin tools into content workflows, user behavior, downstream automation, and hybrid environments"",""Reactive incident response driven by user complaints instead of early detection and proactive monitoring"",""High support ticket volumes and prolonged mean time to resolution during outages or service degradation"",""Governance, compliance, and audit pressure across distributed Microsoft 365 and legacy content platforms"",""Growing operational and compliance risk from AI-generated content, Copilot usage, and automated workflows without sufficient observability""}","{""Shift from reactive operations to proactive and predictive service assurance"",""Achieve enterprise-wide visibility across Microsoft 365, content services, and hybrid platforms"",""Improve uptime and end-user experience while reducing operational noise"",""Strengthen ownership, accountability, and role-based governance across environments"",""Generate trusted operational signals for AI initiatives, automation, and executive reporting""}","{""Concern that solutions may offer only generic IT monitoring rather than deep Microsoft 365 and content-specific observability"",""Concern about scalability across regions, tenants, and hybrid architectures in large enterprises"",""Need proof of integration with existing ITSM, security, and analytics toolsets"",""Need confidence in enterprise-grade support, governance, compliance features, and 24x7 service coverage""}","{""Direct enterprise sales engagement"",""Technical product demos and solution workshops"",""Analyst reports, case studies, and enterprise reference materials"",""Microsoft ecosystem, IT operations, and compliance-focused events or webinars""}","This persona is a senior M365 operations owner in a large North American enterprise managing complex, distributed Microsoft 365 and legacy content environments. They are responsible for service availability, governance, and compliance at scale, but struggle with poor native visibility, reactive support models, and rising risks tied to AI and automation. They value deep M365 observability, automated remediation, governance controls, broad integrations, and premium enterprise support.",t,116500d0-357e-4ace-a7af-7264ed58e22a,2026-03-26 12:37:17.262115,2026-03-26 12:37:17.262115
4e7b15eb-ca1d-4b06-9f42-5bc32ce747df,reveillesoftware.com,5232feeb-8671-489f-ab07-e9d7310f0a3f,Mid-Market Microsoft-Centric IT Director/CTO,IT Director or CTO,"Mid-market regional banking, healthcare services, manufacturing, logistics, and professional services","300–1,500 employees","{""Maintaining reliable Microsoft 365 and content systems with a small, resource-constrained IT team"",""Lack of consolidated visibility across Microsoft 365 and related content platforms"",""Manual monitoring and reactive troubleshooting that consume limited staff time"",""Downtime and performance issues that directly disrupt business operations and user productivity"",""Pressure to meet compliance and security needs while proving ROI and avoiding enterprise-level complexity""}","{""Deploy quickly and gain immediate operational visibility"",""Reduce firefighting, manual checks, and support ticket volume"",""Improve uptime and responsiveness with minimal operational overhead"",""Deliver reliable IT services while controlling costs and justifying spend"",""Build a scalable monitoring and observability foundation that can grow with the business""}","{""Concern that deployment or configuration will be too complex for a lean IT team"",""Worry about adding operational overhead or requiring additional headcount"",""Skepticism about ROI unless reduced downtime and ticket volume are clearly measurable"",""Sensitivity to unpredictable pricing or lack of a clear upgrade path as needs grow""}","{""Vendor demos focused on dashboards, alerts, and ease of deployment"",""ROI-focused sales conversations and business case materials"",""Technical product documentation or solution briefs for Microsoft 365 environments"",""Direct outreach or account-based marketing targeted to IT leadership in mid-market firms""}","This persona is a pragmatic mid-market IT leader responsible for keeping Microsoft 365-centric operations running smoothly with limited staff and budget. They value fast time-to-value, simple deployment, operational visibility, and predictable pricing. They are motivated by solutions that reduce manual effort, prevent issues before users notice them, support compliance and security needs, and provide clear ROI without the complexity of enterprise-grade platforms.",f,116500d0-357e-4ace-a7af-7264ed58e22a,2026-03-26 12:38:08.0675,2026-03-26 12:38:08.0675
68f5b428-e38e-4903-823c-88eb9b66c45b,synozur.com,137db123-4906-4e61-af99-f0d23d86a622,Scaling Midmarket CEO,Chief Executive Officer,Midmarket technology or manufacturing,"~500 employees, ~$80M revenue","{""Leadership meetings are unproductive and fail to produce clear decisions or follow-through"",""Strategy execution is ad-hoc and reactive, with no structured operating cadence"",""Growth has outpaced existing startup-era processes, creating operational complexity and management strain"",""Reduced productivity, cost leakage, employee turnover, and missed opportunities caused by weak accountability and poor management practices"",""Rising risk of strategic drift, leadership burnout, and failure to implement key initiatives effectively""}","{""Create a clear strategic direction and organizational North Star"",""Align leadership and the broader company around shared priorities and execution goals"",""Implement accountability, execution rhythms, and scalable management processes"",""Improve leadership effectiveness and decision-making across the executive team"",""Sustain rapid growth efficiently without adding chaos, burnout, or unnecessary headcount""}","{""Concern that a consulting framework may be too generic or not tailored to the company’s culture and needs"",""Worry about the time and disruption required from the CEO and leadership team to implement a new operating system"",""Skepticism about whether workshops and process changes will produce measurable business outcomes"",""Hesitation about bringing in external or fractional executives and how internal leaders will respond""}","{""Executive workshops"",""Leadership team meetings"",""Direct consultative conversations"",""Ongoing advisory sessions with embedded fractional CxO support""}","This persona is a CEO leading a fast-growing midmarket company that has outgrown informal startup operating methods. They are feeling the strain of scale: ineffective meetings, inconsistent execution, leadership gaps, and growing organizational inefficiency. They want a practical, human-centered operating system that creates alignment, accountability, and repeatable execution without imposing a one-size-fits-all model. They are likely receptive to high-touch strategic advisory, collaborative planning, and hands-on executive support that helps turn growth-stage chaos into structured, sustainable performance.",t,116500d0-357e-4ace-a7af-7264ed58e22a,2026-03-26 12:54:34.974624,2026-03-26 12:54:50
37aae7f7-d528-4796-86d4-85563e3fa40b,synozur.com,137db123-4906-4e61-af99-f0d23d86a622,Transformational COO at a Traditional Distribution Firm,Chief Operating Officer,Family-owned distribution company in a traditional industry,201-500 employees,"{""Lack of a unified strategic plan across departments, causing inefficiencies and conflicting priorities"",""Entrenched legacy culture and resistance to change from long-tenured managers"",""No clear performance tracking or goal-setting system beyond basic financial metrics"",""Confusion between strategy and planning, leading to tactical actions without long-term direction"",""Stalled growth, limited innovation, and difficulty adapting to digital disruption and new competitors""}","{""Implement a formal strategy development process and modern management practices"",""Introduce OKRs and a company-wide operating system to improve alignment and execution"",""Break down departmental silos and build leadership consensus around company direction"",""Create a culture of continuous improvement and stronger cross-functional collaboration"",""Transform the business into a strategy-driven, agile organization better able to respond to market change""}","{""Concern that long-time managers and staff will resist new frameworks and change initiatives"",""Skepticism about whether an external partner can influence culture in a family-owned, traditional business"",""Worry that implementing OKRs, planning rituals, and review cadences may create complexity or bureaucracy"",""Need to justify investment by proving strategic transformation will lead to measurable business outcomes""}","{""Leadership workshops"",""Executive strategy sessions"",""Advisory meetings with external consultants"",""Management coaching sessions""}","This persona is a COO hired to modernize a long-established, family-owned distribution business of about 300 employees. They operate in a traditional, siloed organization with weak strategic alignment, limited metrics, and a culture resistant to change. Their mandate is to introduce structure, clarify strategy versus planning, align leadership, and implement management systems such as OKRs and planning cadences. They are likely receptive to hands-on consulting, executive facilitation, and change management support that helps them gain buy-in from entrenched managers and build a more agile, strategy-led company.",f,116500d0-357e-4ace-a7af-7264ed58e22a,2026-03-26 12:56:32.630329,2026-03-26 12:56:32.630329
d84122c2-3532-4f21-b7d3-1960a64795e0,synozur.com,137db123-4906-4e61-af99-f0d23d86a622,Forward-Thinking Midmarket Retail CIO,Chief Information Officer (CIO),Midmarket retail / multi-channel retail,~600 employees,"{""Overwhelmed by AI hype and uncertainty about which use cases will deliver real business value"",""Limited internal AI expertise and a small IT team that cannot independently drive strategy and implementation"",""Unclear whether current data infrastructure and data quality are sufficient for AI initiatives"",""Concerned about privacy, security, governance, and compliance risks tied to AI adoption"",""Facing pressure from business leadership to produce quick results while expectations about AI remain vague or unrealistic""}","{""Build a clear, business-aligned AI strategy and roadmap"",""Launch quick-win AI pilots that demonstrate measurable value within 12-18 months"",""Improve operational efficiency through automation and better forecasting"",""Enhance customer engagement through more personalized and data-driven experiences"",""Implement AI responsibly with strong governance, workforce training, and risk management""}","{""Worry that AI investments could become random experiments or tools that fail to produce ROI"",""Concern that implementation may introduce data privacy, security, or regulatory exposure"",""Skepticism about whether the organization has the internal data maturity and technical readiness for AI"",""Fear that AI projects may disrupt teams or fail without proper employee adoption and training""}","{""Executive strategy workshops with stakeholders"",""Consultative assessments and roadmap sessions"",""Microsoft ecosystem channels and solution discussions"",""Case studies and outcome-focused business reviews""}","This persona is a CIO at a roughly 600-employee multi-channel retail company using Microsoft 365 and Dynamics 365. They have strong executive pressure to adopt AI but need practical guidance to separate hype from realistic opportunities. Their priorities are creating a strategic roadmap, identifying high-impact use cases, proving value through quick wins, and ensuring governance, privacy, security, and employee readiness are addressed from the start. They respond well to structured, business-first consulting that aligns AI initiatives to measurable operational and customer outcomes.",t,116500d0-357e-4ace-a7af-7264ed58e22a,2026-03-26 12:57:59.030126,2026-03-26 12:57:59.030126
61a2d7c7-067c-4e73-bb18-1a9d3189aff6,synozur.com,137db123-4906-4e61-af99-f0d23d86a622,Efficiency-Focused Midmarket Manufacturing Operations VP,VP of Operations,Manufacturing,Midmarket (~250 employees),"{""Operations team is stretched thin across supply chain, production scheduling, and day-to-day plant operations"",""Heavy reliance on manual processes and basic software limits efficiency and increases errors"",""Existing operational data such as machine logs and sales orders is underutilized and not deeply analyzed"",""No internal data science or AI team to evaluate and implement advanced automation use cases"",""Workforce anxiety about AI creating job cuts or disruptive changes makes adoption harder""}","{""Find practical AI and automation use cases that save time and reduce operational errors"",""Reduce unplanned downtime through predictive maintenance and better use of machine data"",""Optimize inventory and production-related workflows using data-driven insights"",""Implement solutions that integrate with existing systems such as Microsoft 365, IoT devices, and ERP workflows with minimal disruption"",""Start with small pilots, prove ROI with clear metrics, and scale successful initiatives across the business""}","{""Cautious about spending on new technology unless ROI is clear and measurable"",""Concerned that AI projects may be too disruptive to current operations and workflows"",""Wary of lacking internal expertise to manage or experiment with AI initiatives"",""Sensitive to employee resistance or fear that AI will replace jobs rather than support staff""}","{""On-site process walkthroughs and operational assessments"",""Consultative workshops with pilots and proof-of-concept reviews"",""Microsoft ecosystem-based solution demonstrations"",""Team training and change management sessions""}","This persona is a tech-savvy operations leader at a regional midmarket manufacturer who is actively exploring AI and automation but needs practical, low-risk applications tied to operational efficiency. They value partners who can work within their existing Microsoft-centric environment, identify focused use cases such as predictive maintenance or workflow bots, and prove impact through small pilots with clear metrics. Success depends not just on technical delivery, but also on user engagement, training, and positioning AI as a tool that supports employees rather than replacing them.",f,116500d0-357e-4ace-a7af-7264ed58e22a,2026-03-26 13:00:06.077715,2026-03-26 13:00:06.077715
8f14568f-55a9-4188-bdcf-7c530266f658,synozur.com,137db123-4906-4e61-af99-f0d23d86a622,Private Equity Technology and Investment Leader,"CTO, Chief Investment Officer, or COO at a private equity firm managing $1B+ AUM",Private Equity / Investment Management,Enterprise $1B+ AUM,"{""Portfolio companies lack a unified AI strategy, leading to fragmented technology investments and missed synergies"",""Difficulty assessing AI readiness, data maturity, and integration potential across diverse portfolio companies and business units"",""Pressure to deliver measurable ROI while improving operational efficiency and enabling scalable growth"",""Concerns around AI governance, compliance, security, privacy, and workforce adoption during rapid deployment"",""Balancing innovation and digital transformation with long-term value creation across multiple industries and geographies""}","{""Create tailored AI strategies and roadmaps for portfolio companies aligned to business outcomes"",""Identify and prioritize high-impact AI use cases such as automation, predictive analytics, and customer experience improvements"",""Deliver quick wins and scalable pilot programs that build confidence and momentum across the portfolio"",""Ensure responsible AI adoption with strong governance, privacy controls, and workforce enablement"",""Leverage the Microsoft ecosystem and existing technology investments for cost-effective transformation""}","{""Concern that AI initiatives may not produce clear, measurable ROI quickly enough"",""Worry that a vendor may offer one-size-fits-all solutions that do not fit the unique needs of each portfolio company"",""Hesitation around implementation risk related to compliance, security, governance, and change management"",""Concern about integration complexity across disparate systems, industries, and geographies""}","{""Executive advisory meetings"",""Strategy workshops"",""Consultative sales conversations"",""Industry events and private equity network referrals""}","This persona is a senior technology or investment decision-maker at a large private equity firm overseeing digital transformation across a diverse portfolio. They are focused on operational excellence, scalable AI adoption, and measurable value creation, but are constrained by fragmented technology environments, governance concerns, and pressure to show ROI. They respond best to strategic, outcome-focused consulting, flexible engagement models, and partners with strong Microsoft expertise and proven experience in PE-backed transformation.",t,116500d0-357e-4ace-a7af-7264ed58e22a,2026-03-26 13:01:14.479307,2026-03-26 13:01:14.479307
06d3b6dc-181d-4884-a85f-b2caf51d930c,synozur.com,137db123-4906-4e61-af99-f0d23d86a622,Ambitious Microsoft-Aligned ISV Founder,Founder/CEO,B2B SaaS / Software vendor building on Microsoft Azure,50-200 employees,"{""Struggles to navigate the complexity of the Microsoft partner ecosystem, programs, and go-to-market motions"",""Does not know how to get visibility with Microsoft sales teams or the right internal Microsoft stakeholders"",""Lacks a compelling partner story that aligns the product to Microsoft's priorities such as Azure consumption and solution-area relevance"",""Relies heavily on self-generated marketing and lead generation, which is too slow to support growth goals"",""Has limited internal bandwidth and no dedicated alliance or partner manager to drive Microsoft relationship development""}","{""Align tightly with Microsoft's go-to-market engine to accelerate revenue growth"",""Get Microsoft sellers to introduce the company into customer deals and co-sell opportunities"",""Access Microsoft partner incentives, funding, marketplace visibility, and event exposure"",""Turn existing Microsoft partnership status into a scalable revenue multiplier"",""Double the customer base by leveraging Microsoft channels such as Azure Marketplace, AppSource, and field sellers""}","{""Concern that Microsoft partner development may be too complex, time-consuming, or resource-intensive for a lean leadership team"",""Skepticism about which Microsoft programs are worth pursuing and whether the effort will produce measurable pipeline impact"",""Worry that the company may not yet have the right messaging, readiness, or product alignment to earn Microsoft attention"",""Hesitation to invest in external help unless outcomes can be tied to influenced deals, leads, and faster growth""}","{""Microsoft partner programs and co-sell channels"",""Azure Marketplace and AppSource"",""Microsoft events and webinars"",""Direct introductions to Microsoft partner managers, product managers, and sales/account teams""}","This persona is a technical founder leading a mid-sized SaaS company built on Azure and already participating in the Microsoft partner ecosystem at a basic level. They believe Microsoft could become a major growth channel but feel overwhelmed by its complexity and under-resourced internally to capitalize on it. They want practical guidance, strategic positioning, and introductions that make their company easy for Microsoft to sell with, with success measured in Microsoft-influenced pipeline, marketplace leads, and accelerated customer acquisition.",t,116500d0-357e-4ace-a7af-7264ed58e22a,2026-03-26 13:03:05.390837,2026-03-26 13:03:05.390837
ebfde5af-c96b-4e1e-8702-7f03fbc1827e,synozur.com,137db123-4906-4e61-af99-f0d23d86a622,Midmarket Microsoft Systems Integrator COO,COO of a midsize IT consulting firm / Systems Integrator leader responsible for partnerships,IT consulting / systems integration / Microsoft partner services,201-500 employees,"{""Struggles to differentiate the firm among many Microsoft partners in a crowded market"",""Learns about Microsoft programs, incentives, and funding opportunities too late, causing missed referrals and benefits"",""Has weak relationships with Microsoft field sales and relies too heavily on its own business development pipeline"",""Needs to pivot from legacy Microsoft strengths to newer cloud, AI, and Power Platform offerings while still delivering current projects"",""Lacks a clear, proactive plan to align services and skills with Microsoft's changing strategic priorities""}","{""Deepen the Microsoft partnership and be recognized as a top-tier Solution Partner in priority solution areas"",""Gain earlier insight into Microsoft's roadmap to invest in the right capabilities and offerings ahead of competitors"",""Increase co-sell opportunities, Microsoft-referred projects, and access to specialized partner initiatives and funding programs"",""Capture demand around generative AI, Azure AI, Power Platform, and other emerging Microsoft technologies"",""Become the trusted Microsoft partner of choice in their region or vertical and grow revenue beyond self-generated sales""}","{""May question whether an external advisor can truly improve access to Microsoft stakeholders and internal partner opportunities"",""Could worry about the time and operational disruption required to evolve offerings while maintaining delivery on current client work"",""May hesitate over the investment needed for specialization, training, marketing, and partner-program alignment without guaranteed results"",""Might believe their existing Microsoft partner status and technical expertise should be enough, reducing urgency to seek outside help""}","{""Warm introductions and direct meetings with Microsoft partner managers, field sellers, and solution architects"",""Partner webinars, co-hosted events, and Microsoft ecosystem networking engagements"",""Partner program communications, roadmap briefings, and incentive updates"",""Thought leadership and success-story marketing through Microsoft partner blogs and regional partner channels""}","This persona is a growth-oriented COO at a regional midsize Microsoft-focused systems integrator with roughly 300 consultants. They are technically credible and already established in the Microsoft ecosystem, but they need stronger strategic alignment with Microsoft's evolving cloud and AI priorities. Their main challenge is turning partner status into real influence, referrals, and co-sell momentum. They care about insider access, specialization, roadmap clarity, and becoming a recognized go-to Microsoft partner in their geography or vertical.",f,116500d0-357e-4ace-a7af-7264ed58e22a,2026-03-26 13:03:54.045744,2026-03-26 13:03:54.045744
bd6a3c99-3ce4-41b1-8b39-b4c9abc3af15,synozur.com,7e86ba11-1ba2-4853-a91b-bcd180e0ba0f,Corporate Event Planner for Executive Offsites and Client Events,Corporate Event Planner / Internal Events Lead / Third-Party Meeting Planner,"Corporate organizations, professional services, sales organizations, and nonprofits",50-1000+ employees,"{""Finding a venue close to Seattle that still feels private, calm, and distinct from the city"",""Managing event logistics across meeting space, catering, lodging, Wi‑Fi, A/V, and staffing without execution risk"",""Creating productive offsites and meetings that keep attendees engaged rather than distracted"",""Needing a venue that can impress executives, clients, donors, or partners without feeling overly flashy or hard to access"",""Coordinating events that balance functional business needs with memorable food, atmosphere, and guest experience""}","{""Run seamless meetings, retreats, offsites, or client events with dependable service and logistics"",""Provide a productive environment for strategy, alignment, planning, and team focus"",""Deliver elevated food and beverage experiences that enhance attendee satisfaction"",""Host events in a memorable wine-country setting that is still convenient for local and regional guests"",""Simplify planning by using a venue with integrated meeting space, catering, lodging, and support""}","{""Concern that the venue may prioritize ambiance over business functionality and technical support"",""Worry about whether the property can accommodate the desired event size, flow, and privacy needs"",""Concern about day-of execution risk, including catering, staffing, Wi‑Fi, and A/V reliability"",""Question of whether the venue is convenient enough for attendees compared with downtown Seattle options""}","{""RFP-friendly venue landing pages"",""Venue marketplaces such as Cvent"",""Direct planner relationships and sales outreach"",""Woodinville tourism and local partner referrals""}","This persona represents the highest-value B2B buyer in the source text: planners booking meetings, retreats, executive offsites, client entertainment, sales kickoffs, galas, and similar events. They are motivated by smooth logistics, strong catering, natural-light event spaces, privacy, and a premium-but-approachable Woodinville wine-country experience. Willows Lodge appeals because it combines meeting/event facilities, Barking Frog catering, onsite lodging, service support, and an 'oasis' atmosphere near Seattle.",f,116500d0-357e-4ace-a7af-7264ed58e22a,2026-04-05 16:05:09.50677,2026-04-05 16:05:09.50677
1bbe33c2-4918-4ac5-a53f-2922fda93e50,synozur.com,7e86ba11-1ba2-4853-a91b-bcd180e0ba0f,Local/Regional Romantic Getaway Couples,,,,"{""Need a quick romantic escape without the time and hassle of air travel"",""Want an overnight getaway that feels far away but is still close to Seattle/Eastside"",""Seek a bundled, high-quality experience including wine tasting, dinner, and relaxation"",""May struggle to find destinations that combine romance, dining, spa, and natural ambiance in one place"",""Want to maximize limited weekend time with a convenient local/regional option""}","{""Reconnect as a couple through a romantic reset"",""Enjoy wine tasting during a short getaway"",""Have a memorable great dinner experience"",""Book an overnight trip that feels like a wine-country escape"",""Relax in a setting with spa amenities and cozy outdoor-inspired ambiance""}","{""Concern that a nearby destination may not feel like a true escape"",""May question whether an overnight local trip is worth the cost versus staying home"",""Could hesitate if the experience does not clearly bundle spa, dining, and romantic atmosphere"",""May prefer destinations with stronger wine-country credentials or more immersive ambiance""}","{""Local/regional travel search"",""Social media travel and hospitality content"",""Hotel or resort website"",""Email promotions featuring getaway packages""}","This persona represents Seattle and Eastside couples seeking a nearby overnight romantic getaway that feels 'world away' without requiring a flight. Their main motivation is a romantic reset centered on wine tasting, a great dinner, spa treatments, and a cozy indoor-outdoor atmosphere. Messaging that emphasizes a wine-country escape only 30 minutes from Seattle, plus spa, dinner, and fire-lit ambiance, is likely to resonate strongly.",t,116500d0-357e-4ace-a7af-7264ed58e22a,2026-04-05 16:06:22.969495,2026-04-05 16:06:22.969495
8d91527c-cf3e-450d-a286-95eac5022132,synozur.com,7e86ba11-1ba2-4853-a91b-bcd180e0ba0f,Out-of-State Wine Weekender,,,,"{""Finding lodging that is close to multiple tasting rooms and wineries"",""Planning an efficient and curated weekend wine itinerary in an unfamiliar destination"",""Avoiding transportation hassle between hotel, tasting rooms, and dining options"",""Wanting a convenient home base for a short Fri-Sun getaway"",""Needing quality food and drink options onsite after a full day of wine tasting""}","{""Build a memorable curated wine weekend in Woodinville"",""Stay within walking distance or very close to tasting rooms"",""Maximize time spent tasting rather than traveling between venues"",""Relax and unwind comfortably after a day of wine activities"",""Choose lodging that serves as a central HQ for the entire trip""}","{""Hotel may not be close enough to core wine country attractions"",""Lodging may lack enough nearby tasting room variety for a full weekend"",""Property may not offer strong onsite dining and drink options"",""Alternative accommodations may appear more convenient or better tailored to wine tourism""}","{""Travel and hotel listing sites"",""Winery and wine tourism directories"",""Destination research and itinerary-planning websites"",""Hotel marketing messages and promotional copy""}","This persona represents leisure travelers visiting from out of state to build a Woodinville wine weekend, typically Friday through Sunday. Their main purchase driver is a walkable or nearby lodging option that functions as a convenient headquarters for visiting many tasting rooms. They are motivated by proximity to wine experiences, a curated getaway feel, and the ability to taste during the day and unwind at night with strong onsite food and drink amenities.",f,116500d0-357e-4ace-a7af-7264ed58e22a,2026-04-05 16:07:02.924177,2026-04-05 16:07:02.924177
3c1609ba-5355-4ee9-92e6-a564172b5c2f,synozur.com,7e86ba11-1ba2-4853-a91b-bcd180e0ba0f,Engaged Couple Seeking Pacific Northwest Garden-Ballroom Wedding Venue,Engaged couple planning a wedding,Wedding and events,,"{""Finding a venue that offers both outdoor ceremony beauty and indoor backup or reception flexibility"",""Ensuring smooth ceremony-to-reception flow that is easy and convenient for guests"",""Wanting a Pacific Northwest setting that feels scenic and distinctive"",""Needing multiple attractive photo locations without requiring travel between sites"",""Balancing aesthetic appeal with logistical simplicity on the wedding day""}","{""Host a beautiful wedding ceremony in a garden or outdoor setting"",""Provide a seamless ballroom reception experience on the same property"",""Choose a venue with indoor/outdoor flexibility"",""Create memorable wedding photos in multiple scenic locations"",""Deliver a guest-friendly event experience with minimal complexity""}","{""Concern that an outdoor venue may lack weather-proof indoor options"",""Worry that guest movement between ceremony and reception could be inconvenient"",""Concern that a venue may not offer enough visual variety for photos"",""Doubt about whether the property can provide both beauty and practical event flow""}","{""Wedding venue website"",""Instagram or visual social media"",""Wedding directories and venue listing platforms"",""In-person site tours""}","This persona represents engaged couples looking for a Pacific Northwest wedding venue that combines a beautiful garden ceremony with a ballroom reception. They value indoor/outdoor flexibility, scenic surroundings, easy guest flow, and multiple photo-worthy moments on a single property.",t,116500d0-357e-4ace-a7af-7264ed58e22a,2026-04-05 16:07:29.81583,2026-04-05 16:07:29.81583
c74b447a-3dc4-472c-acc0-88a7eea2021b,synozur.com,7e86ba11-1ba2-4853-a91b-bcd180e0ba0f,Premium Wedding Planner Seeking Low-Risk Venue Partner,Wedding Planner,Wedding and Events,,"{""Day-of event risk and unexpected execution issues"",""Unreliable catering, staffing, or service quality from venue partners"",""Poor coordination between venue and catering teams"",""Guest experience issues caused by inconvenient lodging or logistics"",""Unpredictable event flow that reflects poorly on the planner""}","{""Deliver a seamless, low-risk wedding day execution"",""Ensure dependable catering, staffing, and event flow"",""Work with a professional venue team that executes reliably"",""Create an easy, high-quality guest experience"",""Partner with venues that support premium wedding expectations""}","{""Concern that the venue and catering teams are not fully coordinated"",""Doubt about whether banquet staff will be attentive and professional"",""Worry that guest logistics will be difficult without onsite lodging"",""Hesitation to trust a venue that may introduce avoidable day-of risk""}","{""Venue wedding website pages"",""Direct sales conversations with venue teams"",""Referrals and professional networking"",""Venue collateral highlighting catering and guest lodging""}","This persona is a premium wedding planner evaluating venues primarily through the lens of predictability and execution quality. They prioritize low-risk partners that can reliably manage catering, staffing, and event flow. They are especially attracted to venues offering integrated execution across venue and catering, attentive banquet staff, and onsite lodging that simplifies the guest experience.",f,116500d0-357e-4ace-a7af-7264ed58e22a,2026-04-05 16:08:21.066409,2026-04-05 16:08:21.066409
0c8009e5-28ba-4501-9224-84a23973c181,chrismcnulty.net,08610095-ef99-4205-b5ae-13264021a471,Pacific Northwest and Atlantic Coast Outdoor Enthusiast,,,,"{""Difficulty finding products, services, or experiences that align with a strong appreciation for wilderness and coastal outdoor settings"",""Limited access to offerings tailored specifically to Pacific Northwest and Atlantic coast outdoor lifestyles"",""Concerns about preserving natural beauty and avoiding overcrowded or overly commercialized outdoor experiences"",""Need for trustworthy information about outdoor destinations, activities, and conditions"",""Balancing travel time, cost, and convenience when planning nature-focused experiences""}","{""Spend more time enjoying beautiful outdoor and wilderness environments"",""Explore destinations in the Pacific Northwest and along the Atlantic coast"",""Find authentic, nature-centered experiences"",""Connect with brands or communities that share a love of the outdoors"",""Protect and appreciate natural landscapes while engaging in outdoor activities""}","{""May reject offerings that feel too commercial or disconnected from nature"",""May be skeptical of brands that do not demonstrate authenticity or environmental respect"",""May hesitate if experiences or products are not clearly relevant to wilderness or coastal outdoor interests"",""May resist high-cost options unless the value to the outdoor experience is clear""}","{""Social media focused on travel and outdoor lifestyle content"",""Outdoor and regional travel websites or blogs"",""Email newsletters featuring destinations, gear, or nature experiences"",""Community groups or forums centered on hiking, camping, and coastal travel""}","This persona represents an individual audience segment defined by a strong emotional affinity for beautiful outdoor environments, especially wilderness areas in the Pacific Northwest and along the Atlantic coast. The source does not indicate a professional role or company context, so this appears to be a lifestyle- or interest-based consumer persona rather than a traditional B2B buyer.",t,116500d0-357e-4ace-a7af-7264ed58e22a,2026-04-10 03:37:26.361022,2026-04-10 03:37:26.361022
c114b61e-9787-4c21-af6f-d1549b9459e7,chrismcnulty.net,08610095-ef99-4205-b5ae-13264021a471,Wilderness-Rooted Professional,Young Professional,Outdoor lifestyle and knowledge work,Single high-earning or dual-income aspirational household,"{""Misses the emotional reset of being outside and wants that feeling reflected in everyday living spaces"",""Dislikes commercialized outdoor imagery that feels staged, clichéd, or disconnected from real PNW experience"",""Has limited time to visit favorite coastal and mountain locations as often as desired"",""Finds it hard to identify photography that combines artistic credibility with technical quality"",""Wants meaningful home upgrades but is cautious about buying decor that lacks story or long-term relevance""}","{""Bring the atmosphere of the Pacific Northwest coast and mountains into an apartment, condo, or first home"",""Buy art that reflects personal identity as someone who hikes, travels, and values wild places"",""Support creators who demonstrate authentic exploration and environmental respect"",""Own a statement piece that sparks conversation and conveys taste without feeling flashy"",""Curate a home office or living room that feels grounding, inspiring, and regionally rooted""}","{""May perceive fine art photography as a luxury purchase they can postpone"",""May compare Cascadia Oceanic to lower-cost prints from Etsy or big-box online sellers"",""May want more behind-the-scenes content to validate authenticity before buying"",""May hesitate if the brand feels too geared toward older collectors or traditional gallery buyers""}","{Instagram,YouTube,""Outdoor and regional blogs"",""Email newsletters""}","This persona aligns closely with the defined outdoor enthusiast target and represents an important growth segment. They are emotionally driven by connection to place, but they also value technical excellence and authenticity, making Cascadia Oceanic's storyteller-plus-technologist positioning especially compelling.",f,116500d0-357e-4ace-a7af-7264ed58e22a,2026-04-10 03:38:16.854793,2026-04-10 03:38:16.854793
ca9567e0-4604-4b30-be88-1286c26a7059,chrismcnulty.net,08610095-ef99-4205-b5ae-13264021a471,Meaningful Gift and Legacy Buyer,Family Decision-Maker,Lifestyle gifting and milestone purchasing,Established household with discretionary spending,"{""Has trouble finding memorable, premium gifts that feel personal and lasting rather than generic"",""Wants to commemorate a life milestone, home purchase, retirement, or anniversary with something meaningful"",""Finds many art options too decorative and not emotionally resonant enough for an important gift"",""Needs confidence in quality, delivery, and presentation when spending at a premium level"",""Prefers gifts tied to shared memories or regional roots but struggles to find sophisticated options""}","{""Purchase a high-quality art piece that honors family history, a beloved place, or a major life transition"",""Give a gift that feels thoughtful, refined, and deeply connected to the Pacific Northwest"",""Choose artwork with a story that adds emotional depth beyond surface beauty"",""Invest in a durable, display-ready piece that will remain meaningful for years"",""Support a local creator whose values align with environmental stewardship and regional heritage""}","{""May worry about choosing the wrong image, size, or style for the recipient's home"",""May hesitate if customization or gift consultation is not available"",""May be concerned about premium pricing for a non-essential purchase"",""May need reassurance that metal prints feel warm and personal enough for gifting""}","{""Google Search"",Facebook,""Email newsletters"",""Referral and word-of-mouth""}","This persona matters because premium art purchases are often tied to milestones, gifting, and legacy moments. Cascadia Oceanic can win them with consultation, visualization help, origin stories, and positioning metal prints as heirloom-quality keepsakes rooted in the landscapes people love most.",f,116500d0-357e-4ace-a7af-7264ed58e22a,2026-04-10 03:38:21.188634,2026-04-10 03:38:21.188634
9fb300b9-57c9-48af-87a2-bbbc240575e4,chrismcnulty.net,08610095-ef99-4205-b5ae-13264021a471,Design-Driven PNW Home Curator,Affluent Homeowner,Interior design and modern home lifestyle,Dual-income premium household,"{""Struggles to find wall art that feels authentically Pacific Northwest rather than mass-produced or touristy"",""Wants statement pieces for a modern home but finds many landscape prints lack craftsmanship or premium presentation"",""Feels uncertain about sizing, placement, and how to make large-format art work in open-concept spaces"",""Prefers to buy from brands with real environmental values but sees many art sellers making vague sustainability claims"",""Finds generic online art marketplaces overwhelming and impersonal""}","{""Create a calm, elevated home environment that reflects a deep connection to the Pacific Northwest"",""Invest in heirloom-quality art that will last and feel meaningful over time"",""Buy from a local artist with authentic regional expertise and a clear story behind each piece"",""Choose artwork that complements contemporary interiors with clean, durable materials like metal prints"",""Support brands that honor and help preserve the landscapes they photograph""}","{""May see premium metal prints as expensive compared to framed posters or canvas alternatives"",""May hesitate if they cannot easily visualize the print in their home before purchasing"",""May question whether landscape photography will feel personal enough versus abstract or custom art"",""May delay purchase if sustainability giveback is not concrete and visible""}","{Instagram,Pinterest,""Google Search"",""Email newsletters""}","This persona is a core B2C buyer for Cascadia Oceanic: affluent, design-aware, and motivated by both aesthetics and regional identity. They respond to museum-quality positioning, placement guidance, and authentic place-based storytelling that differentiates the brand from generic nature decor.",f,116500d0-357e-4ace-a7af-7264ed58e22a,2026-04-10 03:38:27.479761,2026-04-10 03:38:27.479761
dba44d33-a311-41d1-9ea6-0b858d22ff29,synozur.com,7f49f485-e251-4e51-8114-cce62e5ce6a9,Enterprise Information Governance Leader,Director of Information Governance / Records & Information Management,Financial Services,Enterprise 1000+,"{""Managing exploding volumes of unstructured content across shared drives, M365, email, collaboration tools, and line-of-business systems"",""Pressure to modernize beyond traditional records management while maintaining defensible compliance and retention practices"",""Difficulty finding vendor-neutral training and certification that spans governance, automation, and AI readiness rather than only legacy RIM"",""Internal stakeholders want AI and automation initiatives, but information quality, classification, and lifecycle controls are inconsistent"",""Struggling to upskill teams across governance, process modernization, and cross-functional communication without building training from scratch""}","{""Establish a modern intelligent information management program that connects compliance, operational efficiency, and AI readiness"",""Standardize best practices and professional credentials across distributed information governance teams"",""Reduce information risk while improving discoverability, retention, defensibility, and lifecycle management"",""Build executive confidence that the organization is prepared for AI-enabled use of enterprise content"",""Advance personal credibility and career growth through recognized certification and thought leadership access""}","{""We already use ARMA or internal compliance training for records and governance education"",""Membership and certification may be hard to justify without clear ROI or business impact metrics"",""AIIM may sound too broad if our immediate priority is regulatory compliance"",""Our team needs practical frameworks, not just community networking""}","{LinkedIn,Webinars,Email,""Industry conferences""}","This persona is a core AIIM buyer because they sit at the intersection of compliance, records modernization, and enterprise content strategy. AIIM can win by positioning itself as the modern, vendor-neutral evolution beyond traditional records management, with broader lifecycle and AI-readiness coverage than legacy governance associations.",f,116500d0-357e-4ace-a7af-7264ed58e22a,2026-05-01 21:43:40.646257,2026-05-01 21:43:40.646257
cff1c0fe-964a-44f4-83ba-26d2ca8bcbae,synozur.com,7f49f485-e251-4e51-8114-cce62e5ce6a9,Legal Knowledge and Risk Operations Executive,Chief Knowledge Officer / Director of Knowledge Management and Information Risk,Legal,Mid-market to Enterprise 500-5000 employees,"{""Matter documents, contracts, emails, research, and work product are spread across fragmented systems with inconsistent metadata and controls"",""Client expectations around AI-assisted legal work are rising faster than internal governance, content quality, and risk frameworks"",""The firm needs to improve information reuse, searchability, and defensibility without locking into a single technology vendor narrative"",""Professional development options often focus either on privacy, security, or records management, but not the full information lifecycle"",""Knowledge, compliance, and operations teams struggle to align on a shared language for intelligent information management""}","{""Create a stronger information foundation for secure knowledge reuse, automation, and responsible AI adoption"",""Develop staff capability in governance, taxonomy, lifecycle controls, and intelligent content practices"",""Improve operational efficiency and reduce risk tied to poor information management"",""Gain external credibility through certification and association-backed best practices"",""Prepare the organization for emerging AI governance expectations without relying solely on legal-tech vendors""}","{""AIIM may appear more operations-focused than legal-risk-focused compared with privacy or governance associations"",""We need clearer guidance on AI governance and ethical risk, not just AI readiness"",""Time-poor professionals may resist membership if the value is not immediately practical"",""Existing investments in legal associations and specialist training may limit budget""}","{LinkedIn,Webinars,Email,Roundtables}","This persona is strategically important because legal organizations are high-stakes environments for unstructured information, defensibility, and AI adoption. AIIM can resonate by emphasizing end-to-end information lifecycle expertise, vendor-neutral guidance, and a stronger emerging position in AI governance and intelligent information management beyond narrow records or privacy silos.",f,116500d0-357e-4ace-a7af-7264ed58e22a,2026-05-01 21:43:43.47285,2026-05-01 21:43:43.47285
4bce20c4-a9b2-4b04-8dc2-2c0d350a3ae9,synozur.com,7f49f485-e251-4e51-8114-cce62e5ce6a9,Public Sector Digital Modernization Manager,Director of Enterprise Content Management / Digital Transformation Program Manager,Government,Large public sector organization 1000+,"{""Legacy content systems, paper-heavy workflows, and siloed repositories slow service delivery and increase operational costs"",""Procurement and policy constraints make vendor-specific education less credible and less useful"",""Teams need practical guidance on automating document-centric processes while preserving transparency, auditability, and records obligations"",""Leadership is asking about AI use cases, but the organization lacks clear readiness, governance, and information foundation"",""Staff capability varies widely, making it difficult to create a repeatable modernization approach across departments""}","{""Modernize information management practices to support digital services, automation, and better citizen outcomes"",""Train staff on a common framework for content, process, governance, and AI readiness"",""Improve compliance, retention, accessibility, and defensible management of public records"",""De-risk modernization initiatives with trusted, policy-neutral education and certification"",""Create a roadmap that connects process improvement with long-term AI and automation adoption""}","{""Budget cycles and training approvals are slow and highly scrutinized"",""We need public-sector-relevant examples, not generic commercial guidance"",""AI topics may feel premature if our foundational governance is still immature"",""Certification can be viewed as individual development rather than organizational transformation""}","{Email,Webinars,LinkedIn,""Peer communities""}","This persona matters because government organizations face acute pressure to modernize unstructured information at scale while staying compliant and transparent. AIIM's vendor-neutral education, lifecycle-based methodology, and practical training make it well suited to help public sector teams bridge legacy records management and future AI-enabled operations.",f,116500d0-357e-4ace-a7af-7264ed58e22a,2026-05-01 21:43:45.938066,2026-05-01 21:43:45.938066
99ab43d4-51c7-4248-9eba-a1d3809a8580,synozur.com,0ef94ec0-4a79-4bf6-8bf8-7009864131e5,Global Creative Operations Leader,VP of Creative Operations,"Retail, Consumer Brands, and Media",Enterprise 1000+,"{""Managing fragmented creative workflows across design, video, photography, social, and document teams using too many disconnected tools"",""Struggling to scale content production while maintaining brand consistency, governance, and asset rights management across regions"",""Difficulty justifying Creative Cloud subscription spend internally against lower-cost alternatives and template-based tools"",""Collaboration gaps between creatives, marketers, legal, and external agencies that slow approvals and campaign launches"",""Concern about adopting AI without clear commercial safety, ethical guardrails, and brand protection""}","{""Standardize on a unified enterprise creative ecosystem that supports professional-grade production across all content formats"",""Increase creative team productivity and campaign velocity through integrated AI, reusable assets, and workflow automation"",""Improve governance with centralized digital asset management, permissions, metadata, and compliance controls"",""Enable cross-functional collaboration between creative, marketing, legal, and regional stakeholders"",""Demonstrate measurable ROI from creative technology investments through reduced tool sprawl and faster output""}","{""Adobe is expensive compared to lower-cost or free design alternatives"",""Creative Cloud can feel complex to onboard across large distributed teams"",""Uncertainty about whether Adobe collaboration capabilities are as strong as browser-native competitors"",""Skepticism about whether AI features will be safe, useful, and accepted by creative teams""}","{LinkedIn,""Executive webinars"",""Industry events"",""Account-based email""}","This persona owns enterprise-wide creative efficiency and standardization. They matter because Adobe’s strongest differentiation lands here: integrated professional tools, Experience Manager governance, Firefly-powered scale, and a strong enterprise trust narrative around reliability, ethics, and long-term platform stability.",f,116500d0-357e-4ace-a7af-7264ed58e22a,2026-05-05 22:12:08.246482,2026-05-05 22:12:08.246482
86b02784-05df-4646-972a-d3dec57fd8c5,synozur.com,0ef94ec0-4a79-4bf6-8bf8-7009864131e5,Revenue-Focused Marketing Content Leader,Senior Director of Content Marketing,B2B Software and Financial Services,500-5000 employees,"{""High demand for always-on campaign content across web, social, email, video, sales enablement, and documents with limited internal creative resources"",""Dependence on template-driven tools that produce generic brand output and break down for advanced design or video needs"",""Slow review cycles between marketing, creative, compliance, legal, and sales stakeholders"",""Difficulty scaling localized and personalized content while maintaining brand standards and approval controls"",""Need to prove marketing technology ROI and defend platform investments under budget scrutiny""}","{""Produce more campaign assets faster without sacrificing brand quality or originality"",""Equip marketers and non-designers with self-service creation tools while preserving governance and professional oversight"",""Accelerate collaboration between marketing, creative, sales, legal, and external partners"",""Use AI to scale content generation, adaptation, and testing in a commercially safe way"",""Consolidate creative, document, and asset workflows into a more measurable and efficient operating model""}","{""Lower-cost tools seem sufficient for everyday marketing content creation"",""Adobe may appear too specialized for non-designer marketers"",""Concerns about training requirements and adoption across distributed marketing teams"",""Need stronger proof that Adobe delivers better ROI than a mix of cheaper point solutions""}","{Email,LinkedIn,""Customer case studies"",""Virtual events""}","This persona sits at the intersection of creative production and revenue impact. They matter because Adobe can win by positioning Express, Firefly, Acrobat, and Experience Manager as an enterprise creative intelligence platform for marketers—combining self-service speed, professional-grade escalation paths, ethical AI, collaboration, and measurable ROI against low-cost template competitors.",f,116500d0-357e-4ace-a7af-7264ed58e22a,2026-05-05 22:12:12.548679,2026-05-05 22:12:12.548679
3f845204-9159-4de3-b9b0-938a7faa9145,synozur.com,0ef94ec0-4a79-4bf6-8bf8-7009864131e5,Digital Product Design Decision Maker,Director of Product Design,Technology and SaaS,200-5000 employees,"{""Pressure from engineering and product teams to use browser-based design tools with stronger perceived real-time collaboration and developer handoff"",""Need to balance fast UI iteration with high-fidelity brand, illustration, and marketing asset production"",""Difficulty keeping product design, brand design, and marketing creative workflows aligned across separate platforms"",""Performance issues or workflow limitations when teams rely on tools that are weak for advanced image editing, illustration, motion, or large files"",""Growing expectation to incorporate AI into design workflows without creating chaos or inconsistent outputs""}","{""Create a seamless workflow between product design, brand design, prototyping, illustration, and developer delivery"",""Reduce workflow fragmentation by consolidating teams onto a connected creative platform"",""Enable better collaboration between designers, developers, marketers, and stakeholders"",""Use AI to accelerate ideation, asset generation, and repetitive production tasks while preserving design quality"",""Support both fast collaboration and professional-grade craft for complex digital experiences""}","{""Adobe is seen as less collaboration-first than Figma for product teams"",""Concern that Adobe may be overbuilt for teams focused primarily on UI/UX workflows"",""Fear of migration disruption from existing design systems and established browser-based habits"",""Questions about pricing value relative to point solutions already in use""}","{LinkedIn,""Product design communities"",""Live demos"",""Technical webinars""}","This persona is strategically important because Adobe must strengthen its collaboration and platform story against Figma and Sketch. Messaging should emphasize Creative Cloud Unity, interoperability across product and brand work, professional-grade image/vector depth, and a stronger cross-functional collaboration hub narrative including developer handoff and enterprise reliability.",f,116500d0-357e-4ace-a7af-7264ed58e22a,2026-05-05 22:12:14.168485,2026-05-05 22:12:14.168485
169644b9-c6bc-475c-afb5-ed8a56a838ca,synozur.com,df16877c-1384-407b-be3d-69e8a3442178,Global Treaty Portfolio Strategist,Chief Reinsurance Officer / Group Head of Reinsurance Purchasing,Primary Insurance,Enterprise 1000+,"{""Securing sufficient and reliable capacity for large, multi-line treaty programs amid rising catastrophe, specialty, and systemic risk exposures"",""Balancing reinsurance cost, coverage breadth, and counterparty security across a global portfolio with diverse regional needs"",""Managing board and regulator expectations around capital adequacy, earnings volatility, and concentration risk"",""Coordinating multiple reinsurers across jurisdictions while maintaining consistent service, local expertise, and claims responsiveness"",""Evaluating reinsurers that promise tailored solutions but lack the balance sheet strength or global footprint to support mega-programs""}","{""Build a resilient, multi-year reinsurance strategy that protects capital and smooths earnings volatility"",""Partner with reinsurers that can support complex global placements across property, casualty, specialty, life, and health where needed"",""Improve portfolio optimization using advanced analytics, exposure insights, and scenario modeling"",""Reduce counterparty risk by selecting financially strong reinsurance partners with proven claims-paying ability"",""Create strategic reinsurance structures that support profitable growth in existing and emerging markets""}","{""Munich Re may be perceived as more expensive than smaller or niche reinsurers"",""Concern that a global market leader may be less flexible or less tailored in negotiations"",""Fear of overreliance on a single large reinsurer for too much capacity"",""Questions about whether Munich Re can provide the same level of relationship intimacy as smaller competitors""}","{""Executive meetings"",""Industry conferences"",Email,Webinars}","This persona is a core economic buyer at large insurers managing treaty purchasing across regions and lines. They matter because Munich Re’s strongest differentiation—financial strength, global footprint, multi-line capability, and risk analytics—directly addresses their need for large-scale, dependable, strategically structured risk transfer.",f,c6dfbcda-8020-46c6-a5e8-d13f4238fa37,2026-05-05 22:16:28.716826,2026-05-05 22:16:28.716826
2b0cfd60-8da0-43ee-97ae-efaa1e22cb52,synozur.com,df16877c-1384-407b-be3d-69e8a3442178,Life & Health Growth Architect,Chief Risk Officer / Head of Life & Health Reinsurance,Life and Health Insurance,Enterprise 1000+,"{""Navigating mortality, morbidity, longevity, and health trend uncertainty in a rapidly shifting underwriting environment"",""Finding reinsurance partners that can combine deep life/health expertise with broader enterprise risk support and capital flexibility"",""Responding to regulatory scrutiny, reserve pressure, and the need for more predictive underwriting insights"",""Managing data fragmentation and inconsistent analytics across product development, pricing, and in-force portfolio management"",""Assessing whether specialist life reinsurers have enough diversification and capital strength to support large or innovative transactions over time""}","{""Improve pricing accuracy and risk selection using advanced analytics, AI, and long-term claims data"",""Expand product innovation in protection, health, longevity, and embedded insurance offerings with strong reinsurance backing"",""Strengthen capital efficiency and optimize solvency through well-structured reinsurance arrangements"",""Partner with a reinsurer that can support both life/health needs and broader group-level risk management strategy"",""Increase confidence in long-term claims-paying ability and transaction durability""}","{""A specialist life/health reinsurer may appear to offer deeper focus than a multi-line partner"",""Concern that Munich Re’s broader portfolio could dilute attention on life and health priorities"",""Questions about implementation complexity when integrating analytics, underwriting tools, and data workflows"",""Sensitivity to pricing if internal teams view reinsurance as a commodity purchase""}","{LinkedIn,Email,""Actuarial forums"",Webinars}","This persona represents senior buyers in life and health carriers who value deep technical expertise but also need capital strength and strategic flexibility. Munich Re is well positioned by contrasting its multi-line scale, larger capital base, long historical data, and one-stop-shop capabilities against life/health-only competitors.",f,c6dfbcda-8020-46c6-a5e8-d13f4238fa37,2026-05-05 22:16:29.943363,2026-05-05 22:16:29.943363
d0f705ae-5f8b-4847-87db-05add3c1b996,synozur.com,df16877c-1384-407b-be3d-69e8a3442178,Specialty & Cyber Risk Innovator,Head of Specialty Lines / Chief Underwriting Officer for Cyber and Emerging Risks,Commercial P&C Insurance,Mid-market to Enterprise 500+,"{""Escalating cyber accumulation, identity security, and data resilience exposures driven by AI adoption and increasingly sophisticated threat actors"",""Limited internal modeling confidence for emerging risks where historical loss data is incomplete or rapidly evolving"",""Pressure to launch or expand specialty products while maintaining underwriting discipline and reinsurance support"",""Need for reinsurers that can provide both risk capacity and actionable portfolio insights, not just balance sheet support"",""Difficulty distinguishing between analytically sophisticated reinsurers that lack scale and financially strong markets that lack digital and modeling depth""}","{""Develop profitable cyber and specialty portfolios with reinsurance structures that support growth without unacceptable tail risk"",""Use advanced risk analytics and scenario modeling to improve underwriting, pricing, and aggregation management"",""Offer clients confidence in coverage for complex and emerging risks backed by a strong claims-paying partner"",""Build resilience-focused solutions around identity, data, and business interruption exposures as market demand rises"",""Accelerate innovation through digital underwriting tools and expert collaboration with a reinsurer that understands new risk classes""}","{""Concern that Munich Re’s underwriting requirements may be stringent for fast-growing specialty books"",""Perception that niche competitors may move faster or appear more innovation-led in cyber"",""Questions about whether Munich Re can tailor solutions for specific emerging-risk segments instead of standard structures"",""Worry about budget impact if advanced analytics and broad coverage increase overall program cost""}","{LinkedIn,""Specialty risk conferences"",Webinars,""Direct sales outreach""}","This persona is increasingly strategic as cyber, AI, and data resilience risks reshape commercial insurance. They matter because Munich Re can uniquely combine strong specialty expertise, global reach, large-risk capacity, and advanced analytics—positioning against competitors that either have strong modeling but smaller capital bases or deep capacity but weaker digital and local-market capabilities.",f,c6dfbcda-8020-46c6-a5e8-d13f4238fa37,2026-05-05 22:16:33.758504,2026-05-05 22:16:33.758504
b6b12fce-8ba6-47ea-ba2e-3bb5edf04aa4,reveillesoftware.com,cf966795-4a02-410b-ac2b-00d57aca1127,Governance-First Banking Automation Leader,VP of Operations Transformation / Head of Intelligent Automation,Banking & Financial Services,Enterprise 1000+,"{""Manual, high-volume back-office processes in KYC, onboarding, loan operations, and reconciliation create cost and compliance risk"",""Pressure to modernize with AI while meeting strict governance, auditability, security, and regulatory requirements"",""Fragmented automation initiatives across business units make it difficult to scale beyond isolated pilots"",""Platform vendors promise capabilities, but internal teams lack the services, industry context, and roadmap discipline to operationalize them"",""Executive stakeholders demand hard ROI, production metrics, and risk controls before approving broader automation investment""}","{""Reduce operational cost and cycle times in mission-critical banking workflows"",""Implement automation and AI with clear governance frameworks, audit trails, and compliance alignment"",""Create an enterprise automation roadmap that prioritizes high-value use cases and scales across functions"",""Improve customer and employee experience by eliminating repetitive manual work and reducing processing errors"",""Partner with a provider that can combine strategy, implementation, and ongoing optimization rather than just sell software""}","{""Ashling sounds services-led; it is unclear what platform ecosystem, governance model, or long-term enablement approach they bring"",""The company needs proof of production-scale success in regulated environments, including transaction volumes and business outcomes"",""Without explicit security and compliance messaging, stakeholders may question fit for banking use cases"",""Large incumbents may appear safer because they are better known and more explicit about enterprise controls""}","{LinkedIn,""Executive webinars"",""Industry events"",Email}","This persona is a core buyer in a regulated sector where governance-first messaging is essential. They matter because Ashling already targets banking, but must strengthen positioning around compliance, quantified outcomes, and platform-enabled services to win against better-known automation vendors and consultancies.",f,116500d0-357e-4ace-a7af-7264ed58e22a,2026-05-08 22:03:10.902171,2026-05-08 22:03:10.902171
cd877afe-0563-4f8a-9cbb-71db70990104,reveillesoftware.com,cf966795-4a02-410b-ac2b-00d57aca1127,Manufacturing Shared Services Transformation Sponsor,SVP Shared Services / Global Process Excellence Director,Manufacturing & Industrial Enterprises,Mid-market to Enterprise 1000+,"{""Finance, procurement, supply chain, and customer service processes rely on disconnected systems and manual workarounds"",""Leadership expects fast efficiency gains, but prior automation efforts have been limited to tactical bots with little enterprise coordination"",""Business teams want measurable productivity improvements without a lengthy consulting engagement or major platform complexity"",""It is difficult to prioritize the right use cases and build a roadmap that balances quick wins with long-term scalability"",""The organization needs a partner who can implement solutions quickly while enabling internal teams to sustain and expand automation""}","{""Increase process efficiency, accuracy, and throughput across shared services functions"",""Standardize automation delivery with reusable components, templates, and best practices"",""Show clear ROI through measurable business outcomes such as cycle-time reduction, cost savings, and exception reduction"",""Move from isolated RPA projects to broader AI-enabled and agentic process orchestration"",""Adopt a practical partner that combines strategic guidance with hands-on implementation and optimization""}","{""Ashling must prove that its services-led model will not create dependence or limit internal self-sufficiency"",""The buyer may question whether Ashling can support global scale compared with larger platform vendors or big consulting firms"",""Without strong production metrics and benchmarks, it may be hard to justify investment internally"",""If platform partnerships are unclear, the buyer may not understand how Ashling fits into the long-term technology stack""}","{LinkedIn,Email,""Solution comparison guides"",""Peer case studies""}","This persona represents a high-potential segment outside heavily regulated industries where Ashling can win with speed, reusable assets, and end-to-end delivery. They matter because they are highly ROI-driven and likely to respond well to platform-enabled services positioning, industry accelerators, and quantified production case studies.",f,116500d0-357e-4ace-a7af-7264ed58e22a,2026-05-08 22:03:16.152959,2026-05-08 22:03:16.152959
34fbc0fd-59e9-444a-8200-2fb87b77ec35,reveillesoftware.com,cf966795-4a02-410b-ac2b-00d57aca1127,Healthcare Digital Transformation Executive,Chief Digital Officer / VP of Process Excellence,Healthcare Providers & Payers,Enterprise 1000+,"{""Administrative workflows such as claims, prior authorizations, patient intake, and revenue cycle management are slow, manual, and error-prone"",""Any AI or automation initiative must satisfy stringent privacy, security, and compliance expectations across clinical and administrative operations"",""Staff shortages and burnout increase urgency to automate repetitive tasks without disrupting care delivery"",""Internal teams struggle to identify which processes are most suitable for intelligent automation and how to sequence deployment"",""Previous pilots have not translated into scaled operational improvement due to weak change management and unclear ownership""}","{""Improve throughput, accuracy, and turnaround times in high-friction healthcare workflows"",""Deploy AI-powered automation in a way that is secure, governed, and aligned to compliance requirements"",""Free staff from repetitive administrative work so they can focus on patient and member outcomes"",""Build a repeatable operating model for discovering, prioritizing, and scaling automation opportunities"",""Select a partner that brings both healthcare process understanding and technical implementation expertise""}","{""Ashling needs to demonstrate explicit compliance, governance, and security frameworks relevant to healthcare buyers"",""The buyer may worry that a boutique partner lacks the scale, certifications, or ecosystem breadth needed for enterprise healthcare environments"",""Claims of transformation may feel too generic without healthcare-specific accelerators or case studies"",""There may be concern about vendor dependence if Ashling does not clearly articulate internal capability transfer and platform enablement""}","{LinkedIn,Webinars,""Healthcare conferences"",""Analyst and case study content""}","This persona values outcomes, but only after risk, privacy, and governance concerns are addressed. They are highly relevant because healthcare is a stated target for Ashling and a segment where stronger compliance messaging, vertical accelerators, and quantified case studies can create major differentiation.",f,116500d0-357e-4ace-a7af-7264ed58e22a,2026-05-08 22:03:19.351714,2026-05-08 22:03:19.351714
45107007-07de-4444-89b6-389fac18e0fc,synozur.com,84a7b88d-e662-47ef-9a1a-fbc2d1046b49,Corporate Divestiture Decision Maker,Corporate Development Officer / Divestiture Lead,"Large diversified corporations across manufacturing, technology, logistics, and healthcare",Enterprise 1000+,"{""Underperforming or non-core business units are consuming management attention and capital"",""Internal pressure to streamline the portfolio and improve shareholder value"",""Complex carve-outs require a buyer with experience in transition services, separation planning, and operational continuity"",""Concerns about employee disruption, customer attrition, and execution risk during divestiture"",""Limited pool of buyers capable of handling cross-border, multi-site, or operationally challenged assets""}","{""Complete a fast, credible divestiture with high certainty to close"",""Minimize operational disruption during separation and post-close transition"",""Optimize transaction value while exiting a non-core or distressed asset efficiently"",""Protect customer relationships, employees, and brand reputation through the process"",""Partner with a buyer that can absorb complex assets and execute carve-outs globally""}","{""Concerned the buyer may not be able to execute a complicated carve-out at scale"",""Worried about reputational risk if the acquired business struggles post-transaction"",""Skeptical of buyers that rely too heavily on debt or lack integration resources"",""May believe strategic acquirers can offer a cleaner or higher-value transaction""}","{""Executive networking"",""Investment banking intermediaries"",LinkedIn,""Private events and roundtables""}","This persona matters because Platinum Equity is well known for acquiring corporate carve-outs and complex situations. Large-company portfolio decision makers value certainty, speed, and operational transition capability, all of which align with Platinum Equity’s M&A&O positioning.",f,116500d0-357e-4ace-a7af-7264ed58e22a,2026-05-11 14:16:07.223112,2026-05-11 14:16:07.223112
c48a008a-184f-4ead-a7ff-4a70cc76f650,synozur.com,84a7b88d-e662-47ef-9a1a-fbc2d1046b49,Institutional Allocation Strategist,Investment Director / Private Markets Portfolio Manager,"Pension funds, endowments, sovereign wealth funds, insurance asset management, and fund-of-funds",Enterprise 1000+,"{""Needs to allocate significant capital to private equity managers with differentiated sourcing and value-creation strategies"",""Faces pressure to deliver strong risk-adjusted returns across market cycles"",""Must assess GP operational capabilities, sector breadth, and track record in a crowded PE landscape"",""Requires confidence in governance, reporting transparency, and alignment of interests"",""Concerned about vintage-year risk, deployment pace, and exit environment uncertainty""}","{""Identify private equity managers with repeatable operational value creation"",""Build a diversified portfolio with strong long-term returns and downside protection"",""Partner with GPs that have institutional-grade reporting, governance, and scale"",""Back firms with differentiated deal sourcing in corporate carve-outs, complex transactions, and operational turnarounds"",""Maintain strong stakeholder confidence through prudent manager selection""}","{""Concerned about fee load, fund concentration, or strategy drift as the firm scales"",""Skeptical of whether past performance and operational playbooks are sustainable in current markets"",""May prefer specialist managers over broad multi-industry firms"",""Needs proof of alignment, transparency, and disciplined capital deployment""}","{""Annual meetings"",Email,""Investor webinars"",""Private capital conferences""}","This persona reflects the institutional investors who allocate capital to firms like Platinum Equity. They are essential because Platinum Equity must continuously attract and retain LP commitments by demonstrating differentiated sourcing, operational rigor, and consistent performance.",f,116500d0-357e-4ace-a7af-7264ed58e22a,2026-05-11 14:16:09.103325,2026-05-11 14:16:09.103325
b6ecaad4-5ba9-4642-91cd-19f10c184f9c,synozur.com,0ac8db60-16c4-4665-a8f3-e4655a5a29b5,Knowledge-Driven COO,Chief Operating Officer / Chief Transformation Officer,Legal and Professional Services,Enterprise 1000+,"{""Institutional knowledge is fragmented across SharePoint, Teams, Outlook, legacy intranets, document repositories, and individual experts, slowing delivery and decision-making"",""High-value professionals spend too much time searching for trusted precedents, proposals, matter knowledge, and internal expertise instead of serving clients"",""Onboarding new hires and lateral talent is slow because critical know-how is difficult to find and inconsistently governed"",""Client service suffers when internal knowledge and external collaboration are disconnected across intranets, extranets, and client portals"",""AI initiatives are stalling because organizational knowledge is not structured, discoverable, or governed well enough to support reliable Copilot and enterprise AI experiences""}","{""Increase Knowledge Velocity by reducing time to find and apply expertise across the firm"",""Improve utilization, margin, and responsiveness by eliminating duplicate work and search friction"",""Accelerate onboarding and time-to-productivity for lawyers, consultants, and client-facing teams"",""Create a more differentiated client experience through faster, more informed responses and collaboration"",""Turn Microsoft 365 into a strategic knowledge asset that supports AI readiness and measurable business outcomes""}","{""We already have Microsoft 365, SharePoint, and Copilot—why do we need another platform layer?"",""Knowledge transformation projects often become expensive change programs with unclear ROI"",""We need proof that Atlas can deliver measurable productivity gains at enterprise scale"",""Adoption may be difficult if fee earners and senior professionals have to change how they work""}","{LinkedIn,""Executive roundtables"",""Analyst reports"",Email}","This is the executive economic buyer in knowledge-intensive firms. They care less about features and more about transforming scattered expertise into strategic advantage, measurable productivity, AI readiness, and better client service. Messaging should emphasize Knowledge Velocity, quantified outcomes, and Atlas as the AI-native knowledge layer for Microsoft 365.",f,116500d0-357e-4ace-a7af-7264ed58e22a,2026-05-11 18:25:37.678978,2026-05-11 18:25:37.678978
2be3fe0a-8468-4f35-93f0-0657a64cad56,synozur.com,0ac8db60-16c4-4665-a8f3-e4655a5a29b5,Microsoft 365 Knowledge Architect,Director of Digital Workplace / Head of Microsoft 365 / Enterprise Architect,Financial Services and Regulated Enterprises,Enterprise 1000+,"{""Content is spread across Microsoft 365 workloads and adjacent systems, making secure, governed findability difficult to deliver"",""Existing intranet, search, and knowledge tools create duplication, integration complexity, and inconsistent user experiences"",""Security, compliance, records, and permission models must be preserved across any knowledge initiative"",""Business stakeholders want AI-powered answers now, but poor metadata, weak information architecture, and fragmented content undermine accuracy"",""Large enterprise platforms often require heavy implementation effort, lengthy deployment, and significant change management""}","{""Deliver a unified knowledge layer across Microsoft 365 without forcing major content migration or duplicate storage"",""Improve search accuracy and answer quality through semantic understanding and Microsoft Graph context"",""Support Copilot and broader AI experiences with governed, AI-ready knowledge architecture"",""Reduce total cost of ownership by leveraging existing Microsoft investments, security controls, and user familiarity"",""Deploy faster with lower implementation risk than complex employee experience or proprietary knowledge platforms""}","{""How is Atlas different from native Microsoft search, SharePoint, Viva, and Copilot capabilities?"",""Will this add architecture complexity or create another layer my team has to manage?"",""We need confidence in scalability, governance, and interoperability across regulated environments"",""Vendor credibility and third-party validation matter in our selection process""}","{""Technical webinars"",LinkedIn,""Microsoft partner ecosystem events"",""Solution briefs via email""}","This persona is the technical champion and key evaluator. They are motivated by deep Microsoft 365 integration, governance-by-design, faster time-to-value, and the need to make enterprise AI actually work. Competitive positioning should stress native M365 integration, no forced migration, superior governance, and Atlas as the bridge between AI infrastructure and employee experience.",f,116500d0-357e-4ace-a7af-7264ed58e22a,2026-05-11 18:25:40.161035,2026-05-11 18:25:40.161035
7d93c4e3-1ba5-46f0-8504-25650dbd5048,synozur.com,0ac8db60-16c4-4665-a8f3-e4655a5a29b5,Client Experience & Knowledge Innovation Leader,Director of Knowledge Management / Head of Innovation / Director of Client Experience,Legal,500-5000 employees,"{""Lawyers and client teams struggle to find trusted know-how, precedents, pitch content, and subject-matter experts quickly"",""Knowledge decays over time because content ownership, relevance, and lifecycle management are inconsistent"",""Internal collaboration and external client-facing collaboration are managed in separate systems, creating friction and duplication"",""Legacy intranet and extranet experiences are hard to maintain, poorly adopted, and disconnected from daily work in Microsoft 365"",""The firm wants to use AI for knowledge discovery and client service, but confidence in answer quality and governance is limited""}","{""Create a single, trusted knowledge experience across intranet, client portals, and AI touchpoints"",""Improve lawyer productivity and proposal speed by making expertise and content instantly discoverable"",""Increase adoption of knowledge systems by embedding them into familiar Microsoft 365 workflows"",""Modernize outdated intranet and extranet environments while reducing administrative overhead"",""Strengthen the firm's innovation narrative with AI-ready knowledge foundations and differentiated client service""}","{""Our lawyers will not adopt a system that feels like extra administrative work"",""We are concerned about content quality, freshness, and the ongoing effort required to keep knowledge useful"",""We need to ensure client confidentiality, ethical walls, and governance are maintained across internal and external experiences"",""We are comparing platforms that promise more polished employee experience or simpler search-first deployments""}","{Webinars,""Peer communities and industry events"",LinkedIn,""Case studies via email""}","This persona often drives the use case and internal momentum, especially in legal and professional services. They care about unifying expertise, content, and client collaboration in one intelligent layer. They are especially important because ClearPeople can differentiate through legal-specific Microsoft 365 knowledge architecture, AI readiness, and the underused story of unified internal-external collaboration.",f,116500d0-357e-4ace-a7af-7264ed58e22a,2026-05-11 18:25:43.882305,2026-05-11 18:25:43.882305
f6817cac-6530-427b-8820-651b63d9abaa,synozur.com,0ac8db60-16c4-4665-a8f3-e4655a5a29b5,Mid-Market Law Firm Research Director,Research Director,Legal services,Mid-market law firm,"{""Need to deliver fast, accurate legal and business research to attorneys"",""Managing research resources and subscriptions within constrained budgets"",""Ensuring information is credible, current, and relevant for client matters"",""Balancing attorney demands for quick turnaround with limited internal research capacity"",""Demonstrating the value and efficiency of research operations to firm leadership""}","{""Improve the speed and quality of legal and competitive research"",""Support attorneys with timely insights that strengthen client service and case preparation"",""Optimize research workflows and knowledge access across the firm"",""Control costs while maintaining access to high-value research tools and databases"",""Increase the strategic impact of the research function within the firm""}","{""Concerns about the cost of new research platforms or services"",""Skepticism about whether a solution integrates with existing legal research workflows"",""Need to justify ROI to firm leadership or administrative stakeholders"",""Worry about adoption by attorneys and research staff""}","{Email,LinkedIn,""Industry conferences and legal association events"",""Vendor demos and webinars""}","This persona is a research leader at a mid-market US law firm responsible for providing high-quality legal and business research support. They are likely focused on efficiency, accuracy, budget management, and enabling attorneys to better serve clients. Buying decisions are likely influenced by ROI, workflow fit, and ease of adoption.",t,116500d0-357e-4ace-a7af-7264ed58e22a,2026-05-11 18:26:45.744689,2026-05-11 18:26:45.744689
acb25a77-b52b-46a3-97b5-60b16ef2c799,synozur.com,84a7b88d-e662-47ef-9a1a-fbc2d1046b49,Founder-Led Exit Seeker,Founder / CEO,"Industrial manufacturing, distribution, or business services",250-1000 employees,"{""Needs liquidity or succession planning but wants to preserve the company’s legacy and employee base"",""Growth has plateaued due to limited capital, operational complexity, or lack of scale"",""Concerned that a buyer may focus only on financial engineering instead of operational improvement"",""Management team is stretched managing day-to-day execution while also evaluating strategic options"",""Uncertainty around valuation, timing, and transaction readiness in a changing economic environment""}","{""Secure a strong valuation and transaction structure"",""Partner with an investor that can accelerate growth through operational expertise"",""Protect the company’s brand, people, and customer relationships after the transaction"",""Create a clear succession path for leadership and ownership transition"",""Position the business for long-term expansion, add-on acquisitions, or global reach""}","{""Worried about losing control over strategic decisions and company culture"",""Concerned that the PE firm will cut costs too aggressively or change leadership too quickly"",""Skeptical of firms that lack hands-on operational capabilities in their sector"",""Afraid the sale process will be distracting, confidentially risky, and time-consuming""}","{""Investment banker referrals"",LinkedIn,""Industry conferences"",Email}","This persona represents founder-owners of mid-market companies considering a sale, recapitalization, or succession event. They are critical because Platinum Equity’s operational improvement positioning and M&A expertise directly address the need for both liquidity and business transformation.",t,116500d0-357e-4ace-a7af-7264ed58e22a,2026-05-11 14:16:05.630217,2026-05-12 16:03:48.738
58810b28-b428-4bbc-9462-841fe8c666b3,synozur.com,5428db01-79b3-4487-a2b2-0e63327f2510,AI Governance-Focused Microsoft 365 Director,Director of Microsoft 365 / Digital Workplace,Financial Services,Enterprise 1000+,"{""Content is spread across SharePoint, Teams, OneDrive, and legacy repositories with inconsistent metadata and permissions."",""Leadership is pushing for Copilot and AI adoption, but the organization is not confident that sensitive or outdated content is governed well enough for safe access."",""Migration and modernization efforts are often treated as technical projects, leaving no sustainable information architecture or lifecycle governance after go-live."",""IT teams spend too much time manually remediating access, ROT content, and compliance issues instead of driving transformation."",""Vendors often offer strong migration tooling but limited strategic guidance on long-term ECM modernization and governance.""}","{""Prepare Microsoft 365 content for secure Copilot and AI use through better governance, classification, and lifecycle controls."",""Modernize enterprise content management without introducing a complex, hard-to-adopt platform."",""Reduce compliance and audit risk while improving employee access to trustworthy, relevant content."",""Create a clear roadmap that aligns migration, content enrichment, information architecture, and governance."",""Demonstrate measurable business outcomes such as reduced admin effort, lower risk exposure, and faster user adoption.""}","{""Concern that Helux may be more consultative and therefore more expensive than a migration-only tool."",""Wants clear pricing structure, delivery scope, and predictable timeline before engaging."",""May question whether Helux can scale across large, complex Microsoft 365 environments with multiple business units."",""Needs proof of quantified outcomes tied to AI governance, compliance, and operational efficiency.""}","{LinkedIn,""Microsoft partner events"",Webinars,Email}","This persona is a high-priority buyer because Helux’s Microsoft-native ECM modernization, THEMIS ICE, and THEMIS IA directly address the gap between M365 adoption and AI-ready governance. They respond to messaging around Copilot readiness, risk reduction, and strategic modernization beyond migration.",f,609baf10-d7b7-4ad2-850c-bdb4a791eefd,2026-05-21 17:45:38.576777,2026-05-21 17:45:38.576777
3d69fd8f-a94d-4d61-949f-c6b8a1b34281,synozur.com,5428db01-79b3-4487-a2b2-0e63327f2510,Compliance-Driven Records and Information Governance Leader,VP of Information Governance / Records Management,Healthcare,Enterprise 5000+,"{""The organization lacks a unified information architecture across clinical, administrative, and shared service content."",""Retention, defensible disposition, and policy enforcement are inconsistent across Microsoft 365 and legacy content systems."",""Teams create and store content in ways that make compliance audits, legal holds, and data governance difficult to manage."",""Existing consultants can migrate content but do not improve metadata quality, classification, or lifecycle design."",""There is pressure to modernize without disrupting regulated workflows or increasing compliance exposure.""}","{""Establish sustainable lifecycle management for enterprise content from creation through disposition."",""Improve content discoverability, classification, and policy alignment across regulated and operational records."",""Ensure modernization supports compliance, privacy, and governance requirements without overburdening end users."",""Partner with a provider that can combine strategic planning with practical Microsoft implementation expertise."",""Build a future-ready ECM foundation that supports automation and AI safely over time.""}","{""May worry that Helux is too Microsoft-centric if some records still live in non-Microsoft repositories."",""Needs evidence of experience in highly regulated environments with complex governance demands."",""May be skeptical of AI-driven enrichment unless controls, explainability, and governance are clearly defined."",""Could view modernization as risky if business disruption and change management are not addressed.""}","{""Industry webinars"",""Analyst-style whitepapers"",Email,LinkedIn}","This persona matters because they influence or own governance standards, retention policy, and compliance outcomes. Helux is well positioned here by emphasizing compliance-first ECM, intelligent content enrichment, and information architecture that makes governance more accessible rather than more complex.",f,609baf10-d7b7-4ad2-850c-bdb4a791eefd,2026-05-21 17:45:40.60325,2026-05-21 17:45:40.60325
b89e8ca4-3c1b-4875-b7db-cd1a42d4f21a,synozur.com,5428db01-79b3-4487-a2b2-0e63327f2510,Public Sector Modernization and Transformation Executive,Director of Digital Transformation / CIO,Public Sector,Enterprise 1000+,"{""Departments operate with fragmented repositories, outdated file structures, and inconsistent governance practices that slow service delivery."",""Modernization programs often stall because vendors focus on technology deployment rather than roadmap development, adoption, and long-term operating model."",""There is strong pressure to improve compliance, transparency, and information control while working within constrained budgets."",""Legacy content is poorly structured, making search, collaboration, and future AI initiatives difficult."",""Procurement teams and executives want predictable commercial models and low implementation risk.""}","{""Modernize content management in a way that simplifies governance and supports long-term digital transformation goals."",""Create a phased roadmap for migration, information architecture, enrichment, and lifecycle management across departments."",""Improve staff productivity and citizen service outcomes by making trusted content easier to find and manage."",""Adopt Microsoft-native solutions that align with security, compliance, and procurement expectations."",""Select a strategic partner that can bring best practices from multiple industries, not just basic M365 deployment.""}","{""May prefer incumbents with deeper public sector branding or procurement familiarity."",""Will require clear value justification, fixed-scope options, and confidence in delivery governance."",""Could be concerned that a sophisticated ECM program will be too complex for internal teams to adopt."",""Needs reassurance that Helux offers both technology and change-enablement support, not just tools.""}","{""Government-focused events"",LinkedIn,""Executive roundtables"",Email}","This persona is strategically important because public sector organizations face heavy compliance pressure, large content estates, and strong Microsoft adoption. Helux can differentiate against sector-specific consultancies by combining Microsoft credentials with proprietary IP, broader cross-industry innovation, and a simpler path to enterprise-grade governance.",f,609baf10-d7b7-4ad2-850c-bdb4a791eefd,2026-05-21 17:45:42.947661,2026-05-21 17:45:42.947661
13cca057-b5fc-498e-80bf-d08d8d66a217,synozur.com,f0bcbd9a-e68c-4dfc-87d8-d0adc9660f51,GI Center Clinical Access Leader,Director of Gastroenterology Service Line / IBD Program Lead,Healthcare Provider Organizations,Enterprise 1000+,"{""Managing growing volumes of complex inflammatory bowel disease patients while maintaining consistent quality of care across sites"",""Difficulty evaluating which pharmaceutical partners offer the deepest gastroenterology expertise rather than broad but diluted therapeutic messaging"",""Pressure to improve patient adherence, infusion coordination, and long-term outcomes with limited staff and operational resources"",""Need for reliable product supply and reimbursement support to avoid treatment disruption for chronic GI patients"",""Lack of strong partner education and real-world evidence tailored to GI specialists, nurses, and care coordinators""}","{""Partner with a pharmaceutical company viewed as a true authority in gastroenterology and inflammatory bowel disease"",""Improve patient outcomes through access support, disease education, and coordinated treatment journeys"",""Adopt therapies backed by strong clinical evidence, pipeline visibility, and long-term commitment to GI innovation"",""Reduce administrative burden on clinicians through reimbursement, patient services, and field support programs"",""Differentiate the organization as a regional center of excellence in GI care""}","{""Takeda may appear too broad across multiple therapeutic areas and not sufficiently singular in GI leadership"",""Unclear how Takeda's innovation story compares with competitors that more visibly promote AI-enabled R&D and next-generation science"",""Need proof of measurable patient support impact, not just brand-level claims about patient centricity"",""Concern about whether manufacturing and supply resilience are strong enough for long-term treatment continuity""}","{""Medical congresses and symposia"",""Peer-reviewed clinical content"",Webinars,""Field medical and account team meetings""}","This persona is critical because Takeda has a strong competitive advantage in gastroenterology but needs to communicate category authority more forcefully. They respond to scientific leadership, patient support infrastructure, supply reliability, and evidence that Takeda is the definitive long-term GI partner.",f,116500d0-357e-4ace-a7af-7264ed58e22a,2026-06-05 14:40:29.47377,2026-06-05 14:40:29.47377
a40fc8eb-5030-4acf-8cc7-2040d8834243,synozur.com,f0bcbd9a-e68c-4dfc-87d8-d0adc9660f51,Academic Innovation Partnership Champion,Head of Translational Research Partnerships / Oncology and Immunology Alliance Director,Academic Medical Centers and Research Institutions,Enterprise 1000+,"{""Seeking industry collaborators with both scientific depth and operational ability to move translational programs into late-stage development and commercialization"",""Perception that some large pharma companies rely more on heritage messaging than on visible technology-forward innovation capabilities"",""Need for partners with clear pipeline momentum and commitment in areas such as immunology, rare disease, neuroscience, and GI biology"",""Concerns about whether a partner can support complex manufacturing, biomarker development, and global trial execution"",""Pressure to select collaborators whose social impact, patient access philosophy, and global footprint align with institutional mission""}","{""Establish partnerships with pharmaceutical companies that combine advanced science, data-driven R&D, and credible commercialization pathways"",""Advance translational and clinical research programs in high-need disease areas with strong unmet need"",""Work with a partner that can provide global trial reach, especially in Asia-Pacific and other strategically important populations"",""Ensure research outputs lead to real patient access, not just publications or early-stage proof of concept"",""Align with organizations that can support future platform collaborations across multiple therapeutic areas""}","{""Takeda may not appear as technologically progressive as competitors that prominently promote AI-enabled discovery and computational biology"",""Unclear whether Takeda's broad portfolio reduces focus in specific partnership areas like oncology or inflammation"",""Need more external validation, measurable innovation milestones, and visible pipeline communications before committing to strategic collaboration"",""Questions about competitive positioning in fast-moving immunology and autoimmune spaces""}","{""Scientific conferences"",LinkedIn,""Research collaboration meetings"",""Thought leadership content""}","This persona is influential for long-term pipeline building, thought leadership, and institutional credibility. Takeda should win them by pairing its heritage with a stronger technology and innovation narrative, highlighting translational science, manufacturing sophistication, GI and rare disease leadership, and global partnership capability.",f,116500d0-357e-4ace-a7af-7264ed58e22a,2026-06-05 14:40:32.04042,2026-06-05 14:40:32.04042
53b6b6f1-4acb-4931-828b-6f77fc76dba6,synozur.com,f0bcbd9a-e68c-4dfc-87d8-d0adc9660f51,Rare Disease Access and Value Decision-Maker,"VP of Specialty Pharmacy Strategy / Medical Director, Rare Disease","Health Plans, Payers, and Specialty Pharmacy",Enterprise 1000+,"{""Balancing access to high-cost rare disease and plasma-derived therapies with strict budget and utilization management requirements"",""Limited visibility into which manufacturers can ensure dependable supply for complex biologics and plasma-derived products"",""Need for stronger health equity and patient access data to justify broader coverage decisions for underserved rare disease populations"",""Operational complexity in coordinating prior authorization, patient onboarding, and adherence support for lifelong therapies"",""Difficulty comparing manufacturer value beyond list price, especially when outcomes, support services, and continuity of supply vary significantly""}","{""Contract with manufacturers that can demonstrate both clinical value and dependable supply continuity"",""Improve member access and reduce therapy abandonment through comprehensive patient support ecosystems"",""Use measurable outcomes, real-world evidence, and access metrics to support formulary and policy decisions"",""Expand equitable access for rare disease patients across geographies and socioeconomic segments"",""Partner with companies that have durable expertise in rare disease rather than opportunistic portfolio expansion""}","{""Takeda's health equity and patient access claims may feel insufficiently quantified compared with competitors that provide clearer metrics"",""Need stronger proof that Takeda's support services deliver measurable reductions in abandonment, delays, or nonadherence"",""Concerns about total cost of care and whether Takeda can demonstrate economic value beyond clinical efficacy"",""Questions about pipeline prioritization and whether Takeda will maintain sustained focus across multiple specialty areas""}","{Email,""Executive briefings"",""Health economics and outcomes publications"",""Industry conferences""}","This persona matters because Takeda's rare disease heritage and plasma-derived therapy manufacturing are major competitive moats. Messaging should emphasize supply resilience, specialized expertise, measurable access outcomes, and value-based partnership capabilities to stand apart from broader biotech and oncology-heavy competitors.",f,116500d0-357e-4ace-a7af-7264ed58e22a,2026-06-05 14:40:33.887809,2026-06-05 14:40:33.887809
f56e8200-378f-485b-8c40-a29de672160f,synozur.com,137db123-4906-4e61-af99-f0d23d86a622,PE Portfolio AI Value Architect,"CTO, Chief Investment Officer, or Operating Partner",Private Equity / Investment Management,Enterprise $1B+ AUM,"{""Portfolio companies are pursuing disconnected AI and digital initiatives without a shared value-creation framework, creating duplicated spend and uneven outcomes"",""The firm lacks a reliable way to assess AI readiness, data maturity, security exposure, and change readiness across multiple portfolio companies"",""Investment teams are under pressure to show measurable ROI quickly, but most transformation proposals are heavy on vision and light on quantified outcomes"",""Large consultancies often bring expensive, slow-moving teams and generic recommendations that do not adapt well to diverse portfolio contexts"",""Post-acquisition integration and operational improvement efforts often stall because leadership alignment, operating cadence, and accountability are weak""}","{""Create deal-stage specific AI and transformation playbooks for diligence, value creation, and integration"",""Identify high-impact use cases across the portfolio that can produce measurable EBITDA improvement, efficiency gains, or growth acceleration"",""Standardize a practical strategy-to-execution framework that works across multiple portfolio companies without forcing one-size-fits-all implementation"",""De-risk AI adoption through stronger governance, security, compliance, and leadership alignment"",""Deliver quick wins that build conviction with investment committees, operating partners, and portfolio executives""}","{""Concern that an advisor will offer abstract strategy work without enough accountability for execution momentum"",""Skepticism that a boutique firm can support multiple portfolio companies at sufficient scale"",""Worry that AI recommendations will not produce measurable ROI within typical hold-period expectations"",""Hesitation if the approach seems too generic or not tailored to different portfolio company operating models""}","{""Executive advisory meetings"",""Private equity network referrals"",""Strategy workshops"",""Industry events""}","This persona aligns tightly with the strongest strategic opportunity identified in the intelligence: building a dedicated PE-backed growth offering. They value speed, measurable outcomes, and repeatable operating models. Messaging should emphasize portfolio-wide assessment, quantified value creation, governance, and Synozur's advantage over large firms through a human-centric, structured Company OS approach plus AI-enabled strategy-execution visibility.",f,116500d0-357e-4ace-a7af-7264ed58e22a,2026-06-10 14:36:17.209029,2026-06-10 14:36:17.209029
37e852c4-7c63-48c0-8570-791ea7763134,synozur.com,137db123-4906-4e61-af99-f0d23d86a622,Midmarket Retail AI Pragmatist,Chief Information Officer,Midmarket Retail / Multi-Channel Retail,500-1000 employees,"{""AI hype has created pressure from the CEO and board, but the CIO lacks a clear prioritization model for what will actually deliver business value"",""The internal IT team is too lean to independently define strategy, validate data readiness, manage change, and oversee pilots at the same time"",""Data is fragmented across ecommerce, POS, inventory, merchandising, and customer systems, making AI initiatives feel risky and immature"",""The CIO is wary of buying generic AI tools or platform-heavy consulting that does not connect to operating realities in stores and supply chain"",""Technology projects often struggle because business leaders are not aligned on ownership, decision rights, and execution cadence""}","{""Build a business-aligned AI roadmap tied to retail outcomes such as forecasting accuracy, labor efficiency, inventory optimization, and customer experience"",""Launch a small number of quick-win pilots that can show measurable value within 12 to 18 months"",""Assess data maturity, governance, privacy, and infrastructure readiness before making larger investments"",""Improve cross-functional alignment between IT, operations, merchandising, and finance"",""Create confidence that AI efforts are disciplined transformation programs rather than scattered experiments""}","{""Concern that AI projects will become expensive pilots with unclear ROI or no path to scale"",""Worry about privacy, security, and compliance risks tied to customer and transaction data"",""Skepticism that external advisors will understand the realities of retail operations and change management"",""Concern that implementation demands will overwhelm an already stretched internal team""}","{""Executive workshops"",""Consultative assessments"",""Case studies"",""Microsoft ecosystem solution discussions""}","This persona is a strong fit because Synozur can differentiate from technology-first competitors by leading with business alignment, operating cadence, and organizational readiness. Retail CIOs need practical AI strategy, not abstract thought leadership. Messaging should highlight outcome-led pilots, readiness assessments, and how Synozur bridges strategy with ongoing execution accountability without locking clients into a single vendor ecosystem.",f,116500d0-357e-4ace-a7af-7264ed58e22a,2026-06-10 14:36:25.964749,2026-06-10 14:36:25.964749
8444ef29-69f9-4a4b-9b9d-86a923f1e069,synozur.com,137db123-4906-4e61-af99-f0d23d86a622,Tribal IT Leader at Casino Revenue Tribe,"Tribal CIO, IT Director, or Digital Transformation Lead",Tribal government and casino hospitality,Large tribal enterprise with substantial casino and hospitality revenue,"{""Legacy systems and siloed data across tribal government, casino operations, and community services"",""Limited internal AI expertise and workforce readiness for digital transformation"",""Security, privacy, compliance, and tribal sovereignty concerns in technology adoption"",""Difficulty managing organizational change across diverse stakeholders and departments"",""Pressure to prove clear ROI and tangible benefits to tribal council, members, and business leaders""}","{""Develop a strategic AI roadmap aligned to tribal priorities such as member engagement, casino operations, and financial management"",""Pilot AI solutions that improve operational efficiency through predictive analytics, automation, and personalized services"",""Adopt AI ethically and responsibly in ways that respect tribal values, sovereignty, and workforce impact"",""Build internal capability through training, change management, and collaborative solution design"",""Deliver measurable outcomes including revenue growth, improved member satisfaction, and long-term innovation""}","{""Concern that AI initiatives may not adequately protect tribal data, privacy, or sovereignty"",""Skepticism about whether the organization has the internal skills and readiness to implement AI successfully"",""Hesitation if proposed solutions are not tailored to tribal culture, governance, and business priorities"",""Resistance to investment without clear, measurable business outcomes and stakeholder buy-in""}","{""Collaborative workshops"",""Executive strategy meetings"",""Ongoing advisory and partnership sessions"",""Case studies and peer success stories""}","This persona is a senior tribal technology leader overseeing digital transformation in a tribe with significant casino and hospitality revenue. They are motivated to modernize operations, improve member services, and drive economic development through AI, but must navigate legacy infrastructure, limited AI maturity, high standards for privacy and sovereignty, and the need to secure support from tribal leadership and business stakeholders. They value empathetic, culturally aligned partners who can provide strategic guidance, practical pilots, training, and ongoing support.",f,116500d0-357e-4ace-a7af-7264ed58e22a,2026-03-26 13:01:53.277832,2026-06-25 17:09:53.429
e960f0ae-edfb-4760-ad38-b8d5de8c9430,synozur.com,137db123-4906-4e61-af99-f0d23d86a622,Microsoft Partner Revenue Leader,CRO / VP of Sales / Head of GTM at a Microsoft-aligned SI or ISV partner,Microsoft-focused IT services and software partners (Systems Integrators and ISVs),$10M-$200M+ revenue partner organization,"{""Inconsistent co-sell execution and uneven engagement with Microsoft sellers and Partner Development Managers"",""Weak message-market fit for AI, Copilot, and other Microsoft-aligned offerings"",""Sales teams struggle to clearly differentiate against competitors and native Microsoft capabilities"",""Poor alignment between marketing campaigns, solution packaging, and sales execution""}","{""Accelerate co-sell velocity and improve collaboration with the Microsoft field"",""Package offerings into repeatable solutions aligned to Microsoft priorities such as Copilot, Azure, Security, and Data"",""Create predictable forecasting and stronger board-level confidence in revenue performance"",""Turn AI and Copilot market momentum into measurable revenue growth""}","{""Skeptical of AI hype and unlikely to buy without clear, measurable revenue impact"",""May resist theoretical consulting or disconnected tooling that does not fit existing M365 and CRM workflows"",""Needs proof that the solution improves win rates, deal velocity, and co-sell outcomes quickly"",""May question whether an offering can bridge strategy, messaging, and execution across cross-functional teams""}","{""Microsoft Partner ecosystem relationships and field engagement"",""Integrated M365 and CRM-based workflows"",""Direct executive and partner-led conversations"",""Actionable performance reporting tied to pipeline, forecasting, and market intelligence"",LinkedIn,Email,Conferences}","This persona is a pragmatic senior revenue executive at a Microsoft-aligned services or software partner, typically responsible for revenue growth, pipeline health, and co-sell success. They work closely with Microsoft and internal marketing, product, and delivery teams, and are under pressure to convert AI/Copilot opportunities into repeatable sales motions and predictable revenue. They respond best to partnership-oriented solutions that connect market intelligence, messaging, and execution with fast, measurable business outcomes.",t,116500d0-357e-4ace-a7af-7264ed58e22a,2026-06-25 17:11:29.553733,2026-06-25 17:11:29.553733
ccbe985e-0864-4501-bf09-c6f1cab31e47,synozur.com,137db123-4906-4e61-af99-f0d23d86a622,Microsoft-Aligned Partner Marketing Leader,CMO / VP of Marketing / Head of Demand Generation at a Microsoft-aligned SI or ISV partner,Microsoft partner ecosystem / B2B technology services and software,Mid-market to enterprise B2B partner organization,"{""Generic messaging that overlaps with Microsoft's native positioning and fails to differentiate"",""High campaign activity but weak conversion into qualified pipeline and revenue"",""Difficulty packaging technical Microsoft-aligned capabilities into market-ready solution offers"",""Limited visibility into competitor positioning and what is working across campaigns, partners, and segments"",""Poor sales adoption of marketing content and inconsistent trust or alignment between sales and marketing""}","{""Build clear, differentiated positioning aligned to Microsoft priorities such as Copilot, Azure, Security, and Data"",""Drive qualified pipeline and measurable revenue contribution rather than just MQL volume"",""Launch repeatable campaigns tied to solution plays and Microsoft funding programs"",""Improve sales and marketing alignment around ICPs, messaging, and lead handoffs"",""Demonstrate attribution, ROI, and pipeline impact from marketing investments""}","{""Skepticism toward volume-first marketing programs that do not show conversion to pipeline"",""Concern that external support may not clearly differentiate the company from Microsoft or competitors"",""Hesitation if solutions cannot integrate with existing systems like M365, Dynamics, HubSpot, and Copilot workflows"",""Reluctance to invest without proof of measurable impact on conversion rates, sales alignment, and revenue outcomes""}","{""Microsoft partner marketing and co-sell program channels"",""Integrated marketing platforms such as Dynamics and HubSpot"",""M365 and Copilot-enabled workflow environments"",""Cross-functional collaboration with Sales, Product, and Alliances teams"",LinkedIn,Email,Conferences}","This persona is a senior B2B marketing executive at a Microsoft-aligned systems integrator or ISV responsible for positioning, demand generation, and pipeline impact. They operate at the intersection of Microsoft GTM alignment, solution packaging, and campaign execution, and are under pressure to prove that AI and Copilot market momentum translates into qualified pipeline and revenue. They value practical, data-backed, integrated solutions that connect market insight, messaging, campaign execution, and attribution.",t,116500d0-357e-4ace-a7af-7264ed58e22a,2026-06-25 17:12:19.487357,2026-06-25 17:12:19.487357
