id,title,description,area,impact,created_at,user_id,tenant_domain,status,assigned_to,dismissed_at,accepted_at,competitor_id,product_id,project_id,market_id,thumbs_up,thumbs_down,is_priority,dedupe_key,dismissed_reason,dismissed_by
6f5fec0e-a0a1-4c22-a052-7d97b6951160,Build Industry-Specific Value Quantification Framework with Vertical Case Studies,"Develop vertical-specific ROI frameworks that quantify outcomes in industry-relevant metrics (e.g., healthcare: patient wait time reduction + revenue cycle acceleration; financial services: compliance cost savings + fraud detection improvement; manufacturing: OEE increases + supply chain optimization). Create 3-5 deep vertical landing pages showcasing industry expertise with specific client results, similar to Avanade's 13+ sector focus. Include concrete proof points like West Monroe's '$3.5B+ in measurable client benefits' tailored to each vertical. Partner with industry analysts to validate frameworks and obtain quotable endorsements for credibility in competitive evaluations.",Messaging,High,2026-02-04 01:37:29.967504,116500d0-357e-4ace-a7af-7264ed58e22a,synozur.com,pending,,,,,,,137db123-4906-4e61-af99-f0d23d86a622,0,0,f,,,
dff0c0d2-2190-4b6b-bc3d-ed56df9f4832,Develop Proprietary Research Program to Establish Industry Authority,"Create a recurring proprietary research initiative (e.g., quarterly industry benchmark reports, annual trend indices, or specialized polls on strategic priorities) similar to Eagle Hill's Employee Retention Index and E78's data-driven polls on planning priorities. Focus on quantifiable data points that address current pain points in target industries. Promote findings through executive bylines in major publications (Fortune, Harvard Business Review) and use data as sales enablement tools. Package research with interactive tools or calculators that prospects can use, generating qualified leads while establishing thought leadership credentials that differentiate from pure service providers.",Content,High,2026-02-04 01:37:29.766893,116500d0-357e-4ace-a7af-7264ed58e22a,synozur.com,dismissed,,2026-03-25 16:38:33.257,,,,,137db123-4906-4e61-af99-f0d23d86a622,0,0,f,developproprietaryresearchprogramtoestablishindustryauthority_content,low_priority,116500d0-357e-4ace-a7af-7264ed58e22a
67520988-e44f-4385-bdd9-170560505529,Launch AI Maturity Assessment Tool with Implementation Roadmap,"Create a self-service AI readiness diagnostic tool that evaluates prospects across dimensions identified by competitors: governance maturity (Slalom), execution capability (West Monroe), operational discipline (Propeller), and industrialization readiness (Credera). Generate custom reports with benchmarking data comparing respondents to industry peers, along with phased implementation roadmaps. Use assessment results to segment prospects into 'experimentation,' 'pilot,' or 'industrialization' stages and deliver stage-appropriate nurture content. Require business email for access to build qualified pipeline while positioning the company as an AI implementation expert rather than generalist consultant.",Features,High,2026-02-04 01:37:30.266184,116500d0-357e-4ace-a7af-7264ed58e22a,synozur.com,dismissed,,2026-03-25 15:58:34.077,,,,,137db123-4906-4e61-af99-f0d23d86a622,0,0,t,launchaimaturityassessmenttoolwithimplementationroadmap_features,already_done,116500d0-357e-4ace-a7af-7264ed58e22a
a88cfc10-70f7-4831-8844-18562b66a89f,Develop 'Smart Infrastructure' Innovation Positioning and Thought Leadership Program,"Create an innovation-focused narrative positioning Harris as forward-thinking leaders in emerging civil engineering technologies and methodologies. Develop thought leadership content series on topics like smart infrastructure, sustainable stormwater solutions, climate-resilient design, advanced modeling technologies, or data-driven infrastructure planning. Publish quarterly white papers, host webinars, and contribute to industry publications. Replace conservative language like 'practical engineering solutions' with innovation-oriented messaging such as 'Engineering Tomorrow's Infrastructure Today' or 'Where Proven Methods Meet Innovative Solutions.' Showcase any technology tools, software capabilities, or innovative methodologies currently used.",Content,Medium,2026-02-02 21:21:30.542849,116500d0-357e-4ace-a7af-7264ed58e22a,synozur.com,dismissed,,2026-03-25 16:39:53.241,,,,,,0,0,f,developsmartinfrastructureinnovationpositioningandthoughtleadershipprogram_content,duplicate,116500d0-357e-4ace-a7af-7264ed58e22a
75e59d20-42ef-4370-a280-02cd3a046cfe,Implement Quantified Success Metrics Dashboard Across Marketing Materials,"Develop and prominently feature measurable client success metrics throughout marketing materials: client retention rate, percentage of repeat business, on-time/on-budget project delivery statistics, average project cost savings, and client satisfaction scores. Create a visual 'By the Numbers' section on website homepage and proposal templates. If metrics aren't currently tracked, implement measurement systems immediately and use historical data to establish baselines. Feature the strongest metric as a hero statistic (e.g., 'XX% Client Retention Rate' or 'XX% Projects Delivered On-Budget') in executive summaries and competitive presentations.",Content,Medium,2026-02-02 21:21:30.520998,116500d0-357e-4ace-a7af-7264ed58e22a,synozur.com,dismissed,,2026-03-25 16:40:46.152,,,,,,0,0,f,implementquantifiedsuccessmetricsdashboardacrossmarketingmaterials_content,duplicate,116500d0-357e-4ace-a7af-7264ed58e22a
a5c8432c-fa80-4a7a-98c9-0adf40cf404f,Develop Quantifiable Archive-as-a-Service (AaaS) Recurring Revenue Model,"Transform from one-time decommissioning project vendor to ongoing Archive-as-a-Service provider. Package archive hosting, compliance monitoring, query services, and AI-powered data insights as subscription tiers (Basic: secure storage + compliance, Professional: + advanced search + analytics, Enterprise: + AI data mining + integration APIs). Emphasize continuous value through automated compliance reporting, proactive regulatory updates, and evolving archive capabilities that keep pace with cloud/AI innovations.",Positioning,High,2026-02-17 14:26:28.485506,116500d0-357e-4ace-a7af-7264ed58e22a,synozur.com,pending,,,,,,,cbb5fabd-c82b-4d50-bd34-2a0d79398622,0,0,f,,,
885eb720-4f05-4e3e-ac7c-18f5fe144e76,Create 'Modernization Enablement' Positioning Framework,"Reframe decommissioning narrative as 'modernization enablement'—the critical first step that unlocks transformation budgets, reduces technical debt, and creates capacity for cloud migration. Develop messaging that positions archive projects as enabling modernization (freeing resources, eliminating maintenance costs, reducing attack surface) rather than competing with it. Create content showing how decommissioning precedes/enables the transformation services competitors sell: 'Before you modernize with [Competitor], modernize your legacy footprint with Sunset Point.'",Messaging,High,2026-02-17 14:26:28.512478,116500d0-357e-4ace-a7af-7264ed58e22a,synozur.com,pending,,,,,,,cbb5fabd-c82b-4d50-bd34-2a0d79398622,0,0,f,,,
2a761c18-801c-469f-95be-ef850c63d740,Launch 'Agentic AI Evolution' Narrative Campaign,"Reposition Microsoft's AI capabilities from 'assistive Copilot' to 'autonomous agentic AI' by creating a narrative arc that demonstrates progression from augmentation to autonomy. Develop content series showcasing how Microsoft 365 Copilot evolves into autonomous agents that anticipate needs, take independent actions, and operate 24/7. Include specific use cases of autonomous document processing, meeting scheduling, data analysis, and workflow orchestration that require minimal human intervention. Position this as 'AI that works for you, not just with you.'",Positioning,High,2026-01-29 04:13:57.854648,116500d0-357e-4ace-a7af-7264ed58e22a,synozur.com,pending,,,,,,,5d149a37-4d48-4ada-994a-eff6cc41c995,0,0,f,,,
0dcd3420-a9e7-4ce7-834a-cd424ec62242,Publish Third-Party Validated Trust Indicators Campaign,"Execute immediate credibility-building initiative: obtain SOC 2 Type II certification, commission independent security audit with published results, achieve ISO 27001 compliance, and pursue industry-specific certifications (HITRUST for healthcare, PCI DSS for financial). Create dedicated 'Security & Compliance' page showcasing certifications, third-party validation reports, penetration test summaries, and compliance framework mappings. Develop case study program with anonymized metrics even if client logos unavailable (e.g., 'Fortune 500 Financial Services: 47TB archived, 94% cost reduction, zero compliance incidents over 3 years').",Messaging,High,2026-02-17 14:26:28.534691,116500d0-357e-4ace-a7af-7264ed58e22a,synozur.com,pending,,,,,,,cbb5fabd-c82b-4d50-bd34-2a0d79398622,0,0,f,,,
e6bd5486-fed8-4807-8871-67953228c5bf,Develop Hybrid Cloud Archive Integration Playbook,"Create and promote technical integration capabilities connecting PDF archives to modern cloud ecosystems: AWS S3/Glacier integration for tiered storage, Azure Purview/Google Cloud DLP connectors for unified data governance, REST APIs for archive queries from modern applications, data lake export utilities for analytics platforms, and documented integration patterns with major cloud providers. Package as 'Cloud-Native Archive Infrastructure' positioning that shows archives as active participants in hybrid cloud architectures, not isolated legacy repositories.",Features,Medium,2026-02-17 14:26:28.557963,116500d0-357e-4ace-a7af-7264ed58e22a,synozur.com,pending,,,,,,,cbb5fabd-c82b-4d50-bd34-2a0d79398622,0,0,f,,,
981b3080-5591-4a9e-ab76-b4b3a5c68c71,Launch 'Archive Intelligence' AI Value-Add Program,"Expand 'AI-ready archives' from passive capability to active value driver. Develop and market AI-powered services operating on archived data: automated anomaly detection for fraud/compliance investigations, natural language querying of historical records, predictive analytics identifying data retention optimization opportunities, and trend analysis extracting business insights from historical transactions. Position as 'unlocking hidden value in retired systems'—transforming archives from compliance cost centers into business intelligence assets that generate ongoing insights unavailable from competitors' modernization approaches.",Features,Medium,2026-02-17 14:26:28.581751,116500d0-357e-4ace-a7af-7264ed58e22a,synozur.com,pending,,,,,,,cbb5fabd-c82b-4d50-bd34-2a0d79398622,0,0,f,,,
f0c8c7f8-8840-4890-b36b-542b43013000,Build Industry-Specific Decommissioning Frameworks,"Develop vertical-specific messaging and solution frameworks for Financial Services (SOX, FINRA archival requirements), Healthcare (HIPAA retention), Manufacturing (Quality/FDA compliance), and Government (FOIA, records management). Create industry landing pages with sector-specific ROI calculators, compliance requirement mappings, and case study templates. Include vertical-specific keywords like 'HIPAA-compliant legacy system retirement' or 'SOX archival for financial system decommissioning.'",Positioning,High,2026-02-19 20:25:01.447837,116500d0-357e-4ace-a7af-7264ed58e22a,synozur.com,pending,,,,,,,cbb5fabd-c82b-4d50-bd34-2a0d79398622,0,0,f,,,
19aee47f-650f-48d7-b27e-191345acfe06,Create 'Decommissioning Maturity Model' Thought Leadership Series,"Position as category authority by publishing a comprehensive framework that defines the stages of legacy system retirement maturity (Ad-Hoc → Managed → Strategic → Optimized). Develop assessment tools, whitepapers, webinars, and benchmark data comparing decommissioning vs. migration TCO. Include CMO/CTO-level content explaining when to retire vs. migrate, supported by third-party research or analyst partnerships.",Content,Medium,2026-02-19 20:25:01.483689,116500d0-357e-4ace-a7af-7264ed58e22a,synozur.com,pending,,,,,,,cbb5fabd-c82b-4d50-bd34-2a0d79398622,0,0,f,,,
5929fa4d-10bc-42dd-9190-f18152ff1817,Crawl failures detected for Oracle,Oracle has failed 3 consecutive crawl attempts. The site may be unreachable or blocking automated crawlers. Consider excluding it from automated crawling.,crawl_health,Medium,2026-03-23 22:05:47.641053,,synozur.com,pending,,,,d36f6151-a2c2-4261-9483-540deff0b905,,,5d149a37-4d48-4ada-994a-eff6cc41c995,0,0,f,,,
1791ef62-d9e6-4188-9e72-81b10206097b,Create 'Tool Consolidation ROI' Campaign with Migration Stories,"Develop aggressive messaging campaign explicitly addressing 'tool sprawl' and 'disconnected systems' pain points, positioning Microsoft 365 as the consolidation solution. Create calculator tools showing cost savings from replacing multiple point solutions (Slack + Zoom + Asana + others) with integrated Microsoft 365. Publish customer migration stories with specific ROI metrics: percentage reduction in tools, cost savings, and productivity gains. Include direct comparison matrices showing feature parity across consolidated Microsoft 365 vs. competitor tool stacks.",Messaging,High,2026-01-29 04:13:57.889252,116500d0-357e-4ace-a7af-7264ed58e22a,synozur.com,pending,,,,,,,5d149a37-4d48-4ada-994a-eff6cc41c995,0,0,f,,,
eceb0f82-ecc7-49e0-82d8-c700c7c6bcd5,Deploy Customer-Validated ROI Data Library,"Commission third-party research and aggregate customer data to create a comprehensive, publicly available ROI metrics library with specific, quantified outcomes across industries and use cases. Publish metrics such as: '% reduction in meeting time,' '% faster document creation,' 'hours saved per employee weekly,' '% improvement in sales cycle time,' and 'customer satisfaction score improvements.' Feature these data points prominently in all marketing materials, sales presentations, and executive keynotes. Create industry-specific ROI benchmarks comparing Microsoft 365 outcomes against competitor platforms.",Messaging,High,2026-01-29 04:13:57.913183,116500d0-357e-4ace-a7af-7264ed58e22a,synozur.com,pending,,,,,,,5d149a37-4d48-4ada-994a-eff6cc41c995,0,0,f,,,
09147723-d877-41eb-baa8-76d2801f6f3f,Develop 'Competitive Challenger' Brand Personality for Mid-Market,"Create a distinct mid-market brand voice and content strategy that introduces personality, humor, and direct competitive positioning without compromising enterprise credibility. Launch a dedicated LinkedIn content stream featuring: relatable workplace memes about productivity challenges, playful competitive comparisons (without naming competitors), customer success stories told through casual storytelling, and behind-the-scenes glimpses of product development. Test this personality-driven approach in mid-market segments where HubSpot and Slack's casual tone resonates strongly, while maintaining traditional professional tone for enterprise audiences.",Messaging,Medium,2026-01-29 04:13:57.937758,116500d0-357e-4ace-a7af-7264ed58e22a,synozur.com,pending,,,,,,,5d149a37-4d48-4ada-994a-eff6cc41c995,0,0,f,,,
2134d14f-27d1-494d-9f07-07b1a8a913aa,Launch 'Why Switch' Competitive Migration Program,"Create an assertive competitive differentiation program that directly addresses switching rationale from legacy and point solutions. Develop content series addressing specific pain points of competitor platforms: 'Why Teams users switch from Slack,' 'Why Excel users upgrade from Google Sheets,' 'Why enterprises migrate from Zoom.' Include honest feature comparisons, migration guides, ROI calculators showing switching benefits, and customer testimonials from recent switchers. Position Microsoft 365 as the inevitable upgrade path while highlighting competitor limitations in security, integration, AI capabilities, and total cost of ownership.",Positioning,Medium,2026-01-29 04:13:57.962849,116500d0-357e-4ace-a7af-7264ed58e22a,synozur.com,pending,,,,,,,5d149a37-4d48-4ada-994a-eff6cc41c995,0,0,f,,,
114743c0-eb34-4f95-af5d-31b66c24cc97,Build 'CFO-Ready Business Case Builder' with Industry-Specific ROI Metrics,"Develop an interactive business case tool that translates RecordPoint's technical capabilities into quantified financial outcomes by industry vertical. Include metrics like: storage cost reduction from defensible disposal, breach risk reduction from automated classification, FTE hours saved from automated workflows, and compliance penalty avoidance. Model after Microsoft Purview's '30% breach reduction, 355% ROI, $2.3M NPV' approach but customize for mid-market buyers. Package as both self-service calculator and sales enablement tool with pre-populated industry benchmarks (financial services, healthcare, manufacturing, public sector).",Messaging,High,2026-02-04 03:11:55.765359,116500d0-357e-4ace-a7af-7264ed58e22a,synozur.com,pending,,,,,,,9a959fb8-9171-4141-a2b8-f2df7ee805ee,0,0,f,,,
6b7f62a0-81e0-496c-8639-2c969465472e,Launch 'RecordPoint Governance Intelligence' Thought Leadership Hub with Proprietary Research,"Establish a branded research initiative publishing quarterly reports on data governance threats, compliance trends, and AI risk patterns derived from RecordPoint's anonymized platform telemetry across customer base. Model after Varonis Threat Labs approach but focus on governance/compliance domain (e.g., 'State of Unstructured Data Risk 2025,' 'AI Data Exposure Index,' 'Hidden Compliance Debt Report'). Distribute through dedicated microsite, LinkedIn newsletter, webinar series, and media outreach to establish RecordPoint subject matter experts as authoritative voices. Include contributor articles in industry publications and speaking opportunities at conferences.",Content,High,2026-02-04 03:11:55.789491,116500d0-357e-4ace-a7af-7264ed58e22a,synozur.com,pending,,,,,,,9a959fb8-9171-4141-a2b8-f2df7ee805ee,0,0,f,,,
fbead4e0-f2a3-4c6d-88ef-2375238431d0,Create 'Chief AI Officer Enablement Kit' Targeting AI Operationalization Buyers,"Develop dedicated buyer persona content and messaging for Chief AI Officers, Chief Data Officers, and AI product teams focused on 'AI operationalization governance' rather than compliance. Include: AI data pipeline governance playbook, model training data quality assurance workflows, AI output monitoring and content policy enforcement guides, and integration patterns for LLMOps platforms. Position RecordPoint as enabling safe AI deployment at scale (data preparation, ongoing monitoring, policy enforcement) rather than purely compliance/risk reduction. Package with case studies showing AI time-to-production acceleration through automated data curation.",Audience,Medium,2026-02-04 03:11:55.813453,116500d0-357e-4ace-a7af-7264ed58e22a,synozur.com,pending,,,,,,,9a959fb8-9171-4141-a2b8-f2df7ee805ee,0,0,f,,,
c6c03180-9df2-4a9f-aec5-3a07e714b264,Quantify and Showcase Enterprise Scale Indicators,"Develop concrete proof points for messaging: total data volume archived (e.g., '500+ TB under management'), system instances decommissioned, aggregate cost savings delivered, or customer retention rate. If customer logos cannot be disclosed, create anonymized case study metrics ('Fortune 500 Financial Services,' 'Top 10 Healthcare Provider'). Add visible trust indicators to homepage: years in business, team expertise credentials, security certifications (SOC 2, ISO 27001).",Messaging,High,2026-02-19 20:25:01.507149,116500d0-357e-4ace-a7af-7264ed58e22a,synozur.com,pending,,,,,,,cbb5fabd-c82b-4d50-bd34-2a0d79398622,0,0,f,,,
4c7105d2-6e89-44cb-be3f-7fd154db9814,Launch 'Strategic Transformation Pathway' Positioning,"Reframe messaging to position decommissioning as the strategic first step in modernization journeys, not an alternative to it. Develop narrative: 'Accelerate Cloud Migration by Eliminating What You Don't Need to Move' - showing how retirement of 30-40% of legacy systems (typical opportunity) reduces migration scope, timeline, and cost. Create content showing decommissioning + selective migration as the optimal modernization strategy rather than 'we don't migrate' positioning.",Positioning,High,2026-02-19 20:25:01.53247,116500d0-357e-4ace-a7af-7264ed58e22a,synozur.com,pending,,,,,,,cbb5fabd-c82b-4d50-bd34-2a0d79398622,0,0,f,,,
ed107b22-0329-4a19-b1d8-8c63fe310fb4,Develop and Brand a Proprietary Operating System Methodology,"Create a named, structured methodology (e.g., 'The Salient Operating System' or 'S7 Framework') with clearly defined stages, tools, and visual models. Productize this into a book, certification program for implementers, and standardized delivery model with branded worksheets, assessments, and recurring touchpoints. Include trademarked components and IP that can be referenced, taught, and scaled beyond individual consulting engagements.",Features,High,2026-01-29 04:18:06.183527,116500d0-357e-4ace-a7af-7264ed58e22a,synozur.com,pending,,,,,,,0a0caa0c-74f1-41e0-ae37-a070ed194772,0,0,f,,,
9f5af8ad-e191-498e-844a-e51ffb9d0061,Launch CEO Peer Advisory Cohorts as a Service Tier,"Introduce quarterly or monthly peer advisory groups for CEO clients as either a standalone offering or premium tier. Facilitate structured issue-processing sessions where 8-12 CEOs tackle real challenges together using Salient7's frameworks. Position this as 'breaking CEO isolation' and 'accessing collective intelligence of proven leaders.' Create application criteria (revenue thresholds, years in business) to establish exclusivity and charge premium recurring fees for membership.",Features,High,2026-01-29 04:18:06.2086,116500d0-357e-4ace-a7af-7264ed58e22a,synozur.com,pending,,,,,,,0a0caa0c-74f1-41e0-ae37-a070ed194772,0,0,f,,,
ffe73847-3d84-4767-a443-07aa937b7239,Reframe Homepage Messaging with Emotional Pain-First Hooks,"Restructure hero messaging to lead with visceral CEO pain points before introducing solutions. Replace cerebral 'myth-busting' statements with emotional resonance: 'Feeling trapped by your own success? Running faster but getting nowhere?' or 'Your business is growing, but you're drowning in complexity.' Follow with agitation of consequences, then position Salient7's framework as the relief. Use storytelling patterns that mirror EOS's 'take control instead of letting it run you' emotional directness.",Messaging,Medium,2026-01-29 04:18:06.2364,116500d0-357e-4ace-a7af-7264ed58e22a,synozur.com,pending,,,,,,,0a0caa0c-74f1-41e0-ae37-a070ed194772,0,0,f,,,
b799cf76-7304-4b49-b3fe-df16ec409687,Create Quantifiable Social Proof Campaign with Client Impact Metrics,"Develop and prominently display specific proof points: '[X] companies transformed,' 'Average revenue growth of [Y]% in first year,' '[Z] years of combined client experience,' or case study outcomes (e.g., '3X team productivity in 90 days'). Conduct client surveys to gather measurable results data. Feature these metrics on homepage hero section, create a dedicated results/impact page, and use in all sales collateral. Consider third-party validation like ROI studies or industry recognition.",Messaging,High,2026-01-29 04:18:06.258548,116500d0-357e-4ace-a7af-7264ed58e22a,synozur.com,pending,,,,,,,0a0caa0c-74f1-41e0-ae37-a070ed194772,0,0,f,,,
3af2a1ac-a03e-4f52-854a-8b013924610f,Develop Book-Anchored Thought Leadership Content Engine,"Author a practitioner-focused business book that codifies Salient7's methodology (similar to 'Traction' for EOS or Lencioni's 'Five Dysfunctions'). Use book as cornerstone for content marketing: extract chapters for blog posts, create companion workbooks/assessments, develop keynote talks, and position as 'required reading' for potential clients. Pursue traditional publishing for credibility or strategic self-publishing with professional production. Build content calendar around book frameworks to establish authoritative point-of-view.",Content,Medium,2026-01-29 04:18:06.281636,116500d0-357e-4ace-a7af-7264ed58e22a,synozur.com,pending,,,,,,,0a0caa0c-74f1-41e0-ae37-a070ed194772,0,0,f,,,
01a9a7cb-0be0-425c-96a1-1af7ff79e93e,Develop 'Unified Governance Workflows' Platform Messaging with Cross-Functional Use Case Library,"Reposition RecordPoint's 1000+ system connectivity from integration breadth to 'unified governance workflows' that span privacy compliance, security incident response, AI model governance, and data quality operations on a single platform. Create visual workflow diagrams showing how a single data discovery feeds privacy assessments, security classifications, AI training exclusions, and retention policies simultaneously. Build use case library demonstrating cross-functional scenarios (e.g., 'Privacy Request to Security Investigation to AI Retraining Pipeline') that competitors' point solutions cannot deliver. Emphasize workflow automation across departments vs. siloed tools.",Features,Medium,2026-02-04 03:11:55.838609,116500d0-357e-4ace-a7af-7264ed58e22a,synozur.com,pending,,,,,,,9a959fb8-9171-4141-a2b8-f2df7ee805ee,0,0,f,,,
531bb20e-676e-49a1-9ee6-a8daebf93bdd,Sharpen Value Proposition with Tangible Differentiation,"Reposition the brand beyond 'storytelling' to articulate a concrete, defensible unique selling proposition. Options include: (1) Specializing in a specific niche such as coastal transitions, tidal ecosystems, or lesser-known Pacific Northwest locations, (2) Developing a signature artistic approach (specific techniques, processing style, or perspective), or (3) Creating a service-based differentiator like exclusive location access, limited editions with provenance documentation, or photography education components. The value proposition should answer: 'Why would someone choose Cascadia Oceanic over Peter James or Paul Marcoe beyond personal connection?'",Positioning,High,2026-01-19 20:02:43.175991,cfb63c72-81e0-44ff-9c96-7d6632a72dde,chrismcnulty.net,pending,,,,,,,08610095-ef99-4205-b5ae-13264021a471,0,0,f,,,
19b3444f-fe71-449e-8778-cb70e893d625,Implement Environmental Impact Program as Core Brand Pillar,"Develop and prominently feature an environmental stewardship initiative aligned with Pacific Northwest values. This could include: partnering with local conservation organizations (e.g., percentage of sales to Puget Sound restoration, coastal habitat protection, or salmon recovery programs), implementing carbon-neutral printing and shipping, creating limited editions that fund specific environmental projects, or offering customers the option to direct impact to specific causes. Integrate this into all messaging, product pages, and marketing materials as a key decision factor, not an afterthought.",Positioning,High,2026-01-19 20:02:43.192964,cfb63c72-81e0-44ff-9c96-7d6632a72dde,chrismcnulty.net,pending,,,,,,,08610095-ef99-4205-b5ae-13264021a471,0,0,f,,,
c24f2d55-5943-48f9-a42b-ed0322adc7e8,Focus Exclusively on Pacific Northwest and Define Primary Target Audience,"Eliminate Atlantic coast imagery from the portfolio and marketing to establish clear regional authority and expertise in Pacific Northwest oceanic and coastal photography. Simultaneously, choose a primary target audience (either 'art enthusiasts seeking coastal/oceanic fine art' OR 'professional network from technology/marketing') and develop tailored messaging, pricing, and product offerings for that segment. Create secondary messaging for the other audience, but prioritize marketing resources and channel strategies around the primary segment.",Positioning,High,2026-01-19 20:02:43.199387,cfb63c72-81e0-44ff-9c96-7d6632a72dde,chrismcnulty.net,pending,,,,,,,08610095-ef99-4205-b5ae-13264021a471,0,0,f,,,
8797e120-1f74-4423-a1ab-9d0749c63f2c,Crawl failures detected for Deloitte Risk & Financial Advisory,Deloitte Risk & Financial Advisory has failed 3 consecutive crawl attempts. The site may be unreachable or blocking automated crawlers. Consider excluding it from automated crawling.,crawl_health,Medium,2026-03-23 23:15:19.964027,,protiviti.com,pending,,,,eee440c7-c530-4797-a036-741e3b2fb9e6,,,df5aac98-bc6d-41ae-a00b-a61d3e1505a9,0,0,f,,,
f047e028-8d85-4be8-a2db-4582834439c9,Elevate Platform Positioning with Technical Specificity,"Rebrand messaging to prominently feature THEMIS as a proprietary migration platform with specific technical capabilities. Create a dedicated platform page highlighting number of connectors, low-code/no-code features, and technical architecture. Add platform-specific messaging to homepage similar to 'Powered by THEMIS: The intelligent migration platform with [X] enterprise connectors.' Include product comparison matrix showing THEMIS capabilities against generic migration approaches. Develop technical collateral (white papers, architecture diagrams) that position THEMIS as sophisticated technology infrastructure, not just a service methodology.",Positioning,High,2026-01-19 23:32:28.459554,116500d0-357e-4ace-a7af-7264ed58e22a,synozur.com,pending,,,,,,,5428db01-79b3-4487-a2b2-0e63327f2510,0,0,f,,,
2739b97e-2ade-4131-b18f-d9f97bf6c592,Reframe ECM as Digital Transformation Foundation,"Shift core messaging from 'ECM solutions partner' to 'Digital transformation accelerator through intelligent content migration.' Develop a content narrative framework that positions migration as the critical foundation for AI readiness, Microsoft 365 optimization, and enterprise-wide digital workplace evolution. Create thought leadership content connecting ECM migration to business outcomes: productivity gains, compliance risk reduction, AI/Copilot enablement, and legacy technical debt elimination. Add a 'Transformation Journey' section to website showing migration as phase one of ongoing digital maturity evolution, not a one-time project.",Messaging,High,2026-01-19 23:32:28.561988,116500d0-357e-4ace-a7af-7264ed58e22a,synozur.com,pending,,,,,,,5428db01-79b3-4487-a2b2-0e63327f2510,0,0,f,,,
4609e848-1b00-4342-8b60-ee6361492ca6,Establish Quantifiable Trust Indicators and Social Proof,"Add prominent trust markers to homepage and key landing pages: '[X] years of migration expertise,' '[X] successful enterprise migrations,' '[X] petabytes of content migrated,' customer logos from recognizable brands, and pursuit of ISO 27001 certification (or timeline for certification). Create a dedicated 'Why Helux' page with detailed credibility section including certifications, years in business, scale metrics, and third-party validations. Develop 3-5 detailed case studies with quantified outcomes (time saved, costs reduced, records migrated) from different industries. Add customer testimonials with names, titles, and companies to service pages.",Content,Medium,2026-01-19 23:32:28.660829,116500d0-357e-4ace-a7af-7264ed58e22a,synozur.com,pending,,,,,,,5428db01-79b3-4487-a2b2-0e63327f2510,0,0,f,,,
3d4af75f-206d-4574-82be-f40450b00158,Develop Industry-Specific Vertical Messaging,"Create industry-specific landing pages for 3-5 high-priority verticals (healthcare, financial services, government, manufacturing, education) highlighting sector-specific challenges, compliance requirements, and use cases. Develop industry-tailored value propositions addressing vertical pain points (HIPAA compliance for healthcare, SEC/FINRA for financial services, FedRAMP for government). Add industry expertise indicators to team bios and create vertical-specific case studies. Adjust paid search and content strategy to target industry-specific keywords and decision-maker personas within each vertical.",Content,Medium,2026-01-19 23:32:28.860391,116500d0-357e-4ace-a7af-7264ed58e22a,synozur.com,pending,,,,,,,5428db01-79b3-4487-a2b2-0e63327f2510,0,0,f,,,
4d8c0436-b6f6-49ca-be51-bb5480c4aa79,Expand Post-Migration Services and Long-Term Partnership Messaging,"Develop and prominently message post-migration value services: ongoing optimization, adoption enablement, governance sustainment, content analytics, and managed services. Create a 'Migration Success Program' or similar offering that includes 6-12 month post-migration support, user adoption tracking, and continuous optimization. Add service packages that extend beyond implementation (e.g., 'Optimize,' 'Sustain,' 'Evolve' tiers). Reframe sales conversations and proposals to position migration as beginning of partnership rather than end of engagement. Develop content showing ROI optimization over time with ongoing support versus one-time migration projects.",Features,Medium,2026-01-19 23:32:29.060114,116500d0-357e-4ace-a7af-7264ed58e22a,synozur.com,pending,,,,,,,5428db01-79b3-4487-a2b2-0e63327f2510,0,0,f,,,
7fa0408a-13ce-4b83-b447-098ad7465c3f,Develop Third-Party Validation Program to Build Enterprise Credibility,"Pursue analyst recognition from Gartner, Forrester, or IDC through formal briefings and evaluations. In parallel, commission independent ROI studies with existing customers to generate quantifiable metrics (time saved, engagement rates, productivity gains). Publish case studies featuring verifiable statistics from enterprise deployments. Create a 'Trust Center' on the website showcasing analyst reports, customer success metrics, security certifications, and independent validation to match the credibility signals competitors leverage.",Messaging,High,2026-01-30 02:14:21.924419,116500d0-357e-4ace-a7af-7264ed58e22a,synozur.com,pending,,,,,,,0ac8db60-16c4-4665-a8f3-e4655a5a29b5,0,0,f,,,
88cb297c-7122-4d2e-8856-ad3dac2ecdfb,Reframe Core Positioning from 'Knowledge Platform' to 'Employee Experience Through Knowledge Intelligence',"Shift primary messaging from the technical 'Intelligent Knowledge Platform' to outcome-focused positioning like 'Knowledge-Driven Employee Experience Platform' or 'Intelligent Workplace for Knowledge Workers.' Lead with employee experience outcomes (faster decision-making, reduced frustration, empowered expertise discovery) while positioning knowledge management as the differentiating methodology. Update homepage hero messaging, value propositions, and sales materials to emphasize the human impact of knowledge accessibility rather than the technical infrastructure.",Positioning,High,2026-01-30 02:14:21.961008,116500d0-357e-4ace-a7af-7264ed58e22a,synozur.com,pending,,,,,,,0ac8db60-16c4-4665-a8f3-e4655a5a29b5,0,0,f,,,
22026619-0de1-4ead-b11f-0684b876840a,Expand Product Offerings with Visualization and Customization Services,"Develop comprehensive product and service ecosystem beyond 'primarily metal prints': (1) Implement photo mockup service allowing customers to visualize artwork in their specific spaces using room photos, (2) Offer multiple size options including statement pieces (6+ feet for luxury market), (3) Provide print medium options (metal, acrylic, canvas, framed) with clear guidance on appropriate applications, (4) Create installation support or partnerships, and (5) Develop custom commissioning for specific locations or projects. Document and showcase these services prominently on the website with examples and use cases.",Features,Medium,2026-01-19 20:02:43.205425,cfb63c72-81e0-44ff-9c96-7d6632a72dde,chrismcnulty.net,pending,,,,,,,08610095-ef99-4205-b5ae-13264021a471,0,0,f,,,
f88806f5-e025-4c2d-98ad-51a02fb16449,Develop Content Marketing Strategy Showcasing Location Expertise and Access,"Create regular content (blog posts, social media series, email newsletters) that demonstrates deep knowledge of Pacific Northwest coastal locations, access to unique or lesser-known sites, optimal timing for specific conditions, and behind-the-scenes insights into the photographic process. Content themes could include: 'Hidden Coastal Gems of the Salish Sea,' 'Tidal Timing for Photography,' 'Seasonal Transformations of [Specific Location],' or 'The Story Behind the Image' series. This positions the photographer as a regional expert and creates ongoing engagement beyond product sales.",Content,Medium,2026-01-19 20:02:43.211045,cfb63c72-81e0-44ff-9c96-7d6632a72dde,chrismcnulty.net,pending,,,,,,,08610095-ef99-4205-b5ae-13264021a471,0,0,f,,,
6f158416-5106-4a2d-84c9-26d49b420fa7,Create 'Velocity Metrics' Campaign Quantifying Speed-to-Answer and Decision Acceleration,"Develop a measurement framework and campaign around 'organizational velocity' metrics specific to knowledge work: time-to-expert-answer, reduction in duplicate research, faster client response times, and accelerated onboarding for professional services. Conduct time-motion studies with 3-5 existing customers to generate concrete statistics. Create an 'ROI Calculator' tool that allows prospects to estimate time savings based on employee count and search frequency. Feature these velocity metrics prominently in sales materials and website positioning.",Messaging,High,2026-01-30 02:14:21.983404,116500d0-357e-4ace-a7af-7264ed58e22a,synozur.com,pending,,,,,,,0ac8db60-16c4-4665-a8f3-e4655a5a29b5,0,0,f,,,
cea42e8c-eb52-4029-aa6e-c132b680daca,Expand Vertical Positioning to 'Knowledge-Intensive Industries' with Healthcare and Manufacturing Use Cases,"Broaden industry targeting from 'legal, professional services, and financial services' to 'knowledge-intensive industries' including healthcare (clinical knowledge management, care protocols), manufacturing (engineering documentation, safety procedures), and consulting. Develop 2-3 case studies or use-case narratives in these adjacent verticals that share similar knowledge management challenges. Update website industry pages and sales enablement to reflect expanded addressable market while maintaining depth in core verticals.",Positioning,Medium,2026-01-30 02:14:22.007154,116500d0-357e-4ace-a7af-7264ed58e22a,synozur.com,pending,,,,,,,0ac8db60-16c4-4665-a8f3-e4655a5a29b5,0,0,f,,,
dad46af6-f176-41bc-9fb6-0b66fd7d0caa,"Launch 'AI-Powered Expertise Discovery' Narrative Positioning AI as Transformational, Not Incremental","Elevate AI messaging from 'AI-powered search' feature to strategic platform capability: 'AI that discovers hidden expertise,' 'intelligent knowledge networking,' or 'AI that connects questions to experts in seconds.' Create content demonstrating how AI transforms knowledge discovery from search-based to proactive and relationship-based. Develop executive-level messaging about how AI-powered expertise discovery creates competitive advantage through faster innovation and decision-making. Include AI capabilities as a primary value pillar, not a feature bullet.",Messaging,High,2026-01-30 02:14:22.030025,116500d0-357e-4ace-a7af-7264ed58e22a,synozur.com,pending,,,,,,,0ac8db60-16c4-4665-a8f3-e4655a5a29b5,0,0,f,,,
e2a87529-5388-4844-905d-6e9a90de3370,Develop 'Data Confidence for AI™' Branded Framework with Third-Party Validation,"Create a trademarked, ownable positioning framework (similar to Collibra's 'Data Confidence™' and OneTrust's 'AI-Ready Governance Platform™') that unifies RecordPoint's data lifecycle management, AI governance, and automated remediation capabilities under a memorable brand promise. Secure third-party validation through commissioned Forrester TEI study or Gartner peer insights to establish analyst recognition. Package this framework with visual methodology (maturity model, assessment tool) that positions RecordPoint as the authority on preparing enterprise data estates for trustworthy AI deployment.",Positioning,High,2026-02-04 03:11:55.73429,116500d0-357e-4ace-a7af-7264ed58e22a,synozur.com,pending,,,,,,,9a959fb8-9171-4141-a2b8-f2df7ee805ee,0,0,t,,,
2d06aeac-86c5-493b-92dd-5e78b7c3f4cb,Launch 'Copilot Readiness Assessment' Messaging Track,"Develop a dedicated messaging pillar around preparing organizations for Microsoft Copilot deployment, emphasizing governance frameworks, permission auditing, and AI exposure risk mitigation. Create a 'Copilot Readiness Scorecard' methodology that positions Helux as the bridge between migration completion and safe AI adoption. Include specific messaging around oversharing detection, sensitivity labeling validation, and AI governance frameworks that align with Microsoft's AI roadmap.",Messaging,High,2026-02-04 16:20:39.067403,116500d0-357e-4ace-a7af-7264ed58e22a,synozur.com,pending,,,,,,,5428db01-79b3-4487-a2b2-0e63327f2510,0,0,f,,,
d6ce8ded-aee2-47cd-bc9f-238313870442,Create Canadian Public Sector Compliance Narrative,"Develop vertical-specific messaging for Canadian government and regulated sectors that emphasizes compliance with Canadian data residency requirements, PIPEDA, provincial privacy legislation, and accessibility standards (AODA/WCAG). Position THEMIS ICE and IA as purpose-built for Canadian regulatory environments. Create case study frameworks that demonstrate understanding of TBS (Treasury Board Secretariat) requirements, Protected B/C data handling, and bilingual content governance—differentiating from US-focused competitors.",Positioning,High,2026-02-04 16:20:39.567215,116500d0-357e-4ace-a7af-7264ed58e22a,synozur.com,pending,,,,,,,5428db01-79b3-4487-a2b2-0e63327f2510,0,0,f,,,
f9784690-f890-4950-b57b-a54bcfb058a8,Establish 'Platform-Assisted Services' Positioning Model,Clarify the THEMIS platform's role in Helux's service delivery by creating a 'Platform-Assisted Services' positioning that distinguishes from pure DIY tools (ShareGate) and traditional consulting. Articulate a hybrid model: 'Enterprise-grade automation platform delivered through expert-guided implementation'—emphasizing that THEMIS accelerates delivery while Helux expertise ensures strategic outcomes. Include transparent messaging about when clients can leverage platform capabilities directly versus when consulting engagement is optimal.,Positioning,High,2026-02-04 16:20:40.168185,116500d0-357e-4ace-a7af-7264ed58e22a,synozur.com,pending,,,,,,,5428db01-79b3-4487-a2b2-0e63327f2510,0,0,f,,,
86072972-8b6a-48f5-84be-9b08af4395a6,Develop 'Continuous M365 Evolution Management' Content Series,"Launch thought leadership content addressing the ongoing challenge of managing Microsoft 365's rapid platform changes post-migration. Create resources like 'Navigating M365 Update Cycles Without Disruption,' 'SharePoint Version End-of-Life Roadmap Planning,' and 'Feature Rollout Impact Assessments.' Position Helux as the strategic partner that helps organizations not just migrate once, but continuously adapt to Microsoft's evolving ecosystem—extending relationships beyond project completion.",Content,Medium,2026-02-04 16:20:40.76814,116500d0-357e-4ace-a7af-7264ed58e22a,synozur.com,pending,,,,,,,5428db01-79b3-4487-a2b2-0e63327f2510,0,0,f,,,
1f851c3b-4233-442e-8056-d26aa6a0e9e5,Adopt AI-Native Positioning as Core Platform Identity,"Rebrand Akumina's core messaging to position as an 'AI-powered employee experience platform' that enhances Microsoft 365 investments. Develop and prominently feature 3-5 specific AI capabilities (e.g., AI-powered search, intelligent content recommendations, automated personalization, AI-driven analytics) on homepage, product pages, and sales materials. Create dedicated 'AI Features' section showcasing concrete use cases like 'AI that learns employee preferences to surface relevant content' or 'Intelligent automation that reduces manual intranet maintenance by X hours/week.' This should not replace Microsoft 365 integration messaging but rather position AI as the enabler that maximizes that investment.",Positioning,High,2026-01-20 03:48:35.960736,116500d0-357e-4ace-a7af-7264ed58e22a,synozur.com,pending,,,,,,,e36f9f62-612b-40dd-b2af-39a6cab20c7a,0,0,f,,,
71c14dfe-203c-4c74-a746-9c8a39fea4b4,Crawl failures detected for ASG Technologies,ASG Technologies has failed 3 consecutive crawl attempts. The site may be unreachable or blocking automated crawlers. Consider excluding it from automated crawling.,crawl_health,Medium,2026-03-23 23:15:28.753016,,synozur.com,pending,,,,b3278ade-89aa-4ffb-ba66-4b7901eea4ae,,,cbb5fabd-c82b-4d50-bd34-2a0d79398622,0,0,f,,,
874462eb-33e5-4d89-9bb2-7b166b901a83,Launch Frontline & Deskless Worker Solution Track,"Create a dedicated 'Frontline Employee Solution' with targeted messaging, use cases, and product packaging that addresses non-desk workers. Develop industry-specific messaging for manufacturing, healthcare, retail, and logistics emphasizing mobile-first access, no-email-required communication, and operational workflow integration. Build case studies showing how Akumina reaches frontline workers through branded mobile apps, SMS/push notifications, and digital signage integration. Add 'Frontline Workers' to target audience segments across website navigation and create dedicated landing pages for this audience with proof points (e.g., 'Reach 100% of your workforce, including 10,000+ factory floor employees').",Messaging,High,2026-01-20 03:48:35.991271,116500d0-357e-4ace-a7af-7264ed58e22a,synozur.com,pending,,,,,,,e36f9f62-612b-40dd-b2af-39a6cab20c7a,0,0,f,,,
adc4a162-14dc-49fc-b5b7-a18928499712,Develop Quantified ROI Framework with Customer Proof Points,"Build a data-backed ROI calculator and messaging framework with specific metrics: hours saved per employee per week, productivity gains percentage, engagement rate improvements, and cost savings from tool consolidation. Work with 5-10 key customers to develop detailed case studies with quantified outcomes (e.g., 'Global manufacturing company saved 3.2 hours/employee/week, achieved 78% daily active usage, reduced 12 disconnected tools to 3'). Feature these metrics prominently on homepage (above the fold), in sales decks, and create a dedicated 'Results & ROI' page. Train sales team to lead discovery conversations with ROI quantification frameworks.",Messaging,High,2026-01-20 03:48:36.015577,116500d0-357e-4ace-a7af-7264ed58e22a,synozur.com,pending,,,,,,,e36f9f62-612b-40dd-b2af-39a6cab20c7a,0,0,f,,,
1995817c-6d76-4fc3-a35a-131fe7daef79,"Reframe Microsoft 365 Integration as Consolidation, Not Addition","Shift messaging from 'maximize your Microsoft 365 investment' to 'consolidate your digital workplace into Microsoft 365.' Emphasize how Akumina eliminates the need for 5-10 other enterprise tools (create specific list: separate intranet platforms, employee apps, communication tools, knowledge bases, workflow systems) by unifying everything within the Microsoft ecosystem. Develop messaging like 'One platform that replaces fragmented tools while leveraging your existing Microsoft investment' and create TCO calculators showing license cost savings from tool elimination. Build competitive battle cards showing tool consolidation advantages vs. standalone platforms.",Positioning,High,2026-01-20 03:48:36.037816,116500d0-357e-4ace-a7af-7264ed58e22a,synozur.com,pending,,,,,,,e36f9f62-612b-40dd-b2af-39a6cab20c7a,0,0,f,,,
f64a95e4-2f57-4a78-8803-38c1523bc77a,Build Multi-Channel Communication Capability Messaging,"Audit and enhance product capabilities for multi-channel employee reach (mobile app, email, SMS, push notifications, digital signage, desktop) and build messaging framework around 'omnichannel employee experience.' Create feature comparison showing Akumina's channel coverage vs. competitors, develop use cases for each channel (e.g., 'Critical safety alerts via SMS to factory workers,' 'Personalized onboarding journeys across mobile and desktop'), and produce content demonstrating how organizations reach 100% of employees regardless of work location or device access. If capability gaps exist, prioritize roadmap investment in missing channels before launching messaging.",Features,Medium,2026-01-20 03:48:36.059339,116500d0-357e-4ace-a7af-7264ed58e22a,synozur.com,pending,,,,,,,e36f9f62-612b-40dd-b2af-39a6cab20c7a,0,0,f,,,
989b6cee-3357-426f-8ba8-d7e9a06514e7,Create 'AI Teammate' Named Persona Program,"Develop distinct, named AI agent personas (similar to HubSpot's 'Breeze' and Slack's 'Slackbot') across Microsoft's product suite with specific roles, capabilities, and personality. Each AI agent should have a clear identity (e.g., 'Meeting Maven' for Copilot in Teams, 'Data Detective' for Excel Copilot) with consistent visual branding, measurable outcomes (e.g., 'saves 90 minutes weekly'), and relatable use cases. Deploy through social media storytelling, product marketing, and customer success narratives that make AI agents feel like approachable teammates rather than abstract technology.",Messaging,High,2026-01-30 09:34:43.331576,116500d0-357e-4ace-a7af-7264ed58e22a,synozur.com,pending,,,,,,,5d149a37-4d48-4ada-994a-eff6cc41c995,0,0,f,,,
d163dcb4-c26d-4eb5-a4c7-b64bf4bb60f0,Launch 'Simplicity Through Integration' Counter-Narrative,"Develop messaging framework that directly addresses the complexity perception of Microsoft's integrated platform by reframing breadth as simplicity advantage. Create content series contrasting 'fragmented tool management overhead' with 'single-platform efficiency,' featuring metrics like 'hours saved on tool switching,' 'reduced IT admin burden,' and 'eliminated data sync errors.' Include visual comparison tools showing TCO of managing 5-10 point solutions vs. integrated Microsoft platform, specifically targeting the mid-market segment where competitors position unified platforms as simplicity wins.",Positioning,High,2026-01-30 09:34:43.368795,116500d0-357e-4ace-a7af-7264ed58e22a,synozur.com,pending,,,,,,,5d149a37-4d48-4ada-994a-eff6cc41c995,0,0,f,,,
6d92bdbe-4240-48e3-8a7a-2911545fecd7,"Develop SMB 'Start Simple, Scale Smart' Entry Program","Create dedicated SMB go-to-market track with simplified messaging, packaging, and content that mirrors HubSpot's startup-to-enterprise narrative. Launch 'Microsoft Essentials' content hub featuring SMB-specific success stories, cost calculators comparing SMB-tier pricing to competitors, and 'grow into' roadmaps showing how businesses scale from basic to enterprise features. Deploy conversational, humor-forward social content targeting SMB decision-makers with relatable workplace scenarios and growth challenges, distinct from enterprise compliance-focused tone.",Audience,High,2026-01-30 09:34:43.391064,116500d0-357e-4ace-a7af-7264ed58e22a,synozur.com,pending,,,,,,,5d149a37-4d48-4ada-994a-eff6cc41c995,0,0,f,,,
566d937a-8b0f-4b75-9607-454aacdf50bd,Establish 'Security as Enabler' Trust-Building Series,"Transform security messaging from compliance-focused requirement to competitive differentiator through customer success stories showing how Microsoft's security posture enabled business outcomes. Create multi-format content series featuring quantified security ROI metrics (e.g., 'reduced breach risk by 78%,' 'achieved SOC 2 compliance 6 months faster'), customer testimonials from regulated industries, and third-party analyst validation. Include transparent 'Security Journey' narratives addressing past incidents and demonstrating continuous improvement, positioned as honest leadership vs. competitor security opacity.",Content,Medium,2026-01-30 09:34:43.415781,116500d0-357e-4ace-a7af-7264ed58e22a,synozur.com,pending,,,,,,,5d149a37-4d48-4ada-994a-eff6cc41c995,0,0,f,,,
931bb089-a9b9-4a0d-9057-6e30dc5f53f3,Deploy 'Workplace Personality' Social Content Lab,"Launch experimental social content initiative testing conversational, humor-forward posts that mirror HubSpot's 'witty and playful' and Slack's 'approachable' tones while maintaining Microsoft professionalism. Create A/B testing program comparing traditional enterprise messaging against relatable workplace scenarios, memes, and casual language. Start with LinkedIn/Twitter pilot focused on mid-market audience, measuring engagement metrics (reactions, shares, comments) against current baseline. Develop editorial guidelines balancing brand safety with personality, creating 'Microsoft voice spectrum' from formal (enterprise compliance) to conversational (SMB growth).",Content,Medium,2026-01-30 09:34:43.438021,116500d0-357e-4ace-a7af-7264ed58e22a,synozur.com,pending,,,,,,,5d149a37-4d48-4ada-994a-eff6cc41c995,0,0,f,,,
7922048a-d63a-4989-9f8b-1dafc34d1bd3,Create 'Legacy System Replacement' Urgency Campaign with Risk-Based Messaging,"Develop a targeted campaign addressing organizations still using outdated SharePoint intranets or fragmented knowledge systems. Create messaging frameworks that highlight the tangible costs of inaction: compliance risks in regulated industries, productivity losses from information silos, competitive disadvantage as peers modernize, and mounting IT maintenance costs. Build dedicated landing pages for 'SharePoint Modernization' and 'Legacy Intranet Replacement' with migration pathways, risk calculators, and before/after scenarios. Use compelling statistics about the business impact of outdated systems and position Atlas as the urgent, modern alternative.",Messaging,High,2026-01-30 19:48:44.625517,116500d0-357e-4ace-a7af-7264ed58e22a,synozur.com,pending,,,,,,,0ac8db60-16c4-4665-a8f3-e4655a5a29b5,0,0,f,,,
644ddb4b-4ded-4360-a7a5-346a99fba091,Reframe Value Proposition Around Quantifiable Business Outcomes,"Transform Rightpoint's messaging from capability-focused ('We design, build, and optimize') to outcomes-focused language that emphasizes measurable business impact. Develop specific outcome frameworks similar to Cognizant Softvision's '4-5x faster growth' claims. Create industry-specific outcome statements (e.g., 'X% reduction in time-to-market,' 'Y% improvement in customer conversion,' 'Z% operational cost savings') and embed these throughout all executive-facing messaging, case studies, and sales materials. Update the primary value proposition to lead with business impact, followed by how Rightpoint's integrated capabilities deliver those results.",Positioning,High,2026-01-20 06:45:06.708456,116500d0-357e-4ace-a7af-7264ed58e22a,synozur.com,pending,,,,,,,9a53d812-6ca7-4dae-bc95-9fc975dadab5,0,0,f,,,
2cb03a20-eeab-4c67-9521-ac057fec0cbb,Elevate Engineering Credibility Through Technical IP and Methodology Showcase,"Develop and prominently position proprietary technical frameworks, delivery methodologies, and engineering practices that demonstrate deep technical credibility. Create branded frameworks similar to Cognizant Softvision's Flowsource and Neuro AI platforms—these could include Rightpoint's approach to platform engineering, AI implementation methodology, or modern delivery practices. Establish technical content series showcasing software engineering expertise, platform architecture approaches, and delivery modernization practices. Pursue relevant technical certifications (ISO, cloud platform specializations) and make these credentials visible. Rebalance messaging to give equal weight to engineering rigor alongside design and strategy capabilities.",Positioning,High,2026-01-20 06:45:07.008556,116500d0-357e-4ace-a7af-7264ed58e22a,synozur.com,pending,,,,,,,9a53d812-6ca7-4dae-bc95-9fc975dadab5,0,0,f,,,
8a389552-0b83-4806-89d8-86f149d0efe7,"Develop Risk, Compliance, and Governance Practice Positioning","Create dedicated messaging around risk mitigation, security, regulatory compliance, and governance capabilities as part of Rightpoint's digital transformation offering. Develop industry-specific compliance narratives for heavily regulated sectors (financial services, healthcare, government) that address data privacy, cybersecurity, and regulatory requirements. Build partnerships or capabilities in areas like SOC 2, HIPAA, GDPR, and industry-specific compliance frameworks. Position these capabilities not as separate services but as integrated into Rightpoint's transformation approach, ensuring clients that innovation comes with appropriate risk management and governance.",Features,Medium,2026-01-20 06:45:07.308301,116500d0-357e-4ace-a7af-7264ed58e22a,synozur.com,pending,,,,,,,9a53d812-6ca7-4dae-bc95-9fc975dadab5,0,0,f,,,
7baa913d-f5ce-4a84-8a87-dc73a0d13231,Create Distinctive 'Execution Excellence' Narrative and Delivery Methodology,"Develop and brand a proprietary delivery methodology that explicitly addresses the 'ambition to execution gap' that Slalom emphasizes. Create a structured framework that demonstrates how Rightpoint ensures successful implementation—covering delivery practices, project-to-product transformation approaches, change management, and sustainable delivery systems. Build this into a distinctive narrative that addresses common transformation failure points (poor execution, scope creep, adoption challenges, technical debt). Include specific practices, governance models, and success metrics that prove execution capability. Make this methodology visible across all materials and train the sales team to lead with execution confidence.",Messaging,High,2026-01-20 06:45:07.40813,116500d0-357e-4ace-a7af-7264ed58e22a,synozur.com,pending,,,,,,,9a53d812-6ca7-4dae-bc95-9fc975dadab5,0,0,f,,,
961a70c5-d5cc-484b-9a4b-e15a801561f3,Craft Differentiated Brand Personality with Emotional Resonance,"Develop a distinctive brand personality and tone of voice that creates emotional differentiation beyond functional capabilities. Study Slalom's 'fiercely human' positioning and Protiviti's authoritative thought leadership approach to identify white space for Rightpoint. Consider positions like 'relentlessly practical,' 'transformation without the BS,' or 'experience obsessed'—something that creates memorable differentiation and emotional connection. Infuse this personality consistently across all content, thought leadership, and client interactions. Update the tagline to be more distinctive and memorable while maintaining enterprise credibility. Create content that demonstrates this personality through authentic, differentiated points of view on industry challenges.",Messaging,Medium,2026-01-20 06:45:07.607908,116500d0-357e-4ace-a7af-7264ed58e22a,synozur.com,pending,,,,,,,9a53d812-6ca7-4dae-bc95-9fc975dadab5,0,0,f,,,
61f158cf-0e0a-450d-82c9-ca4c4d7010ab,Establish Quantifiable ROI Framework and Case Study Library,"Develop a structured approach to capturing and communicating measurable business outcomes from client engagements. Create a library of quantified case studies featuring specific metrics (cost savings, revenue growth, efficiency improvements, time-to-market acceleration) similar to Cognizant's approach ($23M OpEx savings, 75% engineering speed improvement). Implement mandatory ROI tracking across projects and train teams to articulate value in business metrics rather than capabilities. Feature these outcomes prominently on the website, in sales collateral, and through executive-level content targeting CFOs and data-driven decision-makers.",Messaging,High,2026-01-20 06:45:25.519156,116500d0-357e-4ace-a7af-7264ed58e22a,synozur.com,pending,,,,,,,9a53d812-6ca7-4dae-bc95-9fc975dadab5,0,0,f,,,
93ff63d0-3d84-4fbc-ab6b-b2c10faa0131,Develop Proprietary AI Methodology and Platform Narrative,"Move beyond 'AI-powered' descriptor to establish a named, proprietary AI methodology or framework that demonstrates specific approaches to AI strategy, implementation, and measurement. Create intellectual property around AI integration within experience design and digital transformation (similar to Cognizant's Flowsource and Neuro AI platforms, or Slalom's AI implementation methodology). Develop thought leadership content, frameworks, and tools that position Rightpoint's unique approach to 'experience-led AI transformation.' Include specific service offerings around AI strategy, responsible AI implementation, and AI-driven personalization tied to customer experience outcomes.",Positioning,High,2026-01-20 06:45:25.541482,116500d0-357e-4ace-a7af-7264ed58e22a,synozur.com,pending,,,,,,,9a53d812-6ca7-4dae-bc95-9fc975dadab5,0,0,f,,,
dee828f5-3354-46b8-9534-2a185a083465,Articulate Engineering Delivery and Platform Modernization Capabilities,"Expand messaging to explicitly position software engineering, platform modernization, and delivery transformation as core capabilities alongside experience design. Develop service offerings and content around engineering velocity, platform engineering, cloud-native development, and delivery modernization that speak directly to CTOs and engineering leaders. Create a clear narrative bridge between experience strategy and technical implementation, positioning Rightpoint as capable of both strategic design AND engineering execution. Feature technical case studies, engineering team profiles, and platform modernization outcomes to build credibility with technical decision-makers.",Features,High,2026-01-20 06:45:25.563095,116500d0-357e-4ace-a7af-7264ed58e22a,synozur.com,pending,,,,,,,9a53d812-6ca7-4dae-bc95-9fc975dadab5,0,0,f,,,
59026169-59a6-4071-85fa-7c12eb49a39e,"Integrate Risk, Governance, and Compliance Messaging for Regulated Industries","Develop industry-specific messaging and service offerings that address digital transformation through the lens of risk management, regulatory compliance, data privacy, and cybersecurity—particularly for financial services, healthcare, and other regulated industries. Create content and frameworks that position experience transformation as integrated with risk mitigation rather than separate from it. Partner with or develop internal expertise in compliance and governance to credibly address C-suite and board-level concerns. Feature risk-aware transformation case studies and develop executive content addressing how to balance innovation with governance requirements.",Features,Medium,2026-01-20 06:45:25.588641,116500d0-357e-4ace-a7af-7264ed58e22a,synozur.com,pending,,,,,,,9a53d812-6ca7-4dae-bc95-9fc975dadab5,0,0,f,,,
d466e262-ff5d-4a50-8708-528dbfd76698,Establish Human-Centered Brand Positioning Beyond Technical Capabilities,"Develop a distinctive cultural and human-centered brand position that differentiates Rightpoint's approach to partnership and transformation beyond technical capabilities. Create a compelling narrative around organizational change, employee experience, and cultural transformation that complements technical delivery—similar to Slalom's 'fiercely human' positioning or Protiviti's emphasis on 'bringing diverse ideas and experiences together.' Develop content, frameworks, and methodologies around the human dimensions of digital transformation, including change management, adoption, and employee experience. Position Rightpoint as understanding that transformation success depends on people and culture, not just technology.",Positioning,Medium,2026-01-20 06:45:25.610262,116500d0-357e-4ace-a7af-7264ed58e22a,synozur.com,pending,,,,,,,9a53d812-6ca7-4dae-bc95-9fc975dadab5,0,0,f,,,
2fc6753f-18dd-4603-9fb3-2b6c47d54ffc,Elevate Security-First Messaging with Automated Threat Response,"Reposition RecordPoint's primary value proposition to lead with data security and automated threat prevention rather than governance and compliance. Specifically articulate real-time threat detection, automated remediation capabilities, ransomware prevention, and insider risk mitigation. Create messaging that positions RecordPoint as actively preventing breaches and resolving security risks automatically, not just providing visibility. Develop CISO-focused content that demonstrates how RecordPoint reduces blast radius and stops threats before they escalate.",Positioning,High,2026-01-20 06:50:11.407725,116500d0-357e-4ace-a7af-7264ed58e22a,synozur.com,pending,,,,,,,9a959fb8-9171-4141-a2b8-f2df7ee805ee,0,0,f,,,
67fe0bae-74d2-4807-84e6-df8f90a55aea,Develop Deep Platform Integration Stories with Quantified Complexity Reduction,"Create detailed integration narratives for 3-5 strategic platforms (Microsoft 365, Salesforce, Box, AWS, Google Workspace) that demonstrate deep native integration expertise rather than generic connectivity claims. Develop case studies, technical white papers, and ROI calculators showing implementation time reduction, reduced need for additional systems, and specific cost savings from leveraging existing platform investments. Position RecordPoint as the platform integration expert that eliminates ECM complexity, similar to Gimmal's Microsoft positioning but across multiple ecosystems.",Messaging,High,2026-01-20 06:50:11.508876,116500d0-357e-4ace-a7af-7264ed58e22a,synozur.com,pending,,,,,,,9a959fb8-9171-4141-a2b8-f2df7ee805ee,0,0,f,,,
4f7937c2-2870-4ee9-a5d8-c86cd9971dde,Create Automated Action Differentiation with Before/After Workflow Visualization,"Develop clear messaging and visual content demonstrating what automated actions RecordPoint takes beyond classification and discovery. Create workflow visualizations showing automated policy enforcement, auto-remediation, automated retention/disposal, automated access revocation, and automated compliance actions. Quantify the difference between 'alerts requiring manual action' versus 'automated outcomes' and position RecordPoint's automation capabilities as reducing security team workload by X%. Build competitive battlecards specifically contrasting RecordPoint's automation depth versus competitors' alert-focused approaches.",Features,High,2026-01-20 06:50:11.808498,116500d0-357e-4ace-a7af-7264ed58e22a,synozur.com,pending,,,,,,,9a959fb8-9171-4141-a2b8-f2df7ee805ee,0,0,f,,,
93d01a02-e306-438c-808e-5f8f095254f4,Develop Executive-Ready ROI Framework with Quantified Business Outcomes,"Create a comprehensive ROI calculator and business case framework that quantifies specific outcomes: percentage reduction in data breach likelihood, storage cost savings from automated disposition, compliance preparation time reduction (hours to days), FTE time saved from automation, and cost avoidance from preventing breaches. Develop CFO and executive-focused content showing 12-month payback periods, total cost of ownership comparisons, and measurable business impact metrics. Include industry-specific benchmarks for financial services, healthcare, and government sectors.",Content,Medium,2026-01-20 06:50:11.910258,116500d0-357e-4ace-a7af-7264ed58e22a,synozur.com,pending,,,,,,,9a959fb8-9171-4141-a2b8-f2df7ee805ee,0,0,f,,,
0d78be7a-77a1-446e-8994-d9fd11063cb6,Build 'Hours Saved Per Employee' ROI Calculator with Role-Specific Productivity Metrics,"Develop an interactive ROI calculator that quantifies time savings across different employee roles (knowledge workers, frontline staff, executives) similar to Powell Software's '2.5+ hours saved per week' metric. Create granular productivity measurements: time to find information, duplicate work eliminated, meeting efficiency gains, onboarding acceleration, and decision-making speed. Package these into CFO-ready business case templates with annual productivity value calculations, knowledge worker cost savings, and opportunity cost of delayed decisions. Include industry-specific benchmarks for professional services, financial services, and legal sectors.",Messaging,High,2026-01-30 19:48:44.660015,116500d0-357e-4ace-a7af-7264ed58e22a,synozur.com,pending,,,,,,,0ac8db60-16c4-4665-a8f3-e4655a5a29b5,0,0,f,,,
3696ee2e-9e3d-4279-bc15-82997c7e3bfe,Launch Vertical-Specific Sub-Brands for Legal and Financial Services with Industry Landing Pages,"Create dedicated vertical positioning similar to Infodash's legal-first approach. Develop 'Atlas for Legal' and 'Atlas for Financial Services' sub-brands with industry-specific landing pages, case studies, and messaging that speaks directly to sector pain points (e.g., matter collaboration, regulatory compliance, client confidentiality for legal; audit trails, policy management, regulatory reporting for financial services). Build industry-specific demo environments, integration stories with legal/financial tech stacks, and compliance-focused value propositions. Recruit industry advisory boards and showcase vertical-specific customer logos prominently.",Positioning,High,2026-01-30 19:48:44.684121,116500d0-357e-4ace-a7af-7264ed58e22a,synozur.com,pending,,,,,,,0ac8db60-16c4-4665-a8f3-e4655a5a29b5,0,0,f,,,
09009196-13f3-41c1-b567-454d5e930b38,Develop 'Engagement Rate' Metrics Campaign Connecting Knowledge Access to Employee Experience,"Build messaging that bridges technical capabilities to human outcomes by introducing engagement metrics similar to Powell Software's '70%+ engagement rates' and Interact's employee experience focus. Track and promote metrics like daily active users, content interaction rates, knowledge contribution rates, peer recognition through knowledge sharing, and employee satisfaction with information access. Create 'Employee Experience Through Knowledge' narratives showing how faster answers reduce frustration, how expertise discovery builds community, and how transparent knowledge sharing improves culture. Develop employee testimonials and 'day in the life' stories that humanize the platform's impact.",Messaging,Medium,2026-01-30 19:48:44.707857,116500d0-357e-4ace-a7af-7264ed58e22a,synozur.com,pending,,,,,,,0ac8db60-16c4-4665-a8f3-e4655a5a29b5,0,0,f,,,
e0caa7db-f30b-4856-8555-8e42f91b2d91,Create 'Microsoft 365 Native' Integration Story with IT-Light Deployment Messaging,"Develop comprehensive messaging around native Microsoft 365 integration positioning Atlas as the natural evolution of SharePoint, similar to Infodash and Powell Software's approach. Highlight seamless Teams integration, Azure security inheritance, existing license leverage, and rapid deployment without extensive IT resources. Create technical content showing architecture diagrams, security compliance inheritance, SSO capabilities, and integration with Microsoft Graph. Build 'IT-light deployment' case studies showing time-to-value and reduced IT burden. Position against both legacy SharePoint and standalone platforms that require parallel infrastructure.",Positioning,Medium,2026-01-30 19:48:44.731061,116500d0-357e-4ace-a7af-7264ed58e22a,synozur.com,pending,,,,,,,0ac8db60-16c4-4665-a8f3-e4655a5a29b5,0,0,f,,,
bbd3361e-64a2-48f1-8c87-befdc81c276d,Establish 'Microsoft Ecosystem Excellence' Differentiation Strategy,"Develop prominent messaging and proof points around RecordPoint's Microsoft 365, SharePoint, and Azure integration expertise. Create specific content addressing 'Why RecordPoint over Purview?' that highlights advanced capabilities, enterprise scalability, multi-platform support, and specialized features that Purview lacks. Build case studies showcasing Microsoft-centric deployments, develop co-marketing opportunities with Microsoft, and create technical content demonstrating native integration advantages. Position as 'the enterprise governance layer that extends and enhances Microsoft investments' rather than replacing them.",Positioning,High,2026-01-20 09:44:09.907504,116500d0-357e-4ace-a7af-7264ed58e22a,synozur.com,pending,,,,,,,9a959fb8-9171-4141-a2b8-f2df7ee805ee,1,0,f,,,
ba922214-f2f1-46b2-bf7a-087b63d3c2b0,Develop Comprehensive Data Security and Threat Protection Narrative,"Elevate RecordPoint's messaging to explicitly position as both a governance AND security platform. Develop content that highlights real-time threat detection, ransomware protection, insider risk prevention, and breach prevention capabilities alongside governance features. Create security-first messaging tracks specifically for CISO personas that emphasize how RecordPoint protects data from active threats, not just manages it for compliance. Include specific use cases around data breach prevention, anomalous access detection, and automated security remediation.",Messaging,High,2026-01-20 09:44:09.508584,116500d0-357e-4ace-a7af-7264ed58e22a,synozur.com,pending,,,,,,,9a959fb8-9171-4141-a2b8-f2df7ee805ee,0,0,f,,,
251a5adf-f1d4-4600-b305-cf0379c79584,Create 'Automated Outcomes Platform' Repositioning Campaign,"Shift messaging emphasis from capabilities and features to automated business outcomes and measurable risk reduction. Develop metrics-driven narratives showing time-to-compliance, percentage of data automatically classified, risk reduction scores, and automated remediation statistics. Create before/after scenarios demonstrating how RecordPoint moves from manual governance processes to automated outcomes. Build ROI calculators and value realization frameworks that emphasize automation maturity and hands-off risk reduction rather than visibility and management tools.",Messaging,Medium,2026-01-20 09:44:10.107591,116500d0-357e-4ace-a7af-7264ed58e22a,synozur.com,pending,,,,,,,9a959fb8-9171-4141-a2b8-f2df7ee805ee,0,0,f,,,
7e08f39e-db64-4e53-ab52-2915cc0cd62d,Launch 'AI Security and Copilot Protection' Product Marketing Initiative,"Create dedicated messaging, content, and potentially product capabilities around protecting AI implementations (Microsoft Copilot, ChatGPT, custom LLMs) from data exposure risks. Develop thought leadership on AI data leakage prevention, securing generative AI deployments, and ensuring AI tools only access appropriate data. Position RecordPoint as the solution that makes AI adoption safe by ensuring clean, classified, and access-controlled datasets. Create competitive battlecards specifically addressing Varonis's AI security claims and demonstrating RecordPoint's superior approach to AI governance AND security.",Features,High,2026-01-20 09:44:09.807673,116500d0-357e-4ace-a7af-7264ed58e22a,synozur.com,pending,,,,,,,9a959fb8-9171-4141-a2b8-f2df7ee805ee,2,0,t,,,
815d35d7-0ee7-4ec5-9b5a-01d4988dea8a,Shift from 'AI Readiness' to 'AI Security and Governance for Tools in Production',"Reframe AI messaging from future-focused 'AI readiness' and dataset preparation to immediate AI security needs for tools already deployed (Copilot, ChatGPT, custom LLMs, AI coding assistants). Develop specific use cases showing how RecordPoint protects against AI data exposure, prevents sensitive data from training models, and enforces governance policies on AI-generated content. Create urgency around current AI security gaps rather than future data preparation needs.",Messaging,Medium,2026-01-20 06:50:11.608676,116500d0-357e-4ace-a7af-7264ed58e22a,synozur.com,pending,,,,,,,9a959fb8-9171-4141-a2b8-f2df7ee805ee,1,0,t,,,
69ea83d9-112c-4417-bd03-3c1a33c4eb0b,Create 'Permission Forensics & Oversharing Protection' Service Offering,"Develop a specific service and messaging track focused on permission auditing, oversharing detection, and access governance using THEMIS capabilities. Position this as both a pre-migration risk assessment and post-migration continuous governance service. Create messaging around 'Permission Debt Remediation' and 'Collaboration Security Hygiene' that addresses enterprises' growing concerns about data exposure in collaborative environments—particularly critical before enabling AI tools like Copilot that amplify permission risks.",Features,Medium,2026-02-04 16:20:41.267254,116500d0-357e-4ace-a7af-7264ed58e22a,synozur.com,pending,,,,,,,5428db01-79b3-4487-a2b2-0e63327f2510,0,0,f,,,
283ecc85-33fc-46da-a2d1-0648bfec7610,Develop 'End-to-End Data Intelligence Platform' Completeness Narrative,"Create bold, differentiating messaging that positions RecordPoint as the complete platform for data governance, security, and intelligence across the entire data lifecycle. Develop a visual framework showing how RecordPoint uniquely integrates discovery, classification, protection, governance, and disposal in a single platform without requiring multiple point solutions. Build competitive comparison content explicitly contrasting RecordPoint's completeness against Gimmal's 'governance-only' approach, Varonis's 'security-only' focus, and Purview's 'Microsoft-only' limitations. Create a 'platform consolidation' value proposition for buyers currently managing multiple vendors.",Positioning,Medium,2026-01-20 09:44:10.207858,116500d0-357e-4ace-a7af-7264ed58e22a,synozur.com,pending,,,,,,,9a959fb8-9171-4141-a2b8-f2df7ee805ee,0,0,f,,,
8623f307-8728-4bcd-9950-bc510749c5b7,Develop and Showcase Quantifiable ROI Case Studies,"Create a portfolio of case studies that highlight specific, measurable business outcomes with concrete metrics (e.g., 'reduced time-to-market by 40%', 'generated $5M in cost savings', 'improved customer acquisition by 25%'). Feature these prominently on the homepage, service pages, and in sales materials. Develop an ROI calculator or assessment tool that helps prospects quantify potential value before engagement.",Messaging,High,2026-01-20 09:44:26.233593,116500d0-357e-4ace-a7af-7264ed58e22a,synozur.com,pending,,,,,,,9a53d812-6ca7-4dae-bc95-9fc975dadab5,0,0,f,,,
32ffd333-99c1-49ee-978f-24d0c1088362,Launch Executive Thought Leadership and Proprietary Research Program,"Develop an annual or bi-annual proprietary research initiative (e.g., 'State of Enterprise Digital Transformation' survey) targeting C-suite executives. Publish findings through executive-focused reports, webinars, and speaking opportunities. Create role-specific thought leadership content addressing challenges faced by CIOs, CDOs, CMOs, and CFOs. Establish executive advisory boards and feature insights from these engagements.",Content,High,2026-01-20 09:44:26.310131,116500d0-357e-4ace-a7af-7264ed58e22a,synozur.com,pending,,,,,,,9a53d812-6ca7-4dae-bc95-9fc975dadab5,0,0,f,,,
3a219158-36ca-4b21-9747-935d57b8c6f2,Build and Promote Proprietary Methodologies and Platforms,"Codify Rightpoint's unique approaches into branded methodologies or frameworks (e.g., 'Total Experience Acceleration Framework' or 'Experience-Led Transformation Model'). Develop or acquire proprietary tools, platforms, or accelerators that complement partner technologies. Create IP around assessment tools, readiness diagnostics, or optimization platforms. Market these as differentiators alongside partnership capabilities.",Features,Medium,2026-01-20 09:44:26.507892,116500d0-357e-4ace-a7af-7264ed58e22a,synozur.com,pending,,,,,,,9a53d812-6ca7-4dae-bc95-9fc975dadab5,0,0,f,,,
b2ca1f7e-f38f-421e-addf-68360eb6db7a,Develop Industry Vertical Go-to-Market Strategy and Messaging,"Select 3-4 priority industry verticals based on current client concentration and growth potential. Develop industry-specific solution packaging, case studies, and messaging that demonstrates deep sector expertise. Create dedicated landing pages for each vertical highlighting industry challenges, regulatory knowledge, and relevant client success stories. Build industry-specific teams or practices with recognizable vertical expertise.",Positioning,Medium,2026-01-20 09:44:26.608055,116500d0-357e-4ace-a7af-7264ed58e22a,synozur.com,pending,,,,,,,9a53d812-6ca7-4dae-bc95-9fc975dadab5,0,0,f,,,
26befc17-a629-4c89-b9e2-547e9fb0aa72,Infuse Human-Centric Brand Differentiation into Positioning,"Develop a distinctive cultural positioning that emphasizes Rightpoint's values, culture, and human approach to transformation beyond technical capabilities. Create messaging that addresses the people side of transformation, organizational culture, and values alignment. Showcase employee stories, diversity initiatives, and community impact. Incorporate this human element into the brand voice across all touchpoints while maintaining enterprise credibility.",Positioning,Medium,2026-01-20 09:44:26.707986,116500d0-357e-4ace-a7af-7264ed58e22a,synozur.com,pending,,,,,,,9a53d812-6ca7-4dae-bc95-9fc975dadab5,0,0,f,,,
1ca17cd6-431e-465b-bf88-0e3eca773f47,Create 'Free Data Risk Assessment' Lead Generation Program,"Launch a competitive response to Gimmal's $7,500 free sensitive data assessment by offering a time-bound, no-obligation RecordPoint data risk discovery engagement. Package this as a '48-Hour Data Risk Snapshot' that showcases the platform's discovery capabilities, identifies critical sensitive data exposure, and provides a prioritized remediation roadmap. Develop supporting assets including landing pages, sales enablement materials, and automated report templates that quantify findings and create urgency for full platform adoption.",Content,High,2026-01-31 00:11:04.966154,116500d0-357e-4ace-a7af-7264ed58e22a,synozur.com,pending,,,,,,,9a959fb8-9171-4141-a2b8-f2df7ee805ee,0,0,f,,,
4833289b-feb8-4b21-8d37-d68f5973c967,Develop Cloud-Native Architecture and Multi-Cloud Deployment Messaging,"Create clear messaging around M-Files cloud-native architecture beyond Microsoft 365 integration. Develop content explicitly addressing deployment flexibility including public cloud (AWS, Azure, GCP), private cloud, hybrid, and on-premises options similar to OpenText's 'deploy anywhere' positioning. Create technical content and architecture diagrams showing M-Files as cloud-first platform that happens to integrate deeply with Microsoft 365, rather than being perceived as Microsoft-dependent. Produce comparison content addressing 'cloud-native' concerns and demonstrating platform independence and multi-cloud capabilities.",Positioning,High,2026-01-20 09:51:29.307487,116500d0-357e-4ace-a7af-7264ed58e22a,synozur.com,pending,,,,,,,17daaca7-2a15-4f92-bbf3-c9a401ef36ac,0,0,f,,,
2ecfc6dd-75c6-496e-879a-d70cecc9497a,Build Content Intelligence and Data Extraction Thought Leadership,"Develop comprehensive content strategy around 'Content Intelligence' and 'Intelligent Data Extraction' capabilities. Create use case content showing how M-Files extracts insights from unstructured documents, transforms content into actionable business intelligence, and enables data-driven decision making. Produce industry-specific examples (financial services invoice processing, healthcare patient records analysis, legal contract intelligence) demonstrating how M-Files turns documents into insights similar to Box's 'AI-driven data extraction' and Laserfiche's 'documents into actionable insights' messaging. Include ROI calculators and measurement frameworks for content intelligence value.",Content,High,2026-01-20 09:51:29.407408,116500d0-357e-4ace-a7af-7264ed58e22a,synozur.com,pending,,,,,,,17daaca7-2a15-4f92-bbf3-c9a401ef36ac,0,0,f,,,
2b32dd9b-83fb-49a4-a1fa-6b15ed49e1f9,Establish Enterprise-Scale Credibility with Fortune 500 Customer Proof Points,"Develop enterprise credibility messaging highlighting Fortune 500/100 customer base with specific logos, case studies, and scale metrics. Create dedicated 'Enterprise' or 'For Fortune 500' landing page similar to Hyland's positioning ('more than half of Fortune 100 as customers'). Produce content addressing enterprise-scale requirements: multi-national deployment, thousands of concurrent users, petabyte-scale document management, advanced security for regulated industries. Include customer testimonials from recognizable enterprise brands and specific metrics (number of Fortune 500 customers, largest deployment size, total documents managed across customer base).",Messaging,Medium,2026-01-20 09:51:29.507398,116500d0-357e-4ace-a7af-7264ed58e22a,synozur.com,pending,,,,,,,17daaca7-2a15-4f92-bbf3-c9a401ef36ac,0,0,f,,,
8d967ac4-4465-4f4c-a628-c574960a68fd,Launch Developer Platform and API-First Positioning Initiative,"Create developer-focused positioning and content highlighting M-Files as extensible platform with comprehensive APIs, SDKs, and developer tools. Develop dedicated developer portal with API documentation, code samples, integration guides, and developer community. Produce content around 'API-first architecture,' custom application development, and extensibility similar to Box's 'developer-friendly platform with AI-native APIs' messaging. Create technical content for developer audiences showing how to build custom solutions on M-Files platform, integrate with external systems, and extend functionality. Include developer case studies and showcase partner-built applications.",Positioning,Medium,2026-01-20 09:51:29.60749,116500d0-357e-4ace-a7af-7264ed58e22a,synozur.com,pending,,,,,,,17daaca7-2a15-4f92-bbf3-c9a401ef36ac,0,0,f,,,
d6ce1397-0c16-44a5-b6f1-10f67a0f79bd,Elevate and Brand AI Capabilities with 'M-Files Aino' as Primary Differentiator,"Rebrand core messaging to lead with 'M-Files Aino AI' as the primary value proposition rather than 'metadata-driven' positioning. Develop dedicated Aino branding across all touchpoints including website hero sections, sales collateral, and product messaging. Create an AI-first narrative that positions Aino as the intelligent layer that powers metadata automation, content intelligence, and process automation—making AI the story, not metadata. Follow competitors' playbook by creating memorable AI branding (similar to Box AI, Aviator AI, Laserfiche AI) that simplifies complex capabilities into a marketable identity.",Messaging,High,2026-01-20 09:52:15.510468,116500d0-357e-4ace-a7af-7264ed58e22a,synozur.com,pending,,,,,,,17daaca7-2a15-4f92-bbf3-c9a401ef36ac,0,0,f,,,
d5bdbc3f-bcd0-4c91-a20d-6a7875cab01e,Develop Deep Vertical Industry Solutions and Positioning,"Create industry-specific solution packages with dedicated messaging, features, and success stories for high-value verticals including Healthcare, Financial Services, Insurance, and Government. Develop vertical-specific landing pages, sales plays, and product configurations that demonstrate deep industry expertise rather than horizontal examples. Build industry-tailored AI models, compliance templates, and workflow accelerators that address sector-specific challenges. Position M-Files as an industry specialist platform with proven vertical solutions, not just a general ECM with industry customers.",Positioning,High,2026-01-20 09:52:16.01013,116500d0-357e-4ace-a7af-7264ed58e22a,synozur.com,pending,,,,,,,17daaca7-2a15-4f92-bbf3-c9a401ef36ac,0,0,f,,,
3f2295b8-124e-453e-a9a6-7d209b6bfb2f,Build Unified Platform and Ecosystem Integration Narrative,"Expand messaging beyond 'Microsoft 365 native' to articulate a comprehensive ecosystem story that positions M-Files as a central integration hub connecting enterprise systems, third-party AI models (OpenAI, Anthropic, Google), business applications, and data sources. Develop marketing materials highlighting total number of integrations, pre-built connectors, and platform extensibility. Create visual representations of M-Files as the unified layer that eliminates information silos across the enterprise. Emphasize API-first architecture and low-code integration capabilities that enable customers to build their own connected ecosystems.",Messaging,Medium,2026-01-20 09:52:16.308094,116500d0-357e-4ace-a7af-7264ed58e22a,synozur.com,pending,,,,,,,17daaca7-2a15-4f92-bbf3-c9a401ef36ac,0,0,f,,,
df669e2e-8240-49b5-8429-d1677a4fba9b,Reposition as Content Intelligence Platform That Extracts Business Value,"Shift messaging from document organization and retrieval efficiency to content intelligence and business value extraction. Develop new messaging pillars around 'transforming unstructured content into structured business intelligence,' 'AI-powered insights from documents,' and 'unlocking hidden value in enterprise content.' Create demonstration scenarios showing how M-Files Aino extracts data, identifies patterns, generates insights, and enables data-driven decisions. Build marketing content highlighting analytics, reporting, and intelligence capabilities rather than just management and workflow features.",Features,High,2026-01-20 09:52:16.708716,116500d0-357e-4ace-a7af-7264ed58e22a,synozur.com,pending,,,,,,,17daaca7-2a15-4f92-bbf3-c9a401ef36ac,0,0,f,,,
7e92202d-1ac2-4546-a255-de43edf7ed2d,Articulate Cloud-Native Architecture and Deployment Flexibility Strategy,"Develop clear messaging around M-Files cloud architecture, infrastructure strategy, and deployment flexibility. Create dedicated content explaining cloud-native capabilities, multi-cloud support, sovereign cloud options, hybrid deployment models, and infrastructure roadmap. Address CIO and IT leader concerns about modern architecture, scalability, performance, and future-proofing. If cloud-native transformation is underway, communicate the vision and timeline. If offering multiple deployment options, emphasize flexibility similar to OpenText's 'deploy anywhere' positioning. Build technical credibility materials demonstrating modern platform architecture.",Positioning,Medium,2026-01-20 09:52:17.107952,116500d0-357e-4ace-a7af-7264ed58e22a,synozur.com,pending,,,,,,,17daaca7-2a15-4f92-bbf3-c9a401ef36ac,0,0,f,,,
569d181f-d6e3-4932-980d-74ba7c185a05,Elevate AI Agent Positioning and Autonomous Intelligence Messaging,"Reposition M-Files Aino from 'AI-powered DMS' to 'AI Agent Platform' with prominent messaging around autonomous capabilities. Create dedicated content highlighting how M-Files AI agents autonomously classify documents, suggest workflows, automate metadata tagging, and provide intelligent recommendations without human intervention. Develop comparison content showing M-Files AI capabilities alongside Box AI and OpenText Aviator, emphasizing no-code AI agent deployment similar to Box's positioning. Update homepage hero section and product pages to lead with 'Intelligent AI Agents' rather than burying AI as a feature.",Messaging,High,2026-01-20 09:51:29.233206,116500d0-357e-4ace-a7af-7264ed58e22a,synozur.com,pending,,,,,,,17daaca7-2a15-4f92-bbf3-c9a401ef36ac,0,0,t,,,
b44581e4-05b1-47d1-a975-eebfea662608,Develop and Brand a Proprietary Data/Technology Platform,"Create and market a proprietary technology suite (similar to ROKK's 'RADIUS') that combines data analytics, audience targeting, and campaign measurement tools. Brand it with a distinctive name and position it as the engine behind Narrative's strategic precision. This platform should integrate stakeholder mapping, message testing, media monitoring, and grassroots activation tracking into a unified dashboard that demonstrates measurable ROI to clients.",Features,High,2026-03-07 23:47:16.511153,116500d0-357e-4ace-a7af-7264ed58e22a,synozur.com,pending,,,,,,,b085c33e-6301-4882-a3fd-5010c4e45238,0,0,f,,,
642b3415-8e57-47c7-aac1-9ff3b94af668,Develop 'Archive Analytics Ecosystem' Integration Showcase,"Create technical documentation and demo environments showing how archives integrate with modern analytics platforms (Snowflake, Databricks, AWS Athena), enterprise search (Elasticsearch, Solr), and BI tools (Power BI, Tableau). Publish integration guides, API documentation, and partner ecosystem program. Demonstrate ongoing value through use cases: M&A due diligence, regulatory audits, business intelligence from historical data, and AI/ML model training on archived datasets.",Features,High,2026-02-19 20:25:01.555446,116500d0-357e-4ace-a7af-7264ed58e22a,synozur.com,pending,,,,,,,cbb5fabd-c82b-4d50-bd34-2a0d79398622,0,0,f,,,
87b5c71f-7f3c-49d9-93a1-add26b35fa13,Elevate AI Positioning to Core Brand Narrative,"Reposition Reveille's AI capabilities from buried feature descriptions to headline messaging. Create a branded AI engine name (similar to Dynatrace's 'Davis AI') specifically for ECM/IDP/RPA environments. Lead all messaging with 'AI-Powered Observability for Document Process Automation' and develop content demonstrating how AI predicts document processing failures, automates remediation for capture/extraction errors, and optimizes workflow performance. Feature AI prominently in homepage hero sections, product positioning statements, and sales materials.",Messaging,High,2026-01-21 16:57:59.735132,116500d0-357e-4ace-a7af-7264ed58e22a,synozur.com,pending,,,,,,,bc7e3c6b-277f-4220-81d8-2bc62426ad25,0,0,f,,,
5c0bb547-7727-4d29-8846-bb972429a86a,Develop Strategic Business Outcome Framework Beyond Uptime,"Shift messaging from reactive metrics (preventing downtime, reducing tickets) to strategic business enablement outcomes. Create a framework around three pillars: 'Accelerate Digital Transformation' (faster document process deployment), 'Enable Innovation Velocity' (safe experimentation with new IDP/RPA workflows), and 'Optimize Process ROI' (quantified efficiency gains in document-centric operations). Develop ROI calculators, industry-specific outcome models for financial services/healthcare/government, and C-suite oriented business cases that connect observability to revenue impact, compliance risk reduction, and customer experience improvement.",Messaging,High,2026-01-21 16:57:59.762405,116500d0-357e-4ace-a7af-7264ed58e22a,synozur.com,pending,,,,,,,bc7e3c6b-277f-4220-81d8-2bc62426ad25,0,0,f,,,
ca65509f-3cb3-4832-84bd-a5d3f4686283,Integrate Security Observability for Document Systems,"Develop and message security monitoring capabilities specifically for ECM/IDP/RPA environments. Create features/positioning around: compliance monitoring for document retention and access policies, anomaly detection for suspicious document access patterns, audit trail observability for regulatory requirements, and integration with SIEM platforms for document-centric security events. Position as 'Unified Security and Performance Observability for Enterprise Content' targeting regulated industries (financial services, healthcare, government) where document security is critical. Partner with or integrate existing SIEM vendors to close capability gap.",Features,High,2026-01-21 16:57:59.783663,116500d0-357e-4ace-a7af-7264ed58e22a,synozur.com,pending,,,,,,,bc7e3c6b-277f-4220-81d8-2bc62426ad25,0,0,f,,,
69ce3f54-94c5-4a2f-9de3-ccac867b8bf0,Develop and trademark a distinctive positioning tagline,"Create a memorable, ownable tagline that captures Protiviti's unique value proposition and trademark it for legal protection. The tagline should be concise (2-4 words), emotionally resonant, and differentiated from competitors. Consider taglines that emphasize Protiviti's unique combination of consulting expertise and internal audit heritage, such as positioning around 'precision,' 'clarity in complexity,' or 'confident transformation.' Test multiple options with target audiences before finalizing. Once selected, integrate the trademarked tagline consistently across all marketing materials, website headers, email signatures, and sales collateral.",Messaging,High,2026-03-07 20:42:59.900331,116500d0-357e-4ace-a7af-7264ed58e22a,protiviti.com,pending,,,,,,,df5aac98-bc6d-41ae-a00b-a61d3e1505a9,0,0,f,,,
a48545fc-342a-4b90-b2a0-2bf8f0045b30,Build Third-Party Validation and Analyst Relations Program,"Establish systematic analyst relations strategy to secure recognition in relevant categories. Target Gartner for emerging/niche categories like 'Document Process Intelligence' or 'ECM Operations Management,' pursue Forrester Wave inclusion in 'AIOps for Enterprise Applications,' seek industry-specific analyst coverage (AIIM for ECM space), and apply for technology awards in RPA/IDP/automation categories. Develop customer reference programs to support analyst inquiries, create published case studies with quantified outcomes, and pursue partner certifications from platform vendors (Hyland, ABBYY, OpenText, Tungsten). Feature all recognition prominently on website, sales materials, and competitive positioning documents.",Content,Medium,2026-01-21 16:57:59.805074,116500d0-357e-4ace-a7af-7264ed58e22a,synozur.com,pending,,,,,,,bc7e3c6b-277f-4220-81d8-2bc62426ad25,0,0,f,,,
00b21c6a-2e78-430b-b328-f935e62012a8,Reframe Platform Specialization as Strategic Advantage,"Transform the perceived limitation of platform specialization into differentiated strength through messaging repositioning. Develop narrative: 'While generic observability tools provide shallow metrics across everything, Reveille delivers deep intelligence for document-centric processes—the mission-critical workflows that drive revenue, compliance, and customer experience in financial services, healthcare, and government.' Create comparison content showing how general platforms (Dynatrace, Splunk, DataDog) cannot monitor document capture quality, extraction accuracy, workflow bottlenecks, or process-specific KPIs that ECM/IDP/RPA stakeholders need. Position as 'vertical platform strategy' with ecosystem integration approach, highlighting pre-built connectors and domain expertise that accelerate time-to-value for document process owners.",Positioning,Medium,2026-01-21 16:57:59.827268,116500d0-357e-4ace-a7af-7264ed58e22a,synozur.com,pending,,,,,,,bc7e3c6b-277f-4220-81d8-2bc62426ad25,0,0,f,,,
671be81d-af92-4d90-afbe-f55088e2a8df,Develop 'Data Minimization for AI Compliance' Vertical Campaigns,"Create industry-specific campaigns (healthcare, financial services, government) focused on data minimization as a regulatory requirement for responsible AI deployment. Position RecordPoint's automated retention and disposition capabilities as essential infrastructure for meeting emerging AI regulations (EU AI Act, state privacy laws requiring data minimization). Develop vertical-specific playbooks, risk frameworks, and compliance checklists that demonstrate how excessive data retention creates both AI training liability and regulatory exposure. Include customer proof points showing quantified data volume reduction and associated risk mitigation.",Messaging,Medium,2026-01-31 00:11:05.021979,116500d0-357e-4ace-a7af-7264ed58e22a,synozur.com,pending,,,,,,,9a959fb8-9171-4141-a2b8-f2df7ee805ee,0,0,f,,,
6a393488-b4bb-4705-aaf8-1ef63f3fb1d1,Build 'Women-Led Advantage' Strategic Narrative for Supplier Diversity Programs,"Transform woman-owned certification from a descriptor into a strategic value driver by creating a comprehensive narrative and toolkit that connects woman-owned status to measurable client benefits. Develop materials specifically for procurement teams highlighting supplier diversity scorecard impact, government contracting set-asides (WOSB/EDWOSB programs), and corporate ESG reporting advantages. Create case studies showing how partnering with Synozur advances clients' own diversity goals. Include quantified benefits: federal contracting opportunities, Fortune 500 supplier diversity program alignment, and unique perspectives on organizational transformation from diverse leadership. Package this as a 'Strategic Partnership Advantage' program that procurement and diversity officers can champion internally.",Positioning,Medium,2026-02-07 22:47:03.947507,116500d0-357e-4ace-a7af-7264ed58e22a,synozur.com,pending,,,,,,,137db123-4906-4e61-af99-f0d23d86a622,0,0,f,,,
5943b75c-d4f1-45ee-9950-1de520f0b3be,Launch 'Security Operations Enablement' Partner Program,"Address the security positioning gap by developing a formal partnership strategy with SOC/MDR providers and SIEM vendors. Create technical integrations and co-marketing programs that position RecordPoint as the data governance layer that reduces the attack surface SOC teams must monitor. Develop joint value propositions showing how automated data classification and retention reduce false positives, accelerate incident response, and lower MDR costs. Produce security-focused ROI calculators and case studies demonstrating 'governance as security enablement' rather than competing directly with Varonis on threat detection.",Positioning,Medium,2026-01-31 00:11:05.044445,116500d0-357e-4ace-a7af-7264ed58e22a,synozur.com,pending,,,,,,,9a959fb8-9171-4141-a2b8-f2df7ee805ee,0,0,f,,,
03ca55c3-0568-473d-a911-05e065c0d797,Create 'Total Cost of Compliance' ROI Calculator and Benchmarking Tool,"Develop an interactive ROI calculator that quantifies the total cost of manual compliance processes versus automated governance, including metrics like: hours spent on legal holds, eDiscovery preparation time, manual retention policy enforcement, audit preparation cycles, and regulatory fine risk exposure. Provide industry benchmarks and peer comparison data that validate inputs and outputs. Generate personalized PDF reports with executive-ready business cases showing specific cost avoidance, efficiency gains, and risk reduction—similar to Microsoft Purview's quantified $2.3M NPV messaging but tailored to individual prospect scenarios.",Content,High,2026-01-31 00:11:05.066813,116500d0-357e-4ace-a7af-7264ed58e22a,synozur.com,pending,,,,,,,9a959fb8-9171-4141-a2b8-f2df7ee805ee,0,0,f,,,
2b4ddc8b-a27e-44d9-ad56-2a92309057a2,Create 'M&A System Consolidation Accelerator' Solution Package,"Develop a dedicated M&A-focused offering that packages Snapshot technology with specific outcomes for post-merger scenarios: duplicate system retirement timelines (30/60/90-day frameworks), regulatory compliance playbooks for divestitures, TCO calculators showing cost avoidance from delaying decommissioning, and data harmonization metrics. Include 2-3 anonymized case studies showing archive creation speed during integration windows, and create M&A-specific sales collateral highlighting budget approval triggers (deal close dates, Day 1 readiness, TSA exit deadlines). Position as 'M&A Integration Insurance' that de-risks deal timelines.",Positioning,High,2026-02-19 20:36:45.7887,116500d0-357e-4ace-a7af-7264ed58e22a,synozur.com,pending,,,,,,,cbb5fabd-c82b-4d50-bd34-2a0d79398622,0,0,f,,,
5d0b9adc-f71e-4a29-8128-f30eed11979b,Establish Proprietary 'RecordPoint Research Labs' for Data Governance Threat Intelligence,"Launch a dedicated research initiative similar to Varonis Threat Labs that discovers and publishes data governance vulnerabilities, AI security risks, and compliance gaps in enterprise systems. Produce quarterly threat reports on emerging data risks (e.g., 'Copilot Data Exposure Patterns,' 'SharePoint Permission Sprawl Vulnerabilities,' 'AI Training Data Contamination Risks'). Distribute findings through dedicated landing pages, security advisories, and media outreach to position RecordPoint as a thought leader beyond best practices implementation.",Content,High,2026-01-31 00:18:02.585944,116500d0-357e-4ace-a7af-7264ed58e22a,synozur.com,pending,,,,,,,9a959fb8-9171-4141-a2b8-f2df7ee805ee,0,0,f,,,
bba91dec-cf50-4141-adca-f977982404ee,Develop 'Analyst Recognition and Awards Showcase' Trust-Building Campaign,"Create a comprehensive third-party validation program that includes: pursuing Gartner/Forrester evaluations and prominently featuring any recognition; commissioning Forrester TEI or similar ROI studies to quantify customer value; collecting and publishing specific customer outcome metrics (% risk reduction, time saved, compliance audit results); developing an 'Awards & Recognition' hub with badges, reports, and customer validation quotes. Integrate these trust signals throughout the buyer journey from homepage to sales collateral.",Messaging,High,2026-01-31 00:18:02.617376,116500d0-357e-4ace-a7af-7264ed58e22a,synozur.com,pending,,,,,,,9a959fb8-9171-4141-a2b8-f2df7ee805ee,0,0,f,,,
87ad2bdf-862b-4ec7-a3f4-2fb72aa986bf,Build 'Privacy + Risk + Quality Unified Governance' Platform Expansion Roadmap,"Develop and communicate a product roadmap that extends beyond data lifecycle and AI governance into adjacent disciplines: privacy automation (consent management, DSAR workflows), third-party risk monitoring, automated data quality profiling, and compliance workflow orchestration. Create messaging around 'Connected Governance Platform' that eliminates tool sprawl. Publish platform vision whitepaper showing integration architecture between governance, privacy, quality, and security operations with concrete use cases for unified workflows.",Positioning,High,2026-01-31 00:18:02.64903,116500d0-357e-4ace-a7af-7264ed58e22a,synozur.com,pending,,,,,,,9a959fb8-9171-4141-a2b8-f2df7ee805ee,0,0,f,,,
09f3c8c6-0f3d-49e2-881c-3bd0b5e74a8c,Create 'AI Lifecycle Governance Framework' from Data Prep to Model Monitoring,"Expand AI messaging beyond 'clean data drives AI adoption' to encompass the complete AI lifecycle: data preparation and quality for training, AI model governance and versioning, GenAI prompt injection and output validation, EU AI Act and regulatory compliance mapping, AI product security for copilots/LLMs, and ongoing model monitoring. Develop framework documentation, compliance checklists, and implementation guides that position RecordPoint as governing AI end-to-end, not just preparing data for AI initiatives.",Messaging,High,2026-01-31 00:18:02.67258,116500d0-357e-4ace-a7af-7264ed58e22a,synozur.com,pending,,,,,,,9a959fb8-9171-4141-a2b8-f2df7ee805ee,0,0,f,,,
604ae30d-2dbc-431f-9432-81229b116858,Launch '24/7 Data Risk Monitoring and Response' Managed Service Offering,"Develop a managed service tier similar to Varonis's 24/7 MDR that provides continuous monitoring of data governance violations, automated alert investigation, and guided remediation workflows. Position this as 'Governance Operations Center' (GOC) that complements traditional SOC capabilities. Offer tiered service levels from automated alerting to full white-glove incident response for governance breaches, unauthorized data access, and compliance violations. Market this as bridging the gap between governance policy and active security enforcement.",Features,High,2026-01-31 00:18:02.699447,116500d0-357e-4ace-a7af-7264ed58e22a,synozur.com,pending,,,,,,,9a959fb8-9171-4141-a2b8-f2df7ee805ee,0,0,f,,,
b2038380-8b0d-4f7d-9296-7a4f82942d11,Develop Enterprise-Scale Proof Points Package,"Create a comprehensive credibility package that quantifies Allytics' enterprise capabilities. Include: (1) Total years in business and client tenure metrics, (2) Aggregate client revenue/company size served (e.g., '80% of clients are $100M+ revenue companies'), (3) Number of successful engagements completed, (4) Industry certifications or awards received, (5) Technology stack expertise depth. Display these proof points prominently on homepage, about page, and in sales collateral. Consider creating a 'By The Numbers' section that mirrors Affirma's approach ('23 years, 1000+ engagements, 10+ locations').",Messaging,High,2026-01-31 21:01:07.552806,116500d0-357e-4ace-a7af-7264ed58e22a,synozur.com,pending,,,,,,,f78f8c44-7b05-43c5-9add-a08bf46af886,0,0,f,,,
d7346671-1591-44f4-bfa0-dfa384b50090,Launch AI-Driven Marketing Transformation Content Series,"Develop a quarterly thought leadership initiative focused on AI's impact on B2B tech marketing. Topics should include: How AI is changing buyer research behaviors, Building AI-ready marketing operations, Human-AI collaboration in content creation, AI-powered personalization at scale, and Ethical AI in marketing automation. Publish as combination of LinkedIn articles, blog posts, and short-form video content. Position executives as practitioners who are implementing AI tools, not just theorizing about them. Include real examples and lessons learned from Allytics' own AI adoption journey.",Content,High,2026-01-31 21:01:07.586923,116500d0-357e-4ace-a7af-7264ed58e22a,synozur.com,pending,,,,,,,f78f8c44-7b05-43c5-9add-a08bf46af886,0,0,f,,,
d2235ddd-b534-4f3e-8f39-8a1696cac6b8,Establish Strategic Technology Partnership Program,"Formalize partnerships and certifications with 3-5 key marketing technology platforms commonly used by tech companies. Priority targets: HubSpot (marketing automation), Salesforce (CRM), Google Analytics 4/Adobe Analytics (analytics), and one ABM platform (6sense/Demandbase). Achieve formal partner status, get team members certified, and develop platform-specific case studies. Create dedicated landing pages for each partnership showcasing integration expertise. Use partner logos prominently in website footer and sales materials. Announce partnerships through press releases and LinkedIn posts.",Features,High,2026-01-31 21:01:07.609682,116500d0-357e-4ace-a7af-7264ed58e22a,synozur.com,pending,,,,,,,f78f8c44-7b05-43c5-9add-a08bf46af886,0,0,f,,,
b4c39fde-669a-4644-9a81-3eb4c78faca6,Articulate Outcomes-Based Design Methodology Framework,"Develop and name a proprietary design methodology that connects creative work to measurable business outcomes. Framework should include: (1) Discovery phase that maps design decisions to business KPIs, (2) Experience principles tied to conversion/engagement metrics, (3) Testing protocols that validate design against business goals, (4) Post-launch measurement framework. Create visual framework diagram, methodology page on website, and case studies that demonstrate methodology in action. Train team to articulate this approach consistently in sales conversations.",Positioning,Medium,2026-01-31 21:01:07.631953,116500d0-357e-4ace-a7af-7264ed58e22a,synozur.com,pending,,,,,,,f78f8c44-7b05-43c5-9add-a08bf46af886,0,0,f,,,
ebc00f4e-bd53-4ebf-8ce5-a80fe8fe1833,Crawl failures detected for Rocket Software,Rocket Software has failed 3 consecutive crawl attempts. The site may be unreachable or blocking automated crawlers. Consider excluding it from automated crawling.,crawl_health,Medium,2026-03-23 21:26:48.093115,,synozur.com,pending,,,,9394577a-4ad2-45d0-96af-c82ba2775365,,,cbb5fabd-c82b-4d50-bd34-2a0d79398622,0,0,f,,,
2498a874-ea72-44e7-ae46-efbac1134e29,Launch 'AI Implementation Readiness Scorecard' with Industry Benchmarking Data,"Develop a diagnostic assessment tool that evaluates organizations across 6-8 AI readiness dimensions (data infrastructure, governance maturity, talent capabilities, process digitization, change capacity, ethical framework, technology stack compatibility, budget allocation). Unlike generic maturity assessments, position this specifically for AI implementation readiness with industry-specific benchmarking data collected from Synozur's client base and supplemented with market research. Offer as a complimentary executive briefing that generates a custom scorecard showing the client's position relative to industry peers, identifies top 3 readiness gaps, and provides a prioritized roadmap. Use assessment data to build proprietary industry benchmark reports (e.g., 'Healthcare AI Readiness Report 2025') that establish thought leadership while generating qualified leads. Integrate with sales process as a diagnostic entry point that naturally leads to Synozur's AI-augmented transformation services.",Content,High,2026-02-07 22:47:03.996649,116500d0-357e-4ace-a7af-7264ed58e22a,synozur.com,pending,,,,,,,137db123-4906-4e61-af99-f0d23d86a622,0,0,f,,,
81643202-7bbc-4385-b5bc-2407f2c120f8,Create Tech Industry Evolution Perspective Series,"Publish monthly perspective pieces on how specific tech industry segments are evolving their go-to-market approaches. Focus on subsectors relevant to client base (SaaS, cybersecurity, cloud infrastructure, developer tools, etc.). Each piece should analyze: shifting buyer behaviors, emerging channel strategies, messaging evolution, and successful case examples from that subsector. Include data from industry research, client learnings, and Allytics' observations. Position these as must-read resources for CMOs in each subsector. Promote through LinkedIn, email nurture campaigns, and speaking opportunities.",Content,Medium,2026-01-31 21:01:07.653947,116500d0-357e-4ace-a7af-7264ed58e22a,synozur.com,pending,,,,,,,f78f8c44-7b05-43c5-9add-a08bf46af886,0,0,f,,,
eaad7d07-6497-4956-98fd-82990b1bf17f,Publish 'Legacy Retirement ROI Calculator' with Comparative Benchmarks,"Build an interactive ROI tool that quantifies decommissioning value across three competitor alternatives: (1) Keep running legacy systems (using industry maintenance cost benchmarks), (2) Full modernization/migration approach (citing Rocket/Atos project timelines and costs), (3) Snapshot retirement approach (your costs + timeline). Include inputs for number of systems, data volume, compliance requirements, and outputs showing cost savings, risk reduction, and speed-to-value. Embed customer proof points (even anonymized: 'Fortune 500 Financial Services, 47% cost reduction vs. migration') and promote via paid search targeting 'legacy system cost' and 'decommissioning vs migration' queries.",Content,High,2026-02-19 20:36:45.82012,116500d0-357e-4ace-a7af-7264ed58e22a,synozur.com,pending,,,,,,,cbb5fabd-c82b-4d50-bd34-2a0d79398622,0,0,f,,,
d40cd9ba-b82b-42b3-9b63-afa92f02890c,Launch 'Compliance Continuity Certification' Partner Program,"Establish formal partnerships/certifications with compliance auditors (Big 4, regional firms) and regulatory technology vendors to third-party validate that Snapshot archives meet ongoing audit requirements for retired systems. Create 'Certified Compliant Archive' designation with audit-ready documentation templates, chain-of-custody reports, and pre-validated search/retrieval workflows for GDPR, SOX, HIPAA, and industry-specific regulations. Co-market with partners via webinars ('How Auditors Validate Decommissioned System Archives') and joint case studies showing successful audits of retired systems 3-5 years post-decommissioning.",Features,High,2026-02-19 20:36:45.84333,116500d0-357e-4ace-a7af-7264ed58e22a,synozur.com,pending,,,,,,,cbb5fabd-c82b-4d50-bd34-2a0d79398622,0,0,f,,,
82e2702d-d90b-4a8d-8f7c-e18072fb9b1c,Crawl failures detected for EPAM Systems,EPAM Systems has failed 3 consecutive crawl attempts. The site may be unreachable or blocking automated crawlers. Consider excluding it from automated crawling.,crawl_health,Medium,2026-03-23 21:27:07.3924,,synozur.com,pending,,,,1f834797-98a8-4544-854d-02cea1b775bb,,,a8e7cd06-ed45-41ec-b4a1-1c8a55a17a97,0,0,f,,,
95a113bc-dd96-4527-85f7-1d9bde8a3f2b,Develop 'Transformation Coalition' Partner Ecosystem with Joint Credibility Framework,"Build a curated network of 8-12 strategic technology and service partners (complementary, not competitive) structured around Synozur's transformation methodology phases. Create a formalized 'Transformation Coalition' program with joint case studies, co-branded thought leadership, shared client references, and reciprocal referral agreements. Develop a partner credibility framework that leverages partners' recognitions to enhance Synozur's positioning (e.g., 'Certified implementation partner for [recognized platform],' 'Strategic alliance with [award-winning firm]'). Host quarterly 'Coalition Innovation Labs' that generate collaborative insights and IP. This creates borrowed authority through association while building actual delivery capacity for enterprise-scale engagements. Publicly showcase the coalition as evidence of Synozur's ecosystem orchestration capability and vendor-neutral advisory position.",Positioning,Medium,2026-02-07 22:47:04.020275,116500d0-357e-4ace-a7af-7264ed58e22a,synozur.com,dismissed,,2026-03-25 16:39:53.142,,,,,137db123-4906-4e61-af99-f0d23d86a622,0,0,f,developtransformationcoalitionpartnerecosystemwithjointcredibilityframework_positioning,duplicate,116500d0-357e-4ace-a7af-7264ed58e22a
192a1d63-f7ca-42a2-835f-6a619b7f9580,Reframe CAPP Charter Membership as AI-Readiness Differentiator,Transform the CAPP charter membership credential from a partnership badge into a core value proposition centered on AI and Copilot readiness. Create dedicated messaging that positions Helux as the expert who prepares content ecosystems specifically for AI consumption and Copilot effectiveness. Develop content explaining how intelligent content enrichment and information architecture services directly enable organizations to maximize their Copilot investment and AI-powered productivity gains. Include specific 'Copilot Readiness Assessment' or 'AI Content Preparation' service offerings that leverage THEMIS capabilities.,Positioning,High,2026-01-24 15:23:40.519073,116500d0-357e-4ace-a7af-7264ed58e22a,synozur.com,pending,,,,,,,5428db01-79b3-4487-a2b2-0e63327f2510,0,0,f,,,
7f636ff6-2283-44db-87f3-85b3caff5e63,Develop 'Transformation Partnership' Continuity Narrative,"Restructure service messaging to position migrations and implementations as the foundation of ongoing transformation partnerships rather than discrete projects. Create a clear 'partnership continuum' framework that shows how initial strategy and migration work evolves into continuous optimization, governance refinement, AI adoption, and workplace evolution. Introduce terminology like 'transformation partner' and 'continuous modernization' to replace project-centric language. Develop post-migration service packages that explicitly address ongoing value creation, preventing them from being perceived as one-time implementations.",Positioning,High,2026-01-24 15:23:40.553584,116500d0-357e-4ace-a7af-7264ed58e22a,synozur.com,pending,,,,,,,5428db01-79b3-4487-a2b2-0e63327f2510,0,0,f,,,
8baf50b4-ab0e-496e-8835-b170fa0d51a7,Create 'Post-Migration Success' Product Suite,"Develop and prominently feature a clearly defined suite of post-migration tools and services that address common challenges after content moves to Microsoft 365. Bundle THEMIS capabilities with new offerings like link integrity management, content health monitoring, adoption analytics, and governance optimization into a branded 'THEMIS Sustain' or similar product. Create case studies and content specifically addressing how organizations maintain and expand value after migration is complete, including metrics on prevented issues and sustained productivity gains.",Features,Medium,2026-01-24 15:23:40.576933,116500d0-357e-4ace-a7af-7264ed58e22a,synozur.com,pending,,,,,,,5428db01-79b3-4487-a2b2-0e63327f2510,0,0,f,,,
446a1dda-e45e-4e36-b745-fd2c7b929dab,Humanize Technical Language with People-First Storytelling,"Revise primary messaging to lead with human outcomes and organizational challenges before introducing technical solutions. Replace phrases like 'intelligent content enrichment' and 'information architecture' with outcome-focused language such as 'making your content work for your people' or 'enabling teams to find what they need, when they need it.' Develop customer success stories that emphasize employee experience, productivity improvements, and reduced frustration rather than technical implementation details. Ensure all service descriptions answer 'how does this help people work better' before explaining technical approach.",Messaging,High,2026-01-24 15:23:40.599623,116500d0-357e-4ace-a7af-7264ed58e22a,synozur.com,pending,,,,,,,5428db01-79b3-4487-a2b2-0e63327f2510,0,0,f,,,
4ccd7ed8-5efe-4a1b-a8da-83b7a4371cff,Establish Thought Leadership Through Industry Contribution Program,"Launch a structured thought leadership initiative that positions Helux experts as industry voices through speaking engagements, technical community contributions, published research on content AI and governance, and participation in Microsoft community events. Create a content calendar featuring insights on emerging topics like AI content preparation, hybrid workplace content challenges, and governance evolution. Develop case study publications, white papers on content migration best practices, and contribute to Microsoft technical communities. Highlight team members' expertise and community involvement prominently on the website and in marketing materials.",Content,Medium,2026-01-24 15:23:40.622754,116500d0-357e-4ace-a7af-7264ed58e22a,synozur.com,pending,,,,,,,5428db01-79b3-4487-a2b2-0e63327f2510,0,0,f,,,
ab55d4fc-230f-43f4-8698-0e1b5a6aed86,Develop and Promote Industry Analyst Relations Program,"Initiate a formal analyst relations program targeting Gartner, Forrester, and IDC to secure coverage in relevant Magic Quadrants or Wave reports for enterprise content management monitoring or IT operations categories. Begin with analyst briefings highlighting Reveille's unique positioning in ECM/IDP observability, customer success metrics, and market traction. In parallel, pursue industry awards from IT operations and automation trade publications. Feature any analyst mentions, awards, or third-party validations prominently in hero messaging, sales collateral, and website positioning to establish immediate credibility with risk-averse enterprise buyers.",Positioning,High,2026-02-09 04:03:41.92628,d816008f-9e8e-434b-8a60-bad260959ddb,reveillesoftware.com,pending,,,,,,,5232feeb-8671-489f-ab07-e9d7310f0a3f,0,0,f,,,
90fa8b45-a944-4073-a786-44a7a68ca0ec,Create Customer Evidence Hub with Scale Metrics and Logo Wall,"Develop a comprehensive customer evidence section featuring quantified adoption metrics (total customer count, percentage of market leaders using Reveille, number of documents/transactions monitored), recognizable customer logos (with permissions), and industry-specific case study collections. Structure messaging around market penetration statistics similar to Smarsh's approach ('X of top 10 healthcare systems' or 'X% of enterprise ECM deployments in financial services'). Include interactive elements showing deployment scale, uptime achievements across customer base, and aggregated ROI metrics to demonstrate proven track record at enterprise scale.",Messaging,High,2026-02-09 04:03:41.960983,d816008f-9e8e-434b-8a60-bad260959ddb,reveillesoftware.com,pending,,,,,,,5232feeb-8671-489f-ab07-e9d7310f0a3f,0,0,f,,,
9cadfddb-5dea-4cb5-8bc9-f6bd82210f2b,Develop Executive-Level ROI and Business Continuity Messaging Track,"Create a distinct messaging track and content series targeting C-suite executives (CIO, CFO, COO) and line-of-business leaders focused on business continuity, operational resilience, cost avoidance, and strategic automation ROI. Translate technical monitoring capabilities into business outcomes: quantified downtime cost avoidance, revenue protection through SLA compliance, audit readiness for regulatory requirements, and competitive advantage through automation reliability. Develop executive briefing materials, boardroom-ready one-pagers, and business case templates that financial and operational executives can use to justify monitoring investments beyond IT operations budgets.",Audience,Medium,2026-02-09 04:03:41.984136,d816008f-9e8e-434b-8a60-bad260959ddb,reveillesoftware.com,pending,,,,,,,5232feeb-8671-489f-ab07-e9d7310f0a3f,0,0,f,,,
74e84a26-432b-4ce5-a953-405f698e1dd9,Position as Strategic Automation Infrastructure Layer with ITSM/BI Integration Story,"Reframe Reveille from ECM-specific monitoring tool to essential automation infrastructure layer that integrates with enterprise ITSM platforms (ServiceNow, Jira Service Management), observability ecosystems (Splunk, Dynatrace), and business intelligence tools (Tableau, Power BI). Develop technical integration guides, pre-built connectors, and reference architectures showing Reveille as the specialized observability layer for document automation within broader enterprise monitoring strategy. Create messaging emphasizing 'purpose-built ECM/IDP observability that extends your existing IT operations stack' rather than standalone point solution, addressing enterprise architecture requirements for integrated toolchains.",Positioning,Medium,2026-02-09 04:03:42.00811,d816008f-9e8e-434b-8a60-bad260959ddb,reveillesoftware.com,pending,,,,,,,5232feeb-8671-489f-ab07-e9d7310f0a3f,0,0,f,,,
8a8139ee-3820-47a4-9502-4e1d9093aecb,Crawl failures detected for Deloitte Digital,Deloitte Digital has failed 3 consecutive crawl attempts. The site may be unreachable or blocking automated crawlers. Consider excluding it from automated crawling.,crawl_health,Medium,2026-03-23 21:34:37.992999,,synozur.com,pending,,,,a05137b0-48f9-4286-933b-ee5173ab82c5,,,a8e7cd06-ed45-41ec-b4a1-1c8a55a17a97,0,0,f,,,
f0c853a0-e3a2-48a7-9b1d-193024500a3f,Launch Thought Leadership Content Series on Intelligent Automation Observability Trends,"Develop a sustained thought leadership program addressing emerging challenges in intelligent automation observability: AI/ML model monitoring for IDP systems, predictive analytics for automation failures, observability best practices for hybrid ECM/cloud content services, and regulatory compliance requirements for automated document processing. Publish quarterly industry reports, host webinars with industry analysts or customer practitioners, and create educational content positioning Reveille's team as subject matter experts in automation reliability. Distribute through organic channels, industry publications, and speaking opportunities at ECM/automation conferences to build authority and inbound discovery.",Content,Medium,2026-02-09 04:03:42.032698,d816008f-9e8e-434b-8a60-bad260959ddb,reveillesoftware.com,pending,,,,,,,5232feeb-8671-489f-ab07-e9d7310f0a3f,0,0,f,,,
a6ae5dbd-5040-482f-9ecf-fbcfa645cb67,Develop Customer Journey Orchestration Service Line,"Create a distinct service offering focused on customer journey mapping, orchestration, and experience design specifically for B2B tech companies. Package this with methodology frameworks, diagnostic tools, and journey visualization templates. Position this as a strategic capability that bridges marketing, sales, and customer success to create cohesive experiences across the buyer lifecycle. Include case study development showing journey transformation outcomes with metrics like cycle time reduction, conversion rate improvements, and customer lifetime value impact.",Features,High,2026-01-31 23:26:49.16312,116500d0-357e-4ace-a7af-7264ed58e22a,synozur.com,pending,,,,,,,f78f8c44-7b05-43c5-9add-a08bf46af886,0,0,f,,,
4053b4c2-8503-4a14-8cd4-7e2c277f0b34,Create Enterprise Decision-Maker Targeting Campaign,"Develop a targeted account-based marketing campaign specifically designed for CMOs and VPs of Marketing at enterprise tech companies (500+ employees). Create persona-specific content addressing enterprise-scale challenges: board-level reporting, multi-product portfolio messaging, global market expansion, and marketing ROI accountability. Include executive briefings, CFO-friendly ROI frameworks, and enterprise procurement process guides. Use LinkedIn targeting to reach enterprise decision-makers with clear messaging about enterprise-scale capabilities and outcomes.",Audience,High,2026-01-31 23:26:49.264504,116500d0-357e-4ace-a7af-7264ed58e22a,synozur.com,pending,,,,,,,f78f8c44-7b05-43c5-9add-a08bf46af886,0,0,f,,,
b5b38480-0dc0-46df-b207-08a1c38526d7,Build Quantifiable Credibility Assets Package,"Develop a comprehensive credibility package including: company timeline/years in business, total client count, aggregate business results (total revenue influenced, aggregate conversion improvements, etc.), client retention rates, industry awards/recognition, and certification badges. Create a 'By The Numbers' webpage section and one-page credibility sheet. Incorporate these metrics into proposals, case studies, and LinkedIn company profile. Establish quarterly metrics reporting to keep these current and create social proof posts around milestone achievements.",Messaging,High,2026-01-31 23:26:49.963568,116500d0-357e-4ace-a7af-7264ed58e22a,synozur.com,pending,,,,,,,f78f8c44-7b05-43c5-9add-a08bf46af886,0,0,f,,,
3fcec470-5655-4cc7-b348-0effd090c754,Launch Human-Centered B2B Marketing Thought Leadership,"Create a content series exploring the intersection of human psychology, emotional resonance, and B2B tech marketing. Address the false dichotomy between rational B2B and emotional B2C marketing with frameworks showing how enterprise buyers make decisions based on trust, risk mitigation, and career impact—all emotional factors. Develop original research, LinkedIn articles, and webinars on topics like 'The Emotional Economics of Enterprise Software Purchases' or 'Why B2B Buyers Choose Brands They Trust Over Features They Need.' Position Allytics as thought leaders in humanizing tech marketing without losing strategic rigor.",Content,Medium,2026-01-31 23:26:50.064499,116500d0-357e-4ace-a7af-7264ed58e22a,synozur.com,pending,,,,,,,f78f8c44-7b05-43c5-9add-a08bf46af886,0,0,f,,,
fecefe1a-2b51-412c-a8f7-70f449c9ad6d,Establish Vertical Specialization Positioning Strategy,"Select 2-3 specific tech verticals (e.g., SaaS, cybersecurity, DevOps tools, martech) and develop vertical-specific expertise positioning through industry-focused case studies, vertical-specific service packages, industry event participation, and vertical market trend content. Create separate landing pages for each vertical highlighting sector-specific challenges, regulatory considerations, buyer personas, and competitive dynamics. Build vertical-specific client testimonials and develop partnerships with industry associations or publications in chosen verticals.",Positioning,Medium,2026-01-31 23:26:50.663997,116500d0-357e-4ace-a7af-7264ed58e22a,synozur.com,pending,,,,,,,f78f8c44-7b05-43c5-9add-a08bf46af886,0,0,f,,,
0ae5c77d-8dc7-4e27-8068-7e68c789e436,Develop 'Snapshot-to-Lakehouse' Modern Data Integration Blueprints,"Create technical integration guides showing how Snapshot archives connect to modern data platforms: Snowflake, Databricks, AWS S3/Athena, Azure Synapse, and Google BigQuery. Include API documentation, sample queries for archive data federation, and use cases for AI/ML model training on historical data ('train fraud models on 10 years of retired transaction data without maintaining legacy Oracle stack'). Partner with one cloud data platform for co-branded 'Legacy Data Liberation' reference architecture and joint GTM motion targeting data engineering and analytics teams alongside traditional IT decommissioning buyers.",Features,Medium,2026-02-19 20:36:45.870087,116500d0-357e-4ace-a7af-7264ed58e22a,synozur.com,pending,,,,,,,cbb5fabd-c82b-4d50-bd34-2a0d79398622,0,0,f,,,
0363b493-5dac-415d-b706-3c9f3d3f6f44,Create 'Strategic Retirement vs. Tactical Modernization' Decision Framework,"Publish a thought leadership piece (whitepaper + interactive assessment tool) that helps IT leaders decide when to retire vs. modernize legacy systems. Framework evaluates systems across dimensions: business process criticality, data access frequency, integration complexity, compliance retention requirements, and modernization ROI timeline. Output recommends one of four paths: (1) Retire with Snapshot, (2) Modernize with partners like Rocket, (3) Hybrid (retire + selectively modernize components), (4) Status quo with timeline triggers. Position Sunset Point as the objective advisor who acknowledges modernization has a place—building trust by NOT always selling decommissioning, while capturing early-stage research traffic.",Positioning,Medium,2026-02-19 20:36:45.898772,116500d0-357e-4ace-a7af-7264ed58e22a,synozur.com,pending,,,,,,,cbb5fabd-c82b-4d50-bd34-2a0d79398622,0,0,f,,,
aee623c7-edb9-45f0-a768-7d8b8232be9e,Launch a Technology Partnership Showcase Program,"Develop a visible technology partnership ecosystem that demonstrates Protiviti's implementation capabilities and technical credibility. Create dedicated partnership pages highlighting strategic alliances with enterprise technology providers (similar to Rightpoint's Adobe, Microsoft, Sitecore partnerships and Slalom's AWS partnership). Include joint solution offerings, certified practitioners, case studies, and co-branded thought leadership. Feature these partnerships prominently in service offerings and client-facing materials to signal technical depth and implementation experience.",Positioning,High,2026-03-07 21:14:37.670324,116500d0-357e-4ace-a7af-7264ed58e22a,protiviti.com,pending,,,,,,,df5aac98-bc6d-41ae-a00b-a61d3e1505a9,0,0,f,,,
da9aca33-ec5f-47c0-978d-8abac7cc8871,Launch 'Self-Healing Knowledge' Feature Set with Automated Content Lifecycle Management,"Develop and prominently market automated knowledge hygiene capabilities that identify outdated content, flag duplicates, and suggest archival/updates without manual audits. Create dedicated messaging around 'intelligent knowledge maintenance' that reduces administrative overhead by automatically monitoring content freshness, usage patterns, and relevance. Include dashboard analytics showing content health scores, decay rates, and automated remediation actions.",Features,High,2026-02-11 17:15:54.549283,116500d0-357e-4ace-a7af-7264ed58e22a,synozur.com,pending,,,,,,,0ac8db60-16c4-4665-a8f3-e4655a5a29b5,0,0,f,,,
14ce8ab9-319b-4a8a-b2a9-845a8fcbfbc5,"Develop Analyst Relations Program Targeting Gartner, Forrester, and IDC Recognition","Establish formal analyst relations strategy with goal of achieving vendor inclusion in Gartner Magic Quadrants (Digital Workplace, Knowledge Management), Forrester Waves (Intranet Platforms), and IDC MarketScape reports. Create analyst briefing calendar, commission independent ROI studies, and pursue industry awards (Stevie Awards, Brandon Hall). Integrate analyst quotes and badges prominently in sales materials, website homepage, and LinkedIn content to match competitors' credibility signals.",Positioning,High,2026-02-11 17:15:54.578404,116500d0-357e-4ace-a7af-7264ed58e22a,synozur.com,pending,,,,,,,0ac8db60-16c4-4665-a8f3-e4655a5a29b5,0,0,f,,,
79bd5e86-595f-4daf-8578-0e23d9fcfc9b,Create 'Unified Internal-External Collaboration' Solution Package for Professional Services,Develop and market a combined intranet-extranet offering that positions client portals and external collaboration as integrated with internal knowledge management—not separate products. Create case studies showing seamless knowledge flow from internal expertise to client-facing deliverables. Build messaging around 'single platform for internal teams and client collaboration' with emphasis on eliminating context-switching between internal SharePoint and external client portals.,Positioning,Medium,2026-02-11 17:15:54.605217,116500d0-357e-4ace-a7af-7264ed58e22a,synozur.com,pending,,,,,,,0ac8db60-16c4-4665-a8f3-e4655a5a29b5,0,0,f,,,
6bb20b39-6883-4b79-bab3-46a91a1c91ab,Build 'Compliance-Ready Knowledge Platform' Messaging Track for Regulated Industries,"Develop dedicated messaging emphasizing governance, audit trails, access controls, and compliance features specifically for financial services, legal, and healthcare sectors. Create compliance-focused content highlighting how ClearPeople supports regulatory requirements (SOC 2, ISO 27001, GDPR, industry-specific regulations). Position as 'enterprise-grade security with knowledge intelligence' to compete with Powell Software's regulated industry focus while maintaining knowledge management differentiation.",Messaging,Medium,2026-02-11 17:15:54.630626,116500d0-357e-4ace-a7af-7264ed58e22a,synozur.com,pending,,,,,,,0ac8db60-16c4-4665-a8f3-e4655a5a29b5,0,0,f,,,
19a15355-14fb-4562-ba00-06cd821140f7,Establish Third-Party Validation and Awards Program,"Launch a systematic campaign to pursue and prominently feature analyst recognition (Gartner, Forrester, IDC, G2), industry awards, and customer review platforms. Create dedicated positioning assets that lead with credibility markers ('Recognized by...', 'Leader in...') similar to how Simpplr, LumApps, Unily, and Staffbase leverage their 'triple leader' and 'Magic Quadrant' recognition. Update homepage, sales decks, and executive presentations to feature these validations in hero sections, not buried in footer logos. Allocate budget for analyst briefings, award submissions, and customer advocacy programs to generate third-party proof points that match competitive authority positioning.",Positioning,High,2026-01-31 23:28:47.263969,116500d0-357e-4ace-a7af-7264ed58e22a,synozur.com,pending,,,,,,,e36f9f62-612b-40dd-b2af-39a6cab20c7a,0,0,f,,,
fd008941-c8d6-4692-9bef-d87cba732441,Develop AI Feature Parity Roadmap and Go-to-Market Strategy,"Conduct competitive AI feature gap analysis across the product portfolio (AI Search, AI Agents, AI-powered workflows, content tagging, personalization, chatbots) to identify specific capabilities competitors are promoting. Create a 12-18 month roadmap to build or partner for AI feature parity in high-impact areas. Simultaneously, audit existing Akumina AI/ML capabilities (if any) that are not currently marketed and package them with 'AI-powered' messaging. Launch interim messaging campaign around 'AI-ready platform' and 'Copilot-compatible' positioning (leveraging Microsoft partnership) while building net-new AI features. This addresses the positioning gap immediately while building toward long-term product parity.",Features,High,2026-01-31 23:28:47.463475,116500d0-357e-4ace-a7af-7264ed58e22a,synozur.com,pending,,,,,,,e36f9f62-612b-40dd-b2af-39a6cab20c7a,0,0,f,,,
6d104b13-489a-4a43-a96d-7895f7986f93,Create Industry-Specific ROI Calculators and Value Assessment Tools,"Build interactive ROI calculators and total cost of ownership (TCO) tools tailored to Akumina's key industries (healthcare, financial services, manufacturing) that quantify specific business outcomes: hours saved per employee per week, cost of tool consolidation, productivity gains from better information findability, reduction in IT support tickets, and communication reach improvements. Model these after Powell Software's '2.5+ hours saved' and Simpplr's '282% ROI' quantified messaging. Package these tools as gated content assets with accompanying case studies that provide the backup data, making them sales enablement tools that counter competitors' specific metrics with Akumina's own proof points.",Content,Medium,2026-01-31 23:28:47.564146,116500d0-357e-4ace-a7af-7264ed58e22a,synozur.com,pending,,,,,,,e36f9f62-612b-40dd-b2af-39a6cab20c7a,0,0,f,,,
1a04e6fe-c92e-4e35-8104-13ae1bb14b8f,Launch 'Platform Consolidation' Value Narrative with Integration Audit Service,"Reposition Akumina's integration capabilities through a platform consolidation lens rather than 'connecting hundreds of systems.' Develop messaging framework that identifies which specific tools Akumina can replace or consolidate (competing with MangoApps' '50+ apps' and Interact's 'replace disconnected tools' positioning). Create a complementary 'Integration Audit Service' where Akumina consultants analyze a prospect's current tech stack and map which systems can be consolidated, which require integration, and the net cost savings—delivering a customized consolidation roadmap. This transforms integration from a complexity add-on into a strategic cost reduction and simplification story.",Messaging,Medium,2026-01-31 23:28:47.864918,116500d0-357e-4ace-a7af-7264ed58e22a,synozur.com,pending,,,,,,,e36f9f62-612b-40dd-b2af-39a6cab20c7a,0,0,f,,,
a11eac22-5574-49b2-a47a-b87b4a3de8c3,Develop 'Knowledge Accessibility Equity' Campaign Targeting Frontline and Deskless Workers,"Create messaging and content strategy positioning ClearPeople as the solution that democratizes knowledge access for non-desk workers (field technicians, construction workers, legal support staff, branch employees). Emphasize mobile-first knowledge access, offline capabilities, and search designed for workers without daily computer access. Build case studies showing how frontline workers find answers without email/helpdesk dependencies, reducing knowledge inequality between office and field teams.",Messaging,Medium,2026-02-11 17:15:54.659195,116500d0-357e-4ace-a7af-7264ed58e22a,synozur.com,pending,,,,,,,0ac8db60-16c4-4665-a8f3-e4655a5a29b5,0,0,f,,,
01b2823b-768d-4a03-bec8-663b6463bb71,Activate 'Vega and Orion' Proprietary Framework Visibility Campaign,"Extract the dormant Vega and Orion frameworks mentioned in baseline analysis and transform them into flagship intellectual property. Create detailed methodology documentation, visual framework diagrams, case study applications, and dedicated landing pages for each framework. Develop a content series explaining how these frameworks differentiate Synozur's approach to transformation design, with specific examples of how they've solved client challenges. Register trademarks and feature prominently in all positioning materials, sales collateral, and thought leadership content.",Positioning,High,2026-02-12 05:49:11.681912,116500d0-357e-4ace-a7af-7264ed58e22a,synozur.com,pending,,,,,,,137db123-4906-4e61-af99-f0d23d86a622,0,0,f,,,
98cb74df-37f3-4ee6-b3f7-33c7d25a5519,Build Mobile-First User Experience Design System and Showcase,"Develop and prominently market a mobile-first design system and component library specifically optimized for frontline/deskless worker experiences (large touch targets, offline-capable, low-bandwidth optimized, single sign-on with mobile credentials). Create a public-facing showcase of mobile experience templates and demos that demonstrate mobile UX parity with competitors. Feature mobile screenshots prominently in all marketing materials rather than desktop-focused visuals. This supports the frontline worker audience expansion while providing tangible evidence that Akumina delivers mobile-native experiences, not just mobile-responsive web views.",Features,Medium,2026-01-31 23:28:48.163555,116500d0-357e-4ace-a7af-7264ed58e22a,synozur.com,pending,,,,,,,e36f9f62-612b-40dd-b2af-39a6cab20c7a,0,0,f,,,
0f58964f-fa9f-41c5-9d03-15633109ab11,Build 'AI Transformation Design' Sub-Brand and Capability Pillar,"Create a distinct AI Transformation Design practice area that positions Synozur's unique angle: designing AI-ready organizations, governance frameworks, and change strategies before technology deployment. Develop specific messaging around 'AI readiness architecture,' 'responsible AI governance design,' and 'human-centered AI adoption strategies.' This positions AI expertise through the strategic design lens rather than technical implementation, differentiating from competitors' AI-first technical messaging while addressing the AI positioning gap authentically.",Positioning,High,2026-02-12 05:49:11.760292,116500d0-357e-4ace-a7af-7264ed58e22a,synozur.com,pending,,,,,,,137db123-4906-4e61-af99-f0d23d86a622,0,0,f,,,
d4a7e526-de49-4301-916c-91f4049d1610,Develop and Launch Cyber Resilience Module with Configuration Backup/Restore,"Build and market a dedicated cyber resilience capability focused on M365 tenant configuration backup, recovery, and attack remediation. Create messaging around 'when governance fails, Orchestry recovers' positioning this as insurance for configuration tampering attacks. Include automated configuration snapshots, one-click rollback of unauthorized changes, and post-attack recovery workflows. Launch with case studies showing recovery time objectives (RTO) and specific scenarios like privilege escalation rollback or deleted security policy restoration.",Features,High,2026-03-06 22:00:35.661342,116500d0-357e-4ace-a7af-7264ed58e22a,synozur.com,pending,,,,,,,9f8f5946-4dd7-418b-b200-ff258a569bf2,0,0,f,,,
5d248fe4-759e-4059-9acb-e11282110463,Create Quantified ROI Calculator and Business Outcome Guarantees,"Develop an interactive ROI calculator showing specific metrics: percentage reduction in admin hours, cost savings from license optimization, time savings from automated provisioning, and risk mitigation value. Create tier-based outcome guarantees (e.g., '50% reduction in access request processing time or your money back'). Build landing pages with customer-specific metrics rather than generic benefits. Include comparison charts showing Orchestry's quantified outcomes versus competitor claims (ShareGate's 75% admin reduction, Quest's 'minutes to audit').",Messaging,High,2026-03-06 22:00:35.692604,116500d0-357e-4ace-a7af-7264ed58e22a,synozur.com,pending,,,,,,,9f8f5946-4dd7-418b-b200-ff258a569bf2,0,0,f,,,
42e2b6f5-0a14-48f2-97a9-6ceb0fd89462,Position 'AI Governance Command Center' as Standalone Product Line,"Elevate AI governance from a feature to a dedicated product with distinct branding, pricing, and go-to-market strategy. Create messaging focused exclusively on Copilot governance, AI agent lifecycle management, and AI data exposure prevention. Develop competitive positioning against CoreView's 'Corey' and AvePoint's 'AgentPulse' by emphasizing governance-first approach versus reactive monitoring. Include dedicated landing pages, industry analyst briefings positioning Orchestry in AI governance market category, and AI-specific case studies showing prevented exposure incidents.",Positioning,High,2026-03-06 22:00:35.716442,116500d0-357e-4ace-a7af-7264ed58e22a,synozur.com,pending,,,,,,,9f8f5946-4dd7-418b-b200-ff258a569bf2,0,0,f,,,
7baf86a3-4b09-44ee-9cce-6f58f04f45a1,Crawl failures detected for Wipro,Wipro has failed 3 consecutive crawl attempts. The site may be unreachable or blocking automated crawlers. Consider excluding it from automated crawling.,crawl_health,Medium,2026-03-24 14:01:41.387567,,synozur.com,pending,,,,9be0f7d9-5410-424a-8c06-6221ca918e89,,,a8e7cd06-ed45-41ec-b4a1-1c8a55a17a97,0,0,f,,,
f6b07206-7ca0-446c-af1f-8259fa2b4a1b,Launch 'Transformation ROI Calculator' Interactive Tool with Industry Benchmarks,"Develop a sophisticated, publicly accessible interactive calculator that allows prospects to estimate transformation ROI based on their industry, company size, transformation scope, and current maturity level. Include industry-specific benchmarks drawn from Synozur's project data (anonymized), typical efficiency gains, cost reduction ranges, and timeline estimates. Require email for detailed results to generate qualified leads. Feature comparative scenarios showing outcomes with strategic design versus implementation-only approaches.",Content,Medium,2026-02-12 05:49:11.783567,116500d0-357e-4ace-a7af-7264ed58e22a,synozur.com,dismissed,,2026-03-25 16:39:53.043,,,,,137db123-4906-4e61-af99-f0d23d86a622,0,0,f,launchtransformationroicalculatorinteractivetoolwithindustrybenchmarks_content,duplicate,116500d0-357e-4ace-a7af-7264ed58e22a
5ec29dea-28d5-4617-a9b4-35aa5dd45bda,Develop C-Suite Risk & Compliance Thought Leadership Series,"Create an annual 'Executive Perspectives' flagship publication similar to Protiviti's approach, focusing on top risks and opportunities for AI and digital transformation implementation. Include board-level insights on regulatory compliance, data governance, AI ethics, and risk mitigation frameworks specific to Microsoft technology ecosystems. Complement with quarterly executive briefings, webinars with Chief Risk Officers and Chief Compliance Officers, and industry-specific risk assessments that position Avanade as a strategic advisor on governance issues, not just an implementation partner.",Content,High,2026-02-12 20:32:11.232386,609baf10-d7b7-4ad2-850c-bdb4a791eefd,synozur.com,pending,,,,,,,a8e7cd06-ed45-41ec-b4a1-1c8a55a17a97,0,0,f,,,
7791a673-df3e-4861-8e6b-76d848bd8a08,Launch Industry Vertical Centers of Excellence with Dedicated Messaging,"Restructure go-to-market positioning around 4-6 priority industry verticals (e.g., Financial Services, Healthcare, Manufacturing, Retail, Public Sector) similar to KPMG's industry-line organization. Develop industry-specific landing pages, case studies, and thought leadership that demonstrate deep understanding of sector challenges, regulatory requirements, and business outcomes. Assign industry-specialized account teams and create vertical-specific value propositions that connect Microsoft technologies to industry outcomes (e.g., 'Transforming Patient Care with AI' for healthcare vs. generic 'AI Solutions').",Positioning,High,2026-02-12 20:32:11.267521,609baf10-d7b7-4ad2-850c-bdb4a791eefd,synozur.com,pending,,,,,,,a8e7cd06-ed45-41ec-b4a1-1c8a55a17a97,0,0,f,,,
bfcfb9e6-c53f-4d83-8856-30687b681819,Create 'Microsoft Technologies for Sustainable Business' Framework,"Develop comprehensive content and service offerings connecting Microsoft technology implementations to ESG outcomes, sustainability reporting, carbon footprint reduction, and climate impact. Create tools and frameworks showing how Azure cloud migration reduces environmental impact, how AI optimizes energy consumption, how Microsoft sustainability solutions enable ESG reporting, and how digital transformation supports circular economy initiatives. Include sustainability ROI calculators and board-ready ESG impact assessments as standard deliverables.",Content,Medium,2026-02-12 20:32:11.29098,609baf10-d7b7-4ad2-850c-bdb4a791eefd,synozur.com,pending,,,,,,,a8e7cd06-ed45-41ec-b4a1-1c8a55a17a97,0,0,f,,,
b18997dc-0f50-41a5-9c47-61de4618f049,Expand Messaging to Full C-Suite with Role-Specific Value Propositions,"Redesign messaging architecture to address CEO (business transformation and competitive advantage), CFO (financial impact, ROI, and cost optimization), CHRO (workforce transformation and change management), and Board (risk mitigation and strategic positioning) in addition to current CIO/CTO focus. Create role-specific content hubs, executive briefings, and case studies that emphasize business outcomes over technical capabilities. Develop 'boardroom-ready' materials showing strategic value, competitive positioning, and stakeholder impact of Microsoft technology investments beyond IT infrastructure improvements.",Messaging,High,2026-02-12 20:32:11.314915,609baf10-d7b7-4ad2-850c-bdb4a791eefd,synozur.com,pending,,,,,,,a8e7cd06-ed45-41ec-b4a1-1c8a55a17a97,0,0,f,,,
ccd651db-3d1b-4821-bc79-5811ee3256ff,Introduce Strategic Business Advisory Services Beyond Implementation,"Develop and prominently feature strategic advisory capabilities that extend beyond Microsoft technology implementation: business model transformation consulting, M&A technology due diligence, operating model design, organizational change management, and digital strategy development. Create a visible 'Strategic Advisory' or 'Business Transformation' practice area separate from implementation services. Highlight multi-disciplinary teams combining business strategists, industry experts, and technology specialists to position Avanade as strategic advisor, not just implementer.",Features,Medium,2026-02-12 20:32:11.338424,609baf10-d7b7-4ad2-850c-bdb4a791eefd,synozur.com,pending,,,,,,,a8e7cd06-ed45-41ec-b4a1-1c8a55a17a97,0,0,f,,,
3ab8a61b-21e0-4782-a8aa-29b0e2aadfa4,Create 'System Consolidation Savings' Business Case Templates by Industry,"Develop industry-specific business case templates that quantify the cost savings of replacing 20-50 disconnected tools with Akumina's unified platform. Include templates for healthcare, manufacturing, retail, and financial services that calculate license consolidation savings, reduced IT maintenance costs, and productivity gains from eliminating tool-switching. Package with customer case studies showing actual tool reduction numbers (e.g., 'reduced from 47 to 8 platforms') and associated cost savings to directly counter competitors' consolidation messaging with concrete financial proof points.",Content,High,2026-02-02 20:01:59.290341,116500d0-357e-4ace-a7af-7264ed58e22a,synozur.com,pending,,,,,,,e36f9f62-612b-40dd-b2af-39a6cab20c7a,0,0,f,,,
d70da848-ee06-49ca-b280-6f934442b86c,Develop 'Operational Agility' Use Case Library for Dynamic Workforce Management,"Create a content series focused on managing real-time operational changes and workforce coordination scenarios that frontline managers face daily (shift changes, emergency communications, task reassignment, policy updates). Develop 8-10 specific use cases showing how Akumina enables rapid response when 'plans change' - competing directly with MangoApps' positioning around 'when daily work changes.' Include role-based workflows for retail managers, healthcare coordinators, manufacturing supervisors, and hospitality operations teams with before/after scenarios demonstrating time saved and improved coordination.",Content,High,2026-02-02 20:01:59.33267,116500d0-357e-4ace-a7af-7264ed58e22a,synozur.com,pending,,,,,,,e36f9f62-612b-40dd-b2af-39a6cab20c7a,0,0,f,,,
5c42968a-c8b5-4bcb-8485-8e072d1c966c,Launch 'AI Transparency and Control' Differentiation Campaign,"Position Akumina's approach to AI as transparent, controllable, and enterprise-governed rather than pursuing feature parity with 'AI-everywhere' competitors. Create messaging that highlights how organizations can choose where AI adds value versus where human curation and governance are preferred. Develop content showing IT and compliance leaders how to audit AI recommendations, control what gets automated, and maintain data sovereignty - contrasting with competitors' 'embedded AI throughout' approaches. Include a 'Responsible AI Governance' framework and assessment tool for regulated industries.",Positioning,Medium,2026-02-02 20:01:59.357688,116500d0-357e-4ace-a7af-7264ed58e22a,synozur.com,pending,,,,,,,e36f9f62-612b-40dd-b2af-39a6cab20c7a,0,0,f,,,
4eb264e1-01f9-4372-b520-89d7375420cf,Launch Multi-Vendor Integration Positioning to Combat Platform Lock-In Perception,"Develop and promote a 'Microsoft-Led, Multi-Cloud & Best-of-Breed' positioning that explicitly showcases Avanade's capabilities in integrating Microsoft technologies with SAP, Salesforce, AWS, ServiceNow, and other enterprise platforms. Create case studies, solution accelerators, and messaging that demonstrates how Avanade helps clients build heterogeneous technology ecosystems with Microsoft at the core rather than presenting as Microsoft-only. Include partnership badges and joint solutions with non-Microsoft vendors on website and marketing materials.",Positioning,High,2026-02-13 03:11:24.691062,116500d0-357e-4ace-a7af-7264ed58e22a,synozur.com,pending,,,,,,,a8e7cd06-ed45-41ec-b4a1-1c8a55a17a97,0,0,f,,,
8f8cf0fd-a9eb-4d82-a1dd-11b13f1bd333,Create 'Enterprise Architecture Integration Maturity Model' Assessment Tool,"Develop an interactive assessment tool that evaluates an organization's current integration maturity across employee experience, business systems, and data platforms. Position Akumina as the platform for 'integration-mature' enterprises that need sophisticated, custom integrations rather than out-of-box connectors. Include a scoring mechanism that helps organizations understand whether they need a simple consolidated platform (directing them toward simpler competitors) or a flexible integration layer that preserves existing investments while creating unified experiences. Package with an 'Integration Strategy Consulting' service offering.",Positioning,Medium,2026-02-02 20:01:59.381675,116500d0-357e-4ace-a7af-7264ed58e22a,synozur.com,pending,,,,,,,e36f9f62-612b-40dd-b2af-39a6cab20c7a,0,0,f,,,
768b5e64-61de-496e-9315-2c2e7cb72ebe,Build 'Employee Experience Personalization Engine' Showcase and Methodology,"Develop a comprehensive demonstration environment and methodology showing how Akumina delivers individualized experiences based on role, location, device, language, and behavior - going beyond the generic 'personalization' claims competitors make. Create a visual 'Personalization Depth Matrix' comparing surface-level personalization (name, department) with deep contextual personalization (real-time workflow integration, cross-system role detection, adaptive content delivery). Include implementation blueprints for 5-6 specific personas (frontline nurse, retail store manager, remote engineer, field sales rep) showing exactly what personalized experience means for each.",Features,Medium,2026-02-02 20:01:59.406631,116500d0-357e-4ace-a7af-7264ed58e22a,synozur.com,pending,,,,,,,e36f9f62-612b-40dd-b2af-39a6cab20c7a,0,0,f,,,
22be647d-cea0-46fe-818c-cc4926b744c6,Develop Flagship Annual 'Microsoft Ecosystem Business Impact Report' for Executive Audiences,"Create a proprietary annual research publication similar to Protiviti's 'Top Risks Report' that positions Avanade as a thought leader analyzing business trends, risks, and opportunities through the lens of the Microsoft ecosystem. Survey C-suite executives across industries on key challenges and how they're leveraging Microsoft technologies for strategic advantage. Include forward-looking insights, benchmarking data, and strategic recommendations. Promote heavily to board members and CEOs, not just CIOs.",Content,High,2026-02-13 03:11:24.721812,116500d0-357e-4ace-a7af-7264ed58e22a,synozur.com,pending,,,,,,,a8e7cd06-ed45-41ec-b4a1-1c8a55a17a97,0,0,f,,,
e21af702-b1c0-486e-a1ed-e6dc96e3b8f6,Develop Quantified Productivity Metrics Campaign,"Create a data-driven messaging framework that quantifies Microsoft 365 and Copilot's productivity impact with specific time-savings metrics (e.g., 'Copilot saves knowledge workers X hours per week on document creation,' 'Teams reduces meeting time by Y%'). Commission customer research studies to generate Microsoft-specific productivity statistics and incorporate these metrics prominently across all positioning materials, sales enablement content, and marketing campaigns.",Messaging,High,2026-01-26 07:13:17.798639,116500d0-357e-4ace-a7af-7264ed58e22a,synozur.com,pending,,,,,,,5d149a37-4d48-4ada-994a-eff6cc41c995,0,0,f,,,
7317280f-c5ff-46fb-93cf-1ecb64b6d97f,Launch 'Human-AI Partnership' Philosophical Framework,"Develop and promote a comprehensive narrative framework around 'Human-AI Partnership' that positions Copilot and AI features as augmentation tools that enhance human creativity and decision-making rather than replacement technology. Create thought leadership content, executive messaging, and visual storytelling that explicitly addresses AI adoption anxiety and demonstrates how Microsoft AI empowers employees. Include customer stories showing before/after scenarios of human-AI collaboration across roles.",Positioning,High,2026-01-26 07:13:17.824993,116500d0-357e-4ace-a7af-7264ed58e22a,synozur.com,pending,,,,,,,5d149a37-4d48-4ada-994a-eff6cc41c995,0,0,f,,,
bd205339-d7b9-4c86-801a-e8f5015b8d31,Create Industry-Vertical Solution Portfolios,"Restructure product marketing to highlight pre-configured industry-specific solution bundles (Healthcare Cloud, Financial Services Suite, Manufacturing Workspace, Public Sector Platform) that combine relevant Microsoft products with industry-tailored configurations, compliance frameworks, and use cases. Develop dedicated landing pages, case studies, and sales materials for each vertical that demonstrate deep industry expertise and address specific regulatory, workflow, and operational challenges.",Positioning,Medium,2026-01-26 07:13:17.848133,116500d0-357e-4ace-a7af-7264ed58e22a,synozur.com,pending,,,,,,,5d149a37-4d48-4ada-994a-eff6cc41c995,0,0,f,,,
43c18f53-8db4-497c-b0c5-845f53c9fedb,Establish 'Unified Work Platform' Ecosystem Narrative,"Reframe Microsoft's positioning from individual product lists to an integrated 'Microsoft Unified Work Platform' story that emphasizes how Microsoft 365, Teams, Azure, Dynamics, and Copilot interconnect to eliminate tool sprawl and create compounding productivity value. Develop ecosystem architecture visualizations, integration demonstrations, and messaging that shows cross-product workflows (e.g., 'Data flows from Dynamics to Excel to Power BI to Teams without leaving the Microsoft ecosystem'). Create comparison content showing TCO advantages versus multi-vendor approaches.",Messaging,High,2026-01-26 07:13:17.871496,116500d0-357e-4ace-a7af-7264ed58e22a,synozur.com,pending,,,,,,,5d149a37-4d48-4ada-994a-eff6cc41c995,0,0,f,,,
52ca24c6-0c5d-4bbd-840d-1a10122ca5b3,Deploy 'AI-First Transformation' Primary Positioning,"Reposition Microsoft's primary brand statement to lead with AI transformation messaging similar to competitors' approaches. Shift from 'productivity suite provider' to 'AI-First Work Platform' positioning that emphasizes how Copilot and AI are fundamentally integrated across the entire product portfolio to transform work, not just enhance it. Create a campaign showing the breadth of AI integration (Copilot in Word, Excel, Teams, Outlook, Power Platform, Azure) that competitors cannot match, establishing Microsoft as the only truly comprehensive AI work platform.",Positioning,High,2026-01-26 07:13:17.894355,116500d0-357e-4ace-a7af-7264ed58e22a,synozur.com,pending,,,,,,,5d149a37-4d48-4ada-994a-eff6cc41c995,0,0,f,,,
205bb542-efec-4c5f-becd-f8abc44d6ce3,Create 'Azure for ESG & Sustainability Outcomes' Service Line and Messaging Track,"Establish a dedicated service offering that explicitly connects Microsoft Azure, Power Platform, and Dynamics 365 capabilities to corporate sustainability goals and ESG reporting requirements. Develop sustainability-specific solution accelerators (carbon tracking, ESG reporting dashboards, supply chain sustainability), create dedicated landing pages, and integrate sustainability messaging throughout Avanade's value proposition. Train consultants on ESG frameworks and build partnerships with sustainability data providers.",Features,Medium,2026-02-13 03:11:24.745422,116500d0-357e-4ace-a7af-7264ed58e22a,synozur.com,pending,,,,,,,a8e7cd06-ed45-41ec-b4a1-1c8a55a17a97,0,0,f,,,
263671d0-ad05-4a35-af8f-2fd276785694,Crawl failures detected for Blackhawk Network,Blackhawk Network has failed 3 consecutive crawl attempts. The site may be unreachable or blocking automated crawlers. Consider excluding it from automated crawling.,crawl_health,Medium,2026-03-23 21:45:26.63507,,synozur.com,pending,,,,3b25297b-86a4-417c-b5ea-6f2a7f51cf80,,,dfad5af1-e6da-4d26-a1d1-6faab3115447,0,0,f,,,
205f1783-704d-4fad-91db-99dafdb5aac6,Build 'Microsoft Purview + RecordPoint' Co-Existence and Extension Strategy,"Develop clear positioning and technical documentation that positions RecordPoint as extending Microsoft Purview investments rather than competing with them. Create a tiered messaging framework: 'Start with Purview' for basic Microsoft 365 governance, 'Extend with RecordPoint' for multi-system connectivity (1000+ connectors), legacy migration, and advanced retention automation. Produce technical integration guides, ROI calculators showing incremental value, and customer case studies demonstrating how RecordPoint fills Purview's gaps in non-Microsoft environments and complex retention scenarios.",Positioning,High,2026-01-31 00:11:04.997644,116500d0-357e-4ace-a7af-7264ed58e22a,synozur.com,pending,,,,,,,9a959fb8-9171-4141-a2b8-f2df7ee805ee,2,0,f,,,
1fc51f69-5509-4c3e-93a2-a32875cb788e,Develop Employee-Centric Brand Narrative with Culture Proof Points,"Create a comprehensive people-first messaging framework that positions Harris Civil Engineers' team culture as a competitive differentiator. Develop specific proof points such as employee tenure statistics, professional development programs, employee ownership/empowerment structures, and workplace recognition. Integrate this narrative across website homepage, careers section, and client-facing materials with messaging like 'Powered by People Who Care' or 'Where Engineering Excellence Meets Employee Ownership.' Include employee testimonials, behind-the-scenes culture content, and tangible benefits that demonstrate investment in team members.",Messaging,High,2026-02-02 21:21:30.462799,116500d0-357e-4ace-a7af-7264ed58e22a,synozur.com,dismissed,,2026-03-25 16:39:03.943,,,,,,0,0,f,developemployeecentricbrandnarrativewithcultureproofpoints_messaging,not_relevant,116500d0-357e-4ace-a7af-7264ed58e22a
0843c347-3b21-434d-aef6-7aa02b03b644,Establish 'Microsoft Technology + Regulatory & Compliance Advisory' Partnership Model,"Create formal alliance partnerships with specialized regulatory, audit, and compliance advisory firms to offer integrated solutions that combine Avanade's Microsoft implementation expertise with regulatory compliance capabilities. Develop co-branded offerings for highly regulated industries (financial services, healthcare, government) that address both technology transformation and audit/compliance requirements. Market these integrated capabilities through joint content and shared client engagements.",Features,Medium,2026-02-13 03:11:24.76817,116500d0-357e-4ace-a7af-7264ed58e22a,synozur.com,pending,,,,,,,a8e7cd06-ed45-41ec-b4a1-1c8a55a17a97,0,0,f,,,
7e5d5ca1-1d90-4edf-9706-54d9ed0583f2,Develop Industry-First Messaging Architecture Leading with Sector Expertise,"Restructure primary messaging and website navigation to lead with industry verticals (Financial Services, Healthcare, Manufacturing, Public Sector, Retail) before technology capabilities. Create industry-specific homepages with sector-relevant challenges, regulations, and outcomes prominently featured. Develop industry-specific thought leadership content, case studies, and solution frameworks that demonstrate deep domain knowledge. Ensure sales and marketing materials emphasize 'Financial Services experts who happen to specialize in Microsoft' rather than 'Microsoft experts who serve Financial Services.'",Messaging,Medium,2026-02-13 03:11:24.791009,116500d0-357e-4ace-a7af-7264ed58e22a,synozur.com,pending,,,,,,,a8e7cd06-ed45-41ec-b4a1-1c8a55a17a97,0,0,f,,,
244cc87e-dba2-4c7b-a661-86a7dd8164c7,Build Hybrid Environment Bridge with On-Premises Integration Messaging,"Develop messaging and partnership integrations that position Orchestry as bridging cloud governance with on-premises Microsoft environments. Create content addressing 'hybrid governance challenges' and unified visibility across AD and Entra ID. Partner with on-premises identity management vendors to offer combined solutions. Target regulated industries (financial services, healthcare, government) that maintain hybrid infrastructure. Include hybrid-specific use cases: synchronized governance policies, unified access reviews spanning on-prem and cloud, and compliance reporting across full Microsoft estate.",Positioning,Medium,2026-03-06 22:00:35.738203,116500d0-357e-4ace-a7af-7264ed58e22a,synozur.com,pending,,,,,,,9f8f5946-4dd7-418b-b200-ff258a569bf2,0,0,f,,,
b859de53-e674-4057-8d69-ad95166cf9c1,Create Migration-Triggered Governance Adoption Program,"Develop partnerships and integrations with migration tool providers (including ShareGate) to position Orchestry as the 'post-migration governance layer.' Create marketing programs targeting organizations planning M365 migrations, M&A activities, or tenant consolidations with messaging: 'Migrate clean, govern from day one.' Build migration readiness assessments, post-migration governance templates, and tenant consolidation governance blueprints. Offer time-limited adoption incentives for organizations completing migrations within 6 months.",Content,Medium,2026-03-06 22:00:35.759936,116500d0-357e-4ace-a7af-7264ed58e22a,synozur.com,pending,,,,,,,9f8f5946-4dd7-418b-b200-ff258a569bf2,0,0,f,,,
e1ccaeb2-2637-46f4-afc7-2c37ad57b00c,Reframe AI positioning from 'AI readiness' to 'AI transformation leadership',"Shift messaging from cautious, implementation-focused language ('AI readiness and implementation') to bold, leadership-oriented positioning that establishes Protiviti as an AI transformation authority. Develop messaging frameworks that position Protiviti as 'AI transformation architects' or 'AI-powered business transformation leaders.' Create content demonstrating how Protiviti leads organizations through complete AI transformation journeys, not just implementation. Develop signature AI methodologies or frameworks with branded names. Highlight specific AI-driven results, client success metrics, and proprietary AI tools or accelerators that demonstrate leadership rather than followership.",Positioning,High,2026-03-07 20:42:59.929648,116500d0-357e-4ace-a7af-7264ed58e22a,protiviti.com,pending,,,,,,,df5aac98-bc6d-41ae-a00b-a61d3e1505a9,0,0,f,,,
7937a52e-374c-4fff-b9c1-1fe70ea97e8c,Create a Total Experience (TX) Practice Integration,"Develop and launch a comprehensive Total Experience consulting offering that explicitly integrates Customer Experience (CX) and Employee Experience (EX) optimization. Build a dedicated practice that connects Protiviti's existing capabilities in operational transformation, technology implementation, and organizational change into a unified experience transformation framework. Position this as a distinctive capability that addresses the full stakeholder journey, differentiating from competitors who focus only on CX or EX independently. Include AI-powered analytics and measurement frameworks to quantify experience improvements.",Features,High,2026-03-07 21:14:37.702151,116500d0-357e-4ace-a7af-7264ed58e22a,protiviti.com,pending,,,,,,,df5aac98-bc6d-41ae-a00b-a61d3e1505a9,0,0,f,,,
70616e25-50b4-4af3-9b5a-a013ed0fba29,"Build quantified credibility architecture with rankings, metrics, and third-party validation","Develop a systematic approach to collecting, promoting, and displaying quantified proof points including: third-party rankings and awards, client satisfaction scores, consultant expertise metrics (certifications, industry tenure), scale indicators (number of engagements, industries served, global reach), and measurable client outcomes. Pursue relevant industry rankings and certifications. Create a 'proof points library' for sales and marketing teams. Prominently feature 2-3 key credibility metrics on the homepage and service pages (similar to KPMG's '#1 ranking for consulting quality'). Commission or participate in third-party research studies that can generate quotable validation.",Messaging,Medium,2026-03-07 20:42:59.953127,116500d0-357e-4ace-a7af-7264ed58e22a,protiviti.com,pending,,,,,,,df5aac98-bc6d-41ae-a00b-a61d3e1505a9,0,0,f,,,
4881b271-a2c1-4395-ac5c-3f00babc9a29,Create a dedicated middle market value proposition and content hub,"Develop a clear strategic decision: either own the middle market segment with dedicated positioning, research, and messaging (like RSM), or explicitly position as a large enterprise specialist. If targeting middle market, create a dedicated 'Middle Market Advisory' section with tailored messaging, case studies, pricing models, and thought leadership specifically addressing middle market challenges (resource constraints, growth scaling, technology adoption). Publish quarterly middle market research reports or economic indexes. If focusing on large enterprise, explicitly communicate this in messaging to avoid dilution and clarify ideal client profiles.",Positioning,Medium,2026-03-07 20:42:59.976023,116500d0-357e-4ace-a7af-7264ed58e22a,protiviti.com,pending,,,,,,,df5aac98-bc6d-41ae-a00b-a61d3e1505a9,0,0,f,,,
5c4978bc-639f-4320-a021-7fafe9a821ed,Develop signature methodology frameworks with branded names,"Create 3-5 proprietary methodology frameworks for core service areas (e.g., 'Protiviti Precision Transformation Model,' 'Risk Intelligence Framework,' 'Digital Resilience Architecture') with trademarked or service-marked names. Document these methodologies with visual models, phase descriptions, and clear differentiation from generic consulting approaches. Train all consultants on the frameworks and integrate them into proposals, presentations, and client engagements. Publish thought leadership content explaining the frameworks and their unique value. Use these branded methodologies as tangible proof of differentiated intellectual property.",Features,Medium,2026-03-07 20:42:59.997124,116500d0-357e-4ace-a7af-7264ed58e22a,protiviti.com,pending,,,,,,,df5aac98-bc6d-41ae-a00b-a61d3e1505a9,0,0,f,,,
84c6b5a3-d550-4b1a-b4fd-0b89e044c1b6,Establish 'Complexity to Clarity' Emotional Brand Architecture,"Develop an emotional brand positioning framework that transforms Protiviti's functional messaging into a more human-centered narrative. Create supporting brand stories, client testimonials, and narrative frameworks that emphasize the emotional journey from uncertainty to confidence, complexity to clarity, and risk to resilience. Train client-facing teams to lead with outcome stories rather than service descriptions. Develop visual and verbal brand guidelines that consistently reinforce this emotional positioning across all touchpoints, making Protiviti's value more relatable and memorable.",Messaging,High,2026-03-07 21:14:37.727664,116500d0-357e-4ace-a7af-7264ed58e22a,protiviti.com,pending,,,,,,,df5aac98-bc6d-41ae-a00b-a61d3e1505a9,0,0,f,,,
582487e6-3e91-4604-8a20-ee3a54cf8416,Build an AI Operating Model Transparency Initiative,"Transform the 'AI-forward' positioning into 'AI-Operational' by demonstrating how Protiviti uses AI internally to deliver client services. Create transparent case studies showing AI tools used in delivery methodologies, develop an AI capabilities showcase demonstrating proprietary AI-powered diagnostic tools, and publish thought leadership on how AI enhances consulting outcomes. Train consultants to articulate specific AI applications in their work. Build a public-facing 'AI in Action' content series that shows AI embedded in Protiviti's operating model, not just as a service offering.",Positioning,High,2026-03-07 21:14:37.751568,116500d0-357e-4ace-a7af-7264ed58e22a,protiviti.com,pending,,,,,,,df5aac98-bc6d-41ae-a00b-a61d3e1505a9,0,0,f,,,
78821a63-4671-4850-8047-185b966b348c,Develop Industry-Specific Middle Market Solution Packages,"Create pre-configured, fixed-scope solution packages tailored specifically for middle market organizations in key industries (manufacturing, financial services, healthcare). Design these offerings with transparent pricing models, accelerated timelines, and right-sized deliverables that address common middle market constraints (budget, resource availability, implementation capacity). Develop dedicated middle market thought leadership, research reports, and benchmarking studies. Create a separate middle market brand presence that demonstrates understanding of segment-specific challenges without requiring enterprise-scale investments.",Audience,Medium,2026-03-07 21:14:37.774961,116500d0-357e-4ace-a7af-7264ed58e22a,protiviti.com,pending,,,,,,,df5aac98-bc6d-41ae-a00b-a61d3e1505a9,0,0,f,,,
c61d9b94-0673-46bd-a28c-ed7da0d18cea,Launch 'Speed to Value' Implementation Guarantee Program,"Develop and market a structured implementation methodology with guaranteed timelines (e.g., 'Enterprise Intranet Live in 90 Days or Less' program) that directly counters Happeo's 'weeks not months' positioning. Create tiered implementation packages with transparent timelines, documented deployment phases, and success metrics. Package this with case studies showing actual implementation timeframes, comparison charts against competitor deployment times, and a 'Fast Start' methodology that can be featured on website, sales collateral, and competitive battlecards.",Messaging,High,2026-03-07 22:47:12.139495,116500d0-357e-4ace-a7af-7264ed58e22a,synozur.com,pending,,,,,,,e36f9f62-612b-40dd-b2af-39a6cab20c7a,0,0,f,,,
116f5f5b-333f-4a10-87d7-cbc6e9d8b891,Create 'Internal Comms Excellence Hub' Educational Content Series,"Establish an ongoing educational content platform specifically for Internal Communications Professionals and HR Leaders, featuring monthly webinars, quarterly roundtables with practitioners, downloadable playbooks, and measurement frameworks. Include topics like communication effectiveness metrics, change management strategies, and employee feedback loops. Position Akumina experts as thought leaders and build a community around best practices, similar to Simpplr's roundtables and Happeo's 'Unmuted' podcast but focused on Akumina's target persona expertise areas.",Content,Medium,2026-03-07 22:47:12.175158,116500d0-357e-4ace-a7af-7264ed58e22a,synozur.com,pending,,,,,,,e36f9f62-612b-40dd-b2af-39a6cab20c7a,0,0,f,,,
d4d2901a-140c-4cce-8544-cd71254d3b59,Develop 'Analyst Recognition Acceleration' Initiative,"Create a structured program to pursue recognition from key industry analysts (Gartner, Forrester, IDC, G2, ClearBox) through dedicated analyst relations activities, customer reference programs, and strategic positioning in analyst evaluation categories. Once achieved, build these recognitions into all marketing materials with prominent placement on homepage, sales decks, and social proof sections. Develop comparison messaging showing analyst coverage breadth vs. competitors, similar to Simpplr's '4x Leader' positioning.",Positioning,High,2026-03-07 22:47:12.20089,116500d0-357e-4ace-a7af-7264ed58e22a,synozur.com,pending,,,,,,,e36f9f62-612b-40dd-b2af-39a6cab20c7a,0,0,f,,,
4eceff4b-77d5-4f33-a661-9b3cfa328045,Build 'Frontline-Ready' Product Edition and Go-to-Market Track,"Develop a specialized product packaging, pricing model, and marketing track specifically for frontline and deskless worker use cases. Create dedicated solution pages, case studies from manufacturing/retail/healthcare, mobile-first feature highlights, and messaging around no-email-required access. Include specific capabilities for shift workers, field teams, and distributed operations. Position this as a distinct offering with its own value proposition, competitive positioning (vs. MangoApps, Interact, Happeo), and sales enablement materials.",Positioning,High,2026-03-07 22:47:12.225064,116500d0-357e-4ace-a7af-7264ed58e22a,synozur.com,pending,,,,,,,e36f9f62-612b-40dd-b2af-39a6cab20c7a,0,0,f,,,
bbe58c41-766c-40e3-93b3-55a38dc9d6d3,Quantify and Market 'Tool Consolidation ROI' with Customer Data,"Conduct a structured analysis across current customer base to quantify specific consolidation outcomes: number of tools replaced, hours saved per employee per week, license cost savings, and reduction in admin overhead. Package these findings into a 'Consolidation Impact Report' with industry benchmarks, create ROI claims similar to competitors' specific numbers (MangoApps' '10-15 hours saved', Simpplr's '282% ROI'), and build this into sales calculators, case studies, and homepage messaging. Include visual comparison of 'before/after' tool landscapes that demonstrate consolidation value.",Messaging,High,2026-03-07 22:47:12.250829,116500d0-357e-4ace-a7af-7264ed58e22a,synozur.com,pending,,,,,,,e36f9f62-612b-40dd-b2af-39a6cab20c7a,0,0,f,,,
7a54e21d-d202-4049-8d97-88cd72b15688,Launch LinkedIn Thought Leadership Program with Biweekly Cadence,"Establish a structured LinkedIn content program publishing 2 posts per week focused on: infrastructure modernization trends, pavement management innovations, case study outcomes, technology explainers (AI/automation in asset management), and responses to industry news. Assign subject matter experts as authors to build personal brands. Track engagement metrics and optimize content themes based on reaction/comment performance. Initial themes: climate resilience in pavement design, leveraging data for preventive maintenance, smart city infrastructure integration.",Content,High,2026-03-07 22:55:19.939062,116500d0-357e-4ace-a7af-7264ed58e22a,synozur.com,pending,,,,,,,,0,0,f,,,
af01a14d-0196-49e6-88e7-6c1592f8f080,Integrate Climate Resilience and Sustainability Narrative,"Reframe messaging to position pavement management as critical infrastructure for climate adaptation. Develop content around: how data-driven maintenance reduces material waste and carbon footprint, supporting sustainable infrastructure goals; pavement's role in urban heat island mitigation and stormwater management; helping municipalities meet climate action plans through optimized asset lifecycles. Add a 'Sustainable Infrastructure' section to website highlighting environmental benefits of predictive maintenance. Include sustainability impact metrics in case studies (tons of material saved, emissions reduced).",Positioning,High,2026-03-07 22:55:19.962115,116500d0-357e-4ace-a7af-7264ed58e22a,synozur.com,pending,,,,,,,,0,0,f,,,
e48fc833-f5d2-4c51-a685-0de4a47a7dd3,Pursue Industry Certification and Third-Party Validation,"Identify and pursue relevant industry certifications similar to RoadAI's PAS 2161 certification from UK Department for Transport. Research North American equivalents such as ASTM standards compliance, state DOT technology approvals, or FHWA validation programs. Develop case for creating new certification standards where none exist. Prominently display certification badges on website, proposals, and marketing materials. Create dedicated 'Technology Validation' page explaining certifications, testing methodologies, and third-party endorsements.",Positioning,Medium,2026-03-07 22:55:19.984326,116500d0-357e-4ace-a7af-7264ed58e22a,synozur.com,pending,,,,,,,,0,0,f,,,
b00afa1b-1a87-4802-b92d-afce3d8831e0,Develop Adjacent Asset Class Expansion Roadmap,"Create strategic product roadmap expanding beyond pavement/sidewalks into complementary infrastructure assets: bridge deck assessment, utility corridor mapping, drainage/stormwater infrastructure, or parking facility management. Pilot one adjacent vertical within 12 months. Position ICC-IMS as 'comprehensive infrastructure asset intelligence platform' rather than pavement-only specialist. Develop case studies showing cross-asset insights (e.g., coordinating pavement, utility, and drainage projects). Update messaging to emphasize holistic asset management capabilities.",Features,Medium,2026-03-07 22:55:20.007417,116500d0-357e-4ace-a7af-7264ed58e22a,synozur.com,pending,,,,,,,,0,0,f,,,
388e4e25-dded-47e4-b2fe-b800852b7049,Reframe Bipartisanship as Strategic Access Advantage,"Shift bipartisan messaging from defensive ('we work with everyone') to offensive strategic positioning. Articulate specific scenarios where bipartisan infrastructure delivers superior outcomes: faster legislative wins through simultaneous engagement of both parties, crisis management requiring credibility across political divides, coalition-building that can't succeed in partisan echo chambers, and corporate clients needing to navigate divided government. Use ROKK's language model: 'relationships on both sides of the aisle' that deliver concrete advantages, not just philosophical balance.",Positioning,High,2026-03-07 23:47:16.538794,116500d0-357e-4ace-a7af-7264ed58e22a,synozur.com,pending,,,,,,,b085c33e-6301-4882-a3fd-5010c4e45238,0,0,f,,,
84eb2b3f-9aad-4d49-ac57-d98b715dffb2,Create a Signature Methodology Framework with Contrarian POV,"Develop and articulate a distinctive strategic methodology that challenges industry assumptions, similar to Firehouse's 'authentic persuasion vs. astroturfing' positioning. Name the framework (e.g., 'The Narrative Arc Method' or 'Strategic Narrative Architecture') and build it around a contrarian insight about how communications should work differently. Document the phases, principles, and proof points that make this approach superior to traditional public affairs tactics. Use this framework consistently across all marketing materials and client pitches.",Content,Medium,2026-03-07 23:47:16.56263,116500d0-357e-4ace-a7af-7264ed58e22a,synozur.com,pending,,,,,,,b085c33e-6301-4882-a3fd-5010c4e45238,0,0,f,,,
34ecacef-a615-4337-a9c5-b8e03a7d35d8,Build Credibility Architecture with Specific Proof Points,"Replace vague claims ('award-winning') with concrete credibility markers across three tiers: (1) Named awards with years and ranking specifics, (2) Quantified client wins with categories (e.g., '15 Fortune 500 companies,' 'legislative victories in 12 states'), and (3) Published case studies showing before/after metrics. Create a 'recognition' page cataloging all accolades and a 'wins' page showcasing anonymized or public client outcomes. Update quarterly to maintain freshness.",Messaging,High,2026-03-07 23:47:16.584799,116500d0-357e-4ace-a7af-7264ed58e22a,synozur.com,pending,,,,,,,b085c33e-6301-4882-a3fd-5010c4e45238,0,0,f,,,
b05f5f22-f199-4b5a-8460-7899b407d19f,Articulate End-to-End Service Integration with Client Outcome Examples,"Map and communicate the full spectrum of integrated services Narrative offers (research/data, message development, paid media, digital strategy, earned media, grassroots, creative production) and explain HOW integration delivers superior outcomes versus siloed approaches. Create specific examples: 'When research informs creative which drives paid media coordinated with grassroots activation, clients see X% better engagement.' Position integration as a competitive moat, not just a feature list.",Features,Medium,2026-03-07 23:47:16.611807,116500d0-357e-4ace-a7af-7264ed58e22a,synozur.com,pending,,,,,,,b085c33e-6301-4882-a3fd-5010c4e45238,0,0,f,,,
b00f7f64-6966-47d0-a712-916b3634a20e,Develop 'AI Governance Layer' Differentiation Campaign vs AI-Native Competitors,"Create a strategic counter-positioning campaign that reframes Akumina's 'AI Experience Management as a governance layer' approach as superior to competitors' AI-native claims. Develop content demonstrating how governance-first architecture prevents the AI failures and compliance risks that pure AI-native platforms face (referencing ServiceNow's messaging on AI agent failure recovery). Include comparison frameworks showing how Akumina's approach provides 'AI readiness WITH control' vs competitors' 'AI-first, governance-later' positioning. Package this as thought leadership content, competitive battlecards, and customer presentations specifically targeting regulated industries where ClearPeople, Staffbase, and Unily are competing.",Positioning,High,2026-03-16 15:09:37.166892,116500d0-357e-4ace-a7af-7264ed58e22a,synozur.com,pending,,,,,,,e36f9f62-612b-40dd-b2af-39a6cab20c7a,0,0,f,,,
7dbd096a-4775-41c8-9ebf-8d87140856e0,Create 'Microsoft 365 Intelligence Maximization' Narrative to Counter Viva Connections,"Develop messaging and content that positions Akumina as the platform that 'unlocks the full potential of Microsoft 365 investments' rather than competing against them. Create case studies showing how Akumina extends Viva Connections and SharePoint with governance, personalization, and multi-regional capabilities that Microsoft's native tools cannot provide. Build ROI calculators demonstrating cost avoidance by enhancing existing M365 licenses vs purchasing additional Microsoft premium features. Target organizations already investing heavily in Microsoft 365 who need enterprise-grade customization, governance, and global deployment capabilities beyond what Viva Connections offers out-of-box.",Positioning,High,2026-03-16 15:09:37.197143,116500d0-357e-4ace-a7af-7264ed58e22a,synozur.com,pending,,,,,,,e36f9f62-612b-40dd-b2af-39a6cab20c7a,0,0,f,,,
fa0fc3c0-0e8e-40ba-b2fc-a45bc42acf54,Build 'Knowledge Velocity' Metrics Framework for Knowledge Management Deals,"Create a proprietary measurement framework and assessment methodology specifically for knowledge management use cases that quantifies 'knowledge velocity'—the speed at which critical information moves from creation to discovery to action. Develop benchmarking data across industries showing typical knowledge velocity scores and the business impact of improvements (time-to-competency for new hires, reduction in duplicate work, faster decision-making). Position this framework as the enterprise standard for evaluating knowledge management platforms, with Akumina's AI Experience Management as the enabler of high knowledge velocity through governance and personalization. Use this to compete directly against ClearPeople's 'intelligent knowledge platform' positioning with measurable business outcomes.",Messaging,Medium,2026-03-16 15:09:37.219934,116500d0-357e-4ace-a7af-7264ed58e22a,synozur.com,pending,,,,,,,e36f9f62-612b-40dd-b2af-39a6cab20c7a,0,0,f,,,
1ac5275b-1af1-4fd3-a697-92e6393b3ad2,Launch 'Global Operations Control Center' Product Edition for Multi-Regional Enterprises,"Package and market a specific product edition or solution bundle called 'Global Operations Control Center' that combines Akumina's multi-regional capabilities, governance workflows, and AI Experience Management into a unified offering for enterprises managing 10,000+ employees across 3+ regions. Include pre-built templates for regional compliance (GDPR, data residency), multi-language content governance, time-zone-aware communications, and regional admin delegation. Create dedicated sales collateral, implementation accelerators, and customer proof points from existing global deployments. Position this against Unily's 'organizational velocity' messaging by demonstrating how Akumina enables 'global scale WITH local control'—a capability that distributed competitors like Staffbase and Simpplr cannot match.",Features,Medium,2026-03-16 15:09:37.243634,116500d0-357e-4ace-a7af-7264ed58e22a,synozur.com,pending,,,,,,,e36f9f62-612b-40dd-b2af-39a6cab20c7a,0,0,f,,,
6b5d533b-5c55-4aa9-b179-43535e106fae,Crawl failures detected for McKinsey & Company,McKinsey & Company has failed 3 consecutive crawl attempts. The site may be unreachable or blocking automated crawlers. Consider excluding it from automated crawling.,crawl_health,Medium,2026-03-23 22:05:06.186177,,synozur.com,pending,,,,1fb757a8-25fd-49a2-b183-c905644911f2,,,0a0caa0c-74f1-41e0-ae37-a070ed194772,0,0,f,,,
5663748e-e08f-4376-a207-eac462c62302,Develop 'Employee Experience Maturity Benchmark' Industry Report Series,"Commission and publish an annual 'State of Employee Experience in [Industry]' research report series (starting with 2-3 key verticals like Healthcare, Financial Services, Manufacturing) that benchmarks EX maturity, quantifies business impact, and establishes Akumina's assessment framework as the industry standard. Include anonymized data from customer deployments showing correlation between EX maturity scores and business outcomes (productivity gains, retention rates, engagement scores). Use this research to generate analyst briefings, media coverage, and sales credibility. Partner with independent research firms (e.g., Forrester Consulting, IDC) to ensure third-party validation and create quotable statistics that sales teams can use in presentations.",Content,Medium,2026-03-16 15:09:37.267392,116500d0-357e-4ace-a7af-7264ed58e22a,synozur.com,pending,,,,,,,e36f9f62-612b-40dd-b2af-39a6cab20c7a,0,0,f,,,
61732f70-90e9-4288-ba56-b953b036733a,Create 'Weeks Not Months' Fast Launch Program with Implementation SLA,"Develop a structured rapid deployment program that guarantees enterprise intranet launch within 4-6 weeks, directly countering Happeo's 'launch in weeks, not months' positioning. Package this with pre-configured templates for common enterprise scenarios, a dedicated FastTrack team, and a published Service Level Agreement. Create side-by-side comparison content showing Akumina's accelerated implementation timeline versus traditional 6+ month projects, with specific milestone schedules. Include customer success stories with actual timeline data (e.g., 'Global manufacturing company live in 5 weeks'). Market this as 'Enterprise-Grade Speed' to differentiate from competitors who may sacrifice governance for speed.",Positioning,High,2026-03-16 15:15:50.270248,116500d0-357e-4ace-a7af-7264ed58e22a,synozur.com,pending,,,,,,,e36f9f62-612b-40dd-b2af-39a6cab20c7a,0,0,f,,,
f6509d42-6f06-4ae2-9ed1-3f2202482797,Build 'What We Replace' Visual Tool Consolidation Map by Industry,"Create interactive visual maps showing exactly which vendors, tools, and systems Akumina consolidates for specific industries (e.g., healthcare: replaces 8-12 tools including Sharepoint sites, newsletter platforms, survey tools, digital signage, recognition platforms, shift management). Model after MangoApps' and Interact Software's explicit enumeration of replaced systems, but add industry-specific depth. Include average cost data for each replaced tool and integration complexity scores. Make this available as both a sales enablement tool and a self-service assessment on the website. Go beyond generic 'consolidation' messaging to show procurement teams exactly what budget line items disappear.",Content,High,2026-03-16 15:15:50.347004,116500d0-357e-4ace-a7af-7264ed58e22a,synozur.com,pending,,,,,,,e36f9f62-612b-40dd-b2af-39a6cab20c7a,0,0,f,,,
87946b00-5fca-47f5-8aaa-43793c973ece,Develop 'Human-AI Collaboration Workflows' Reference Architecture,"Create detailed documentation and visual frameworks showing how Akumina enables collaboration between employees and AI agents within governed workflows—positioning between ServiceNow's 'infrastructure for AI' and Workday's 'human-AI collaboration' messaging. Include specific workflow examples (e.g., policy Q&A with AI + human expert escalation, content creation with AI drafting + compliance review, knowledge discovery with AI recommendations + curator validation). Develop reference architectures for common enterprise scenarios showing data flows, governance checkpoints, and handoff points. This counters both 'AI-native' competitors and establishes Akumina's approach to responsible AI integration.",Features,Medium,2026-03-16 15:15:50.447266,116500d0-357e-4ace-a7af-7264ed58e22a,synozur.com,pending,,,,,,,e36f9f62-612b-40dd-b2af-39a6cab20c7a,0,0,f,,,
302435ce-9964-43d7-91b7-0b668b36968c,Launch 'Mobile-First Accessibility Certification' Program for Frontline Solutions,"Establish a third-party verified accessibility and mobile usability certification specifically for frontline/deskless worker features, addressing the no-email-required, low-bandwidth, multilingual requirements this segment needs. Include WCAG compliance, offline functionality testing, and field testing with actual frontline workers across industries. Publish certification standards and ongoing compliance reports. Use this to differentiate Akumina's frontline capabilities as enterprise-grade (unlike consumer-app approaches) while still being truly accessible. Market as 'Frontline-Ready Certified' with visible badges on marketing materials.",Features,Medium,2026-03-16 15:15:50.646971,116500d0-357e-4ace-a7af-7264ed58e22a,synozur.com,pending,,,,,,,e36f9f62-612b-40dd-b2af-39a6cab20c7a,0,0,f,,,
51637eda-53ab-467b-ae15-6233b498c99e,Create 'Enterprise AI Readiness Assessment' Interactive Tool,"Build a self-service diagnostic tool that evaluates an organization's readiness to deploy AI across their workforce, scoring them on knowledge structure, governance maturity, data quality, and integration architecture. Model after ClearPeople's focus on 'AI-ready knowledge' but broaden to entire employee experience ecosystem. Provide a detailed readiness report with gap analysis and remediation roadmap, positioning Akumina as the foundation layer that makes AI initiatives successful. Include competitive comparison showing why fragmented tools create AI readiness gaps. Use this as both lead generation and sales qualification tool, while establishing Akumina's thought leadership on enterprise AI prerequisites.",Content,Medium,2026-03-16 15:15:50.748057,116500d0-357e-4ace-a7af-7264ed58e22a,synozur.com,pending,,,,,,,e36f9f62-612b-40dd-b2af-39a6cab20c7a,0,0,f,,,
96a0abf7-2146-4fc7-9f17-1e014d0d9efe,Create 'AI Governance as Competitive Advantage' Executive Education Series,"Develop a multi-touchpoint executive education campaign that reframes AI governance from a compliance burden to a strategic differentiator. Launch quarterly C-suite briefings, a dedicated knowledge hub with case studies showing how governance enables faster AI deployment (not slower), and an 'AI Governance Maturity Assessment' that reveals risks in competitors' 'AI-native' approaches. Position Akumina as the safe path to AI innovation by highlighting governance failures at other platforms and quantifying the cost of AI hallucinations, data leaks, and compliance violations in enterprise settings.",Positioning,High,2026-03-16 20:34:54.869166,116500d0-357e-4ace-a7af-7264ed58e22a,synozur.com,pending,,,,,,,e36f9f62-612b-40dd-b2af-39a6cab20c7a,0,0,f,,,
5cfac48d-9ac3-4ebc-909e-3641a8d5795a,Launch 'Microsoft 365 Intelligence Accelerator' Partner Co-Marketing Program,"Create a co-marketing initiative with Microsoft that positions Akumina as the enterprise layer that unlocks Copilot's full potential across complex, global organizations. Develop joint case studies showing how Akumina's governance, personalization, and global operations capabilities solve the problems that basic Viva Connections cannot address for Fortune 500 companies. Include Microsoft-certified implementation templates, joint webinars, and 'Copilot Readiness Assessments' that identify organizational gaps Akumina fills. Leverage Microsoft's massive reach (27.7M SharePoint followers) while differentiating from their native solutions.",Positioning,High,2026-03-16 20:34:54.900528,116500d0-357e-4ace-a7af-7264ed58e22a,synozur.com,pending,,,,,,,e36f9f62-612b-40dd-b2af-39a6cab20c7a,0,0,f,,,
b506c1ee-b0d0-466a-b925-8731b7b239e2,Build 'Critical Moments That Matter' Use Case Framework for Employee Journey,"Develop a research-backed framework identifying the 20-30 critical employee moments (onboarding, policy changes, crisis communication, benefits enrollment, etc.) where platform performance directly impacts business outcomes. For each moment, create quantified impact data (e.g., 'poor onboarding costs $X per employee,' 'delayed safety alerts create Y compliance risk'), specific Akumina capabilities that address it, and competitor gap analysis. Package as an interactive tool where prospects select their industry and critical moments to receive a customized business case showing Akumina's value for their highest-stakes scenarios.",Messaging,High,2026-03-16 20:34:54.92451,116500d0-357e-4ace-a7af-7264ed58e22a,synozur.com,pending,,,,,,,e36f9f62-612b-40dd-b2af-39a6cab20c7a,0,0,f,,,
5d23ba93-0cc6-4186-a551-b6514342b03d,Develop 'Global Operations Complexity Index' Qualification and Positioning Tool,"Create a proprietary scoring methodology that measures organizational complexity across dimensions like geographic spread, regulatory environments, M&A activity, workforce diversity (frontline/desk/remote mix), and technology fragmentation. Build an interactive assessment that scores prospects 1-100, with clear thresholds showing when simplified platforms fail and enterprise-grade solutions become necessary. Use this to qualify leads, position against 'fast-deploy' competitors, and create content showing why organizations above certain complexity thresholds need Akumina's capabilities. Publish annual 'Enterprise Complexity Report' with industry benchmarks.",Positioning,Medium,2026-03-16 20:34:54.948113,116500d0-357e-4ace-a7af-7264ed58e22a,synozur.com,pending,,,,,,,e36f9f62-612b-40dd-b2af-39a6cab20c7a,0,0,f,,,
5659dc6d-cff6-4b66-89c3-b6a0e5caa37d,Create 'Platform Consolidation Savings' ROI Calculator with Third-Party Validation,"Commission an independent study (Forrester TEI or similar) quantifying the total cost of ownership for fragmented employee experience tech stacks versus consolidated platforms. Build an interactive ROI calculator using this research that lets prospects input their current tool landscape (intranet, comms platform, surveys, digital signage, mobile app, etc.) and see projected 3-year savings, risk reduction, and productivity gains from consolidation. Feature customer testimonials showing actual consolidation results with specific dollar amounts. Make the calculator gated to capture high-intent leads while using top-line findings in analyst recognition efforts.",Content,High,2026-03-16 20:34:54.971492,116500d0-357e-4ace-a7af-7264ed58e22a,synozur.com,pending,,,,,,,e36f9f62-612b-40dd-b2af-39a6cab20c7a,0,0,f,,,
e869cfcf-96ee-47e2-8236-a09d3dc39724,Crawl failures detected for Harmonic Data Systems,Harmonic Data Systems has failed 3 consecutive crawl attempts. The site may be unreachable or blocking automated crawlers. Consider excluding it from automated crawling.,crawl_health,Medium,2026-03-23 23:15:34.402861,,synozur.com,pending,,,,b410f4e7-b0cb-4909-9802-c03c2c381c03,,,cbb5fabd-c82b-4d50-bd34-2a0d79398622,0,0,f,,,
8514cc59-56cb-482b-8c8d-aebe813be64f,Crawl failures detected for SolarWinds Service Desk,SolarWinds Service Desk has failed 3 consecutive crawl attempts. The site may be unreachable or blocking automated crawlers. Consider excluding it from automated crawling.,crawl_health,Medium,2026-03-24 00:21:37.24295,,synozur.com,pending,,,,,10991e08-2ffb-4120-aa19-1b2e212f6537,,bc7e3c6b-277f-4220-81d8-2bc62426ad25,0,0,f,,,
9e54bf37-ead3-40c6-b5ca-89c243a80973,Crawl failures detected for CloudM Migrate,CloudM Migrate has failed 3 consecutive crawl attempts. The site may be unreachable or blocking automated crawlers. Consider excluding it from automated crawling.,crawl_health,Medium,2026-03-24 00:21:54.944385,,synozur.com,pending,,,,,6c71ad17-a53a-4cf6-9757-119e2f7165a4,,5428db01-79b3-4487-a2b2-0e63327f2510,0,0,f,,,
7277c7d2-158a-4006-a59d-cc4fd1ecbae3,Crawl failures detected for Powell Governance,Powell Governance has failed 3 consecutive crawl attempts. The site may be unreachable or blocking automated crawlers. Consider excluding it from automated crawling.,crawl_health,Medium,2026-03-24 00:22:09.344369,,synozur.com,pending,,,,,2a999525-9bbc-41c3-94e0-f28895d04a3c,,5428db01-79b3-4487-a2b2-0e63327f2510,0,0,f,,,
a45ab26c-98c2-44a3-b987-5cb208e6406a,Crawl failures detected for Rencore Governance,Rencore Governance has failed 3 consecutive crawl attempts. The site may be unreachable or blocking automated crawlers. Consider excluding it from automated crawling.,crawl_health,Medium,2026-03-24 00:22:28.043486,,synozur.com,pending,,,,,6d754ef3-ed9c-4095-9deb-f0ee8f9b14d7,,5428db01-79b3-4487-a2b2-0e63327f2510,0,0,f,,,
b55ed246-847b-41ce-a3c6-92a093e601e2,Crawl failures detected for SolarWinds Service Desk,SolarWinds Service Desk has failed 3 consecutive crawl attempts. The site may be unreachable or blocking automated crawlers. Consider excluding it from automated crawling.,crawl_health,Medium,2026-03-24 14:33:06.709895,,synozur.com,pending,,,,,10991e08-2ffb-4120-aa19-1b2e212f6537,,bc7e3c6b-277f-4220-81d8-2bc62426ad25,0,0,f,,,
16a4fd05-b9b5-4d36-b698-bc625bac42de,Crawl failures detected for CloudM Migrate,CloudM Migrate has failed 3 consecutive crawl attempts. The site may be unreachable or blocking automated crawlers. Consider excluding it from automated crawling.,crawl_health,Medium,2026-03-24 14:33:10.121601,,synozur.com,pending,,,,,6c71ad17-a53a-4cf6-9757-119e2f7165a4,,5428db01-79b3-4487-a2b2-0e63327f2510,0,0,f,,,
c81db295-4aaf-4846-8488-db51f51f8187,Crawl failures detected for Powell Governance,Powell Governance has failed 3 consecutive crawl attempts. The site may be unreachable or blocking automated crawlers. Consider excluding it from automated crawling.,crawl_health,Medium,2026-03-24 14:33:12.332221,,synozur.com,pending,,,,,2a999525-9bbc-41c3-94e0-f28895d04a3c,,5428db01-79b3-4487-a2b2-0e63327f2510,0,0,f,,,
c90eede4-67a8-41fd-9e40-5861ddf96e33,Crawl failures detected for Rencore Governance,Rencore Governance has failed 3 consecutive crawl attempts. The site may be unreachable or blocking automated crawlers. Consider excluding it from automated crawling.,crawl_health,Medium,2026-03-24 14:33:14.88256,,synozur.com,pending,,,,,6d754ef3-ed9c-4095-9deb-f0ee8f9b14d7,,5428db01-79b3-4487-a2b2-0e63327f2510,0,0,f,,,
d4a10a2f-74e7-434f-8384-111454b8a044,Crawl failures detected for Wipro,Wipro has failed 3 consecutive crawl attempts. The site may be unreachable or blocking automated crawlers. Consider excluding it from automated crawling.,crawl_health,Medium,2026-03-24 16:26:26.048143,,synozur.com,pending,,,,9be0f7d9-5410-424a-8c06-6221ca918e89,,,a8e7cd06-ed45-41ec-b4a1-1c8a55a17a97,0,0,f,,,
d345ea59-4101-4d8c-851e-c1c2caa62ee2,Crawl failures detected for AI Strategy & Consulting,AI Strategy & Consulting has failed 3 consecutive crawl attempts. The site may be unreachable or blocking automated crawlers. Consider excluding it from automated crawling.,crawl_health,Medium,2026-03-24 14:32:34.411635,,synozur.com,dismissed,,2026-03-25 15:59:35.129,,,d7ea032a-f66f-42ff-b223-916ccc2632fa,,137db123-4906-4e61-af99-f0d23d86a622,0,0,f,crawlfailuresdetectedforaistrategyconsulting_crawl_health,already_done,116500d0-357e-4ace-a7af-7264ed58e22a
61b15adb-0e04-492a-9fc3-1002e865c63c,Crawl failures detected for AI Strategy Services,AI Strategy Services has failed 3 consecutive crawl attempts. The site may be unreachable or blocking automated crawlers. Consider excluding it from automated crawling.,crawl_health,Medium,2026-03-24 14:32:32.306251,,synozur.com,dismissed,,2026-03-25 15:59:35.174,,,f36b05e1-fba9-4fbc-8494-738112e6f6ee,,137db123-4906-4e61-af99-f0d23d86a622,0,0,f,crawlfailuresdetectedforaistrategyservices_crawl_health,already_done,116500d0-357e-4ace-a7af-7264ed58e22a
2e08dbd5-891d-463d-8c19-305ef6e70f25,Crawl failures detected for AI & Analytics Strategy,AI & Analytics Strategy has failed 3 consecutive crawl attempts. The site may be unreachable or blocking automated crawlers. Consider excluding it from automated crawling.,crawl_health,Medium,2026-03-24 14:32:29.934574,,synozur.com,dismissed,,2026-03-25 15:59:35.219,,,e1fdd044-c437-4d51-92aa-60d058009ca4,,137db123-4906-4e61-af99-f0d23d86a622,0,0,f,crawlfailuresdetectedforaianalyticsstrategy_crawl_health,already_done,116500d0-357e-4ace-a7af-7264ed58e22a
3e8c8be7-11bf-48a5-9157-eea8a8e97a36,Crawl failures detected for Vega,Vega has failed 3 consecutive crawl attempts. The site may be unreachable or blocking automated crawlers. Consider excluding it from automated crawling.,crawl_health,Medium,2026-03-24 00:23:05.543151,,synozur.com,dismissed,,2026-03-25 15:59:35.31,,,06deda54-8c2d-4673-ad71-9fffe3a314d3,,,0,0,f,crawlfailuresdetectedforvega_crawl_health,already_done,116500d0-357e-4ace-a7af-7264ed58e22a
79e69910-9307-4dad-9625-5aa10b925215,Crawl failures detected for Sprintbase,Sprintbase has failed 3 consecutive crawl attempts. The site may be unreachable or blocking automated crawlers. Consider excluding it from automated crawling.,crawl_health,Medium,2026-03-24 00:22:45.243532,,synozur.com,dismissed,,2026-03-25 15:59:35.403,,,2977c15a-1c79-4758-b2a4-92d7a20833fa,,137db123-4906-4e61-af99-f0d23d86a622,0,0,f,crawlfailuresdetectedforsprintbase_crawl_health,already_done,116500d0-357e-4ace-a7af-7264ed58e22a
8578a003-789a-4b99-b78f-9db88d17068e,Crawl failures detected for Digital Maturity Benchmark,Digital Maturity Benchmark has failed 3 consecutive crawl attempts. The site may be unreachable or blocking automated crawlers. Consider excluding it from automated crawling.,crawl_health,Medium,2026-03-24 00:22:39.543749,,synozur.com,dismissed,,2026-03-25 15:59:35.449,,,6c7c3a69-da39-4768-847c-774eafd29616,,137db123-4906-4e61-af99-f0d23d86a622,0,0,f,crawlfailuresdetectedfordigitalmaturitybenchmark_crawl_health,already_done,116500d0-357e-4ace-a7af-7264ed58e22a
11437b03-59f5-4efd-8642-fbd2097b7572,Crawl failures detected for Vega,Vega has failed 3 consecutive crawl attempts. The site may be unreachable or blocking automated crawlers. Consider excluding it from automated crawling.,crawl_health,Medium,2026-03-24 14:33:47.825478,,synozur.com,dismissed,,2026-03-25 04:04:50.305,,,06deda54-8c2d-4673-ad71-9fffe3a314d3,,,0,0,f,,,
4a6c212d-9e16-405b-95bf-5ec291d85a66,Crawl failures detected for Vega,Vega has failed 3 consecutive crawl attempts. The site may be unreachable or blocking automated crawlers. Consider excluding it from automated crawling.,crawl_health,Medium,2026-03-24 14:33:53.546632,,synozur.com,dismissed,,2026-03-25 04:04:57.068,,,16290106-529d-4a53-886b-e8bac19e9585,,,0,0,f,,,
79f69ac6-4e9e-44cd-a646-d2e169b4c77a,Crawl failures detected for Rhythms ,Rhythms  has failed 3 consecutive crawl attempts. The site may be unreachable or blocking automated crawlers. Consider excluding it from automated crawling.,crawl_health,Medium,2026-03-24 14:33:41.464577,,synozur.com,dismissed,,2026-03-25 15:58:56.434,,,4802b984-4f20-4fa3-89a6-74642558c328,,,0,0,f,crawlfailuresdetectedforrhythms_crawl_health,already_done,116500d0-357e-4ace-a7af-7264ed58e22a
71673be0-9538-4708-a282-7a97fe4d38e1,Crawl failures detected for Digital Maturity Benchmark,Digital Maturity Benchmark has failed 3 consecutive crawl attempts. The site may be unreachable or blocking automated crawlers. Consider excluding it from automated crawling.,crawl_health,Medium,2026-03-24 14:33:36.490593,,synozur.com,dismissed,,2026-03-25 15:59:03.935,,,6c7c3a69-da39-4768-847c-774eafd29616,,137db123-4906-4e61-af99-f0d23d86a622,0,0,f,crawlfailuresdetectedfordigitalmaturitybenchmark_crawl_health,already_done,116500d0-357e-4ace-a7af-7264ed58e22a
d1733e92-34b1-46eb-879a-25122aff1a7c,Crawl failures detected for Wipro,Wipro has failed 3 consecutive crawl attempts. The site may be unreachable or blocking automated crawlers. Consider excluding it from automated crawling.,crawl_health,Medium,2026-03-25 02:42:47.796886,,synozur.com,pending,,,,9be0f7d9-5410-424a-8c06-6221ca918e89,,,a8e7cd06-ed45-41ec-b4a1-1c8a55a17a97,0,0,f,,,
2bd37f53-c56f-44fa-a39a-105bbe02d2e9,Crawl failures detected for Bloomfire,Bloomfire has failed 3 consecutive crawl attempts. The site may be unreachable or blocking automated crawlers. Consider excluding it from automated crawling.,crawl_health,Medium,2026-03-25 02:42:51.997136,,synozur.com,pending,,,,7bb038a9-f9b1-46fb-b8b5-6d509c219457,,,0ac8db60-16c4-4665-a8f3-e4655a5a29b5,0,0,f,,,
c30cb6b6-e7ba-481f-b7e8-e97d253651fc,Crawl failures detected for Vega,Vega has failed 3 consecutive crawl attempts. The site may be unreachable or blocking automated crawlers. Consider excluding it from automated crawling.,crawl_health,Medium,2026-03-25 01:43:18.763647,,synozur.com,dismissed,,2026-03-25 15:58:47.772,,,06deda54-8c2d-4673-ad71-9fffe3a314d3,,,0,0,f,crawlfailuresdetectedforvega_crawl_health,not_relevant,116500d0-357e-4ace-a7af-7264ed58e22a
94ac92b7-cf8c-492c-bc4d-6437d98782ff,Crawl failures detected for Sprintbase,Sprintbase has failed 3 consecutive crawl attempts. The site may be unreachable or blocking automated crawlers. Consider excluding it from automated crawling.,crawl_health,Medium,2026-03-24 14:33:21.58544,,synozur.com,dismissed,,2026-03-25 15:59:11.961,,,2977c15a-1c79-4758-b2a4-92d7a20833fa,,137db123-4906-4e61-af99-f0d23d86a622,0,0,f,crawlfailuresdetectedforsprintbase_crawl_health,already_done,116500d0-357e-4ace-a7af-7264ed58e22a
7ca969bb-7228-4381-9f87-e219b2247014,Crawl failures detected for AI Strategy & Transformation,AI Strategy & Transformation has failed 3 consecutive crawl attempts. The site may be unreachable or blocking automated crawlers. Consider excluding it from automated crawling.,crawl_health,Medium,2026-03-24 14:32:37.087051,,synozur.com,dismissed,,2026-03-25 15:59:35.082,,,34d0d472-d398-4007-beda-53210841b8d1,,137db123-4906-4e61-af99-f0d23d86a622,0,0,f,crawlfailuresdetectedforaistrategytransformation_crawl_health,already_done,116500d0-357e-4ace-a7af-7264ed58e22a
d8bae831-4ffa-4b87-9576-002dd178fb4f,Crawl failures detected for Vega,Vega has failed 3 consecutive crawl attempts. The site may be unreachable or blocking automated crawlers. Consider excluding it from automated crawling.,crawl_health,Medium,2026-03-24 00:23:10.74389,,synozur.com,dismissed,,2026-03-25 15:59:35.268,,,16290106-529d-4a53-886b-e8bac19e9585,,,0,0,f,crawlfailuresdetectedforvega_crawl_health,already_done,116500d0-357e-4ace-a7af-7264ed58e22a
f854b558-5297-48c6-bda4-df8489575772,Crawl failures detected for Rhythms ,Rhythms  has failed 3 consecutive crawl attempts. The site may be unreachable or blocking automated crawlers. Consider excluding it from automated crawling.,crawl_health,Medium,2026-03-24 00:22:57.275179,,synozur.com,dismissed,,2026-03-25 15:59:35.355,,,4802b984-4f20-4fa3-89a6-74642558c328,,,0,0,f,crawlfailuresdetectedforrhythms_crawl_health,already_done,116500d0-357e-4ace-a7af-7264ed58e22a
33c2a6e2-f1a5-49a9-b712-5e14de467097,Create 'Client Retention & Impact Dashboard' Public Transparency Initiative,"Develop a live, publicly accessible dashboard (or quarterly report) showcasing aggregate client success metrics: retention rate percentage, average engagement duration, client satisfaction scores, repeat engagement rate, and anonymized ROI ranges by transformation type. Include year-over-year trends and industry benchmarks. Feature prominently on website homepage and in all sales materials. Model after Eagle Hill's transparency with '96% client satisfaction, 80% repeat clients' but make it dynamic and data-rich.",Messaging,High,2026-02-12 05:49:11.737434,116500d0-357e-4ace-a7af-7264ed58e22a,synozur.com,dismissed,,2026-03-25 16:38:33.072,,,,,137db123-4906-4e61-af99-f0d23d86a622,0,0,f,createclientretentionimpactdashboardpublictransparencyinitiative_messaging,low_priority,116500d0-357e-4ace-a7af-7264ed58e22a
3fd86d83-69a3-4e5e-bf91-d8c9d3057441,Develop 'Strategy-to-Launch' Service Tiering with Clear Scoping Boundaries,"Resolve the 'design not implementation' ambiguity by creating three clearly defined service tiers: (1) Strategic Blueprint (strategy and design only), (2) Guided Launch (design + implementation oversight with client/partner execution), (3) Full Lifecycle (end-to-end delivery). Update all messaging to position the full spectrum while highlighting Synozur's strength in strategic design. Create tier-specific case studies, pricing frameworks, and partnering models that clarify exactly where Synozur engages versus where client teams or implementation partners take over.",Positioning,High,2026-02-12 05:49:11.714518,116500d0-357e-4ace-a7af-7264ed58e22a,synozur.com,dismissed,,2026-03-25 16:38:33.122,,,,,137db123-4906-4e61-af99-f0d23d86a622,0,0,f,developstrategytolaunchservicetieringwithclearscopingboundaries_positioning,low_priority,116500d0-357e-4ace-a7af-7264ed58e22a
3400c11c-99e7-4c7a-9fa5-5f1deeb2474c,Create 'Transformation Proof Standard' Metric Framework and Client Showcase Program,"Develop a standardized measurement methodology for quantifying transformation outcomes across all engagements, establishing Synozur's own 'Transformation Proof Standard' with 5-7 core metrics (time-to-value, adoption rate, ROI multiplier, operational efficiency gain, employee satisfaction delta, etc.). Retroactively apply this framework to existing client engagements to establish baseline proof points, then showcase results through quarterly Client Success Reports featuring aggregated anonymized data (e.g., 'Average 3.2x ROI across 2024 engagements,' 'Mean 47% reduction in process cycle time'). Create a public-facing 'Transformation Impact Dashboard' landing page displaying rolling metrics, client satisfaction scores, and outcome categories. This provides the concrete proof architecture competitors use while differentiating through transparency and methodology rigor.",Messaging,High,2026-02-07 22:47:03.975586,116500d0-357e-4ace-a7af-7264ed58e22a,synozur.com,dismissed,,2026-03-25 16:38:33.163,,,,,137db123-4906-4e61-af99-f0d23d86a622,0,0,f,createtransformationproofstandardmetricframeworkandclientshowcaseprogram_messaging,low_priority,116500d0-357e-4ace-a7af-7264ed58e22a
a836466a-6d1f-4cd7-9cce-26eead01965e,Develop AI-First Messaging Framework for Federal Microsoft Solutions,"Create targeted messaging that positions Minburn as a specialized federal AI transformation partner for Microsoft solutions. Develop content highlighting Microsoft 365 Copilot implementation, AI readiness assessments for federal agencies, and specific use cases for DoD/VA/Navy modernization initiatives. Include AI-specific service offerings on the website, case studies demonstrating AI ROI in federal contexts, and tailored messaging around secure AI deployment within compliance frameworks like FedRAMP and CMMC.",Messaging,High,2026-03-26 22:29:44.108485,609baf10-d7b7-4ad2-850c-bdb4a791eefd,synozur.com,pending,,,,,,,188acbd9-121b-4b3f-b21b-37b4e46638e0,0,0,f,,,
f168573c-aa85-463b-a43a-d3b564e35927,Reposition Core Narrative Around 'AI-Ready Transformation' with Three-Horizon Model,"Overhaul positioning statement to explicitly address AI-first transformation while differentiating from competitors' approaches. Develop a 'Three-Horizon' framework: Horizon 1 (AI-Ready Foundation: data infrastructure, governance, change management), Horizon 2 (AI Implementation: use case prioritization, pilot execution, industrialization), Horizon 3 (AI-Native Operations: continuous optimization, scaling, innovation culture). Position against competitor weaknesses: faster than traditional consulting (vs. slow Big 4), more strategic than pure tech implementers, and more execution-focused than strategy-only firms. Use framework in all positioning materials, sales conversations, and thought leadership to establish a clear, differentiated AI narrative that addresses the full transformation lifecycle.",Positioning,High,2026-02-04 01:37:30.666257,116500d0-357e-4ace-a7af-7264ed58e22a,synozur.com,dismissed,,2026-03-25 16:38:33.209,,,,,137db123-4906-4e61-af99-f0d23d86a622,0,0,f,repositioncorenarrativearoundaireadytransformationwiththreehorizonmodel_positioning,low_priority,116500d0-357e-4ace-a7af-7264ed58e22a
bdac19a5-343c-482c-854c-e0304e76e1c9,"Create 'Local Expertise, Strategic Reach' Geographic Positioning Framework","Develop messaging that reframes Harris's 40-60 employee size as a strategic advantage while addressing capacity concerns. Create geographic positioning that emphasizes 'Orlando-rooted, strategically networked' rather than avoiding scale discussions. If Harris works with subconsultants or has strategic partnerships for multi-region projects, feature this as 'curated expert network' or 'strategic alliance model.' Develop case studies showing successful multi-state or complex projects despite smaller size. Use language like 'Right-sized for responsiveness, connected for scale' or 'Central Florida expertise with nationwide project delivery.' Address the capacity concern proactively rather than ignoring it.",Positioning,High,2026-02-02 21:21:30.566475,116500d0-357e-4ace-a7af-7264ed58e22a,synozur.com,dismissed,,2026-03-25 16:38:33.3,,,,,,0,0,f,createlocalexpertisestrategicreachgeographicpositioningframework_positioning,low_priority,116500d0-357e-4ace-a7af-7264ed58e22a
e7f20cdb-5ebd-4cb1-aca5-2bd79829d3c1,Create 'Integrated Solutions' Service Architecture and Messaging,"Restructure service offerings to emphasize multi-disciplinary integration and complementary capabilities. If Harris has surveying, geospatial, environmental, or geotechnical capabilities (even through partnerships), prominently feature these as integrated solutions rather than standalone services. Develop case studies showing how multiple disciplines worked together on single projects. Create messaging framework around 'Unified Engineering Solutions' or 'Single-Source Civil Engineering' that emphasizes coordination benefits, reduced vendor management, and seamless project delivery. If capabilities don't exist internally, establish strategic partnerships with specialty firms and market the alliance.",Positioning,High,2026-02-02 21:21:30.496796,116500d0-357e-4ace-a7af-7264ed58e22a,synozur.com,dismissed,,2026-03-25 16:38:33.348,,,,,,0,0,f,createintegratedsolutionsservicearchitectureandmessaging_positioning,low_priority,116500d0-357e-4ace-a7af-7264ed58e22a
fd4f2387-fddb-4957-85d4-ebba5830f5c3,Create 'Transformation Field Notes' Executive Content Series with CxO Co-Authors,"Launch a distinctive thought leadership series featuring Synozur executives and consultants sharing candid, tactical insights from active transformation engagements under a 'Field Notes' format. Unlike traditional case studies or whitepapers, position these as practitioner perspectives on real implementation challenges: 'What we learned when AI adoption stalled at 23%,' 'Three times the transformation roadmap survived contact with reality,' 'When the COO said no: navigating executive resistance.' Invite select client CxOs to co-author select pieces, lending credibility and buyer perspective. Publish across LinkedIn (optimized for algorithm), dedicated microsite, and quarterly compilation reports. Use informal, credible tone that contrasts with competitors' polished marketing materials. This establishes authentic expertise and relationship-based selling while generating consistent content that demonstrates deep engagement with complex problems Fortune 500 leaders actually face.",Content,Medium,2026-02-07 22:47:04.041836,116500d0-357e-4ace-a7af-7264ed58e22a,synozur.com,dismissed,,2026-03-25 16:39:53.091,,,,,137db123-4906-4e61-af99-f0d23d86a622,0,0,f,createtransformationfieldnotesexecutivecontentserieswithcxocoauthors_content,duplicate,116500d0-357e-4ace-a7af-7264ed58e22a
1dec69b5-f57d-4866-9cc8-5edaedbf20a4,Establish Strategic Platform Partnership Program with Co-Marketing Initiatives,"Formalize strategic partnerships with 2-3 key technology platforms (e.g., Salesforce, Microsoft, or Oracle) and pursue formal certification programs. Develop co-marketing campaigns highlighting platform expertise through joint webinars, certified specialist counts, and partnership tier achievements. Create platform-specific solution accelerators or implementation frameworks that reduce time-to-value. Feature partnership badges and awards prominently in positioning materials and actively pursue platform vendor referrals. Model after Perficient's Salesforce/Oracle partnerships and Avanade's '20x GSI Partner of the Year' Microsoft relationship to gain ecosystem credibility and co-selling opportunities.",Positioning,Medium,2026-02-04 01:37:30.367123,116500d0-357e-4ace-a7af-7264ed58e22a,synozur.com,dismissed,,2026-03-25 16:39:53.19,,,,,137db123-4906-4e61-af99-f0d23d86a622,0,0,f,establishstrategicplatformpartnershipprogramwithcomarketinginitiatives_positioning,duplicate,116500d0-357e-4ace-a7af-7264ed58e22a
8d302681-cec7-46e5-9d22-820893e2ea3d,Crawl failures detected for Wipro,Wipro has failed 3 consecutive crawl attempts. The site may be unreachable or blocking automated crawlers. Consider excluding it from automated crawling.,crawl_health,Medium,2026-03-25 18:03:55.932725,,synozur.com,pending,,,,9be0f7d9-5410-424a-8c06-6221ca918e89,,,a8e7cd06-ed45-41ec-b4a1-1c8a55a17a97,0,0,f,,,
fb79de82-1ce6-40f6-b6ea-0f2116dea231,Crawl failures detected for SHI Government Solutions,SHI Government Solutions has failed 3 consecutive crawl attempts. The site may be unreachable or blocking automated crawlers. Consider excluding it from automated crawling.,crawl_health,Medium,2026-03-26 22:26:00.366242,,synozur.com,pending,,,,eead2198-00c8-4a19-8d98-7783598fc1e1,,,188acbd9-121b-4b3f-b21b-37b4e46638e0,0,0,f,,,
782c9f0d-eec8-4041-8dfd-f5302d631a90,Crawl failures detected for Vega,Vega has failed 3 consecutive crawl attempts. The site may be unreachable or blocking automated crawlers. Consider excluding it from automated crawling.,crawl_health,Medium,2026-03-25 17:41:33.839051,,synozur.com,dismissed,,2026-07-04 14:59:51.301,,,16290106-529d-4a53-886b-e8bac19e9585,,,0,0,f,crawlfailuresdetectedforvega_crawl_health,already_done,116500d0-357e-4ace-a7af-7264ed58e22a
cd7f4bb7-e3e9-4e0d-87d8-3329c0edd6a8,Launch Thought Leadership Program on LinkedIn Targeting Federal IT Decision-Makers,"Establish consistent LinkedIn presence with executive-led thought leadership focused on federal-specific technology challenges. Publish 2-3 posts weekly covering topics like secure cloud migrations for DoD, VA healthcare IT modernization, Microsoft licensing optimization for federal budgets, and CMMC compliance strategies. Feature Minburn executives sharing insights on federal procurement trends, contract vehicle strategies (GSA Schedule, SEWP V), and lessons learned from federal implementations to build credibility and visibility.",Content,High,2026-03-26 22:29:44.13899,609baf10-d7b7-4ad2-850c-bdb4a791eefd,synozur.com,pending,,,,,,,188acbd9-121b-4b3f-b21b-37b4e46638e0,0,0,f,,,
67af5185-606a-4687-a370-5d888a9416ad,Expand Multi-Sector Public Sector Positioning Beyond Federal,"Revise positioning and website messaging to explicitly highlight capabilities across broader public sector segments including State & Local Government, Higher Education, K-12, and Healthcare beyond VA. Create dedicated landing pages or sections for each segment showcasing relevant contract vehicles (GSA Schedule eligibility for SLED), tailored use cases, and sector-specific challenges Minburn solves. Maintain federal specialization as the core focus while demonstrating breadth of accessible markets through existing contract vehicles.",Positioning,Medium,2026-03-26 22:29:44.162152,609baf10-d7b7-4ad2-850c-bdb4a791eefd,synozur.com,pending,,,,,,,188acbd9-121b-4b3f-b21b-37b4e46638e0,0,0,f,,,
27fb08eb-fd7e-44d3-82e1-091762a8a01b,Develop Security & Compliance Differentiation Narrative,"Create explicit messaging highlighting security and compliance expertise as a core value pillar, particularly around CMMC compliance support, FedRAMP-authorized solution deployment, and secure Microsoft cloud implementations for defense and federal healthcare. Develop content assets including CMMC readiness checklists for contractors, secure Azure Government configuration guides, and compliance-focused case studies. Position veteran-owned status alongside security expertise as complementary differentiators for defense sector work.",Messaging,Medium,2026-03-26 22:29:44.185737,609baf10-d7b7-4ad2-850c-bdb4a791eefd,synozur.com,pending,,,,,,,188acbd9-121b-4b3f-b21b-37b4e46638e0,0,0,f,,,
eb9b4dd8-00e6-4464-b180-ae1043c448c9,Create 'End-to-End Federal Solutions' Messaging While Maintaining Specialization Focus,"Reframe service portfolio communication to demonstrate comprehensive solution capabilities ('assessment to deployment to optimization') while maintaining deep Microsoft and federal expertise positioning. Develop messaging that shows how Minburn's focused expertise enables end-to-end project lifecycle support rather than positioning focus as limiting. Create visual journey maps showing comprehensive service delivery (consulting, licensing, implementation, managed services) specifically for federal Microsoft environments to counter perception of being limited compared to 'edge to core to cloud' competitors.",Positioning,Medium,2026-03-26 22:29:44.207851,609baf10-d7b7-4ad2-850c-bdb4a791eefd,synozur.com,pending,,,,,,,188acbd9-121b-4b3f-b21b-37b4e46638e0,0,0,f,,,
e72edadd-1519-44c9-910a-a3869631390a,Crawl failures detected for World Wide Technology Government (WWT),World Wide Technology Government (WWT) has failed 3 consecutive crawl attempts. The site may be unreachable or blocking automated crawlers. Consider excluding it from automated crawling.,crawl_health,Medium,2026-03-26 23:14:27.324696,,synozur.com,pending,,,,57259f55-f190-49c4-b3cd-f413a16fa75f,,,188acbd9-121b-4b3f-b21b-37b4e46638e0,0,0,f,,,
48bdc643-51c6-4c84-a14f-858a4e1c62a6,Crawl failures detected for Bloomfire,Bloomfire has failed 3 consecutive crawl attempts. The site may be unreachable or blocking automated crawlers. Consider excluding it from automated crawling.,crawl_health,Medium,2026-03-28 04:58:38.635276,,synozur.com,pending,,,,7bb038a9-f9b1-46fb-b8b5-6d509c219457,,,0ac8db60-16c4-4665-a8f3-e4655a5a29b5,0,0,f,,,
1115670b-7e1a-4a20-a73b-d6aab15eb4f7,Crawl failures detected for The Carlyle Group,The Carlyle Group has failed 3 consecutive crawl attempts. The site may be unreachable or blocking automated crawlers. Consider excluding it from automated crawling.,crawl_health,Medium,2026-03-28 16:32:22.501669,,synozur.com,pending,,,,77d3bf93-ece1-4db4-839d-b55aa70d0808,,,ca220481-8e38-44ac-8bec-b77fce1155d9,0,0,f,,,
441b605d-ee20-4007-a60c-7b270b662d4c,Develop and Publish Sector-Specific Investment Thesis Documents,"Create 3-5 deep-dive sector positioning documents that establish H&F's domain authority in select verticals (e.g., healthcare technology, industrial automation, financial services infrastructure). Each document should articulate a forward-looking investment thesis, proprietary market insights, and case studies demonstrating sector expertise. Publish these as gated content on the website and promote through targeted LinkedIn campaigns to build thought leadership positioning similar to Vista's AI-focused content (207K followers, high engagement).",Content,High,2026-03-28 16:36:31.807181,116500d0-357e-4ace-a7af-7264ed58e22a,synozur.com,pending,,,,,,,ca220481-8e38-44ac-8bec-b77fce1155d9,0,0,f,,,
9e45ab68-4513-4f80-a2a7-d8df0d55c752,Launch Quarterly 'Market Disruption Insights' Video Series with Senior Partners,"Produce a quarterly video series featuring H&F senior partners discussing emerging technologies (AI, automation, digital transformation) and their impact on portfolio sectors. Model after Vista's founder-led content featuring Robert F. Smith and Thoma Bravo's podcast approach. Each 8-12 minute episode should provide actionable insights on market trends, with supporting written summaries and data visualizations. Distribute across LinkedIn, website, and direct to LP email lists.",Content,High,2026-03-28 16:36:31.843762,116500d0-357e-4ace-a7af-7264ed58e22a,synozur.com,pending,,,,,,,ca220481-8e38-44ac-8bec-b77fce1155d9,0,0,f,,,
51716804-a3a2-4f56-bf1f-d2a5de370886,Create Proprietary 'Value Creation Index' Performance Dashboard,"Develop a branded methodology and visual dashboard that quantifies H&F's operational value creation across portfolio companies (similar to Warburg Pincus's '60% of portfolio value from operational improvements' metric). Include 4-6 key performance indicators (revenue growth acceleration, EBITDA margin expansion, digital transformation milestones, talent development metrics). Publish aggregate portfolio statistics quarterly and feature the methodology prominently in fundraising materials and on the website's 'Our Approach' section.",Messaging,High,2026-03-28 16:36:31.880198,116500d0-357e-4ace-a7af-7264ed58e22a,synozur.com,pending,,,,,,,ca220481-8e38-44ac-8bec-b77fce1155d9,0,0,f,,,
f4d437d6-ec17-49c5-bfff-c09dadc50e5f,Build 'Investment Intelligence Platform' Narrative Around Data Capabilities,"Audit existing technology infrastructure, data analytics tools, and market intelligence systems used in deal sourcing and portfolio management. Package these capabilities into a cohesive narrative about H&F's 'Investment Intelligence Platform' – even if not a single integrated system like BlackRock's Aladdin. Create messaging around proprietary data sources, analytical frameworks, and technology-enabled decision-making. Develop one-page capability overview for RFPs and a dedicated website section explaining the platform's components and competitive advantages.",Features,High,2026-03-28 16:36:31.911445,116500d0-357e-4ace-a7af-7264ed58e22a,synozur.com,pending,,,,,,,ca220481-8e38-44ac-8bec-b77fce1155d9,0,0,f,,,
4895672c-0b26-40c6-872b-cfb8b77a99f6,Establish Annual 'CEO Summit' Series and Build Event-Based Thought Leadership,"Launch an annual invitation-only CEO Summit bringing together portfolio company leaders, industry experts, and select LPs to discuss sector trends, operational best practices, and emerging opportunities. Document each summit with professionally produced content: executive interviews, panel discussion videos, insight reports, and infographics. Use this content throughout the year across LinkedIn, website, and LP communications. Model after Advent International's stakeholder engagement approach (172K followers) and Warburg Pincus's relationship-focused content (184K followers).",Content,Medium,2026-03-28 16:36:31.944431,116500d0-357e-4ace-a7af-7264ed58e22a,synozur.com,pending,,,,,,,ca220481-8e38-44ac-8bec-b77fce1155d9,0,0,f,,,
94c3136c-b466-4ffe-b973-35115812033e,Crawl failures detected for Wipro,Wipro has failed 3 consecutive crawl attempts. The site may be unreachable or blocking automated crawlers. Consider excluding it from automated crawling.,crawl_health,Medium,2026-03-30 22:14:05.245742,,synozur.com,pending,,,,9be0f7d9-5410-424a-8c06-6221ca918e89,,,a8e7cd06-ed45-41ec-b4a1-1c8a55a17a97,0,0,f,,,
abc15d62-15c0-417b-b8d3-52c566e8cab2,Crawl failures detected for Wipro,Wipro has failed 3 consecutive crawl attempts. The site may be unreachable or blocking automated crawlers. Consider excluding it from automated crawling.,crawl_health,Medium,2026-04-01 02:58:30.036153,,synozur.com,pending,,,,9be0f7d9-5410-424a-8c06-6221ca918e89,,,a8e7cd06-ed45-41ec-b4a1-1c8a55a17a97,0,0,f,,,
0e79d2a4-7c44-444a-a704-fdf948a0e683,Develop 'Adobe AI Amplifies Artistry' Philosophy Campaign,"Create comprehensive messaging framework that explicitly positions Adobe's AI tools (Firefly, Sensei) as amplifiers of human creativity rather than replacements. Include: 1) Public commitment statement on AI philosophy signed by Adobe leadership, 2) Case studies showing before/after workflows where AI handles tedious tasks while creators focus on artistic decisions, 3) 'Human+AI' badging system for AI features showing collaboration model, 4) Creator testimonials specifically addressing AI anxiety and how Adobe tools enhance rather than threaten their craft, 5) Technical documentation showing how Adobe AI is trained to support creative decisions not make them autonomously.",Messaging,High,2026-04-01 03:49:10.254667,116500d0-357e-4ace-a7af-7264ed58e22a,synozur.com,pending,,,,,,,0ef94ec0-4a79-4bf6-8bf8-7009864131e5,0,0,f,,,
fce61d52-54fc-42b1-bcb2-6bf1090fce8a,Launch 'Creative Independence' Tier with Offline-First Capabilities,"Develop and position a new product tier or mode emphasizing: 1) Offline-first architecture where core creative functions work without internet connection, 2) Local asset storage options with optional cloud sync, 3) 'No internet required' messaging in product positioning, 4) Privacy-focused workflow mode for sensitive projects, 5) Connectivity status indicators showing what works offline vs. requires connection. Market this specifically to professional creators working in variable connectivity environments, government/defense contractors, healthcare designers, and privacy-conscious segments.",Features,Medium,2026-04-01 03:49:10.288229,116500d0-357e-4ace-a7af-7264ed58e22a,synozur.com,pending,,,,,,,0ef94ec0-4a79-4bf6-8bf8-7009864131e5,0,0,f,,,
ecc6c4cc-c399-4355-9494-6fd6e7a13a7a,Create 'Transparent Total Cost of Ownership' Calculator and Pricing Philosophy Statement,"Develop interactive TCO calculator showing: 1) 5-year cost comparison of Adobe subscription vs. competitors' one-time purchases including upgrade costs, feature access, and cloud storage, 2) Value breakdown showing what subscription includes (updates, cloud services, fonts, stock assets, support), 3) Published pricing philosophy explaining why subscription model benefits creators (continuous innovation, no paid upgrades, cross-device access), 4) Flexible payment options (annual, monthly, prepaid), 5) 'Price lock guarantee' for long-term subscribers. Accompany with executive statement on Adobe's commitment to pricing transparency and customer value.",Positioning,High,2026-04-01 03:49:10.324865,116500d0-357e-4ace-a7af-7264ed58e22a,synozur.com,pending,,,,,,,0ef94ec0-4a79-4bf6-8bf8-7009864131e5,0,0,f,,,
e2b87db6-6e91-4b67-bd83-56530e167243,Position 'Adobe Creative Pathways' - Democratization Through Tiered Access,"Launch messaging campaign positioning Adobe's commitment to removing barriers to professional creativity: 1) Highlight expanded free tier capabilities for students/educators, 2) Create 'emerging creator' pricing tier for aspiring professionals under income threshold, 3) Develop 'Adobe Creative Commons' - free tools/resources for non-commercial use, 4) Partner with libraries, community centers, workforce development programs for subsidized access, 5) Showcase success stories of creators who started on Adobe's accessible tiers and built careers. Frame as 'Professional tools for every stage of your creative journey' countering the perception that Adobe is only for established professionals who can afford premium pricing.",Messaging,High,2026-04-01 03:49:10.352883,116500d0-357e-4ace-a7af-7264ed58e22a,synozur.com,pending,,,,,,,0ef94ec0-4a79-4bf6-8bf8-7009864131e5,0,0,f,,,
3d9075ff-850d-405b-8a64-ca3902289888,Articulate 'Built on Creative Values' Governance and Independence Messaging,"Develop messaging addressing company governance and values: 1) Create 'Creative Advisory Board' of prominent independent creators who provide input on product direction, 2) Publish annual 'Creator First' report showing how customer feedback influenced product decisions, 3) Establish public commitments limiting frequency of price increases, 4) Share metrics on R&D investment in creative tools vs. other business segments, 5) Highlight employee creators and internal 'dogfooding' culture, 6) Address Adobe's long-term commitment to creative community beyond quarterly earnings. Position as 'Large company resources with creator-focused values' countering the perception that public company status means Adobe prioritizes shareholders over creators.",Messaging,Medium,2026-04-01 03:49:10.377106,116500d0-357e-4ace-a7af-7264ed58e22a,synozur.com,pending,,,,,,,0ef94ec0-4a79-4bf6-8bf8-7009864131e5,0,0,f,,,
0db05917-9f1f-432a-a477-100233f34319,Crawl failures detected for Immix Group,Immix Group has failed 3 consecutive crawl attempts. The site may be unreachable or blocking automated crawlers. Consider excluding it from automated crawling.,crawl_health,Medium,2026-04-21 18:27:18.724014,,synozur.com,pending,,,,461d9fa1-3ea8-4d46-b0ea-88be2d20c112,,,188acbd9-121b-4b3f-b21b-37b4e46638e0,0,0,f,,,
4adbf6c2-9684-4813-b25f-dd4e7fb1d0e0,Develop 'Creative Cloud Unity' Narrative to Counter Fragmentation,"Create comprehensive messaging that positions Creative Cloud as the industry's most integrated ecosystem where applications seamlessly interoperate. Emphasize specific cross-application workflows (e.g., 'Design in Illustrator, enhance in Photoshop, animate in After Effects, publish in InDesign—without exports or conversions'). Develop visual journey maps showing how Creative Cloud eliminates the app-switching and file compatibility issues that plague competitors like Affinity and DaVinci Resolve. Include quantifiable productivity metrics (e.g., '40% faster workflows through native integration') and highlight unique ecosystem benefits like shared libraries, cloud documents, and consistent interfaces across 20+ applications.",Positioning,High,2026-04-01 03:49:45.69643,116500d0-357e-4ace-a7af-7264ed58e22a,synozur.com,pending,,,,,,,0ef94ec0-4a79-4bf6-8bf8-7009864131e5,0,0,f,,,
31970988-9542-45f9-aa2d-4a40612645da,Launch 'Stability as a Feature' Enterprise Trust Campaign,"Counter independent-company narratives from Sketch and Affinity by reframing Adobe's market leadership as a customer benefit. Develop messaging around '30+ years of continuous innovation,' 'guaranteed long-term product support,' 'enterprise-grade security and compliance,' and 'investment capacity that ensures your tools evolve with technology.' Create content highlighting Adobe's R&D investment ($3B+ annually), acquisition track record that expands capabilities (Figma attempt shows commitment to innovation), and backward compatibility guarantees. Include customer stories about how Adobe's stability enabled multi-year projects and prevented workflow disruption that smaller vendors can't promise.",Messaging,Medium,2026-04-01 03:49:45.718737,116500d0-357e-4ace-a7af-7264ed58e22a,synozur.com,pending,,,,,,,0ef94ec0-4a79-4bf6-8bf8-7009864131e5,0,0,f,,,
05b0262b-1c17-4ad0-93ad-f92d94c4f5a5,Create 'Firefly Ethics Framework' Differentiation Strategy,"Develop clear, prominent messaging around Adobe's ethical AI approach: commercially safe training data, compensation models for contributing artists, IP protection guarantees, and human-centric augmentation philosophy. Contrast this explicitly with commodity AI tools trained on uncompensated creative work. Create a dedicated content pillar explaining 'Why Adobe Firefly is Different'—emphasizing that Adobe AI is built on licensed content (Adobe Stock), offers indemnification, and includes Content Credentials for transparency. Develop case studies showing how Firefly accelerates specific creative tasks (background removal, generative fill, text effects) while maintaining creative control, with before/after productivity metrics.",Messaging,High,2026-04-01 03:49:45.742055,116500d0-357e-4ace-a7af-7264ed58e22a,synozur.com,pending,,,,,,,0ef94ec0-4a79-4bf6-8bf8-7009864131e5,0,0,f,,,
85e10fbb-cfbc-4b80-8233-4670edf0e135,Develop 'Cross-Functional Collaboration Hub' Positioning for Creative Cloud,"Create specific messaging and product narratives around how Creative Cloud enables collaboration between designers, marketers, developers, legal teams, and executives—not just designer-to-designer. Highlight features like shared libraries for brand consistency, commenting and approval workflows in Creative Cloud, integration with project management tools, and developer handoff capabilities through XD and related tools. Develop vertical-specific collaboration stories (e.g., 'How marketing teams collaborate with legal on compliant creative assets' or 'How design systems teams maintain consistency across 50+ designers'). Include specific features like version control, stakeholder review tools, and asset management that enterprise teams need.",Features,High,2026-04-01 03:49:45.767449,116500d0-357e-4ace-a7af-7264ed58e22a,synozur.com,pending,,,,,,,0ef94ec0-4a79-4bf6-8bf8-7009864131e5,0,0,f,,,
d7a93160-e2e4-4076-a081-a6fe7d33b825,Build 'ROI Calculator and Value Justification Toolkit' for Subscription Defense,"Create comprehensive tools and content that help customers justify Creative Cloud subscription costs: interactive ROI calculators showing productivity gains, total cost of ownership comparisons (including training time, compatibility issues, and feature gaps with alternatives), case studies with quantified business outcomes, and procurement-ready business cases. Develop messaging that reframes subscription from 'ongoing cost' to 'continuous innovation access'—emphasizing automatic updates, new AI features, cloud storage, Adobe Fonts, Adobe Stock credits, and cross-device licensing that one-time purchases don't include. Create comparison guides showing what capabilities customers lose with perpetual license competitors and the hidden costs of managing multiple point solutions.",Positioning,High,2026-04-01 03:49:45.789039,116500d0-357e-4ace-a7af-7264ed58e22a,synozur.com,pending,,,,,,,0ef94ec0-4a79-4bf6-8bf8-7009864131e5,0,0,f,,,
3c62edac-0166-40ad-800d-223540f126c7,Crawl failures detected for Canva,Canva has failed 3 consecutive crawl attempts. The site may be unreachable or blocking automated crawlers. Consider excluding it from automated crawling.,crawl_health,Medium,2026-04-01 03:50:49.73463,,synozur.com,pending,,,,0aad1f4b-d359-4638-b0c7-66ebf6716067,,,0ef94ec0-4a79-4bf6-8bf8-7009864131e5,0,0,f,,,
1d5bcbbf-ae81-4a56-b099-8cd3599753a4,Create 'Strategy + Execution Optionality' Service Model with Clear Accountability Framework,"Resolve the positioning contradiction between 'design - not implementation' and 'Continuous Support' differentiator by developing a tiered service model that clearly articulates three engagement types: (1) 'Strategy & Design' (strategy-only deliverables with handoff documentation), (2) 'Design-to-Launch' (strategy through go-live with defined implementation milestones), and (3) 'Transformation Partnership' (ongoing execution support with defined KPIs). Update all positioning materials to replace ambiguous language with clear service boundaries, deliverables, and accountability commitments at each tier. Include decision framework helping prospects self-select based on their internal capacity and risk tolerance.",Positioning,High,2026-04-01 04:25:09.667762,116500d0-357e-4ace-a7af-7264ed58e22a,synozur.com,pending,,,,,,,137db123-4906-4e61-af99-f0d23d86a622,0,0,f,,,
39af436e-705b-4092-bbc7-0a695ad0cbe3,Launch 'Mid-Market Transformation Metrics' Quarterly Research Report with Client-Contributed Data,"Establish a recurring quarterly research publication tracking key transformation metrics specifically for mid-market organizations ($50M-$500M revenue range): AI adoption rates, digital transformation ROI, technology modernization timelines, and common implementation barriers. Invite current and past clients to anonymously contribute data points in exchange for early access to industry benchmarks. Promote findings through LinkedIn articles, targeted outreach to prospects, and executive briefings. Position Synozur as the authoritative voice on mid-market transformation dynamics—distinct from enterprise-focused competitors.",Content,High,2026-04-01 04:25:09.695536,116500d0-357e-4ace-a7af-7264ed58e22a,synozur.com,pending,,,,,,,137db123-4906-4e61-af99-f0d23d86a622,0,0,f,,,
ba86d3a8-22df-4e40-bdde-93019c2d7978,Crawl failures detected for Inn at the Market,Inn at the Market has failed 3 consecutive crawl attempts. The site may be unreachable or blocking automated crawlers. Consider excluding it from automated crawling.,crawl_health,Medium,2026-04-25 11:07:45.14272,,synozur.com,pending,,,,3a86239e-1848-417e-8ab9-2f7d942cb8c5,,,7e86ba11-1ba2-4853-a91b-bcd180e0ba0f,0,0,f,,,
a86ba271-9aff-4972-b60d-82546545d4f6,Develop 'PE-Backed Growth Company' Vertical with Deal-Stage Tailored Offerings,"Create a dedicated vertical positioning for private equity-backed companies with three deal-stage specific service packages: (1) 'Pre-Acquisition Technology Diligence' (infrastructure assessment, integration complexity scoring, technology debt quantification), (2) 'Post-Close Integration Acceleration' (100-day technology roadmap, systems rationalization, quick-win identification), and (3) 'Portfolio Company Value Creation' (digital capability buildout, AI readiness assessment, operational technology optimization). Develop targeted outreach materials for PE operating partners highlighting speed-to-value metrics relevant to investment hold periods. Partner with PE-focused M&A advisors and investment banks for co-marketing.",Audience,Medium,2026-04-01 04:25:09.747124,116500d0-357e-4ace-a7af-7264ed58e22a,synozur.com,pending,,,,,,,137db123-4906-4e61-af99-f0d23d86a622,0,0,f,,,
9dedefae-6897-4a2c-aa9a-715ee79610d1,Publish 'Scale Transparency Statement' Highlighting Boutique Capacity Model and Client Access,"Create a public-facing 'How We Work' page clearly articulating Synozur's scale model: team size range (e.g., '25-50 senior consultants'), geographic presence, typical client load (e.g., 'maximum 12-15 active engagements to ensure senior partner involvement'), average engagement team structure, and partner-to-client ratio. Frame boutique size as a competitive advantage: guaranteed senior leadership access, no junior analyst teams, faster decision-making, and personalized solutions. Include testimonials specifically highlighting client experience with principals rather than being passed to junior staff. Update LinkedIn 'About' section with consistent messaging.",Positioning,Medium,2026-04-01 04:25:09.770714,116500d0-357e-4ace-a7af-7264ed58e22a,synozur.com,pending,,,,,,,137db123-4906-4e61-af99-f0d23d86a622,0,0,f,,,
1075d42e-9b7a-4c98-a9b5-54044a8283b6,Crawl failures detected for Bloomfire,Bloomfire has failed 3 consecutive crawl attempts. The site may be unreachable or blocking automated crawlers. Consider excluding it from automated crawling.,crawl_health,Medium,2026-04-01 05:57:03.434967,,synozur.com,pending,,,,,df8d0ed1-35e3-43ef-8ac5-4c78477d6df9,,0ac8db60-16c4-4665-a8f3-e4655a5a29b5,0,0,f,,,
59e05009-d1d4-4db0-b882-b068d05033dc,Crawl failures detected for Gamma,Gamma has failed 3 consecutive crawl attempts. The site may be unreachable or blocking automated crawlers. Consider excluding it from automated crawling.,crawl_health,Medium,2026-04-01 06:52:58.137648,,synozur.com,pending,,,,1bc18604-f0db-4133-ba67-1fe13d9ddbd8,,,0ef94ec0-4a79-4bf6-8bf8-7009864131e5,0,0,f,,,
48a6a717-f410-4baf-a319-2cb3a008ec9e,Crawl failures detected for Bloomfire,Bloomfire has failed 3 consecutive crawl attempts. The site may be unreachable or blocking automated crawlers. Consider excluding it from automated crawling.,crawl_health,Medium,2026-04-01 14:20:57.488023,,synozur.com,pending,,,,,df8d0ed1-35e3-43ef-8ac5-4c78477d6df9,,0ac8db60-16c4-4665-a8f3-e4655a5a29b5,0,0,f,,,
e1e1643b-e316-4406-9b84-6219ac024ae7,Crawl failures detected for Wipro,Wipro has failed 3 consecutive crawl attempts. The site may be unreachable or blocking automated crawlers. Consider excluding it from automated crawling.,crawl_health,Medium,2026-04-01 14:30:49.689302,,synozur.com,pending,,,,9be0f7d9-5410-424a-8c06-6221ca918e89,,,a8e7cd06-ed45-41ec-b4a1-1c8a55a17a97,0,0,f,,,
13077217-1c6d-4d43-b307-1117746a09e1,Crawl failures detected for InComm Payments,InComm Payments has failed 3 consecutive crawl attempts. The site may be unreachable or blocking automated crawlers. Consider excluding it from automated crawling.,crawl_health,Medium,2026-04-03 01:19:51.165234,,synozur.com,pending,,,,faea3517-5b01-4070-9f8e-d42dd02eddc5,,,dfad5af1-e6da-4d26-a1d1-6faab3115447,0,0,f,,,
ba0d9316-b741-452f-8b85-1440b8f7a047,Crawl failures detected for Bloomfire,Bloomfire has failed 3 consecutive crawl attempts. The site may be unreachable or blocking automated crawlers. Consider excluding it from automated crawling.,crawl_health,Medium,2026-04-03 15:44:32.102921,,synozur.com,pending,,,,,df8d0ed1-35e3-43ef-8ac5-4c78477d6df9,,0ac8db60-16c4-4665-a8f3-e4655a5a29b5,0,0,f,,,
0112f98a-b379-4fec-8b8b-b0bc6066ff33,Crawl failures detected for EPAM Systems,EPAM Systems has failed 3 consecutive crawl attempts. The site may be unreachable or blocking automated crawlers. Consider excluding it from automated crawling.,crawl_health,Medium,2026-04-04 00:55:01.912894,,synozur.com,pending,,,,ab854c3a-6a21-4068-8c58-657dee543b22,,,6496aaa4-2ddf-4cad-a993-29582e8590b1,0,0,f,,,
b66c3504-6422-4fa1-8645-586e745c735c,Crawl failures detected for Google (Alphabet),Google (Alphabet) has failed 3 consecutive crawl attempts. The site may be unreachable or blocking automated crawlers. Consider excluding it from automated crawling.,crawl_health,Medium,2026-04-04 20:34:57.014556,,synozur.com,pending,,,,b1700c3c-9d68-4f77-aeac-c091dbbb0b5d,,,5d149a37-4d48-4ada-994a-eff6cc41c995,0,0,f,,,
1d55d002-398a-4281-90d9-54098590d423,Crawl failures detected for Stag's Leap Wine Cellars,Stag's Leap Wine Cellars has failed 3 consecutive crawl attempts. The site may be unreachable or blocking automated crawlers. Consider excluding it from automated crawling.,crawl_health,Medium,2026-04-05 01:54:21.712315,,synozur.com,pending,,,,,,,fd07e8e6-04ec-4d59-bd3d-04ed0e567c12,0,0,f,,,
3c4b5907-b955-4d1b-9932-76cb22b106ea,Crawl failures detected for Treveri Cellars,Treveri Cellars has failed 3 consecutive crawl attempts. The site may be unreachable or blocking automated crawlers. Consider excluding it from automated crawling.,crawl_health,Medium,2026-04-05 11:54:22.407537,,synozur.com,pending,,,,1d495f70-e525-42c5-86d9-5728ca0a5bbd,,,6f5ed80d-e3b4-4d0e-8c71-6c622c224de8,0,0,f,,,
7f854022-c688-488c-9d48-1897c7617751,Crawl failures detected for NextGen Healthcare,NextGen Healthcare has failed 3 consecutive crawl attempts. The site may be unreachable or blocking automated crawlers. Consider excluding it from automated crawling.,crawl_health,Medium,2026-04-02 22:28:05.445338,,synozur.com,dismissed,,2026-07-04 14:59:51.095,,,,,,0,0,f,crawlfailuresdetectedfornextgenhealthcare_crawl_health,already_done,116500d0-357e-4ace-a7af-7264ed58e22a
9c71ed87-ca82-4e7f-9166-9f7f6f836bc6,Launch 'WIT Forest Initiative' Sustainability Program with Tree-Planting Partnership,"Develop a sustainability storytelling program modeled after Browne Family Vineyards' successful 'Browne Forest Project'. Partner with One Tree Planted or similar organization to plant one tree per wine club membership or per case sold. Create dedicated website content, social media campaigns, and tasting room signage highlighting environmental commitment. Include quarterly impact reports showing trees planted, carbon offset, and reforestation locations. Integrate this messaging into all customer touchpoints including wine labels, packaging inserts, and email signatures.",Messaging,High,2026-04-05 12:04:28.781271,116500d0-357e-4ace-a7af-7264ed58e22a,synozur.com,pending,,,,,,,6f5ed80d-e3b4-4d0e-8c71-6c622c224de8,0,0,f,,,
c379de4f-9048-40e4-8cd7-d76b2e39e864,Create 'Red Mountain Series' Premium Wine Line with AVA-Specific Storytelling,"Develop a premium wine tier exclusively from Red Mountain AVA fruit, following the strategy of Mark Ryan Winery and Frichette Winery. Create dedicated product pages with terroir maps, soil composition details, vineyard partner profiles, and vintage-specific growing season narratives. Produce video content showing vineyard visits and winemaker interviews explaining how Red Mountain's unique characteristics influence flavor profiles. Price 20-30% above core offerings and position as limited-production, collector-worthy wines with specific vineyard block designations.",Positioning,High,2026-04-05 12:04:28.811929,116500d0-357e-4ace-a7af-7264ed58e22a,synozur.com,pending,,,,,,,6f5ed80d-e3b4-4d0e-8c71-6c622c224de8,0,0,f,,,
130f42c5-74ea-4472-8197-eb70e9da2f2b,Launch 'WIT Behind the Wine' Educational Content Series,"Create a monthly educational content program featuring winemaker videos, blog posts, and tasting room experiences that demystify winemaking. Topics include: barrel selection process, blending decisions, harvest timing, fermentation techniques, and vintage variation explanations. Offer quarterly 'Barrel Room Experiences' where wine club members taste wines at different production stages. Develop a dedicated 'Our Winemaking Philosophy' website section with transparent production methods, minimal intervention practices, and quality control processes. Share monthly Instagram Reels showing behind-the-scenes cellar activities.",Content,Medium,2026-04-05 12:04:28.836373,116500d0-357e-4ace-a7af-7264ed58e22a,synozur.com,pending,,,,,,,6f5ed80d-e3b4-4d0e-8c71-6c622c224de8,0,0,f,,,
10de9d92-3ba5-4f67-9821-3035d74504c3,Introduce 'Community Voice Collection' - Customer Co-Created Wine Program,"Launch an annual program where wine club members vote on and influence upcoming wine releases. Create quarterly surveys asking members to choose between varietal options, blending decisions, or label designs. Host 'Blending Sessions' where top-tier club members participate in actual blend creation with the winemaker. Feature customer stories and testimonials explaining how their input shaped specific wines. Develop a 'Member-Inspired' wine series with labels crediting the community. Document the co-creation journey through social media stories, email updates, and a dedicated webpage showing the evolution from concept to bottle.",Positioning,Medium,2026-04-05 12:04:28.860997,116500d0-357e-4ace-a7af-7264ed58e22a,synozur.com,pending,,,,,,,6f5ed80d-e3b4-4d0e-8c71-6c622c224de8,0,0,f,,,
49f9d1a3-3880-43b3-b740-cf3a16ce7740,Develop 'WIT Cellars Explorers' Entry-Level Brand for New Wine Drinkers,"Create a sub-brand targeting wine-curious millennials with approachable varietals (Rosé, Pinot Grigio, easy-drinking reds) at $15-18 price points. Use playful, accessible labeling similar to Charles Smith's approach but maintaining WIT's community spirit. Offer this line in alternative formats (cans, 375ml bottles) for outdoor activities and casual occasions. Market through social media with lifestyle imagery showing camping, concerts, and social gatherings. Position main WIT Cellars brand as the 'graduate to' premium option, creating a customer journey from Explorers to core offerings to premium Red Mountain Series.",Features,Medium,2026-04-05 12:04:28.885465,116500d0-357e-4ace-a7af-7264ed58e22a,synozur.com,pending,,,,,,,6f5ed80d-e3b4-4d0e-8c71-6c622c224de8,0,0,f,,,
b24034fc-e92c-4359-8ee8-b72917f1f413,Develop Signature Wine Country Insider Access Program,"Create and market an exclusive 'Willows Insider' wine access program that leverages your location within Woodinville wine country. Partner with 5-7 boutique wineries to offer proprietary experiences only available to Willows Lodge guests: after-hours tastings, winemaker dinners at the lodge, barrel room access, or wine club allocations. Position this as a members-only benefit that transforms proximity into privileged access, differentiating from The Somm's participatory blending experiences with curated insider relationships.",Features,High,2026-04-05 12:10:41.207909,116500d0-357e-4ace-a7af-7264ed58e22a,synozur.com,pending,,,,,,,7e86ba11-1ba2-4853-a91b-bcd180e0ba0f,0,0,f,,,
4b817dc1-a1e1-4da3-8f11-071c568cce2c,Elevate Heritage Narrative with Founding Family Stories,"Transform the brief mention of 'deep roots dating back to early Seattle families' into a rich storytelling asset across website, guest rooms, and property signage. Commission historical photography, create a heritage timeline in the lobby, name signature suites after founding families, and develop a 'Stories of Place' content series featuring the property's 2000 founding vision and Woodinville's transformation. Use this narrative in all brand messaging as an authenticity anchor.",Messaging,Medium,2026-04-05 12:10:41.232088,116500d0-357e-4ace-a7af-7264ed58e22a,synozur.com,pending,,,,,,,7e86ba11-1ba2-4853-a91b-bcd180e0ba0f,0,0,f,,,
5a4cc063-32e4-4492-add5-3496d5826896,Launch 'Wine Country Residency' Extended Stay Program,"Introduce a 7-30 day extended stay program targeting remote workers, wine industry professionals, and lifestyle migrants exploring Woodinville relocation. Offer discounted weekly/monthly rates, dedicated workspace, wine education series, and partnership with local real estate agents for property tours. Market as 'Live the Wine Country Lifestyle' - testing whether this is your future home while enjoying resort amenities. Capture guest data on relocation interest for potential future residential development.",Features,Medium,2026-04-05 12:10:41.252791,116500d0-357e-4ace-a7af-7264ed58e22a,synozur.com,pending,,,,,,,7e86ba11-1ba2-4853-a91b-bcd180e0ba0f,0,0,f,,,
1381ca68-6522-46f4-9e30-84ee825656e1,Position as Premier Pet-Friendly Wine Country Retreat,"If pet-friendly, actively promote and enhance the pet experience with dedicated amenities: welcome treats, dog beds, walking trail maps, partnerships with local pet boutiques, pet concierge services, and pet-friendly patio dining at Barking Frog. Create 'Paws & Pours' package combining wine tasting with dog-friendly winery partners. If not currently pet-friendly, evaluate feasibility of allowing pets in select rooms/cottages given competitor success in this segment.",Audience,Low,2026-04-05 12:10:41.274096,116500d0-357e-4ace-a7af-7264ed58e22a,synozur.com,pending,,,,,,,7e86ba11-1ba2-4853-a91b-bcd180e0ba0f,0,0,f,,,
611152ab-0446-439f-a047-f17874e148af,Crawl failures detected for Cohesity,Cohesity has failed 3 consecutive crawl attempts. The site may be unreachable or blocking automated crawlers. Consider excluding it from automated crawling.,crawl_health,Medium,2026-04-26 03:49:08.693571,,synozur.com,pending,,,,3e66311d-2046-48af-a047-b9a9af40c150,,,9705950c-adda-40e3-8f88-7704fdff4d50,0,0,f,,,
5fa8a407-8d1e-41f5-b729-d05bd13563e1,Create 'Willows Wine Academy' Educational Experience Platform,"Develop a structured wine education program positioning Willows Lodge as the place to deepen wine knowledge, not just consume it. Offer tiered certification programs (Introductory, Intermediate, Advanced) with sommelier-led classes, winery visits, blind tastings, and food pairing sessions. Partner with WSET or create proprietary curriculum. Market multi-visit packages where guests return quarterly to complete levels, building long-term engagement and repeat bookings while differentiating through education versus entertainment.",Positioning,High,2026-04-05 12:10:41.295424,116500d0-357e-4ace-a7af-7264ed58e22a,synozur.com,pending,,,,,,,7e86ba11-1ba2-4853-a91b-bcd180e0ba0f,0,0,f,,,
6e147674-ec44-48c4-b293-1b8fef47dbd4,Crawl failures detected for Inn at the Market,Inn at the Market has failed 3 consecutive crawl attempts. The site may be unreachable or blocking automated crawlers. Consider excluding it from automated crawling.,crawl_health,Medium,2026-04-05 13:03:08.724939,,synozur.com,pending,,,,3a86239e-1848-417e-8ab9-2f7d942cb8c5,,,7e86ba11-1ba2-4853-a91b-bcd180e0ba0f,0,0,f,,,
992cff1a-812f-4c38-a7a5-8c138619c2b7,Crawl failures detected for Treveri Cellars,Treveri Cellars has failed 3 consecutive crawl attempts. The site may be unreachable or blocking automated crawlers. Consider excluding it from automated crawling.,crawl_health,Medium,2026-04-05 15:48:41.164388,,synozur.com,pending,,,,1d495f70-e525-42c5-86d9-5728ca0a5bbd,,,6f5ed80d-e3b4-4d0e-8c71-6c622c224de8,0,0,f,,,
4efb8f03-3306-4517-a5a7-aa28c8000e65,Secure and Prominently Feature Industry Awards and Recognition,"Actively pursue and secure third-party validations from prestigious travel publications (Condé Nast Traveler, Travel + Leisure, Forbes Travel Guide) and hospitality awards organizations. Once obtained, integrate these accolades into all key messaging, website hero sections, email signatures, and marketing materials. If awards already exist but aren't highlighted, immediately elevate them in positioning statements and create a dedicated 'Awards & Recognition' section on the website and in sales collateral.",Messaging,High,2026-04-05 16:11:05.031263,116500d0-357e-4ace-a7af-7264ed58e22a,synozur.com,pending,,,,,,,7e86ba11-1ba2-4853-a91b-bcd180e0ba0f,0,0,f,,,
d36e9391-e423-4a50-95e9-3c4f4d944b6c,Create 'Willows Chef's Garden to Glass' Interactive Culinary Series,"Develop a signature complimentary experience where guests participate in hands-on activities combining the property's gardens, local ingredients, and culinary expertise—such as herb harvesting followed by craft cocktail creation, or seasonal produce selection followed by a cooking demonstration. Position this as Willows Lodge's answer to The Somm's wine blending experience, but differentiated through Pacific Northwest farm-to-table culinary focus rather than wine production.",Features,High,2026-04-05 16:11:05.069285,116500d0-357e-4ace-a7af-7264ed58e22a,synozur.com,pending,,,,,,,7e86ba11-1ba2-4853-a91b-bcd180e0ba0f,0,0,f,,,
48a68dbe-7130-4a26-b68f-45df4c4fd3a3,Anchor Positioning to Sammamish River Trail as Natural Landmark,"Reposition Willows Lodge messaging to prominently feature its location along the scenic Sammamish River Trail, emphasizing exclusive access to this 11-mile recreational corridor. Develop messaging like 'Your Private Gateway to the Sammamish River Trail' or 'Where Wine Country Meets the Sammamish River Trail.' Create trail-specific packages, provide complimentary bike rentals, and develop partnerships with trail-adjacent attractions to claim ownership of this landmark.",Positioning,Medium,2026-04-05 16:11:05.105459,116500d0-357e-4ace-a7af-7264ed58e22a,synozur.com,pending,,,,,,,7e86ba11-1ba2-4853-a91b-bcd180e0ba0f,0,0,f,,,
029a31a1-4478-4dbf-87f3-4c5980d8feae,Launch 'Willows Artisan Partnerships' Exclusive Access Program,"Create a curated program offering guests behind-the-scenes access to local Woodinville artisans beyond wineries—craft distilleries, chocolatiers, cheese makers, artists' studios, and specialty food producers. Develop exclusive experiences like private tastings, meet-the-maker sessions, and first-access to limited releases. Package these as complimentary amenities for suite guests or purchasable add-ons, positioning Willows as the insider's connection to Woodinville's complete artisan ecosystem.",Features,Medium,2026-04-05 16:11:05.140658,116500d0-357e-4ace-a7af-7264ed58e22a,synozur.com,pending,,,,,,,7e86ba11-1ba2-4853-a91b-bcd180e0ba0f,0,0,f,,,
58b1a78c-96e6-4567-a339-10bcfab23610,Develop 'Seasonal Benchmark' Photography and Visual Asset Library,"Commission a professional photography campaign capturing Willows Lodge across all four seasons with emphasis on dramatic natural moments—fall foliage, winter snow on gardens, spring blossoms, summer golden hour on grounds. Create a comprehensive visual library that showcases the property's changing beauty and gives marketing materials the same iconic visual impact that Salish Lodge achieves with Snoqualmie Falls imagery. Use these assets consistently across all channels to build strong visual brand recognition.",Content,Medium,2026-04-05 16:11:05.175624,116500d0-357e-4ace-a7af-7264ed58e22a,synozur.com,pending,,,,,,,7e86ba11-1ba2-4853-a91b-bcd180e0ba0f,0,0,f,,,
e1a8e0ab-74b8-439f-9a97-8e09f3a2870e,Position as 'Urban-Escape Hybrid' for Business & Pre-Flight Luxury,"Reframe the 30-minute proximity messaging to emphasize dual positioning: both as a wine country escape AND as a convenient luxury alternative to airport hotels for business travelers, pre/post-flight stays, and Seattle visitors. Create dedicated messaging tracks for 'Wine Country Convenience' targeting corporate travelers seeking nature-based meetings, travelers wanting SeaTac proximity with resort amenities, and Seattle tourists using Willows as a wine country basecamp. Develop packages like 'Flight + Wine Country' (airport shuttle + overnight experience) and 'Business Retreat' (meetings + vineyard wellness) that mirror Cedarbrook's urban oasis approach but with wine country differentiation.",Positioning,High,2026-04-05 16:41:43.909021,116500d0-357e-4ace-a7af-7264ed58e22a,synozur.com,pending,,,,,,,7e86ba11-1ba2-4853-a91b-bcd180e0ba0f,0,0,f,,,
9ab010dc-3923-476a-8ff0-93597eb753b3,Develop 'Pacific Northwest Spa Philosophy' Brand Story,"Articulate a distinctive, proprietary wellness philosophy that integrates Pacific Northwest nature, indigenous botanicals, and regional ingredients into spa treatments and messaging. Create branded treatment categories (e.g., 'Cascade Forest Rituals,' 'Wine Country Renewal,' 'River Valley Therapies') that tell a cohesive story connecting location to wellness outcomes. Document the sourcing of local ingredients (lavender from Woodinville farms, evergreen aromatherapy, river stone treatments) and train staff to communicate this philosophy. Feature this narrative prominently in spa marketing, on website, and in pre-arrival communications to differentiate beyond generic luxury spa offerings.",Messaging,Medium,2026-04-05 16:41:43.949055,116500d0-357e-4ace-a7af-7264ed58e22a,synozur.com,pending,,,,,,,7e86ba11-1ba2-4853-a91b-bcd180e0ba0f,0,0,f,,,
707a4556-3b82-49e5-8716-54af854209e9,Crawl failures detected for Informatica,Informatica has failed 3 consecutive crawl attempts. The site may be unreachable or blocking automated crawlers. Consider excluding it from automated crawling.,crawl_health,Medium,2026-04-26 03:50:49.821986,,synozur.com,pending,,,,5cad0634-c21b-43cb-bc67-0790149970cf,,,9705950c-adda-40e3-8f88-7704fdff4d50,0,0,f,,,
73a0303b-5d2e-4c8c-8c6e-548de57c8325,Create 'The Willows Experience' Signature Participatory Moment,"Develop a proprietary, complimentary or low-cost signature experience that every guest can participate in and remember—modeled after The Somm's wine blending offering. Options could include: a daily 'Winemaker's Hour' with rotating local vintners, a complimentary 'Blend Your Own' cocktail session with the bar team using Woodinville spirits, a 'Garden Harvest Walk' where guests pick herbs for their dinner, or a 'River Reflection' guided meditation at sunrise by the Sammamish River. Make this bookable, Instagram-worthy, and exclusive to Willows Lodge guests. Integrate into arrival experience and brand storytelling.",Features,High,2026-04-05 16:41:43.982468,116500d0-357e-4ace-a7af-7264ed58e22a,synozur.com,pending,,,,,,,7e86ba11-1ba2-4853-a91b-bcd180e0ba0f,0,0,f,,,
3fc4324e-9f7e-4bdc-aa8a-e2251420cf7b,Launch '2000 & Forward' Heritage Content Campaign,"Create a multi-channel content series celebrating Willows Lodge's 24-year evolution and connection to Woodinville's transformation from rural farmland to premier wine destination. Interview founding team members, early guests, and long-time staff to capture oral histories. Document how the property has evolved alongside the wine region's growth. Feature archival photos, milestone moments, and guest stories in quarterly heritage spotlight posts, website 'Our Story' section expansion, and in-room coffee table book. Position as 'witnesses to wine country's rise' rather than attempting to claim centuries of history.",Messaging,Medium,2026-04-05 16:41:44.008944,116500d0-357e-4ace-a7af-7264ed58e22a,synozur.com,pending,,,,,,,7e86ba11-1ba2-4853-a91b-bcd180e0ba0f,0,0,f,,,
e2abab10-fca5-4289-b4ff-404f694f3bac,Systematize Awards Acquisition and Recognition Display Strategy,"Implement a structured program to pursue, secure, and prominently feature third-party validation from AAA Diamond ratings, Forbes Travel Guide, Condé Nast Traveler Readers' Choice, Travel + Leisure World's Best, and regional 'Best Of' awards. Assign ownership to marketing team for submission calendar, guest review solicitation for voting-based awards, and inspector preparation for evaluated programs. Once secured, integrate awards into all brand touchpoints: website header, email signatures, booking engine, social media bios, press releases, and physical property signage. Create 'As Featured In' media wall in lobby showcasing recognition.",Messaging,Medium,2026-04-05 16:41:44.033961,116500d0-357e-4ace-a7af-7264ed58e22a,synozur.com,pending,,,,,,,7e86ba11-1ba2-4853-a91b-bcd180e0ba0f,0,0,f,,,
2d5853da-252a-4850-abaf-ff20b207f8e2,Crawl failures detected for InComm Payments,InComm Payments has failed 3 consecutive crawl attempts. The site may be unreachable or blocking automated crawlers. Consider excluding it from automated crawling.,crawl_health,Medium,2026-04-07 11:08:08.721833,,synozur.com,pending,,,,faea3517-5b01-4070-9f8e-d42dd02eddc5,,,dfad5af1-e6da-4d26-a1d1-6faab3115447,0,0,f,,,
9195e38c-bb1d-46d9-b853-bb55b4877380,Crawl failures detected for Informatica,Informatica has failed 3 consecutive crawl attempts. The site may be unreachable or blocking automated crawlers. Consider excluding it from automated crawling.,crawl_health,Medium,2026-04-07 21:27:49.798598,,synozur.com,pending,,,,5cad0634-c21b-43cb-bc67-0790149970cf,,,9705950c-adda-40e3-8f88-7704fdff4d50,0,0,f,,,
d0ad0e06-24ce-49ba-8961-302c9022f865,Crawl failures detected for Cohesity,Cohesity has failed 3 consecutive crawl attempts. The site may be unreachable or blocking automated crawlers. Consider excluding it from automated crawling.,crawl_health,Medium,2026-04-08 04:35:24.217122,,synozur.com,pending,,,,3e66311d-2046-48af-a047-b9a9af40c150,,,9705950c-adda-40e3-8f88-7704fdff4d50,0,0,f,,,
c6bf99ba-7707-4ac9-a621-6bc7d851f8a0,Develop Microsoft Adoption Certification Program with Tiered Credentials,"Create a proprietary certification program for Microsoft 365 adoption specialists with three tiers: Foundation (internal champions), Professional (learning strategists), and Master (enterprise consultants). Model after Prosci's certification approach that has certified 267,000+ professionals. Include branded methodology framework, assessment tools, digital badges, and annual recertification requirements. Partner with Microsoft to achieve authorized learning partner status and co-sell opportunities. Price Foundation at $495, Professional at $1,995, and Master at $4,995 with enterprise volume licensing.",Features,High,2026-04-08 18:02:08.384765,3c69a488-d63b-459b-b9f9-a85a79450540,go-planet.com,pending,,,,,,,90fced24-a70f-4e90-b76e-1b0c86db716c,0,0,f,,,
e78f8b95-4687-4937-b0e2-c696ac4ac6bb,Publish ROI Calculator with Industry Benchmarks and Case Study Metrics,"Develop an interactive ROI calculator landing page that quantifies time-to-proficiency improvements, productivity gains, and support cost reductions. Include specific benchmarks: 'Average 40% reduction in help desk tickets,' 'Reduce onboarding time by 60 days,' 'Increase feature utilization by 35%' based on client data. Create 5-7 detailed case studies showing before/after metrics similar to BrainStorm's '100 days faster go-live' and Adaptive Learning's compliance tracking. Use data visualization to show adoption curves, engagement rates, and business impact across different organization sizes.",Messaging,High,2026-04-08 18:02:08.433942,3c69a488-d63b-459b-b9f9-a85a79450540,go-planet.com,pending,,,,,,,90fced24-a70f-4e90-b76e-1b0c86db716c,0,0,f,,,
03106f9a-0828-44f4-9a10-d18c6790e335,Introduce 'Learning Strategist Coaching Concierge' Service with SLA Guarantees,"Repackage post-training support as a premium service tier with clear service level agreements: 24-hour response time for strategic questions, monthly 1-hour coaching sessions for 90 days post-training, quarterly adoption health checks, and dedicated Slack/Teams channel access. Create comparison chart showing 'Basic Support' vs. 'Coaching Concierge' vs. 'Enterprise Advisory' tiers. Emphasize human expert availability windows (8AM-6PM ET, Monday-Friday) vs. automated chatbots. Price as add-on at $199/month per learner or bundled into premium packages.",Messaging,High,2026-04-08 18:02:08.45987,3c69a488-d63b-459b-b9f9-a85a79450540,go-planet.com,pending,,,,,,,90fced24-a70f-4e90-b76e-1b0c86db716c,0,0,f,,,
2d3f7840-1d7b-4f92-aeba-41472c1910ed,Create 'Multi-Generational Workforce Adoption Framework' Content Series,"Develop thought leadership content addressing learning style differences across Gen Z, Millennials, Gen X, and Baby Boomers in Microsoft 365 adoption. Include whitepapers on 'Bridging the Digital Divide: Adoption Strategies for 5-Generation Workforces,' webinar series featuring generational learning preferences research, and blog posts with specific tactics (microlearning for Gen Z, instructor-led for Boomers, self-paced for Millennials). Update website messaging to explicitly address 'diverse, multigenerational teams' as a core pain point solved through personalized learning paths.",Audience,Medium,2026-04-08 18:02:08.507359,3c69a488-d63b-459b-b9f9-a85a79450540,go-planet.com,pending,,,,,,,90fced24-a70f-4e90-b76e-1b0c86db716c,0,0,f,,,
4fbfc455-3e30-48fa-a960-d35d04bb1ce8,Crawl failures detected for Wipro,Wipro has failed 3 consecutive crawl attempts. The site may be unreachable or blocking automated crawlers. Consider excluding it from automated crawling.,crawl_health,Medium,2026-04-26 04:50:17.621937,,synozur.com,pending,,,,9be0f7d9-5410-424a-8c06-6221ca918e89,,,a8e7cd06-ed45-41ec-b4a1-1c8a55a17a97,0,0,f,,,
a0e0d79a-3b1c-4d63-b57a-480b70dce7c5,Establish 'Microsoft Partner Solution Advisory Board' for Co-Marketing,"Formalize advisory board with 10-15 Microsoft MVPs, Regional Directors, and Microsoft Partner leaders to create third-party validation content. Publish quarterly 'State of Microsoft 365 Adoption' reports with survey data from board members, host Microsoft-sponsored webinars, and feature board member testimonials on website. Apply for Microsoft Solutions Partner designation and display badge prominently. Create co-branded assets with Microsoft for joint GTM campaigns and list Evolve 365 in Microsoft AppSource as a consulting service.",Positioning,Medium,2026-04-08 18:02:08.5467,3c69a488-d63b-459b-b9f9-a85a79450540,go-planet.com,pending,,,,,,,90fced24-a70f-4e90-b76e-1b0c86db716c,0,0,f,,,
78298fed-424f-4126-8e22-af7d3e036d43,Crawl failures detected for Smarsh,Smarsh has failed 3 consecutive crawl attempts. The site may be unreachable or blocking automated crawlers. Consider excluding it from automated crawling.,crawl_health,Medium,2026-04-09 15:15:43.01,,reveillesoftware.com,pending,,,,080b5d8a-1101-4b6d-920c-66f2b90fc480,,,5232feeb-8671-489f-ab07-e9d7310f0a3f,0,0,f,,,
7888221a-5e0f-4f3c-bed0-b241d3b47b06,Crawl failures detected for Gorman Winery,Gorman Winery has failed 3 consecutive crawl attempts. The site may be unreachable or blocking automated crawlers. Consider excluding it from automated crawling.,crawl_health,Medium,2026-04-10 18:27:11.618545,,synozur.com,pending,,,,1f2abe36-530d-4517-9c84-3afeb21c08db,,,d446066a-1794-478a-b019-63409921304a,0,0,f,,,
d75976ad-f1a6-44a6-a28a-742fffe16926,Crawl failures detected for GPS Impact,GPS Impact has failed 3 consecutive crawl attempts. The site may be unreachable or blocking automated crawlers. Consider excluding it from automated crawling.,crawl_health,Medium,2026-04-11 01:52:53.620594,,synozur.com,pending,,,,20203f7a-c5c8-4d82-804e-b79e42eff0b3,,,b085c33e-6301-4882-a3fd-5010c4e45238,0,0,f,,,
1551f17a-f368-4029-93d6-76105d327e55,Crawl failures detected for Informatica,Informatica has failed 3 consecutive crawl attempts. The site may be unreachable or blocking automated crawlers. Consider excluding it from automated crawling.,crawl_health,Medium,2026-04-11 01:59:17.218613,,synozur.com,pending,,,,5cad0634-c21b-43cb-bc67-0790149970cf,,,9705950c-adda-40e3-8f88-7704fdff4d50,0,0,f,,,
3fcd3303-445a-4681-a736-384bbebc7605,Crawl failures detected for Bloomfire,Bloomfire has failed 3 consecutive crawl attempts. The site may be unreachable or blocking automated crawlers. Consider excluding it from automated crawling.,crawl_health,Medium,2026-04-13 10:15:16.356352,,synozur.com,pending,,,,,df8d0ed1-35e3-43ef-8ac5-4c78477d6df9,,0ac8db60-16c4-4665-a8f3-e4655a5a29b5,0,0,f,,,
9181bb68-43d1-45e5-9cdd-388f1f9d537a,Crawl failures detected for Dan Mihai Photography,Dan Mihai Photography has failed 3 consecutive crawl attempts. The site may be unreachable or blocking automated crawlers. Consider excluding it from automated crawling.,crawl_health,Medium,2026-04-14 03:49:24.320576,,chrismcnulty.net,pending,,,,d9bda60c-6fc6-454d-b401-2b8553e9742c,,,08610095-ef99-4205-b5ae-13264021a471,0,0,f,,,
204ad4fa-3ecb-456f-b9ef-e127a89c48d1,Crawl failures detected for Matt Meier Photography,Matt Meier Photography has failed 3 consecutive crawl attempts. The site may be unreachable or blocking automated crawlers. Consider excluding it from automated crawling.,crawl_health,Medium,2026-04-14 03:50:02.408933,,chrismcnulty.net,pending,,,,7c01f56d-2900-428f-9ed1-4f426d04a8f6,,,08610095-ef99-4205-b5ae-13264021a471,0,0,f,,,
679ac3e0-86a7-4959-a88b-e506d711ee4b,Crawl failures detected for Zack Schnepf Photography,Zack Schnepf Photography has failed 3 consecutive crawl attempts. The site may be unreachable or blocking automated crawlers. Consider excluding it from automated crawling.,crawl_health,Medium,2026-04-14 04:51:05.819408,,chrismcnulty.net,pending,,,,f780642f-3f63-43c3-a054-3478ddc45e6b,,,08610095-ef99-4205-b5ae-13264021a471,0,0,f,,,
490cd631-dfb6-4071-a6cc-79d62e63d3df,Crawl failures detected for Kevin McNeal Photography,Kevin McNeal Photography has failed 3 consecutive crawl attempts. The site may be unreachable or blocking automated crawlers. Consider excluding it from automated crawling.,crawl_health,Medium,2026-04-14 05:50:36.520375,,chrismcnulty.net,pending,,,,63cbdf31-ed87-49cb-86e3-86387efcffc9,,,08610095-ef99-4205-b5ae-13264021a471,0,0,f,,,
826bd081-af35-4ff4-a3f0-78d4d3febd63,Crawl failures detected for Guru,Guru has failed 3 consecutive crawl attempts. The site may be unreachable or blocking automated crawlers. Consider excluding it from automated crawling.,crawl_health,Medium,2026-04-16 13:01:47.03872,,synozur.com,pending,,,,,54cfa7d2-207d-41ce-9e64-1fa802631328,,0ac8db60-16c4-4665-a8f3-e4655a5a29b5,0,0,f,,,
6b5e231d-2df3-4667-8dce-be80cb0b17ef,Crawl failures detected for Smarsh,Smarsh has failed 3 consecutive crawl attempts. The site may be unreachable or blocking automated crawlers. Consider excluding it from automated crawling.,crawl_health,Medium,2026-04-16 19:58:50.837755,,reveillesoftware.com,pending,,,,080b5d8a-1101-4b6d-920c-66f2b90fc480,,,5232feeb-8671-489f-ab07-e9d7310f0a3f,0,0,f,,,
d65f85db-0483-4f95-b708-2f240c9934c9,Crawl failures detected for Immix Group,Immix Group has failed 3 consecutive crawl attempts. The site may be unreachable or blocking automated crawlers. Consider excluding it from automated crawling.,crawl_health,Medium,2026-04-16 22:22:15.138322,,synozur.com,pending,,,,461d9fa1-3ea8-4d46-b0ea-88be2d20c112,,,188acbd9-121b-4b3f-b21b-37b4e46638e0,0,0,f,,,
3bb1e69a-7f0a-4b66-a11c-34b3b0bd8cc7,Crawl failures detected for Matt Meier Photography,Matt Meier Photography has failed 3 consecutive crawl attempts. The site may be unreachable or blocking automated crawlers. Consider excluding it from automated crawling.,crawl_health,Medium,2026-04-17 00:01:00.925758,,chrismcnulty.net,pending,,,,f408619c-f3c4-4dee-99df-67f63387e99e,,,08610095-ef99-4205-b5ae-13264021a471,0,0,f,,,
cb9b5507-8801-4c85-bc43-9a57fcb1bb0b,Crawl failures detected for Wipro,Wipro has failed 3 consecutive crawl attempts. The site may be unreachable or blocking automated crawlers. Consider excluding it from automated crawling.,crawl_health,Medium,2026-04-19 05:37:59.482644,,synozur.com,pending,,,,9be0f7d9-5410-424a-8c06-6221ca918e89,,,a8e7cd06-ed45-41ec-b4a1-1c8a55a17a97,0,0,f,,,
1ca9a5b3-0ce4-4058-9035-a72dc5cd586d,Crawl failures detected for Cohesity,Cohesity has failed 3 consecutive crawl attempts. The site may be unreachable or blocking automated crawlers. Consider excluding it from automated crawling.,crawl_health,Medium,2026-04-20 11:34:55.383667,,synozur.com,pending,,,,3e66311d-2046-48af-a047-b9a9af40c150,,,9705950c-adda-40e3-8f88-7704fdff4d50,0,0,f,,,
3d10706c-6030-45c6-b2e0-6052da87c857,Crawl failures detected for Informatica,Informatica has failed 3 consecutive crawl attempts. The site may be unreachable or blocking automated crawlers. Consider excluding it from automated crawling.,crawl_health,Medium,2026-04-21 05:53:59.222929,,synozur.com,pending,,,,5cad0634-c21b-43cb-bc67-0790149970cf,,,9705950c-adda-40e3-8f88-7704fdff4d50,0,0,f,,,
efc281fb-1949-4400-b126-bcd53afa06f4,Crawl failures detected for Informatica,Informatica has failed 3 consecutive crawl attempts. The site may be unreachable or blocking automated crawlers. Consider excluding it from automated crawling.,crawl_health,Medium,2026-04-26 20:30:07.523971,,synozur.com,pending,,,,5cad0634-c21b-43cb-bc67-0790149970cf,,,9705950c-adda-40e3-8f88-7704fdff4d50,0,0,f,,,
a25dc2d4-f1ce-4827-b16a-bd01b5fca2da,Crawl failures detected for Google (Alphabet),Google (Alphabet) has failed 3 consecutive crawl attempts. The site may be unreachable or blocking automated crawlers. Consider excluding it from automated crawling.,crawl_health,Medium,2026-04-27 01:16:45.560837,,synozur.com,pending,,,,b1700c3c-9d68-4f77-aeac-c091dbbb0b5d,,,5d149a37-4d48-4ada-994a-eff6cc41c995,0,0,f,,,
2e7fa92d-a8e3-452e-8ee4-292886490774,Crawl failures detected for Immix Group,Immix Group has failed 3 consecutive crawl attempts. The site may be unreachable or blocking automated crawlers. Consider excluding it from automated crawling.,crawl_health,Medium,2026-04-27 01:24:22.662773,,synozur.com,pending,,,,461d9fa1-3ea8-4d46-b0ea-88be2d20c112,,,188acbd9-121b-4b3f-b21b-37b4e46638e0,0,0,f,,,
ca176a11-5d2a-486f-a032-fb281680d35f,Crawl failures detected for Informatica,Informatica has failed 3 consecutive crawl attempts. The site may be unreachable or blocking automated crawlers. Consider excluding it from automated crawling.,crawl_health,Medium,2026-04-27 17:54:43.74236,,synozur.com,pending,,,,5cad0634-c21b-43cb-bc67-0790149970cf,,,9705950c-adda-40e3-8f88-7704fdff4d50,0,0,f,,,
eb3a73c2-5faf-40f0-92d1-b183eca8b8e1,Crawl failures detected for Marc Adamus Photography,Marc Adamus Photography has failed 3 consecutive crawl attempts. The site may be unreachable or blocking automated crawlers. Consider excluding it from automated crawling.,crawl_health,Medium,2026-04-28 14:50:25.411434,,chrismcnulty.net,pending,,,,b99d1382-1133-4c68-92a3-38696ac736fb,,,08610095-ef99-4205-b5ae-13264021a471,0,0,f,,,
57a9bbd2-48e6-4313-a5ab-17a1603a1795,Crawl failures detected for Project Management Institute (PMI),Project Management Institute (PMI) has failed 3 consecutive crawl attempts. The site may be unreachable or blocking automated crawlers. Consider excluding it from automated crawling.,crawl_health,Medium,2026-04-28 18:56:58.06928,,synozur.com,pending,,,,67fd382f-5b73-4921-a204-253f587a9171,,,7f49f485-e251-4e51-8114-cce62e5ce6a9,0,0,f,,,
1c3c293d-14a7-4913-a119-1daf88e0e023,Develop and Brand a Proprietary Intelligent Information Management Framework,"Create and promote a comprehensive, branded framework (e.g., 'IIM Framework' or 'AIIM Information Intelligence Model') that establishes methodology standards for intelligent information management. Model this after DAMA's DMBOK and PMI's PMBOK by developing a detailed body of knowledge that covers governance, AI readiness, lifecycle management, and compliance. Publish this as both a physical reference guide and digital resource, and position it as the industry standard that organizations and professionals reference for implementing information management best practices.",Positioning,High,2026-04-28 19:56:35.226691,116500d0-357e-4ace-a7af-7264ed58e22a,synozur.com,pending,,,,,,,7f49f485-e251-4e51-8114-cce62e5ce6a9,0,0,f,,,
4806f17c-01c9-4343-92b2-6e7213a38b5d,Launch AI Governance and Risk Management Certification Track,"Develop a specialized certification focused on AI governance, ethical AI deployment, and information risk management (e.g., 'Certified AI Information Governance Professional' or 'CAIG'). This credential should address regulatory compliance (GDPR, CCPA, emerging AI regulations), risk assessment frameworks, and ethical AI principles specifically from an information management perspective. Include case studies on AI model governance, training data management, and automated decision-making oversight. Market this as complementary to technical AI certifications by focusing on the governance and information lifecycle aspects.",Features,High,2026-04-28 19:56:35.255635,116500d0-357e-4ace-a7af-7264ed58e22a,synozur.com,pending,,,,,,,7f49f485-e251-4e51-8114-cce62e5ce6a9,0,0,f,,,
58e5d0d9-6b59-4616-9822-8874a5dc6d50,Integrate Power Skills Development Program into Membership,"Create a structured 'Information Leadership Academy' that combines technical information management training with executive coaching, communication skills, change management, and strategic thinking workshops. Offer quarterly leadership institutes (virtual and in-person), executive mentorship matching, and skill assessments covering negotiation, stakeholder management, and business case development. Position this as preparing information professionals for C-suite roles (CIO, CDO, Chief Privacy Officer) by developing both technical expertise and leadership capabilities.",Features,High,2026-04-28 19:56:35.27937,116500d0-357e-4ace-a7af-7264ed58e22a,synozur.com,pending,,,,,,,7f49f485-e251-4e51-8114-cce62e5ce6a9,0,0,f,,,
98e774ca-bd27-4f64-b940-b542b237b589,Amplify Community Scale and Economic Impact Messaging,"Conduct a member impact study to quantify AIIM's community influence through metrics such as: total members/certified professionals, aggregate organizational information under management, economic value of information governance improvements, and career advancement statistics. Prominently feature compelling scale indicators on homepage and marketing materials (e.g., 'X,000 certified professionals managing $X trillion in organizational information across 87 industries'). Include member success stories with quantified ROI from implementing AIIM methodologies.",Messaging,Medium,2026-04-28 19:56:35.301229,116500d0-357e-4ace-a7af-7264ed58e22a,synozur.com,pending,,,,,,,7f49f485-e251-4e51-8114-cce62e5ce6a9,0,0,f,,,
b3426655-a75a-40b0-8b6d-7584a06a1d75,Create Vertical-Specific Certification Specializations,"Expand the CIP certification into specialized tracks for high-stakes industries: Healthcare Information Management (HIPAA, EHR lifecycle), Financial Services Compliance (SEC, FinCEN recordkeeping), Legal Discovery and eDiscovery, Government Records (NARA compliance), and Manufacturing Quality Records. Each specialization should include industry-specific case studies, regulatory frameworks, and role-based competencies. Market these as advanced credentials that build on foundational CIP certification, creating a tiered progression pathway.",Features,Medium,2026-04-28 19:56:35.324671,116500d0-357e-4ace-a7af-7264ed58e22a,synozur.com,pending,,,,,,,7f49f485-e251-4e51-8114-cce62e5ce6a9,0,0,f,,,
af4206c1-493d-44d9-baaa-fbdaff458fd1,Crawl failures detected for Immix Group,Immix Group has failed 3 consecutive crawl attempts. The site may be unreachable or blocking automated crawlers. Consider excluding it from automated crawling.,crawl_health,Medium,2026-04-29 08:58:04.368497,,synozur.com,pending,,,,461d9fa1-3ea8-4d46-b0ea-88be2d20c112,,,188acbd9-121b-4b3f-b21b-37b4e46638e0,0,0,f,,,
33ff7fca-a20c-432b-8a44-4c8ab04fb28f,Crawl failures detected for Immix Group,Immix Group has failed 3 consecutive crawl attempts. The site may be unreachable or blocking automated crawlers. Consider excluding it from automated crawling.,crawl_health,Medium,2026-05-02 17:30:57.459961,,synozur.com,pending,,,,461d9fa1-3ea8-4d46-b0ea-88be2d20c112,,,188acbd9-121b-4b3f-b21b-37b4e46638e0,0,0,f,,,
3ee8295e-6021-401d-81d2-4ff0187dedc9,Crawl failures detected for Informatica,Informatica has failed 3 consecutive crawl attempts. The site may be unreachable or blocking automated crawlers. Consider excluding it from automated crawling.,crawl_health,Medium,2026-05-05 00:23:39.43382,,synozur.com,pending,,,,5cad0634-c21b-43cb-bc67-0790149970cf,,,9705950c-adda-40e3-8f88-7704fdff4d50,0,0,f,,,
1d6037a9-f7da-4f33-8a4c-d853b29bbb05,Crawl failures detected for Wipro,Wipro has failed 3 consecutive crawl attempts. The site may be unreachable or blocking automated crawlers. Consider excluding it from automated crawling.,crawl_health,Medium,2026-05-05 17:10:20.13435,,synozur.com,pending,,,,9be0f7d9-5410-424a-8c06-6221ca918e89,,,a8e7cd06-ed45-41ec-b4a1-1c8a55a17a97,0,0,f,,,
f0a8b4d6-79ed-47ea-8271-073c1ffce739,Develop Quantified ROI Calculator and Efficiency Claims,"Create specific, measurable efficiency claims similar to RoadAI's '4× faster and 50% less cost' messaging. Develop a public-facing ROI calculator showing municipalities the time and cost savings of ICC-IMS solutions versus manual inspections. Include metrics such as: hours saved per mile surveyed, cost per centerline mile comparison, reduction in staff hours needed, and time-to-actionable-data benchmarks. Feature these quantified claims prominently on homepage, solution pages, and sales materials.",Messaging,High,2026-03-07 22:55:19.91159,116500d0-357e-4ace-a7af-7264ed58e22a,synozur.com,pending,,,,,,,,0,0,f,,,
f1bce456-6ca0-40e9-9234-d4e28e9dc947,Crawl failures detected for Pathway Services Inc.,Pathway Services Inc. has failed 3 consecutive crawl attempts. The site may be unreachable or blocking automated crawlers. Consider excluding it from automated crawling.,crawl_health,Medium,2026-03-23 21:58:56.894027,,synozur.com,dismissed,,2026-07-04 14:59:51.395,,,,,,0,0,f,crawlfailuresdetectedforpathwayservicesinc_crawl_health,already_done,116500d0-357e-4ace-a7af-7264ed58e22a
05c02af3-7382-4a3d-82af-0eefa8ca1e30,Crawl failures detected for Cartegraph,Cartegraph has failed 3 consecutive crawl attempts. The site may be unreachable or blocking automated crawlers. Consider excluding it from automated crawling.,crawl_health,Medium,2026-04-03 20:08:32.931476,,synozur.com,dismissed,,2026-07-04 14:59:51.042,,,,,,0,0,f,crawlfailuresdetectedforcartegraph_crawl_health,already_done,116500d0-357e-4ace-a7af-7264ed58e22a
0993a0ac-a062-438a-86f3-0329c6e28f96,Crawl failures detected for Cartegraph,Cartegraph has failed 3 consecutive crawl attempts. The site may be unreachable or blocking automated crawlers. Consider excluding it from automated crawling.,crawl_health,Medium,2026-04-12 07:52:59.969564,,synozur.com,dismissed,,2026-07-04 14:59:50.981,,,,,,0,0,f,crawlfailuresdetectedforcartegraph_crawl_health,already_done,116500d0-357e-4ace-a7af-7264ed58e22a
9c6ea9a4-0307-46a5-8b62-0d895308c7f7,Crawl failures detected for Stantec (Asset Management Division),Stantec (Asset Management Division) has failed 3 consecutive crawl attempts. The site may be unreachable or blocking automated crawlers. Consider excluding it from automated crawling.,crawl_health,Medium,2026-03-31 09:58:46.635393,,synozur.com,pending,,,,,,,,0,0,f,,,
6388bf17-3772-481c-8de0-caf57aa59147,Develop 'No Hidden Fees' Transparency Messaging Framework,"Create prominent messaging across all digital touchpoints that explicitly communicates fee structures (or lack thereof) for Barclays products. This should include: dedicated landing page section comparing fee structures to competitors, callout badges on product pages highlighting 'no annual fee' or 'no minimum balance' where applicable, and transparent APR/fee disclosures in hero sections rather than footer fine print. Model after Capital One's 'no fees, no minimums' approach and Discover's upfront pricing communication.",Messaging,High,2026-05-05 21:47:21.630419,41b7378d-31af-402a-b50d-4d8e204bbd7d,synozur.com,pending,,,,,,,93e60ca4-1f9d-456d-af6d-82d8af0566d1,0,0,f,,,
4bd2d060-5f1c-4147-b2a8-cf001b9b3c9e,Launch Credit Health Tools Suite with Free FICO Access,"Develop or partner to provide proprietary digital financial wellness tools including: free FICO score monitoring for cardholders, credit utilization tracking dashboard, personalized credit-building recommendations, and identity theft alerts. Brand these tools under a unified platform name (similar to Capital One's CreditWise). Integrate tools directly into mobile app and online banking with monthly email summaries.",Features,High,2026-05-05 21:47:21.66021,41b7378d-31af-402a-b50d-4d8e204bbd7d,synozur.com,pending,,,,,,,93e60ca4-1f9d-456d-af6d-82d8af0566d1,0,0,f,,,
84ae394f-79fc-4fe4-8820-53f3641aed5f,Crawl failures detected for American Airlines,American Airlines has failed 3 consecutive crawl attempts. The site may be unreachable or blocking automated crawlers. Consider excluding it from automated crawling.,crawl_health,Medium,2026-06-01 17:13:39.175881,,synozur.com,pending,,,,75f7354c-542c-42b0-affa-5f22d7810122,,,723cb0a7-893c-4f36-b867-d6a207f2bfde,0,0,f,,,
fa35e383-84c5-425f-8018-5da347ec15c7,Crawl failures detected for American Airlines,American Airlines has failed 3 consecutive crawl attempts. The site may be unreachable or blocking automated crawlers. Consider excluding it from automated crawling.,crawl_health,Medium,2026-06-03 13:19:42.020245,,synozur.com,pending,,,,75f7354c-542c-42b0-affa-5f22d7810122,,,723cb0a7-893c-4f36-b867-d6a207f2bfde,0,0,f,,,
5c9a7976-edca-4ced-9424-c4c306854580,Crawl failures detected for Ignite Visibility,Ignite Visibility has failed 3 consecutive crawl attempts. The site may be unreachable or blocking automated crawlers. Consider excluding it from automated crawling.,crawl_health,Medium,2026-06-04 07:07:28.920937,,synozur.com,pending,,,,5a0b59fa-6ab6-42db-a935-350a4ca2a9c6,,,f78f8c44-7b05-43c5-9add-a08bf46af886,0,0,f,,,
324cdb85-1941-47a5-b1a3-cddc48fc8d77,Crawl failures detected for American Airlines,American Airlines has failed 3 consecutive crawl attempts. The site may be unreachable or blocking automated crawlers. Consider excluding it from automated crawling.,crawl_health,Medium,2026-06-05 08:48:00.329393,,synozur.com,pending,,,,75f7354c-542c-42b0-affa-5f22d7810122,,,723cb0a7-893c-4f36-b867-d6a207f2bfde,0,0,f,,,
0ef0c406-fecd-42ee-8dda-c71ce263d5a1,Crawl failures detected for Bain & Company,Bain & Company has failed 3 consecutive crawl attempts. The site may be unreachable or blocking automated crawlers. Consider excluding it from automated crawling.,crawl_health,Medium,2026-05-31 07:50:15.276348,,synozur.com,dismissed,,2026-07-04 14:59:50.293,,,,,,0,0,f,crawlfailuresdetectedforbaincompany_crawl_health,already_done,116500d0-357e-4ace-a7af-7264ed58e22a
3038263d-2fa4-4fbe-a8cf-0d760741dedc,Crawl failures detected for Cartegraph,Cartegraph has failed 3 consecutive crawl attempts. The site may be unreachable or blocking automated crawlers. Consider excluding it from automated crawling.,crawl_health,Medium,2026-04-30 02:18:26.845445,,synozur.com,dismissed,,2026-07-04 14:59:50.93,,,,,,0,0,f,crawlfailuresdetectedforcartegraph_crawl_health,already_done,116500d0-357e-4ace-a7af-7264ed58e22a
9a7a8451-3e77-4be5-8cc5-8cd0f8dd6afd,Create Pre-Qualification Pathway and Credit Accessibility Campaign,"Implement and heavily promote a pre-qualification tool that allows prospects to check card eligibility with 'no impact to credit score.' Develop supporting content campaign targeting credit builders including: comparison of secured vs. unsecured card options, credit score requirement transparency by product, educational content on credit-building strategies, and dedicated landing pages for students/first-time credit users. Feature pre-qualification prominently on homepage and product category pages.",Messaging,Medium,2026-05-05 21:47:21.684788,41b7378d-31af-402a-b50d-4d8e204bbd7d,synozur.com,pending,,,,,,,93e60ca4-1f9d-456d-af6d-82d8af0566d1,0,0,f,,,
53f22098-a4f3-4cfa-ab39-a8b0d3cd6c8a,Articulate Portfolio Breadth Strategy with Category-Specific Rewards Positioning,"Reframe product portfolio messaging to emphasize choice and optimization across customer segments. Create comparison tools showing which Barclays card maximizes rewards for specific spending patterns (dining, travel, groceries, gas, streaming). Develop category-specific landing pages (e.g., 'Best Cards for Travel,' 'Cash Back for Everyday Spending') with clear product differentiation. If portfolio is limited, consider strategic co-brand partnerships in underserved categories.",Positioning,High,2026-05-05 21:47:21.712154,41b7378d-31af-402a-b50d-4d8e204bbd7d,synozur.com,pending,,,,,,,93e60ca4-1f9d-456d-af6d-82d8af0566d1,0,0,f,,,
55bd6373-bca9-40d9-bb1e-1c79d8eb0921,Explore Specialized Financing Partnership Strategy,"Conduct feasibility assessment for entering vertical-specific financing (healthcare, automotive, home improvement, retail point-of-sale). If entering new categories is viable, develop 2-3 strategic partnerships similar to Synchrony's CareCredit model. If not feasible, clearly articulate why Barclays' focused approach (consumer credit cards only) delivers superior value - turning a potential gap into a positioning strength through 'specialist vs. generalist' narrative.",Features,Medium,2026-05-05 21:47:21.7372,41b7378d-31af-402a-b50d-4d8e204bbd7d,synozur.com,pending,,,,,,,93e60ca4-1f9d-456d-af6d-82d8af0566d1,0,0,f,,,
cecc2b7c-bb2a-49b7-88ae-1874c6343e2b,Crawl failures detected for Quizlet,Quizlet has failed 3 consecutive crawl attempts. The site may be unreachable or blocking automated crawlers. Consider excluding it from automated crawling.,crawl_health,Medium,2026-05-05 22:29:27.067622,,synozur.com,pending,,,,bcdb82b3-fd7c-444f-b8cb-6b1eb3ccfb38,,,0afdd7be-dd94-47e6-89d5-dd3696094e45,0,0,f,,,
3ec6f02d-1856-4cd6-8fc7-8dcfacdb8f84,Crawl failures detected for Mohegan Tribe,Mohegan Tribe has failed 3 consecutive crawl attempts. The site may be unreachable or blocking automated crawlers. Consider excluding it from automated crawling.,crawl_health,Medium,2026-05-05 22:29:43.769299,,synozur.com,pending,,,,4f7e4e87-ad64-43a0-b70f-d8ac4fbedf73,,,ea07a669-2e2b-4dbc-84fd-42f0009d0955,0,0,f,,,
2659796d-31e0-4c8f-83c0-9aaf3a683434,Crawl failures detected for Berkshire Hathaway Reinsurance Group,Berkshire Hathaway Reinsurance Group has failed 3 consecutive crawl attempts. The site may be unreachable or blocking automated crawlers. Consider excluding it from automated crawling.,crawl_health,Medium,2026-05-05 22:30:33.507029,,synozur.com,pending,,,,4102f167-f18e-46a8-b844-d8e47c1b08a0,,,df16877c-1384-407b-be3d-69e8a3442178,0,0,f,,,
84bc7c68-6af6-4c6a-a92c-e02e6b5ec098,Crawl failures detected for Wind Point Partners,Wind Point Partners has failed 3 consecutive crawl attempts. The site may be unreachable or blocking automated crawlers. Consider excluding it from automated crawling.,crawl_health,Medium,2026-05-05 22:30:33.788993,,synozur.com,pending,,,,bc229a39-db22-433d-8f6c-f35bc4686c7c,,,0dad59af-ea3b-4cb2-bf04-f365c7a69114,0,0,f,,,
50bdeec9-7ee7-4d9d-ac07-edb8ad8608bb,Crawl failures detected for Ares Management,Ares Management has failed 3 consecutive crawl attempts. The site may be unreachable or blocking automated crawlers. Consider excluding it from automated crawling.,crawl_health,Medium,2026-05-05 22:30:40.428299,,synozur.com,pending,,,,0e7e922f-091f-492e-b73e-5269ce9a78fe,,,0dad59af-ea3b-4cb2-bf04-f365c7a69114,0,0,f,,,
8b3f6d9b-3f89-4eb3-a9c8-956c546f1ea6,Crawl failures detected for American Airlines,American Airlines has failed 3 consecutive crawl attempts. The site may be unreachable or blocking automated crawlers. Consider excluding it from automated crawling.,crawl_health,Medium,2026-05-05 23:26:12.49536,,synozur.com,pending,,,,75f7354c-542c-42b0-affa-5f22d7810122,,,723cb0a7-893c-4f36-b867-d6a207f2bfde,0,0,f,,,
e2040987-5037-4c79-87d2-50b78fbbe086,Develop and Publish Quantified Economic Impact Metrics,"Commission an economic impact study and prominently display specific metrics on the website homepage and business sections. Include: total economic impact to Florida (similar to Cherokee Nation's $2.16B figure), number of employees across all tribal enterprises, tax contributions, and vendor spending. Create a dedicated 'Economic Impact' page with infographics, annual reports, and regional employment data. Use these metrics in advocacy messaging, government relations, and community engagement materials.",Messaging,High,2026-05-06 00:26:35.011182,116500d0-357e-4ace-a7af-7264ed58e22a,synozur.com,pending,,,,,,,ea07a669-2e2b-4dbc-84fd-42f0009d0955,0,0,f,,,
f3d52888-03d8-4c73-b977-e2f4dc28aa5c,Create Comprehensive Member Services Directory with Detailed Program Information,"Develop a structured 'Tribal Citizen Services' section modeled after Chickasaw and Choctaw portals. Organize services into clear categories: Healthcare Services, Housing Assistance, Education Programs, Elder Services, Veterans Programs, Youth & Family Services, Cultural Programs, and Emergency Support. For each category, provide program descriptions, eligibility requirements, application processes, and contact information. Include success stories and program impact metrics where applicable.",Features,High,2026-05-06 00:26:35.04941,116500d0-357e-4ace-a7af-7264ed58e22a,synozur.com,pending,,,,,,,ea07a669-2e2b-4dbc-84fd-42f0009d0955,0,0,f,,,
5756de4d-bb78-4588-b8fb-78748d78e7a2,Build 'Unconquered Spirit' Brand Framework Across All Digital Properties,"Expand the 'never signed a peace treaty' historical fact into a comprehensive brand identity framework similar to Choctaw's 'Choctaw Proud' (faith, family, culture). Develop 'Unconquered Spirit' as a unifying theme that connects: resilience in governance, innovation in business, preservation of culture, and commitment to future generations. Create consistent visual identity, messaging pillars, and storytelling templates that apply this framework across website sections, social media, annual reports, and member communications.",Positioning,Medium,2026-05-06 00:26:35.086406,116500d0-357e-4ace-a7af-7264ed58e22a,synozur.com,pending,,,,,,,ea07a669-2e2b-4dbc-84fd-42f0009d0955,0,0,f,,,
c8b5ca03-080e-4be4-b79c-e9d3609a8ec4,Launch 'Seven Generations Forward' Vision Statement and Future-Focused Content,"Develop and publish a multi-generational vision statement that articulates long-term goals for tribal prosperity, cultural preservation, and member wellbeing. Create content series featuring: sustainability initiatives, youth leadership development programs, education pipeline investments, language revitalization plans, and economic diversification strategies. Include forward-looking metrics and timelines (10-year, 25-year goals) in governance and business communications.",Positioning,Medium,2026-05-06 00:26:35.118324,116500d0-357e-4ace-a7af-7264ed58e22a,synozur.com,pending,,,,,,,ea07a669-2e2b-4dbc-84fd-42f0009d0955,0,0,f,,,
363b721e-d202-4182-b867-be0c79622a0c,Position Ah-Tah-Thi-Ki Museum as Indigenous Education Authority,"Rebrand museum content to emphasize educational leadership and thought leadership in Native American studies. Develop: online educational resources for K-12 and higher education, virtual exhibition tours, research partnerships with universities, scholarly publications, and Indigenous education certification programs. Create 'Educational Resources' hub with curriculum materials, teacher guides, and student programs. Promote museum staff as subject matter experts through speaking engagements, publications, and media commentary.",Content,Medium,2026-05-06 00:26:35.157056,116500d0-357e-4ace-a7af-7264ed58e22a,synozur.com,pending,,,,,,,ea07a669-2e2b-4dbc-84fd-42f0009d0955,0,0,f,,,
d0c3fe68-c950-48de-80f1-dd758b5ef5d7,Crawl failures detected for American Airlines,American Airlines has failed 3 consecutive crawl attempts. The site may be unreachable or blocking automated crawlers. Consider excluding it from automated crawling.,crawl_health,Medium,2026-05-06 13:23:55.657045,,synozur.com,pending,,,,75f7354c-542c-42b0-affa-5f22d7810122,,,723cb0a7-893c-4f36-b867-d6a207f2bfde,0,0,f,,,
21e1bd42-43d5-49b2-9423-b8272d4455a1,Crawl failures detected for Pueblo of Zuni,Pueblo of Zuni has failed 3 consecutive crawl attempts. The site may be unreachable or blocking automated crawlers. Consider excluding it from automated crawling.,crawl_health,Medium,2026-05-06 17:22:00.623929,,synozur.com,pending,,,,55b57cd7-b8ce-4e8e-bb63-59fdf6db3d1c,,,b3c49c08-f9c9-483b-8820-acffc29be17a,0,0,f,,,
56b39872-c09a-4968-8fcb-c844a3a3ac7e,Crawl failures detected for Fugro Roadware,Fugro Roadware has failed 3 consecutive crawl attempts. The site may be unreachable or blocking automated crawlers. Consider excluding it from automated crawling.,crawl_health,Medium,2026-05-06 17:47:45.914777,,synozur.com,pending,,,,1ba02e9b-b525-4ce1-95bc-ded76af5e082,,,872dde94-3e6c-4115-acdc-2c79b3276138,0,0,f,,,
e53f03d3-421c-4a61-b8b6-36db873db26e,Crawl failures detected for Penn Entertainment,Penn Entertainment has failed 3 consecutive crawl attempts. The site may be unreachable or blocking automated crawlers. Consider excluding it from automated crawling.,crawl_health,Medium,2026-05-06 21:04:54.383361,,synozur.com,pending,,,,d06621ea-adf2-46fc-a5f9-3ad8e25232a2,,,9a69511b-78e8-4ac0-b74a-3892578b764b,0,0,f,,,
fdb9d18c-33a4-4c34-a813-cd593afdc201,Crawl failures detected for Deloitte Consulting,Deloitte Consulting has failed 3 consecutive crawl attempts. The site may be unreachable or blocking automated crawlers. Consider excluding it from automated crawling.,crawl_health,Medium,2026-05-07 14:08:40.723489,,synozur.com,pending,,,,9063b3ff-7959-4440-a0bd-dc571b783192,,,298c26bd-3400-4ac4-8001-eb38f4f163ed,0,0,f,,,
71e4a60e-df6c-4941-b447-7af9d9d934c5,Crawl failures detected for American Airlines,American Airlines has failed 3 consecutive crawl attempts. The site may be unreachable or blocking automated crawlers. Consider excluding it from automated crawling.,crawl_health,Medium,2026-05-08 18:19:31.17711,,synozur.com,pending,,,,75f7354c-542c-42b0-affa-5f22d7810122,,,723cb0a7-893c-4f36-b867-d6a207f2bfde,0,0,f,,,
5caad829-dddc-425c-ad9b-87e330e7b9a0,Develop Enterprise Governance Framework Messaging,"Create prominent governance-first messaging that explicitly addresses security certifications, compliance frameworks, and fine-grained controls. Add dedicated website sections highlighting ISO, HIPAA, SOC 2 compliance pathways, auditability features, and governance capabilities. Position Ashling's implementation approach as 'Governed AI Deployment' with specific frameworks for banking and healthcare regulations. Include governance checklists, compliance roadmaps, and security architecture documentation in sales materials.",Messaging,High,2026-05-08 21:59:29.788991,116500d0-357e-4ace-a7af-7264ed58e22a,reveillesoftware.com,pending,,,,,,,cf966795-4a02-410b-ac2b-00d57aca1127,0,0,f,,,
99c8e4f2-360f-4d8b-aa98-f4b9926c0767,Publish Production-Scale Performance Case Studies,"Develop quantified case studies showcasing production metrics: transaction volumes processed, automation instances deployed, uptime percentages, auto-resolution rates, and cost savings achieved. Create a 'Proof in Production' section featuring metrics like '2M+ transactions automated monthly' or '95% straight-through processing rate' with customer logos and industry context. Build metric-driven one-pagers for each vertical showing real operational scale.",Content,High,2026-05-08 21:59:29.82724,116500d0-357e-4ace-a7af-7264ed58e22a,reveillesoftware.com,pending,,,,,,,cf966795-4a02-410b-ac2b-00d57aca1127,0,0,f,,,
ccd0ea56-f1cd-4104-b77e-a0e99720d247,Clarify Platform-Enabled Services Positioning,"Reposition from 'services provider' to 'platform-enabled services partner' by explicitly naming technology partnerships (e.g., 'UiPath Enterprise Implementation Partner' or 'Multi-Platform Automation Integrator'). Create messaging that explains Ashling builds client-owned automation capabilities using leading platforms while providing enterprise-grade implementation, governance frameworks, and change management. Add 'Build, Transfer, Support' methodology showing how clients gain internal capability.",Positioning,High,2026-05-08 21:59:29.856442,116500d0-357e-4ace-a7af-7264ed58e22a,reveillesoftware.com,pending,,,,,,,cf966795-4a02-410b-ac2b-00d57aca1127,0,0,f,,,
7f200889-873b-45bd-af58-30bccde0b7c4,Launch Industry-Specific Solution Accelerators,"Package vertical-specific solutions with pre-configured workflows, compliance templates, and industry expertise: 'Banking Automation Accelerator' (KYC, loan processing, reconciliation), 'Healthcare Automation Suite' (claims processing, prior authorization, patient intake), 'Manufacturing Operations Automation' (supply chain, quality control). Create dedicated landing pages, industry-specific case studies, thought leadership content, and vertical-aligned sales materials for each target sector.",Features,Medium,2026-05-08 21:59:29.883334,116500d0-357e-4ace-a7af-7264ed58e22a,reveillesoftware.com,pending,,,,,,,cf966795-4a02-410b-ac2b-00d57aca1127,0,0,f,,,
bdaad11e-61c5-4926-abca-2be10cd4da69,Establish Agentic AI Thought Leadership Framework,"Develop proprietary 'Agentic AI Maturity Model' or 'Human-Agent Collaboration Framework' with educational content, assessment tools, and implementation methodology. Publish white papers, webinars, and executive guides defining Ashling's perspective on agentic automation evolution. Create visual frameworks showing progression from RPA to intelligent automation to agentic AI with clear enterprise adoption pathways and governance considerations.",Content,Medium,2026-05-08 21:59:29.909759,116500d0-357e-4ace-a7af-7264ed58e22a,reveillesoftware.com,pending,,,,,,,cf966795-4a02-410b-ac2b-00d57aca1127,0,0,f,,,
0c5ee4ae-0968-4557-b5be-c8b93f29d9cd,Articulate Technology Partnership Ecosystem Strategy,"Develop clear public positioning on automation platform relationships and partnerships. Create dedicated messaging that explicitly states whether Ashling operates as: (1) platform-agnostic advisors helping clients select optimal tools, (2) specialized implementation partners for specific vendors (UiPath, Automation Anywhere, Blue Prism), or (3) hybrid partners with preferred technologies. Include visible partnership badges, certification levels, and case studies organized by platform. This should address the ambiguity around whether Ashling competes with or complements platform vendors.",Positioning,High,2026-05-08 22:22:04.511174,116500d0-357e-4ace-a7af-7264ed58e22a,reveillesoftware.com,pending,,,,,,,cf966795-4a02-410b-ac2b-00d57aca1127,0,0,f,,,
05143d4c-180c-4ddd-8212-383aa5dc6bf1,Create Human-AI Collaboration Value Narrative,"Develop workforce transformation messaging framework that addresses employee concerns about AI displacement. Build content around themes like 'automation as workforce augmentation,' change management expertise, upskilling programs, and redeployment strategies. Create before/after workforce impact stories showing how automation elevated employee roles from repetitive tasks to strategic work. Include employee testimonials, workforce metrics (hours reclaimed, skill development outcomes), and change management methodologies that demonstrate Ashling's holistic approach beyond technical implementation.",Messaging,Medium,2026-05-08 22:22:04.544972,116500d0-357e-4ace-a7af-7264ed58e22a,reveillesoftware.com,pending,,,,,,,cf966795-4a02-410b-ac2b-00d57aca1127,0,0,f,,,
6d29bf5f-3244-4936-9a49-5f74c88cd271,Develop Quantified Business Outcome Metrics Library,"Build a comprehensive ROI metrics repository with specific, production-scale proof points across different use cases and industries. Move beyond NPS scores to quantify: cost reduction percentages, time-to-value in weeks/months, transaction volumes processed, FTE hours reclaimed, error rate reductions, and compliance improvement metrics. Create industry-specific benchmarks (e.g., 'financial services clients average 65% reduction in manual reconciliation time') with anonymized aggregate data. Format these for sales enablement, website content, and proposal templates with visual dashboards showing metric distributions.",Content,High,2026-05-08 22:22:04.571606,116500d0-357e-4ace-a7af-7264ed58e22a,reveillesoftware.com,pending,,,,,,,cf966795-4a02-410b-ac2b-00d57aca1127,0,0,f,,,
981ed433-b6ed-4e75-9ce2-603a7e5f851a,Launch Compliance-as-a-Service Offering Framework,"Develop and promote a structured governance and compliance methodology for automation deployments. Create public-facing content detailing Ashling's approach to: audit trails, role-based access controls, AI model governance, data privacy compliance, industry-specific regulatory adherence (HIPAA, SOC 2, GDPR), and risk assessment frameworks. Build certification roadmap showing Ashling's own compliance credentials and how these translate to client implementations. Offer compliance readiness assessments as standalone consulting services and include governance scorecards in all automation proposals.",Features,High,2026-05-08 22:22:04.598744,116500d0-357e-4ace-a7af-7264ed58e22a,reveillesoftware.com,pending,,,,,,,cf966795-4a02-410b-ac2b-00d57aca1127,0,0,f,,,
53458daa-e84a-4f74-96da-a11e570e24c2,Build Proprietary Asset Portfolio Showcase,"Create transparent documentation of Ashling's proprietary intellectual property versus third-party platform configurations. If the '500+ prebuilt components' are proprietary accelerators, showcase them with: technical architecture diagrams, integration capabilities, reusability metrics across clients, and licensing/deployment models. If they're configurations of partner platforms, reframe messaging around 'battle-tested implementation patterns' with deployment time comparisons. Develop a public-facing asset library (similar to software marketplaces) categorized by industry, process type, and platform compatibility, with download/demo capabilities for qualified prospects.",Positioning,Medium,2026-05-08 22:22:04.62853,116500d0-357e-4ace-a7af-7264ed58e22a,reveillesoftware.com,pending,,,,,,,cf966795-4a02-410b-ac2b-00d57aca1127,0,0,f,,,
af7b5df3-d5bf-47de-8c34-afb0df3ccb91,Crawl failures detected for American Airlines,American Airlines has failed 3 consecutive crawl attempts. The site may be unreachable or blocking automated crawlers. Consider excluding it from automated crawling.,crawl_health,Medium,2026-05-09 07:35:55.170098,,synozur.com,pending,,,,75f7354c-542c-42b0-affa-5f22d7810122,,,723cb0a7-893c-4f36-b867-d6a207f2bfde,0,0,f,,,
069e2a7c-7c43-4e1d-82b6-6c6db79cb5d1,Crawl failures detected for American Airlines,American Airlines has failed 3 consecutive crawl attempts. The site may be unreachable or blocking automated crawlers. Consider excluding it from automated crawling.,crawl_health,Medium,2026-05-10 14:15:11.712994,,synozur.com,pending,,,,75f7354c-542c-42b0-affa-5f22d7810122,,,723cb0a7-893c-4f36-b867-d6a207f2bfde,0,0,f,,,
8add074b-909f-4378-8cf9-764363be378c,Crawl failures detected for Google (Alphabet),Google (Alphabet) has failed 3 consecutive crawl attempts. The site may be unreachable or blocking automated crawlers. Consider excluding it from automated crawling.,crawl_health,Medium,2026-05-10 20:59:12.314369,,synozur.com,pending,,,,b1700c3c-9d68-4f77-aeac-c091dbbb0b5d,,,5d149a37-4d48-4ada-994a-eff6cc41c995,0,0,f,,,
661bc0ec-1b32-42e5-9cdc-fec3244c8257,Crawl failures detected for Mark Ryan Winery,Mark Ryan Winery has failed 3 consecutive crawl attempts. The site may be unreachable or blocking automated crawlers. Consider excluding it from automated crawling.,crawl_health,Medium,2026-05-11 03:34:09.516038,,synozur.com,pending,,,,b88aac51-5fb7-43bd-97bb-a45031d3ff5d,,,6f5ed80d-e3b4-4d0e-8c71-6c622c224de8,0,0,f,,,
7d8bb548-de42-4774-94a4-743216b039cd,Develop a Specialized Vertical Expertise Brand Identity,"Establish Platinum Equity as the recognized authority in 2-3 specific industrial verticals (e.g., 'North America's leading industrial manufacturing and distribution specialist' or 'The definitive partner for aerospace & defense transformation'). Create dedicated sector-focused landing pages, thought leadership content series, sector-specific case studies, and industry expert profiles that demonstrate deep vertical knowledge. Mirror Thoma Bravo's software dominance model by claiming ownership of specific sectors where Platinum has transaction density and operational expertise.",Positioning,High,2026-05-11 04:23:07.875792,116500d0-357e-4ace-a7af-7264ed58e22a,synozur.com,pending,,,,,,,84a7b88d-e662-47ef-9a1a-fbc2d1046b49,0,0,f,,,
5e7244d8-e560-49aa-8287-43740100b9cd,Launch 'Platinum Wealth Partners' Private Investor Platform,"Create a dedicated division and digital experience targeting high-net-worth individuals, family offices, and registered investment advisors, offering access to Platinum's operational value creation strategies through structured private wealth products. Develop educational content explaining how 'institutional-quality operational turnarounds' are now accessible to qualified individual investors. Include advisor resources, minimum investment thresholds, and case studies showing returns from the operational playbook applied to mid-market companies.",Audience,High,2026-05-11 04:23:07.912544,116500d0-357e-4ace-a7af-7264ed58e22a,synozur.com,pending,,,,,,,84a7b88d-e662-47ef-9a1a-fbc2d1046b49,0,0,f,,,
035884ed-f674-4523-a876-47141a56762e,Build 'Future of Industry' Innovation Narrative and Content Hub,"Develop a forward-looking content platform and messaging framework positioning Platinum as the catalyst for 'Industrial 4.0 Transformation' or 'Next-Generation Operational Excellence.' Create quarterly trend reports on AI-driven manufacturing, supply chain automation, digital twins, sustainability tech adoption, and industrial IoT. Feature portfolio company innovation stories, technology partnerships, and early-stage trend identification in operational technology. Include executive perspectives on how Platinum identifies and scales emerging operational technologies across portfolio companies.",Messaging,High,2026-05-11 04:23:07.947125,116500d0-357e-4ace-a7af-7264ed58e22a,synozur.com,pending,,,,,,,84a7b88d-e662-47ef-9a1a-fbc2d1046b49,0,0,f,,,
601600c8-25f8-4bb1-b928-f7d8a0878fd9,Integrate ESG and Responsible Operations Framework into Core Messaging,"Develop and prominently feature a 'Responsible Operations Framework' that connects Platinum's operational transformation expertise to measurable ESG outcomes. Create content showing how operational improvements drive sustainability (energy efficiency, waste reduction, safety enhancements, supply chain ethics). Publish annual ESG impact reports with portfolio-wide metrics on emissions reductions, workplace safety improvements, and community investment. Position ESG not as compliance but as operational excellence that drives value creation.",Messaging,Medium,2026-05-11 04:23:07.986654,116500d0-357e-4ace-a7af-7264ed58e22a,synozur.com,pending,,,,,,,84a7b88d-e662-47ef-9a1a-fbc2d1046b49,0,0,f,,,
820d7c2e-5ce8-4c1b-93f6-87fd1a9d60e9,Amplify Scale Positioning with '$48B+ of Operational Transformation Capital' Messaging,"Prominently feature Platinum's $48B AUM across all primary touchpoints (homepage hero, executive bios, email signatures, pitch materials, press releases) with contextual framing: 'One of North America's largest operational-focused private equity firms with $48B+ AUM and 400+ completed transactions.' Create visual scale indicators showing portfolio company count, aggregate revenue under management, total employees across portfolio, and geographic footprint. Position scale as proof of operational playbook repeatability and risk mitigation through diversification.",Messaging,High,2026-05-11 04:23:08.024303,116500d0-357e-4ace-a7af-7264ed58e22a,synozur.com,pending,,,,,,,84a7b88d-e662-47ef-9a1a-fbc2d1046b49,0,0,f,,,
a82f3400-fa2f-40af-900d-d17a85c736b3,Crawl failures detected for Carlyle Group,Carlyle Group has failed 3 consecutive crawl attempts. The site may be unreachable or blocking automated crawlers. Consider excluding it from automated crawling.,crawl_health,Medium,2026-05-11 04:23:16.045352,,synozur.com,pending,,,,da7d2b58-f214-47b3-8658-86230b7eb511,,,84a7b88d-e662-47ef-9a1a-fbc2d1046b49,0,0,f,,,
169e3e7e-96e4-41e4-9d66-3426cc8e103a,Crawl failures detected for American Airlines,American Airlines has failed 3 consecutive crawl attempts. The site may be unreachable or blocking automated crawlers. Consider excluding it from automated crawling.,crawl_health,Medium,2026-05-11 15:38:46.40152,,synozur.com,pending,,,,75f7354c-542c-42b0-affa-5f22d7810122,,,723cb0a7-893c-4f36-b867-d6a207f2bfde,0,0,f,,,
e6dab355-89d7-45d1-b3da-3043083d9cf3,Develop AI Transformation Leadership Positioning,"Reposition WWT from 'digital automation solutions' provider to 'AI transformation partner' by embedding AI-first language throughout positioning statements. Create messaging that positions AI as the foundation of enterprise modernization (similar to Quisitive's 'AI-first enterprises' and Accenture's 'co-intelligence'). Update core positioning to lead with AI capabilities, using phrases like 'AI-powered transformation', 'enterprise AI activation', or 'intelligent automation at scale' rather than generic 'digital automation'.",Positioning,High,2026-05-11 20:54:21.492612,609baf10-d7b7-4ad2-850c-bdb4a791eefd,synozur.com,pending,,,,,,,d8017313-db5e-4e57-910c-95b19f5f9b19,0,0,f,,,
a0870eca-4533-4778-ae6a-7baa7fce41ae,Introduce Business Outcomes Messaging Framework,"Transform messaging from service-delivery focus ('offers services including...') to outcomes-driven language that emphasizes measurable business results. Develop specific outcome statements like 'accelerate time-to-value', 'deliver measurable ROI', or 'drive business resilience'. Create case study templates that quantify business impact metrics (revenue growth, cost reduction, efficiency gains) rather than implementation details. Mirror Quisitive's 'outcomes, not implementations' and Presidio's 'accelerating time-to-outcome' approaches.",Messaging,High,2026-05-11 20:54:21.52756,609baf10-d7b7-4ad2-850c-bdb4a791eefd,synozur.com,pending,,,,,,,d8017313-db5e-4e57-910c-95b19f5f9b19,0,0,f,,,
ccf7df4b-6c27-4d41-8f8c-84af1aad8b41,Establish Quantifiable Market Authority Proof Points,"Develop and prominently feature specific credibility metrics in positioning statements: years in operation, number of customers served, geographic reach, partner ecosystem size, and major awards/certifications. Create standardized proof point language (e.g., 'X years serving Global 2000', 'Y+ technology partnerships', 'Z industry certifications'). Ensure these metrics appear in executive summaries, positioning statements, and competitive differentiators to match competitor credibility signaling.",Positioning,Medium,2026-05-11 20:54:21.551565,609baf10-d7b7-4ad2-850c-bdb4a791eefd,synozur.com,pending,,,,,,,d8017313-db5e-4e57-910c-95b19f5f9b19,0,0,f,,,
338ce762-9ee7-423d-887c-3e9bc6b20b62,Create Industry Vertical Go-to-Market Messaging,"Develop industry-specific positioning statements and solution messaging for 3-5 priority verticals (e.g., healthcare, financial services, public sector, retail, manufacturing). Create vertical-specific landing pages, case studies, and messaging that demonstrates deep industry expertise, regulatory knowledge, and sector-specific use cases. Model after Avanade's explicit vertical showcase (automotive, banking, healthcare, retail) and Presidio's industry focus (public sector, healthcare, financial services).",Audience,Medium,2026-05-11 20:54:21.574524,609baf10-d7b7-4ad2-850c-bdb4a791eefd,synozur.com,pending,,,,,,,d8017313-db5e-4e57-910c-95b19f5f9b19,0,0,f,,,
02ca38dc-31eb-4da2-8035-8fb9e6edef53,Articulate Human-Centered Technology Philosophy,"Develop and integrate messaging that emphasizes the human dimension of technology transformation, including advisory relationships, partnership approach, or client-centric implementation methodology. Create positioning language similar to Capgemini's 'human-AI chemistry' and 'human-led, AI-powered' or Zones' 'human approach to technology with trusted expert advisors'. Position technology solutions within the context of enabling people, enhancing workforce capabilities, or driving organizational change management.",Positioning,Medium,2026-05-11 20:54:21.60131,609baf10-d7b7-4ad2-850c-bdb4a791eefd,synozur.com,pending,,,,,,,d8017313-db5e-4e57-910c-95b19f5f9b19,0,0,f,,,
ecd0660a-424a-4187-b748-1d1e37c4570e,Crawl failures detected for Dimension Data (NTT),Dimension Data (NTT) has failed 3 consecutive crawl attempts. The site may be unreachable or blocking automated crawlers. Consider excluding it from automated crawling.,crawl_health,Medium,2026-05-12 13:40:27.354694,,synozur.com,pending,,,,ceb5cd6a-1555-4439-b0e0-d15bac2583a1,,,d8017313-db5e-4e57-910c-95b19f5f9b19,0,0,f,,,
87f28bbb-0ea0-4226-af64-cf6e721c5494,Crawl failures detected for American Airlines,American Airlines has failed 3 consecutive crawl attempts. The site may be unreachable or blocking automated crawlers. Consider excluding it from automated crawling.,crawl_health,Medium,2026-05-13 06:42:29.7553,,synozur.com,pending,,,,75f7354c-542c-42b0-affa-5f22d7810122,,,723cb0a7-893c-4f36-b867-d6a207f2bfde,0,0,f,,,
53e4bdff-7de3-47ef-ace3-36c701479c7a,Crawl failures detected for Immix Group,Immix Group has failed 3 consecutive crawl attempts. The site may be unreachable or blocking automated crawlers. Consider excluding it from automated crawling.,crawl_health,Medium,2026-05-14 04:15:09.842463,,synozur.com,pending,,,,461d9fa1-3ea8-4d46-b0ea-88be2d20c112,,,188acbd9-121b-4b3f-b21b-37b4e46638e0,0,0,f,,,
d191a640-1e74-4e46-94c2-e7b272e58260,Crawl failures detected for Strategic Coach,Strategic Coach has failed 3 consecutive crawl attempts. The site may be unreachable or blocking automated crawlers. Consider excluding it from automated crawling.,crawl_health,Medium,2026-05-14 04:15:28.144074,,synozur.com,pending,,,,80484eba-8f6e-4110-a663-5ec1e852a39e,,,0a0caa0c-74f1-41e0-ae37-a070ed194772,0,0,f,,,
07a91b05-6e06-47e4-9e2e-049e97be420f,Crawl failures detected for American Airlines,American Airlines has failed 3 consecutive crawl attempts. The site may be unreachable or blocking automated crawlers. Consider excluding it from automated crawling.,crawl_health,Medium,2026-05-15 03:19:12.341717,,synozur.com,pending,,,,75f7354c-542c-42b0-affa-5f22d7810122,,,723cb0a7-893c-4f36-b867-d6a207f2bfde,0,0,f,,,
174efba2-3054-45db-96c8-304dc9b66e78,Crawl failures detected for Immix Group,Immix Group has failed 3 consecutive crawl attempts. The site may be unreachable or blocking automated crawlers. Consider excluding it from automated crawling.,crawl_health,Medium,2026-05-17 02:21:06.580767,,synozur.com,pending,,,,461d9fa1-3ea8-4d46-b0ea-88be2d20c112,,,188acbd9-121b-4b3f-b21b-37b4e46638e0,0,0,f,,,
e24d47df-e8fe-468c-84b9-5e704283a821,Crawl failures detected for American Airlines,American Airlines has failed 3 consecutive crawl attempts. The site may be unreachable or blocking automated crawlers. Consider excluding it from automated crawling.,crawl_health,Medium,2026-05-18 01:43:43.88332,,synozur.com,pending,,,,75f7354c-542c-42b0-affa-5f22d7810122,,,723cb0a7-893c-4f36-b867-d6a207f2bfde,0,0,f,,,
19c3dc75-0c7b-4791-9ae0-25592480b4ef,Crawl failures detected for Inn at the Market,Inn at the Market has failed 3 consecutive crawl attempts. The site may be unreachable or blocking automated crawlers. Consider excluding it from automated crawling.,crawl_health,Medium,2026-05-19 02:43:26.108821,,synozur.com,pending,,,,3a86239e-1848-417e-8ab9-2f7d942cb8c5,,,7e86ba11-1ba2-4853-a91b-bcd180e0ba0f,0,0,f,,,
c271beb3-931a-4179-b77e-ab9154103c64,Crawl failures detected for American Airlines,American Airlines has failed 3 consecutive crawl attempts. The site may be unreachable or blocking automated crawlers. Consider excluding it from automated crawling.,crawl_health,Medium,2026-05-19 12:44:26.5839,,synozur.com,pending,,,,75f7354c-542c-42b0-affa-5f22d7810122,,,723cb0a7-893c-4f36-b867-d6a207f2bfde,0,0,f,,,
e3e6a7c7-9ba4-4cc7-b6d5-d0de8d72ee44,Crawl failures detected for Pathway Services Inc.,Pathway Services Inc. has failed 3 consecutive crawl attempts. The site may be unreachable or blocking automated crawlers. Consider excluding it from automated crawling.,crawl_health,Medium,2026-05-20 12:09:49.773911,,synozur.com,pending,,,,7ebd58ea-5178-4335-98ca-28a09ae00d9d,,,872dde94-3e6c-4115-acdc-2c79b3276138,0,0,f,,,
a314374d-e72b-404f-8793-0ffe0343a9a0,Crawl failures detected for American Airlines,American Airlines has failed 3 consecutive crawl attempts. The site may be unreachable or blocking automated crawlers. Consider excluding it from automated crawling.,crawl_health,Medium,2026-05-21 01:56:02.545972,,synozur.com,pending,,,,75f7354c-542c-42b0-affa-5f22d7810122,,,723cb0a7-893c-4f36-b867-d6a207f2bfde,0,0,f,,,
93cda89f-b75e-43e9-bfe0-2dad5a9e1fdb,Crawl failures detected for Publicis Sapient,Publicis Sapient has failed 3 consecutive crawl attempts. The site may be unreachable or blocking automated crawlers. Consider excluding it from automated crawling.,crawl_health,Medium,2026-05-17 08:40:10.88183,,synozur.com,dismissed,,2026-07-04 14:59:50.487,,,,,,0,0,f,crawlfailuresdetectedforpublicissapient_crawl_health,already_done,116500d0-357e-4ace-a7af-7264ed58e22a
083a25dd-0bce-431d-acca-53db1252f183,Implement Transparent Fixed-Price Packaging Model and Messaging,"Develop and prominently communicate a clear, predictable pricing structure that addresses enterprise TCO concerns. Create pricing tiers with explicit inclusions (e.g., 'unlimited data volumes,' 'unlimited users,' 'all workload types included') and guarantee no surprise costs. Feature this pricing transparency on the homepage, in sales collateral, and during competitive evaluations. Consider messaging like 'Predictable investment, unlimited migration scope' or 'One engagement price regardless of content volume or complexity.' Document this approach in RFP response templates and train sales teams to lead with commercial clarity as a differentiation point against variable-cost competitors.",Messaging,High,2026-05-21 17:38:02.24637,609baf10-d7b7-4ad2-850c-bdb4a791eefd,synozur.com,pending,,,,,,,5428db01-79b3-4487-a2b2-0e63327f2510,0,0,f,,,
80f65390-92e7-4803-ac35-82467af1a0ae,Create 'AI-Ready Content Governance' Campaign Linking CAPP Membership to Copilot Security,"Develop a comprehensive content campaign explicitly connecting Helux's CAPP charter membership and THEMIS ICE AI capabilities to the urgent market demand for Copilot readiness and AI governance. Create assets including: (1) 'Copilot Security Readiness Assessment' service offering that audits what content AI can access, (2) thought leadership content on 'Controlling What Copilot Knows: The Migration Opportunity,' (3) case study format showing how content classification during migration prevents AI oversharing, (4) competitive sales battlecard positioning Helux's AI governance capabilities against competitors' reactive approaches. Integrate this messaging into all migration conversations as a primary business driver, not a technical feature.",Positioning,High,2026-05-21 17:38:02.846359,609baf10-d7b7-4ad2-850c-bdb4a791eefd,synozur.com,pending,,,,,,,5428db01-79b3-4487-a2b2-0e63327f2510,0,0,f,,,
4dc0bef8-3c9c-4a70-8931-31535d6e29f9,"Develop Vertical Industry Migration Playbooks for Financial Services, Healthcare, and Public Sector","Create industry-specific positioning and service packages targeting 3 high-value verticals: (1) Financial Services - emphasizing compliance frameworks (SOX, FINRA), retention policies, and audit trail preservation during migration; (2) Healthcare - highlighting HIPAA compliance, patient record integrity, and clinical workflow continuity; (3) Public Sector - focusing on records retention schedules, FOI/FOIA requirements, and government security certifications. For each vertical, develop: dedicated landing pages, industry-specific case studies, compliance mapping documents, vertical-tailored sales decks, and participation in industry conferences. Hire or partner with vertical specialists who can speak the compliance language of each sector.",Positioning,Medium,2026-05-21 17:38:03.045416,609baf10-d7b7-4ad2-850c-bdb4a791eefd,synozur.com,pending,,,,,,,5428db01-79b3-4487-a2b2-0e63327f2510,0,0,f,,,
4a8b5627-7694-42ba-9031-91e7cd3b2abe,Reframe Migration Value Proposition from Technical Execution to Business Transformation Outcomes,"Restructure all core messaging to lead with business outcomes rather than technical capabilities. Develop new narrative framework: 'Migration isn't about moving files - it's about unlocking institutional knowledge, enabling modern collaboration, and retiring technical debt that limits innovation.' Create executive-level content that articulates: (1) How content governance during migration reduces future operational costs, (2) How metadata enrichment accelerates employee productivity post-migration, (3) How legacy system retirement frees budget for innovation, (4) How improved findability drives better decision-making. Train sales teams to conduct business impact discussions before technical scoping, leading with transformation vision rather than migration mechanics.",Messaging,High,2026-05-21 17:38:03.245223,609baf10-d7b7-4ad2-850c-bdb4a791eefd,synozur.com,pending,,,,,,,5428db01-79b3-4487-a2b2-0e63327f2510,0,0,f,,,
e1a805fb-8a3e-427a-921d-624b2949bff5,Establish Quantified Service Excellence Program with Published SLAs and Customer Success Metrics,"Develop and prominently feature concrete service commitments including: guaranteed response times for support inquiries, documented escalation procedures, published customer satisfaction scores, named customer success manager assignments for enterprise clients, and post-migration support windows. Create a 'Service Excellence' page showcasing: client testimonial videos, average project delivery timelines by migration complexity, customer retention rates, and support team credentials. Consider implementing and promoting formal certifications for implementation team (Microsoft certifications, project management credentials). Differentiate on service quality with specific, measurable commitments rather than generic 'expert team' claims.",Messaging,Medium,2026-05-21 17:38:03.44526,609baf10-d7b7-4ad2-850c-bdb4a791eefd,synozur.com,pending,,,,,,,5428db01-79b3-4487-a2b2-0e63327f2510,0,0,f,,,
b191adfd-816a-47db-a236-9f6b45dcd10c,Launch 'SharePoint 2026 End-of-Life Migration Accelerator' Campaign,"Create an urgency-driven content and service campaign specifically targeting organizations running SharePoint Server 2016/2019 facing the July 2026 end-of-support deadline. Develop a dedicated landing page, calculator tool estimating migration timeline based on content volume, and a series of educational assets (webinar, checklist, assessment framework) positioning Helux as the trusted partner for time-sensitive migrations. Include a 'Migration Readiness Score' self-assessment that captures leads while providing value. Promote through LinkedIn with countdown messaging ('18 months until SharePoint 2019 EOL') and case studies showing accelerated migration timelines.",Content,High,2026-05-21 18:02:11.92626,116500d0-357e-4ace-a7af-7264ed58e22a,synozur.com,pending,,,,,,,5428db01-79b3-4487-a2b2-0e63327f2510,0,0,f,,,
1a181930-b8e4-4fbf-865e-04c3346d1aba,Publish 'THEMIS Platform Capabilities Datasheet' with Technical Connector Matrix,"Create a detailed technical specification document showcasing THEMIS product suite capabilities with specific focus on: supported source/target systems (create a connector matrix comparing to Xillio's 60+ connectors), processing volumes/throughput benchmarks, governance features enabled by CAPP Charter integration, and AI/ML capabilities in THEMIS ICE. Include architecture diagrams, API documentation snippets, and integration points with Microsoft Syntex/Purview. Position this as a technical sales enablement tool and gated content asset that demonstrates platform depth to technical evaluators and systems integrators.",Positioning,High,2026-05-21 18:02:11.96222,116500d0-357e-4ace-a7af-7264ed58e22a,synozur.com,pending,,,,,,,5428db01-79b3-4487-a2b2-0e63327f2510,0,0,f,,,
ecc33b10-dc7a-45eb-a4f2-98665ca803f7,Create 'Migration Volume Milestone' Social Proof Campaign,"Develop quantified achievement metrics for social proof: calculate total data volume migrated across 12+ years (petabytes), total number of migration projects completed, aggregate user seats migrated, and average project duration/success rate. Create visual infographics comparing these metrics to industry benchmarks and publish as a quarterly 'by the numbers' update series on LinkedIn. Include individual milestone announcements ('1 Petabyte Migrated,' '100th Successful Migration') with anonymized case study snapshots. Establish a running counter on the website homepage showing cumulative migration volume and active projects.",Messaging,High,2026-05-21 18:02:11.995783,116500d0-357e-4ace-a7af-7264ed58e22a,synozur.com,pending,,,,,,,5428db01-79b3-4487-a2b2-0e63327f2510,0,0,f,,,
f308bbda-5a3a-4921-a85d-2d9b554e7300,Develop 'Shadow AI Risk Assessment' Service Linked to Content Governance,"Create a packaged consulting offering that assesses organizational exposure to AI security risks through ungoverned content: scanning for overshared documents, external sharing patterns, stale permissions, and sensitive data exposure that becomes accessible to Copilot. Position this as a prerequisite assessment before Copilot deployment, leveraging THEMIS ICE's intelligent classification capabilities and CAPP governance expertise. Develop a 'Shadow AI Exposure Score' deliverable showing quantified risk metrics (percentage of content with external access, sensitive documents without classification, orphaned permissions). Market this through LinkedIn content warning about 'Copilot security gaps' and positioning Helux as the governance expert who prevents AI-driven data leakage.",Positioning,High,2026-05-21 18:02:12.028968,116500d0-357e-4ace-a7af-7264ed58e22a,synozur.com,pending,,,,,,,5428db01-79b3-4487-a2b2-0e63327f2510,0,0,f,,,
7435c7ee-c1e8-4c5b-b6ba-83bf7d852c7c,Establish 'Canadian Data Sovereignty & Compliance' Differentiation Narrative,"Develop messaging and content assets specifically addressing Canadian data residency requirements, provincial privacy legislation (PIPEDA, Quebec Law 25), and cross-border data governance for public sector and regulated industries. Create a whitepaper on 'Microsoft 365 Tenant Architecture for Canadian Compliance' highlighting Helux's Canadian ownership, local delivery teams, and understanding of Canadian regulatory landscape. Position against multinational competitors by emphasizing data remaining within Canadian jurisdiction during migration, Canadian-based support, and familiarity with federal/provincial procurement requirements. Target this messaging to government, healthcare, and financial services sectors where data sovereignty is a procurement criterion.",Positioning,Medium,2026-05-21 18:02:12.063251,116500d0-357e-4ace-a7af-7264ed58e22a,synozur.com,pending,,,,,,,5428db01-79b3-4487-a2b2-0e63327f2510,0,0,f,,,
bccb849d-7f95-4ca5-9a98-15ba100f56e4,Crawl failures detected for American Airlines,American Airlines has failed 3 consecutive crawl attempts. The site may be unreachable or blocking automated crawlers. Consider excluding it from automated crawling.,crawl_health,Medium,2026-05-22 05:57:05.445729,,synozur.com,pending,,,,75f7354c-542c-42b0-affa-5f22d7810122,,,723cb0a7-893c-4f36-b867-d6a207f2bfde,0,0,f,,,
bc07da45-4f50-4376-bf98-4c5f04ca7bc8,Crawl failures detected for Immix Group,Immix Group has failed 3 consecutive crawl attempts. The site may be unreachable or blocking automated crawlers. Consider excluding it from automated crawling.,crawl_health,Medium,2026-05-23 09:33:33.908493,,synozur.com,pending,,,,461d9fa1-3ea8-4d46-b0ea-88be2d20c112,,,188acbd9-121b-4b3f-b21b-37b4e46638e0,0,0,f,,,
bd40007b-d995-45d0-a410-2dc9bf512315,Crawl failures detected for Smarsh,Smarsh has failed 3 consecutive crawl attempts. The site may be unreachable or blocking automated crawlers. Consider excluding it from automated crawling.,crawl_health,Medium,2026-05-24 05:38:43.900206,,reveillesoftware.com,pending,,,,080b5d8a-1101-4b6d-920c-66f2b90fc480,,,5232feeb-8671-489f-ab07-e9d7310f0a3f,0,0,f,,,
fa3c335f-7f67-4ba6-bc1b-7bb71ef3d37d,Crawl failures detected for American Airlines,American Airlines has failed 3 consecutive crawl attempts. The site may be unreachable or blocking automated crawlers. Consider excluding it from automated crawling.,crawl_health,Medium,2026-05-24 16:49:58.499041,,synozur.com,pending,,,,75f7354c-542c-42b0-affa-5f22d7810122,,,723cb0a7-893c-4f36-b867-d6a207f2bfde,0,0,f,,,
a1917839-de6a-43ab-bff1-c76533f6073b,Crawl failures detected for Capgemini,Capgemini has failed 3 consecutive crawl attempts. The site may be unreachable or blocking automated crawlers. Consider excluding it from automated crawling.,crawl_health,Medium,2026-05-25 14:39:59.798304,,synozur.com,pending,,,,8bf1eca6-4b8f-48b8-ae40-37f4ee0f1e39,,,d8017313-db5e-4e57-910c-95b19f5f9b19,0,0,f,,,
f141929e-ed4e-4b29-a329-27730a1d062e,Crawl failures detected for American Airlines,American Airlines has failed 3 consecutive crawl attempts. The site may be unreachable or blocking automated crawlers. Consider excluding it from automated crawling.,crawl_health,Medium,2026-05-26 06:42:22.201283,,synozur.com,pending,,,,75f7354c-542c-42b0-affa-5f22d7810122,,,723cb0a7-893c-4f36-b867-d6a207f2bfde,0,0,f,,,
b1dbe214-b1fb-45aa-8389-83e893840f0e,Crawl failures detected for American Airlines,American Airlines has failed 3 consecutive crawl attempts. The site may be unreachable or blocking automated crawlers. Consider excluding it from automated crawling.,crawl_health,Medium,2026-05-28 02:03:46.489557,,synozur.com,pending,,,,75f7354c-542c-42b0-affa-5f22d7810122,,,723cb0a7-893c-4f36-b867-d6a207f2bfde,0,0,f,,,
15365390-68ab-474c-a849-b76a85575b7c,Crawl failures detected for Accenture,Accenture has failed 3 consecutive crawl attempts. The site may be unreachable or blocking automated crawlers. Consider excluding it from automated crawling.,crawl_health,Medium,2026-05-29 10:51:37.836072,,synozur.com,pending,,,,e6dea3d9-60b9-4cc9-b352-484da0c08f53,,,d8017313-db5e-4e57-910c-95b19f5f9b19,0,0,f,,,
588df8ff-851f-4929-87f9-5fe1dda3f039,Crawl failures detected for Google (Alphabet),Google (Alphabet) has failed 3 consecutive crawl attempts. The site may be unreachable or blocking automated crawlers. Consider excluding it from automated crawling.,crawl_health,Medium,2026-05-30 15:02:29.473632,,synozur.com,pending,,,,d8d80c25-dd6b-4066-b470-63da43bb0d8b,,,2e7dced4-517d-4271-99d6-dffdeff64c66,0,0,f,,,
41540a6c-ab7a-4478-9480-00c30ddf5306,Crawl failures detected for American Airlines,American Airlines has failed 3 consecutive crawl attempts. The site may be unreachable or blocking automated crawlers. Consider excluding it from automated crawling.,crawl_health,Medium,2026-05-31 01:55:55.093825,,synozur.com,pending,,,,75f7354c-542c-42b0-affa-5f22d7810122,,,723cb0a7-893c-4f36-b867-d6a207f2bfde,0,0,f,,,
2512dbb9-874a-46fc-a4fe-374785a582b5,Crawl failures detected for Google (Alphabet),Google (Alphabet) has failed 3 consecutive crawl attempts. The site may be unreachable or blocking automated crawlers. Consider excluding it from automated crawling.,crawl_health,Medium,2026-05-31 06:17:51.473952,,synozur.com,pending,,,,d8d80c25-dd6b-4066-b470-63da43bb0d8b,,,2e7dced4-517d-4271-99d6-dffdeff64c66,0,0,f,,,
f19573cc-c6f8-493b-9b39-fbc4446cd65a,Crawl failures detected for Immix Group,Immix Group has failed 3 consecutive crawl attempts. The site may be unreachable or blocking automated crawlers. Consider excluding it from automated crawling.,crawl_health,Medium,2026-05-31 07:54:35.274566,,synozur.com,pending,,,,461d9fa1-3ea8-4d46-b0ea-88be2d20c112,,,188acbd9-121b-4b3f-b21b-37b4e46638e0,0,0,f,,,
4db754aa-d594-46e6-a79b-315b805c86be,Establish Thought Leadership in AI-Driven Drug Discovery,"Develop and prominently feature messaging around Takeda's technological capabilities in drug discovery and development, specifically highlighting AI/ML applications, computational biology, data analytics platforms, or digital innovation in R&D processes. Create a distinct technology narrative similar to Amgen's 'AI-enabled drug discovery' and 'generative biology' positioning. This should include specific technology platform names, partnerships with tech companies, or proprietary methodologies that differentiate Takeda's innovation approach beyond traditional pharmaceutical development.",Positioning,High,2026-06-05 13:50:37.700115,116500d0-357e-4ace-a7af-7264ed58e22a,synozur.com,pending,,,,,,,f0bcbd9a-e68c-4dfc-87d8-d0adc9660f51,0,0,f,,,
5ddc02d2-4aad-4f6f-8dea-9ba440a646f2,Develop Focused Therapeutic Authority Positioning,"Restructure therapeutic area messaging to establish clear hierarchy and leadership claims rather than equal-weight listing. Identify 1-2 therapeutic areas where Takeda can claim distinctive leadership (e.g., 'global leader in plasma-derived therapies' or 'rare disease innovation pioneers') and build primary positioning around these strengths. Secondary therapeutic areas should be positioned as supporting capabilities rather than co-equal focus areas. Include specific achievements, market positions, or unique capabilities that substantiate leadership claims in chosen focus areas.",Messaging,High,2026-06-05 13:50:37.728463,116500d0-357e-4ace-a7af-7264ed58e22a,synozur.com,pending,,,,,,,f0bcbd9a-e68c-4dfc-87d8-d0adc9660f51,0,0,f,,,
d4670c27-015e-48f4-b8be-3d0d64136876,Integrate Purpose-Driven Social Impact Narrative,"Develop and integrate explicit purpose-driven messaging that connects Takeda's work to broader social impact beyond product development. This should include quantifiable commitments to health equity, patient access programs, community health initiatives, or disease awareness campaigns. Create messaging frameworks that position medicines within a larger purpose narrative (e.g., 'advancing health equity in rare diseases' or 'eliminating barriers to treatment access'). Include specific metrics or program names that demonstrate commitment beyond pharmaceutical manufacturing.",Messaging,High,2026-06-05 13:50:37.750447,116500d0-357e-4ace-a7af-7264ed58e22a,synozur.com,pending,,,,,,,f0bcbd9a-e68c-4dfc-87d8-d0adc9660f51,0,0,f,,,
18e5df0a-2937-4800-9bef-2c40261a7493,Showcase Patient Support Ecosystem Beyond Medication,"Develop messaging around comprehensive patient support services, adherence programs, disease management tools, or care coordination offerings that extend beyond pharmaceutical products. Create branded program names (similar to Novo Nordisk's 'NovoCare® services') and integrate these into core value proposition messaging. Highlight digital health tools, patient education resources, financial assistance programs, or care navigation services that demonstrate Takeda's commitment to holistic patient outcomes rather than just medication delivery.",Features,Medium,2026-06-05 13:50:37.772723,116500d0-357e-4ace-a7af-7264ed58e22a,synozur.com,pending,,,,,,,f0bcbd9a-e68c-4dfc-87d8-d0adc9660f51,0,0,f,,,
cf3b14af-1006-4ac0-8e46-2ce6ec7d8174,Leverage Third-Party Validation and Measurable Achievements,"Identify and integrate specific external recognition, industry rankings, awards, or quantifiable achievements into positioning statements. This could include market leadership positions (e.g., 'top 3 in plasma-derived therapies globally'), industry awards, regulatory milestones, clinical trial successes, or inclusion in prestigious indices. Create credibility markers similar to Amgen's 'Dow Jones Industrial Average' inclusion or Gilead's '#1 funder' claim that provide concrete evidence of Takeda's standing and capabilities.",Positioning,Medium,2026-06-05 13:50:37.794954,116500d0-357e-4ace-a7af-7264ed58e22a,synozur.com,pending,,,,,,,f0bcbd9a-e68c-4dfc-87d8-d0adc9660f51,0,0,f,,,
78326b37-3400-44a5-b081-fd1ab3889908,Quantify Health Equity Impact with Concrete Metrics,"Develop and prominently communicate specific, measurable health equity achievements similar to Gilead's '#1 funder of philanthropic HIV programs' positioning. Create dedicated metrics around patient access programs, geographic reach in underserved communities, affordability initiatives, and number of patients served through access programs. Transform aspirational 'commitment to patients, people, and planet' messaging into demonstrable impact statements with annual targets and progress reporting.",Messaging,High,2026-06-05 13:54:45.506404,116500d0-357e-4ace-a7af-7264ed58e22a,synozur.com,pending,,,,,,,f0bcbd9a-e68c-4dfc-87d8-d0adc9660f51,0,0,f,,,
a6e1ece9-c20d-43d4-a484-6c6305036de1,Position Plasma-Derived Therapy Manufacturing as Strategic Moat,"Elevate plasma collection network, complex manufacturing capabilities, and supply chain expertise as a core competitive differentiator that creates barriers to entry competitors cannot easily replicate. Develop messaging around operational excellence in plasma-derived therapies, donor network scale, quality systems, and manufacturing sophistication. Create content showcasing the end-to-end ecosystem from donor care to patient delivery, similar to how Amgen highlights 'reliable supply chain' and 'trustworthy operations' as strategic advantages.",Positioning,Medium,2026-06-05 13:54:45.530933,116500d0-357e-4ace-a7af-7264ed58e22a,synozur.com,pending,,,,,,,f0bcbd9a-e68c-4dfc-87d8-d0adc9660f51,0,0,f,,,
4faebee0-fb95-442f-abb2-53dc124bacd1,Create Pipeline Visibility Campaign for Innovation Momentum,"Develop systematic communication about pipeline depth, upcoming breakthrough therapies, and R&D focus areas to demonstrate innovation momentum and future growth trajectory. Model after Novo Nordisk's specific pipeline drug mentions (CagriSema, zenagamtide) and AbbVie's 'sustained innovation' narrative. Create quarterly pipeline updates, therapeutic area innovation spotlights, and forward-looking R&D stories that give investors and scientific community visibility into Takeda's innovation engine beyond current marketed products.",Content,Medium,2026-06-05 13:54:45.554776,116500d0-357e-4ace-a7af-7264ed58e22a,synozur.com,pending,,,,,,,f0bcbd9a-e68c-4dfc-87d8-d0adc9660f51,0,0,f,,,
49a73b48-74ea-4be4-9017-efc5ce5a8d2d,Develop Gastroenterology Domain Authority Brand,"Establish Takeda as the definitive leader in gastroenterology and GI diseases through focused thought leadership, scientific congress presence, HCP education programs, and patient community engagement. Create a dedicated GI innovation narrative that positions Takeda similarly to how Novo Nordisk owns cardiometabolic/obesity and Gilead dominates virology. Develop signature initiatives, research partnerships, and advocacy programs that make Takeda synonymous with GI expertise and innovation, concentrating resources to claim leadership in one therapeutic domain rather than spreading across six areas.",Positioning,High,2026-06-05 13:54:45.579494,116500d0-357e-4ace-a7af-7264ed58e22a,synozur.com,pending,,,,,,,f0bcbd9a-e68c-4dfc-87d8-d0adc9660f51,0,0,f,,,
9663e93f-d5f6-49d7-a0fe-827f4318ed93,Integrate Digital Health and Technology Enablement Narrative,"Infuse messaging with digital transformation, computational biology, data science capabilities, and technology-enabled R&D platforms to counterbalance heritage-focused positioning. Highlight investments in AI/ML for drug discovery, digital therapeutics partnerships, real-world evidence platforms, and technology infrastructure that supports modern drug development. Create content showcasing how Takeda combines 240+ years of pharmaceutical expertise with cutting-edge digital capabilities, similar to Amgen's prominent positioning of 'AI-enabled drug discovery' and 'generative biology' as core differentiators.",Messaging,High,2026-06-05 13:54:45.602941,116500d0-357e-4ace-a7af-7264ed58e22a,synozur.com,pending,,,,,,,f0bcbd9a-e68c-4dfc-87d8-d0adc9660f51,0,0,f,,,
4f172ee0-baad-41b1-b696-cabce561eaf9,Crawl failures detected for AbbVie,AbbVie has failed 3 consecutive crawl attempts. The site may be unreachable or blocking automated crawlers. Consider excluding it from automated crawling.,crawl_health,Medium,2026-06-05 15:47:10.729109,,synozur.com,pending,,,,0f464ba2-d50a-4779-8705-4230567c8a9a,,,f0bcbd9a-e68c-4dfc-87d8-d0adc9660f51,0,0,f,,,
d36b341a-a126-450a-92f5-2cb4a79105db,Crawl failures detected for Immix Group,Immix Group has failed 3 consecutive crawl attempts. The site may be unreachable or blocking automated crawlers. Consider excluding it from automated crawling.,crawl_health,Medium,2026-06-06 16:27:28.73792,,synozur.com,pending,,,,461d9fa1-3ea8-4d46-b0ea-88be2d20c112,,,188acbd9-121b-4b3f-b21b-37b4e46638e0,0,0,f,,,
54baaf57-433a-4d4a-84b9-b4aa64cd316a,Crawl failures detected for American Airlines,American Airlines has failed 3 consecutive crawl attempts. The site may be unreachable or blocking automated crawlers. Consider excluding it from automated crawling.,crawl_health,Medium,2026-06-06 17:21:47.639835,,synozur.com,pending,,,,75f7354c-542c-42b0-affa-5f22d7810122,,,723cb0a7-893c-4f36-b867-d6a207f2bfde,0,0,f,,,
346e9818-5430-4871-a21a-ca9a86bb4099,Crawl failures detected for Smarsh,Smarsh has failed 3 consecutive crawl attempts. The site may be unreachable or blocking automated crawlers. Consider excluding it from automated crawling.,crawl_health,Medium,2026-06-08 13:15:23.743459,,reveillesoftware.com,pending,,,,080b5d8a-1101-4b6d-920c-66f2b90fc480,,,5232feeb-8671-489f-ab07-e9d7310f0a3f,0,0,f,,,
bd5948f2-f303-4ee3-9b69-9023b8e15798,Establish a Professional Partnership Network with Dermatologists and Medical Spas,"Develop a dual-distribution strategy by creating a certified professional partner program for dermatologists, medical spas, and aesthetic clinics. This should include exclusive professional-grade product lines, staff training programs, and co-marketing materials. Implement a 'physician-recommended' certification process where qualified medical professionals can become authorized providers, similar to ZO Skin Health's physician-dispensed model and SkinCeuticals' dermatologist partnership approach.",Positioning,High,2026-06-09 01:49:23.790998,116500d0-357e-4ace-a7af-7264ed58e22a,synozur.com,pending,,,,,,,a95efa43-f0a9-4ae4-8488-1fe8bff8b529,0,0,f,,,
2251d23a-db10-482f-ab4a-599cd7cb5f8b,Commission Independent Clinical Studies and Publish Results in Peer-Reviewed Journals,"Invest in third-party clinical trials for top 3-5 flagship products, measuring quantifiable outcomes (wrinkle reduction percentages, hydration improvements, skin tone evenness) using standardized dermatological assessment tools. Partner with academic institutions or independent research organizations to ensure credibility. Publish findings in peer-reviewed dermatology journals and prominently feature study results on product pages with specific data points (e.g., '94% showed improvement in fine lines after 12 weeks').",Messaging,High,2026-06-09 01:49:24.091197,116500d0-357e-4ace-a7af-7264ed58e22a,synozur.com,pending,,,,,,,a95efa43-f0a9-4ae4-8488-1fe8bff8b529,0,0,f,,,
9a45d64f-a94c-424c-ab47-573150e3edb2,Create Proprietary Technology Platforms with Branded Ingredient Systems,"Develop and trademark proprietary delivery systems, ingredient complexes, or formulation technologies that go beyond commodity ingredients. Create branded technology names (similar to Revision's 'DEJ technology' or ZO's 'Triple-Spectrum Protection') and build comprehensive educational content explaining the science, benefits, and uniqueness of these systems. Register relevant patents or trademarks to establish IP ownership and create marketing materials that position these as breakthrough innovations unavailable from competitors.",Messaging,High,2026-06-09 01:49:24.390815,116500d0-357e-4ace-a7af-7264ed58e22a,synozur.com,pending,,,,,,,a95efa43-f0a9-4ae4-8488-1fe8bff8b529,0,0,f,,,
960fa148-8203-400b-b4b3-e81655c008de,Launch a Multi-Tier Membership and Auto-Replenishment Program,"Develop a comprehensive loyalty ecosystem with three tiers: (1) Basic auto-replenishment with 10-15% savings and free shipping, (2) VIP membership with exclusive product access, points rewards, and quarterly skincare consultations, and (3) Professional tier for licensed aestheticians/dermatologists with wholesale pricing and continuing education credits. Integrate with existing rewards platforms like Allē if applicable, or create a proprietary points system where customers earn rewards for purchases, referrals, reviews, and educational engagement.",Features,Medium,2026-06-09 01:49:24.690473,116500d0-357e-4ace-a7af-7264ed58e22a,synozur.com,pending,,,,,,,a95efa43-f0a9-4ae4-8488-1fe8bff8b529,0,0,f,,,
22008678-d994-4a44-b7a4-773b92c82b06,Crawl failures detected for Cakebread Cellars,Cakebread Cellars has failed 3 consecutive crawl attempts. The site may be unreachable or blocking automated crawlers. Consider excluding it from automated crawling.,crawl_health,Medium,2026-06-09 16:20:50.152391,,synozur.com,pending,,,,bcbf9088-7dbc-40da-af77-a6c63cbee3d9,,,fd07e8e6-04ec-4d59-bd3d-04ed0e567c12,0,0,f,,,
9d83d8b8-af94-42d2-bbd8-b3a8869d5882,Crawl failures detected for Immix Group,Immix Group has failed 3 consecutive crawl attempts. The site may be unreachable or blocking automated crawlers. Consider excluding it from automated crawling.,crawl_health,Medium,2026-06-12 09:06:58.74382,,synozur.com,pending,,,,461d9fa1-3ea8-4d46-b0ea-88be2d20c112,,,188acbd9-121b-4b3f-b21b-37b4e46638e0,0,0,f,,,
a0a00249-8b62-458d-8778-bf360498bdd7,Crawl failures detected for McKinsey & Company,McKinsey & Company has failed 3 consecutive crawl attempts. The site may be unreachable or blocking automated crawlers. Consider excluding it from automated crawling.,crawl_health,Medium,2026-05-24 08:00:07.601146,,synozur.com,dismissed,,2026-07-04 14:59:50.392,,,,,,0,0,f,crawlfailuresdetectedformckinseycompany_crawl_health,already_done,116500d0-357e-4ace-a7af-7264ed58e22a
a65050d1-1989-487d-bd3e-0c07c74ed78b,Crawl failures detected for Bain & Company,Bain & Company has failed 3 consecutive crawl attempts. The site may be unreachable or blocking automated crawlers. Consider excluding it from automated crawling.,crawl_health,Medium,2026-05-19 06:49:04.98757,,synozur.com,dismissed,,2026-07-04 14:59:50.437,,,,,,0,0,f,crawlfailuresdetectedforbaincompany_crawl_health,already_done,116500d0-357e-4ace-a7af-7264ed58e22a
39f2e7b4-1031-4f71-8faf-eb6f87bf49cf,Crawl failures detected for Boston Consulting Group (BCG),Boston Consulting Group (BCG) has failed 3 consecutive crawl attempts. The site may be unreachable or blocking automated crawlers. Consider excluding it from automated crawling.,crawl_health,Medium,2026-05-16 20:59:10.282708,,synozur.com,dismissed,,2026-07-04 14:59:50.536,,,,,,0,0,f,crawlfailuresdetectedforbostonconsultinggroupbcg_crawl_health,already_done,116500d0-357e-4ace-a7af-7264ed58e22a
b2dc6397-0fd4-48f0-9072-5fade1e4971b,Crawl failures detected for McKinsey & Company,McKinsey & Company has failed 3 consecutive crawl attempts. The site may be unreachable or blocking automated crawlers. Consider excluding it from automated crawling.,crawl_health,Medium,2026-05-10 05:08:35.81288,,synozur.com,dismissed,,2026-07-04 14:59:50.641,,,,,,0,0,f,crawlfailuresdetectedformckinseycompany_crawl_health,already_done,116500d0-357e-4ace-a7af-7264ed58e22a
bfbe1290-1c69-42bf-bc22-f1904243967e,Crawl failures detected for Bain & Company,Bain & Company has failed 3 consecutive crawl attempts. The site may be unreachable or blocking automated crawlers. Consider excluding it from automated crawling.,crawl_health,Medium,2026-05-09 18:05:33.570008,,synozur.com,dismissed,,2026-07-04 14:59:50.688,,,,,,0,0,f,crawlfailuresdetectedforbaincompany_crawl_health,already_done,116500d0-357e-4ace-a7af-7264ed58e22a
e8aa3398-6889-49dd-8e8f-d2e6b730b543,Crawl failures detected for Bain & Company,Bain & Company has failed 3 consecutive crawl attempts. The site may be unreachable or blocking automated crawlers. Consider excluding it from automated crawling.,crawl_health,Medium,2026-05-08 16:43:30.969758,,synozur.com,dismissed,,2026-07-04 14:59:50.737,,,,,,0,0,f,crawlfailuresdetectedforbaincompany_crawl_health,already_done,116500d0-357e-4ace-a7af-7264ed58e22a
da072ef7-dc6f-4630-a37d-3422cbc4c186,Crawl failures detected for McKinsey & Company,McKinsey & Company has failed 3 consecutive crawl attempts. The site may be unreachable or blocking automated crawlers. Consider excluding it from automated crawling.,crawl_health,Medium,2026-05-05 22:29:15.054423,,synozur.com,dismissed,,2026-07-04 14:59:50.834,,,,,,0,0,f,crawlfailuresdetectedformckinseycompany_crawl_health,already_done,116500d0-357e-4ace-a7af-7264ed58e22a
f3cf7c35-5188-4da3-8225-1f3758836587,Develop Founder Authority Story or Scientific Advisory Board Featuring Credentialed Dermatologists,"Either amplify existing founder credentials (if applicable) or establish a Scientific Advisory Board of board-certified dermatologists, cosmetic chemists, and skincare researchers. Create dedicated 'Our Science' and 'Expert Team' content featuring bios, credentials, and thought leadership from these experts. Produce regular educational content (blog posts, videos, social media) where advisory board members explain skincare science, validate product efficacy, and build brand authority. If founders lack medical credentials, position advisors as the scientific backbone of formulation development.",Positioning,Medium,2026-06-09 01:49:24.89072,116500d0-357e-4ace-a7af-7264ed58e22a,synozur.com,pending,,,,,,,a95efa43-f0a9-4ae4-8488-1fe8bff8b529,0,0,f,,,
67a6c420-2085-473b-b089-444044d2cddd,Develop 'Founders' Evolution Story' Brand Narrative,"Create a comprehensive brand story that explicitly answers: 'After building iS Clinical into an award-winning professional brand, why did the founders create ICON?' Position ICON as the founders' next chapter—what they learned from 20+ years in clinical skincare, what frustrated them about the professional-only model, and how ICON represents their vision for democratizing clinical efficacy. Develop a narrative framework around 'Clinical Wisdom, Simplified Access' that honors the iS Clinical legacy while clearly differentiating ICON's mission. Include founder profiles, a timeline showing the evolution from iS Clinical to ICON, and specific examples of how professional-grade science was adapted for direct consumer use.",Messaging,High,2026-06-09 01:54:20.391853,116500d0-357e-4ace-a7af-7264ed58e22a,synozur.com,pending,,,,,,,1d70e3b8-1fc9-4c26-a4ea-194832396b83,0,0,f,,,
f4531c06-149a-4b2d-a241-1e25d05d7cfb,Create 'Simplified Clinical Science' Educational Framework,"Develop a proprietary educational methodology that translates complex clinical skincare into actionable consumer guidance. Build content around three pillars: (1) 'Clinical Translation'—explaining professional skincare science in accessible terms, (2) 'Routine Architecture'—teaching how to build simplified yet effective regimens, and (3) 'Ingredient Intelligence'—demystifying clinical ingredients without requiring ingredient expertise. Create content formats including: comparison guides showing ICON's simplified approach vs. complex professional protocols, visual ingredient education (inspired by The Ordinary's transparency but focused on practical outcomes), and before/after case studies demonstrating clinical results through simplified routines.",Content,High,2026-06-09 01:54:20.591563,116500d0-357e-4ace-a7af-7264ed58e22a,synozur.com,pending,,,,,,,1d70e3b8-1fc9-4c26-a4ea-194832396b83,0,0,f,,,
da942cef-0dd8-4960-99ad-dc1dfd3065ed,"Define 'Hybrid Professional-DTC' Channel Strategy with 'Professional Pedigree, Consumer Access' Positioning","Clarify ICON's relationship with the professional channel by creating a hybrid model: maintain credibility through select dermatologist and esthetician endorsements/education (leveraging iS Clinical founder connections) while keeping direct consumer access. Position as 'Professional-Grade, Professionally Informed, Personally Accessible'—products formulated to professional standards, with insights from professional partnerships, but available directly to consumers. Develop a 'ICON Professional Insights' program where select skincare professionals provide education and validation without gatekeeping product access. Clearly communicate this hybrid approach versus pure DTC (The Ordinary) or professional-only (PCA SKIN) models.",Positioning,High,2026-06-09 01:54:20.791757,116500d0-357e-4ace-a7af-7264ed58e22a,synozur.com,pending,,,,,,,1d70e3b8-1fc9-4c26-a4ea-194832396b83,0,0,f,,,
0114e325-604a-420e-8858-618d4f50a6b9,Establish 'Transparent Simplification' as Signature Ingredient Philosophy,"Create a proprietary framework that makes 'simplification' tangible and defensible: develop product formulation principles showing how ICON achieves clinical efficacy with streamlined ingredient lists (e.g., 'maximum 15 ingredients per product,' 'multi-functional active ingredients,' 'elimination of redundant fillers'). Create visual comparison tools showing ICON formulas vs. typical clinical skincare complexity. Develop a 'simplification scoring system' that rates products on efficacy-to-complexity ratio. Position this as 'Simplified Clinical Formulation™'—a proprietary approach to maximizing results while minimizing formulation complexity, directly contrasting with competitors' increasingly complex formulations.",Features,Medium,2026-06-09 01:54:20.991892,116500d0-357e-4ace-a7af-7264ed58e22a,synozur.com,pending,,,,,,,1d70e3b8-1fc9-4c26-a4ea-194832396b83,0,0,f,,,
e9c221ff-c900-4974-9e9d-829be8f78049,Develop 'Clinical Value Tier' Pricing Position with Transparent Value Communication,"Establish clear price-value positioning as 'Mid-Premium Clinical'—positioned between accessible brands (The Ordinary) and ultra-premium professional brands (iS Clinical, SkinCeuticals). Create transparent value communication showing: cost comparison of ICON vs. professional-channel equivalents, cost-per-result analysis demonstrating value despite mid-premium pricing, and education on 'professional-grade formulation at optimized pricing' (lower overhead from DTC model, simplified formulations reducing production costs). Develop messaging around 'Clinical efficacy without clinical pricing'—making professional-grade accessible without sacrificing quality or positioning as 'budget' skincare.",Positioning,Medium,2026-06-09 01:54:21.491752,116500d0-357e-4ace-a7af-7264ed58e22a,synozur.com,pending,,,,,,,1d70e3b8-1fc9-4c26-a4ea-194832396b83,0,0,f,,,
65b2b0ae-04ba-4ded-af03-16f9f030c3ee,Crawl failures detected for Google (Alphabet),Google (Alphabet) has failed 3 consecutive crawl attempts. The site may be unreachable or blocking automated crawlers. Consider excluding it from automated crawling.,crawl_health,Medium,2026-06-09 10:11:31.209628,,synozur.com,pending,,,,d8d80c25-dd6b-4066-b470-63da43bb0d8b,,,2e7dced4-517d-4271-99d6-dffdeff64c66,0,0,f,,,
e6a29a3f-7d20-4bcd-ba21-0a9c33b59a35,Crawl failures detected for SkinCeuticals,SkinCeuticals has failed 3 consecutive crawl attempts. The site may be unreachable or blocking automated crawlers. Consider excluding it from automated crawling.,crawl_health,Medium,2026-06-09 13:11:12.909664,,synozur.com,pending,,,,f341e0f0-e310-4235-b2df-387585624c06,,,1d70e3b8-1fc9-4c26-a4ea-194832396b83,0,0,f,,,
4047b1ed-21e2-4381-9f07-b0a70fb7e9f8,Crawl failures detected for Immix Group,Immix Group has failed 3 consecutive crawl attempts. The site may be unreachable or blocking automated crawlers. Consider excluding it from automated crawling.,crawl_health,Medium,2026-06-09 13:14:49.710023,,synozur.com,pending,,,,461d9fa1-3ea8-4d46-b0ea-88be2d20c112,,,188acbd9-121b-4b3f-b21b-37b4e46638e0,0,0,f,,,
12227b52-999e-427f-9a67-c09e78641444,Crawl failures detected for American Airlines,American Airlines has failed 3 consecutive crawl attempts. The site may be unreachable or blocking automated crawlers. Consider excluding it from automated crawling.,crawl_health,Medium,2026-06-09 14:30:51.609319,,synozur.com,pending,,,,75f7354c-542c-42b0-affa-5f22d7810122,,,723cb0a7-893c-4f36-b867-d6a207f2bfde,0,0,f,,,
a7612f48-6f67-48a4-9600-d000b9046191,Cut zero-click publishing and reallocate output to proven themes,"Pause the campaigns and content types that produced 0 clicks despite meaningful volume: '(no campaign)' (424 posts), 'AI Q2 2026 LinkedIn' (88), 'Q2 2026 AI LinkedIn' (66), and 'AI Focus May 26' (23). For the next cycle, reduce total post volume by at least 60% and concentrate the calendar on 3 winning themes supported by the data: private equity AI governance, portfolio-company transformation, and executive AI readiness. Build a tighter 4-week calendar with 2-3 variants per winning asset instead of reposting low-response content at scale. This will improve signal quality and prevent wasted inventory on formats and campaign buckets that currently show no evidence of engagement.",Marketing,High,2026-06-09 22:55:01.146258,,synozur.com,pending,,,,,,,137db123-4906-4e61-af99-f0d23d86a622,0,0,f,,,
47dab151-8135-422b-ae1b-4bd03469e40d,Turn the private equity signal into a dedicated conversion path,"The clearest content-market fit in this dataset is PE-focused AI transformation content, which aligns with the GTM priority to expand into PE-backed and M&A-triggered work. Next cycle, create a PE content cluster: 1 flagship POV article ('Why most portfolio AI programs fail to produce ROI in 12 months'), 1 governance checklist, 1 portfolio AI readiness scorecard, 1 case-style transformation narrative, and 1 executive briefing offer. Every asset should target the PE Technology and Investment Leader persona and use pain-first messaging: fragmented AI investments, unclear ROI, no governance, and pressure for fast value creation. Add a single CTA across all PE assets such as 'Book a portfolio AI readiness review' so the content is built to convert, not just attract clicks.",Marketing,High,2026-06-09 22:55:01.146258,,synozur.com,pending,,,,,,,137db123-4906-4e61-af99-f0d23d86a622,0,0,f,,,
99c56003-76db-46c5-8d59-1071b760c8ee,"Replace abstract thought leadership with quantified, outcome-led messaging","Competitive intelligence shows a major gap in quantified proof points, and the lowest-performing content includes broad framework or opinion-led topics like prompting examples and anti-consultancy commentary. In the next editorial cycle, require every asset to include at least one concrete metric, benchmark, time horizon, or operator-level outcome: e.g. time-to-decision, pilot reduction, adoption rate, EBITDA impact, or governance maturity milestones. Rewrite headlines to lead with pain and measurable cure, such as 'Kill 9 of 12 AI pilots' becoming 'How CEOs cut AI pilot waste and fund 1 use case that moves EBITDA.' Also add proof blocks to articles and social posts: who it is for, what changed, how fast, and what metric moved.",Marketing,High,2026-06-09 22:55:01.146258,,synozur.com,pending,,,,,,,137db123-4906-4e61-af99-f0d23d86a622,0,0,f,,,
94451ec4-69dc-4b1b-94b4-14790c9ff97e,Clarify Synozur's strategy-to-execution accountability in content offers,"Current positioning risks losing buyers who want implementation accountability, and the content does not yet clearly explain what Synozur owns after strategy is defined. Next cycle, publish a 3-part series that explains the delivery model in plain language: what Synozur designs, what leaders must own, where internal teams execute, and where partners or ecosystem providers plug in. Include specific offers like AI readiness assessment, operating model design, governance blueprint, pilot prioritization, and executive adoption support so prospects understand this is not 'strategy only' in the abstract. This will directly address a known competitive gap versus firms that position more clearly on execution.",Marketing,Medium,2026-06-09 22:55:01.146258,,synozur.com,pending,,,,,,,137db123-4906-4e61-af99-f0d23d86a622,0,0,f,,,
02f41f55-8c07-4a71-80b9-f41a89e50a8d,Fix measurement before scaling content volume again,"With 0 conversions and 0 sessions recorded, the business cannot yet evaluate content by pipeline impact, so do not increase output until tracking is fixed. In the next cycle, standardize UTM naming across campaigns, connect GA4 if disconnected, define at least 3 conversion events (contact form submit, assessment booking, executive briefing request), and ensure campaign attribution is passed through landing pages. Then relaunch with campaign-level dashboards that show posts, clicks, sessions, conversion rate, and conversion volume by theme and persona. Without this instrumentation, more publishing will create more noise, not more evidence.",Marketing,High,2026-06-09 22:55:01.146258,,synozur.com,pending,,,,,,,137db123-4906-4e61-af99-f0d23d86a622,0,0,f,,,
5cafce88-2c05-445e-a8f3-ca8a3e72e613,Develop 'Design + Deliver' Dual-Track Service Model with Implementation Partnership Network,"Address the execution commitment gap by creating a transparent two-track service offering: Track 1 ('Strategic Design') maintains Synozur's core positioning on strategy, culture change, and design with clearly defined deliverables and handoff protocols; Track 2 ('Design + Deliver') introduces vetted implementation partnerships with pre-negotiated SLAs where Synozur maintains strategic oversight through delivery. Document this model with case studies showing both tracks, making it clear that clients can choose strategy-only OR end-to-end accountability. This directly counters Point B's 'we don't just design—we deliver' and West Monroe's 'fast execution' positioning while maintaining strategic positioning integrity.",Positioning,High,2026-06-10 11:44:57.00675,116500d0-357e-4ace-a7af-7264ed58e22a,synozur.com,pending,,,,,,,137db123-4906-4e61-af99-f0d23d86a622,0,0,f,,,
a91fb8de-b334-4524-aa80-d27ba0d7dd98,Launch '30/60/90 Value Realization' Milestone Framework with Public Case Study Metrics,"Create a proprietary framework that defines measurable outcomes at 30, 60, and 90-day intervals post-engagement, then publish 5-7 case studies with specific quantified results at each milestone (e.g., '30 days: leadership alignment achieved across 12 stakeholders, 60 days: pilot launched with 3 business units, 90 days: 18% efficiency gain measured'). Make this framework downloadable as a PDF and reference it prominently in LinkedIn content. This directly counters Eagle Hill's '96% client satisfaction' and West Monroe's 'measurable, tangible results with proven ROI' by providing concrete temporal and quantitative proof points rather than aspirational language.",Messaging,High,2026-06-10 11:44:57.043116,116500d0-357e-4ace-a7af-7264ed58e22a,synozur.com,pending,,,,,,,137db123-4906-4e61-af99-f0d23d86a622,0,0,f,,,
608dca54-afe7-4d4d-ad3f-6c7817b25274,Build 'Transformation Ecosystem Alliance' with 3-5 Named Technology and Platform Partners,"Formalize strategic partnerships with 3-5 complementary technology providers (e.g., workflow automation platforms, data analytics tools, change management software) and create co-branded materials highlighting 'Synozur + [Partner]' integrated solutions. Feature these partnerships prominently on the website with joint case studies and integration roadmaps. This mirrors Slalom's '700+ technology partnerships' signal and Avanade's platform emphasis, while positioning Synozur as having curated, deep partnerships rather than broad shallow ones—maintaining boutique positioning while demonstrating technology depth.",Features,Medium,2026-06-10 11:44:57.07711,116500d0-357e-4ace-a7af-7264ed58e22a,synozur.com,pending,,,,,,,137db123-4906-4e61-af99-f0d23d86a622,0,0,f,,,
0f6be2ea-995e-4c22-b059-536ae8879d68,Create 'Client Advisory Board' Program with Public Quarterly Insights Reports,"Establish a formal Client Advisory Board of 8-12 current/past clients representing target verticals, then publish quarterly 'CAB Insights' reports highlighting transformation challenges, emerging trends, and anonymized success metrics contributed by board members. Promote board membership as client value-add and use insights to drive thought leadership content. This addresses the scale/credibility gap by turning client relationships into visible proof of expertise depth, similar to how Eagle Hill emphasizes '80% repeat clients' but with more active demonstration of ongoing client partnership.",Content,Medium,2026-06-10 11:44:57.110487,116500d0-357e-4ace-a7af-7264ed58e22a,synozur.com,pending,,,,,,,137db123-4906-4e61-af99-f0d23d86a622,0,0,f,,,
ce983e77-110f-47ba-800c-b0f49cbe4fbc,Develop 'Transformation Velocity Benchmarks by Industry' Research Series with Client Contribution,"Launch a research initiative publishing industry-specific benchmarks on transformation timeline expectations (e.g., 'Average time to AI pilot launch in financial services: 4.2 months' or 'Digital maturity assessment to roadmap completion: 6-8 weeks for healthcare organizations'). Collect data from existing client engagements, supplement with industry research, and publish quarterly reports. Use these benchmarks to frame Synozur's positioning around 'realistic velocity' rather than 'fast consulting'—differentiating from West Monroe's speed claims by positioning on informed expectations and sustainable pace.",Content,Medium,2026-06-10 11:44:57.146801,116500d0-357e-4ace-a7af-7264ed58e22a,synozur.com,pending,,,,,,,137db123-4906-4e61-af99-f0d23d86a622,0,0,f,,,
cdc3e4be-b2fd-4d1e-80ba-e16b797d97b7,Crawl failures detected for Quantiphi,Quantiphi has failed 3 consecutive crawl attempts. The site may be unreachable or blocking automated crawlers. Consider excluding it from automated crawling.,crawl_health,Medium,2026-06-11 00:20:10.118699,,synozur.com,pending,,,,86af7780-8cad-45b7-bd54-c692865f7583,,,a83caa9d-904f-4508-a008-028921e755d2,0,0,f,,,
eb340c49-dea3-451e-96b8-4eaa6a707d69,Crawl failures detected for SkinCeuticals,SkinCeuticals has failed 3 consecutive crawl attempts. The site may be unreachable or blocking automated crawlers. Consider excluding it from automated crawling.,crawl_health,Medium,2026-06-11 00:37:14.890622,,synozur.com,pending,,,,11bfd82a-5fb7-4161-9318-5e3819fef713,,,a95efa43-f0a9-4ae4-8488-1fe8bff8b529,0,0,f,,,
e6ec9a8a-fbd4-44c3-87d7-2e27817ae791,Build 'Cost Avoidance' Financial Impact Framework with CFO-Focused Business Case Tools,"Develop a comprehensive cost avoidance methodology mirroring Unily's '$20M cost avoidance' positioning. Create a CFO-ready business case template that quantifies savings from reduced software licenses (consolidating point solutions), avoided productivity loss from information seeking, reduced external consultant fees, and mitigated compliance penalties. Package this as downloadable tools, interactive calculators, and executive briefing decks that translate Atlas capabilities into financial outcomes, including infrastructure cost reduction from Microsoft 365 native architecture versus standalone platforms.",Messaging,High,2026-06-11 18:04:01.16774,116500d0-357e-4ace-a7af-7264ed58e22a,synozur.com,pending,,,,,,,0ac8db60-16c4-4665-a8f3-e4655a5a29b5,0,0,f,,,
68565804-217a-412a-ba7d-c6e208345a0a,Launch 'Minutes to Deploy' Campaign with Pre-Configured Industry Templates,"Counter Unily's 'minutes, not months' messaging by creating pre-configured Atlas deployment templates for legal, financial services, and professional services verticals. Develop marketing assets showcasing specific deployment timelines (e.g., '72-hour knowledge hub activation for mid-market law firms'), create video demonstrations of template-based setup, and build an IT buyer's guide comparing Atlas deployment complexity versus competitors requiring extensive customization. Include governance frameworks, security configurations, and compliance presets that accelerate time-to-value while maintaining enterprise controls.",Positioning,High,2026-06-11 18:04:01.201794,116500d0-357e-4ace-a7af-7264ed58e22a,synozur.com,pending,,,,,,,0ac8db60-16c4-4665-a8f3-e4655a5a29b5,0,0,f,,,
ee7343f9-164f-4372-9a7b-223841558f5d,Create 'Knowledge Intelligence Autonomy Index' Differentiator Comparing Manual vs. Autonomous Systems,"Develop a proprietary measurement framework that positions Atlas against Bloomfire's 'self-healing knowledge base' by creating a spectrum from manual knowledge management to autonomous intelligence. Build comparison content showing percentage of knowledge tasks requiring human intervention across competitors, introduce metrics like 'auto-categorization accuracy,' 'predictive gap detection,' and 'autonomous metadata enrichment rates.' Position Atlas roadmap toward increased autonomy while acknowledging current governance strengths, creating educational content that reframes 'self-healing' as one dimension of broader knowledge intelligence maturity.",Features,Medium,2026-06-11 18:04:01.228726,116500d0-357e-4ace-a7af-7264ed58e22a,synozur.com,pending,,,,,,,0ac8db60-16c4-4665-a8f3-e4655a5a29b5,0,0,f,,,
44a7be32-df44-4bcb-a606-406f7570a5b3,Develop 'Security Certification Showcase' Trust Hub with Compliance Timeline Roadmap,"Address the third-party validation gap by creating a comprehensive security and compliance hub featuring current certifications (if any), detailed security architecture documentation, Microsoft 365 inherited compliance benefits, and a public roadmap for SOC 2 Type II and other certifications. Include customer-facing compliance documentation templates, third-party penetration test summaries, and partnership with Microsoft security ecosystem. Position this as transparent 'trust through verification' rather than awards, differentiating on enterprise security posture versus consumer-focused competitors.",Positioning,High,2026-06-11 18:04:01.258457,116500d0-357e-4ace-a7af-7264ed58e22a,synozur.com,pending,,,,,,,0ac8db60-16c4-4665-a8f3-e4655a5a29b5,0,0,f,,,
803165db-24a4-4f59-bdd7-0ffc0d2cef5d,Build 'Weekly Hours Reclaimed' Persona-Based ROI Story Library,"Create role-specific productivity narratives quantifying time savings for distinct personas (associate attorney, financial analyst, compliance officer, client service manager). Develop detailed journey maps showing before/after scenarios with specific hour calculations (e.g., 'Legal associates reclaim 4.5 hours weekly through instant precedent discovery'), video testimonials tracking time-to-answer metrics, and comparative benchmarks against industry averages. Package as sales enablement content with persona cards, email templates, and LinkedIn campaign assets that translate platform capabilities into individual productivity outcomes mirroring Powell Software's '2.5+ hours saved per employee weekly' approach.",Messaging,High,2026-06-11 18:04:01.289041,116500d0-357e-4ace-a7af-7264ed58e22a,synozur.com,pending,,,,,,,0ac8db60-16c4-4665-a8f3-e4655a5a29b5,0,0,f,,,
c75102ed-4758-45cb-85d9-fe1aa52767f0,Crawl failures detected for DAMA International,DAMA International has failed 3 consecutive crawl attempts. The site may be unreachable or blocking automated crawlers. Consider excluding it from automated crawling.,crawl_health,Medium,2026-06-14 21:39:34.598645,,synozur.com,pending,,,,2a608b0e-4dbd-4eae-ac9d-3eba3d722bbe,,,7f49f485-e251-4e51-8114-cce62e5ce6a9,0,0,f,,,
16a4b0c3-6dbe-4d31-b33d-72394372ee54,Crawl failures detected for SPR,SPR has failed 3 consecutive crawl attempts. The site may be unreachable or blocking automated crawlers. Consider excluding it from automated crawling.,crawl_health,Medium,2026-06-20 21:18:12.378773,,synozur.com,pending,,,,22d8c8dd-0ad4-42c7-bd37-a0f622a8e12a,,,a83caa9d-904f-4508-a008-028921e755d2,0,0,f,,,
654511fc-3ac1-45d1-b2cb-83eb02f3954b,Crawl failures detected for Immix Group,Immix Group has failed 3 consecutive crawl attempts. The site may be unreachable or blocking automated crawlers. Consider excluding it from automated crawling.,crawl_health,Medium,2026-06-20 21:56:12.625831,,synozur.com,pending,,,,461d9fa1-3ea8-4d46-b0ea-88be2d20c112,,,188acbd9-121b-4b3f-b21b-37b4e46638e0,0,0,f,,,
ca4ef4a7-01af-4506-bdb9-c67e6b073c5f,Crawl failures detected for Greg Vaughn Photography,Greg Vaughn Photography has failed 3 consecutive crawl attempts. The site may be unreachable or blocking automated crawlers. Consider excluding it from automated crawling.,crawl_health,Medium,2026-07-01 00:52:46.437039,,chrismcnulty.net,pending,,,,f0f706f0-e485-48f5-80d2-2b4f4dd04d67,,,08610095-ef99-4205-b5ae-13264021a471,0,0,f,,,
8aa8798c-aa36-4842-81e2-789e74a8eb9c,Crawl failures detected for Swiss Re,Swiss Re has failed 3 consecutive crawl attempts. The site may be unreachable or blocking automated crawlers. Consider excluding it from automated crawling.,crawl_health,Medium,2026-07-01 11:29:27.699996,,synozur.com,pending,,,,d44fa695-c28c-409c-8a99-d3a0620e1cf5,,,df16877c-1384-407b-be3d-69e8a3442178,0,0,f,,,
b06e6f09-339d-4f44-acda-023d2cb128d8,Crawl failures detected for Clifton Rubber,Clifton Rubber has failed 3 consecutive crawl attempts. The site may be unreachable or blocking automated crawlers. Consider excluding it from automated crawling.,crawl_health,Medium,2026-07-02 20:58:59.639277,,synozur.com,pending,,,,7b5b69aa-eb65-4255-9c28-f8548e908ef7,,,7856ea44-c556-4a25-a43e-9c6bb238e648,0,0,f,,,
5d38f8bf-090b-4080-ba42-60ea82ec4197,Crawl failures detected for Roll-Technik USA,Roll-Technik USA has failed 3 consecutive crawl attempts. The site may be unreachable or blocking automated crawlers. Consider excluding it from automated crawling.,crawl_health,Medium,2026-07-02 20:59:12.540904,,synozur.com,pending,,,,59d0a77c-1d2e-4662-ab70-71714953e29a,,,7856ea44-c556-4a25-a43e-9c6bb238e648,0,0,f,,,
c752b780-c1b2-4a63-874b-ef6913c66cbc,Launch 'Implementation Accountability Framework' with Public Success Metrics,"Develop and publicly articulate a proprietary 'Delivery Assurance Model' that explicitly bridges strategy design and execution ownership. Create a one-page framework showing how Synozur's team integrates into client organizations during transformation (embedded vs. advisory modes, decision rights, accountability milestones). Publish 3-5 case studies with quantified execution metrics: timeline adherence, adoption rates, cost variance, and post-launch impact (e.g., '92% on-time delivery,' '$3.2M EBITDA improvement within 6 months'). Position this as the antidote to 'strategy handoff' and directly counter Point B, West Monroe, and Slalom's execution claims.",Messaging,High,2026-07-03 18:48:39.655737,116500d0-357e-4ace-a7af-7264ed58e22a,synozur.com,pending,,,,,,,137db123-4906-4e61-af99-f0d23d86a622,0,0,f,,,
3739636d-a83a-455a-a5f8-ec0834646455,Create 'PE Value Creation Playbook' Vertical Sales Asset with Deal-Stage Economics,"Build a dedicated 10-15 page positioning document and 2-minute video explicitly for private equity sponsors and portfolio company CFOs. Map Synozur's service offerings to PE lifecycle stages (pre-acquisition due diligence, Day 100 value creation, operational optimization, exit preparation). Include PE-specific language: EBITDA improvement targets, working capital optimization, revenue synergy identification, cost structure rationalization. Quantify outcomes in PE terms: '18-24% EBITDA uplift on average,' 'Value creation acceleration from 24-month to 12-month runway.' Use this to build a dedicated PE landing page and sales sequence. Reference E78's positioning as competitive benchmark.",Positioning,High,2026-07-03 18:48:39.689552,116500d0-357e-4ace-a7af-7264ed58e22a,synozur.com,pending,,,,,,,137db123-4906-4e61-af99-f0d23d86a622,0,0,f,,,
639aecaa-d9cb-4cd4-9988-77478a6e9955,Build 'Social Proof Acceleration Program' with Verified Client Case Study Publishing,"Launch a structured 6-month program to surface and publish 8-10 verified client case studies across LinkedIn, website, and industry channels. Partner with 2-3 reference clients willing to co-publish outcomes (anonymized by industry if needed). Structure each case study as: Business Challenge → Synozur Engagement Model (design + execution depth) → Quantified Results (revenue impact, cost savings, timeline, adoption %). Create accompanying LinkedIn carousel series (4-5 posts per case study) with high-visibility metrics callouts. Target minimum 2,000+ impressions per post. Allocate monthly budget for sponsored amplification. Goal: Move Synozur from 630 followers to 5,000+ within 12 months with credibility-anchoring case study content.",Content,High,2026-07-03 18:48:39.715942,116500d0-357e-4ace-a7af-7264ed58e22a,synozur.com,pending,,,,,,,137db123-4906-4e61-af99-f0d23d86a622,0,0,f,,,
3345dfdd-8c10-497b-9907-144bb0aab31f,Develop 'Embedded Team Integration Model' Service Descriptor with Role Clarity,"Create a detailed service model document and messaging framework that explicitly describes how Synozur consultants integrate into client organizations during transformation (vs. traditional advisory-only engagement). Define: advisory vs. embedded roles, decision rights and escalation paths, knowledge transfer mechanisms, team composition (Synozur + client hybrid teams), duration and phasing. Produce a visual 'Engagement Depth Spectrum' showing Synozur's options from design-only to full embedded execution. Use this in sales conversations, proposals, and content to directly counter Propeller and Slalom's 'seamless integration' and 'no handoffs' positioning. Highlight Synozur's unique value: 'Strategy expertise embedded into execution, not consultants handing off to implementation teams.'",Features,Medium,2026-07-03 18:48:39.742674,116500d0-357e-4ace-a7af-7264ed58e22a,synozur.com,pending,,,,,,,137db123-4906-4e61-af99-f0d23d86a622,0,0,f,,,
6686b07f-f3fe-49e9-b011-49a139baeed0,Crawl failures detected for Publicis Sapient,Publicis Sapient has failed 3 consecutive crawl attempts. The site may be unreachable or blocking automated crawlers. Consider excluding it from automated crawling.,crawl_health,Medium,2026-06-10 01:23:46.866542,,synozur.com,dismissed,,2026-07-04 14:59:50.145,,,,,,0,0,f,crawlfailuresdetectedforpublicissapient_crawl_health,already_done,116500d0-357e-4ace-a7af-7264ed58e22a
792e4783-9c69-4f0e-a036-cb76d7f8b7b7,Launch 'Transformation ROI Transparency Initiative' with Public Outcome Guarantees,"Develop a bold 'guaranteed outcomes' messaging pillar and service tier option where Synozur explicitly ties fees or success metrics to measurable client outcomes (e.g., 'EBITDA improvement of X% or fees reduced by Y%', 'Time-to-value measured in 90-day increments with public milestone tracking'). Create a simple one-page 'Synozur Transformation Outcomes Promise' highlighting: typical value ranges by industry, success metrics by engagement type, and public accountability mechanisms. Build this into RFP responses and sales pitches to directly counter West Monroe and E78's quantified outcome messaging. Include a quarterly 'Transformation Outcomes Report' showing aggregate (anonymized) client results by industry and engagement type.",Messaging,High,2026-07-03 18:48:39.767021,116500d0-357e-4ace-a7af-7264ed58e22a,synozur.com,pending,,,,,,,137db123-4906-4e61-af99-f0d23d86a622,0,0,f,,,
f74db177-d499-4fa2-b5b8-497bda30df56,Crawl failures detected for Capgemini,Capgemini has failed 3 consecutive crawl attempts. The site may be unreachable or blocking automated crawlers. Consider excluding it from automated crawling.,crawl_health,Medium,2026-07-04 04:42:38.688123,,synozur.com,pending,,,,8bf1eca6-4b8f-48b8-ae40-37f4ee0f1e39,,,d8017313-db5e-4e57-910c-95b19f5f9b19,0,0,f,,,
3ffdcbdf-6275-4452-865d-8978cd6a161f,Crawl failures detected for Pragmatic Works,Pragmatic Works has failed 3 consecutive crawl attempts. The site may be unreachable or blocking automated crawlers. Consider excluding it from automated crawling.,crawl_health,Medium,2026-07-04 05:02:42.086606,,synozur.com,pending,,,,b4be496d-ffab-465d-bc05-3ed2aac807f4,,,0afdd7be-dd94-47e6-89d5-dd3696094e45,0,0,f,,,
eab774b0-a96d-47e8-b7eb-0cfa385894d0,Crawl failures detected for Las Vegas Sands,Las Vegas Sands has failed 3 consecutive crawl attempts. The site may be unreachable or blocking automated crawlers. Consider excluding it from automated crawling.,crawl_health,Medium,2026-07-04 05:12:39.585896,,synozur.com,pending,,,,1df0b0e0-d4b6-49fa-84d5-cea0f03b9994,,,9a69511b-78e8-4ac0-b74a-3892578b764b,0,0,f,,,
cf00d1fe-3f5c-4a22-a9cb-2943f8642bd5,Crawl failures detected for Wynn Resorts,Wynn Resorts has failed 3 consecutive crawl attempts. The site may be unreachable or blocking automated crawlers. Consider excluding it from automated crawling.,crawl_health,Medium,2026-07-04 05:22:38.987438,,synozur.com,pending,,,,d29b50e2-fadf-4f39-86fb-ff5cbfceadda,,,9a69511b-78e8-4ac0-b74a-3892578b764b,0,0,f,,,
57b2301a-8516-48f6-8d84-5434e18c145e,Crawl failures detected for Hard Rock International,Hard Rock International has failed 3 consecutive crawl attempts. The site may be unreachable or blocking automated crawlers. Consider excluding it from automated crawling.,crawl_health,Medium,2026-07-04 05:32:40.085764,,synozur.com,pending,,,,472a3ac3-624a-4913-9356-17af0c37be69,,,9a69511b-78e8-4ac0-b74a-3892578b764b,0,0,f,,,
1d20ba9a-d399-4530-b346-8afc73f894f5,Crawl failures detected for Clearlake Capital,Clearlake Capital has failed 3 consecutive crawl attempts. The site may be unreachable or blocking automated crawlers. Consider excluding it from automated crawling.,crawl_health,Medium,2026-07-04 05:42:40.286527,,synozur.com,pending,,,,feebfa6f-d032-4972-9bb7-cc3f806d5dc2,,,1e288019-256e-4322-9781-1034bd47331c,0,0,f,,,
24e4be3f-2fc3-497a-91e9-137701e68ee6,Crawl failures detected for PartnerRe,PartnerRe has failed 3 consecutive crawl attempts. The site may be unreachable or blocking automated crawlers. Consider excluding it from automated crawling.,crawl_health,Medium,2026-07-04 06:32:39.888254,,synozur.com,pending,,,,ccb20cc2-f6aa-442b-abda-f4365c73b027,,,df16877c-1384-407b-be3d-69e8a3442178,0,0,f,,,
683d73d3-c6d3-4163-ae32-59ac1892ab8d,Crawl failures detected for TietoEVRY,TietoEVRY has failed 3 consecutive crawl attempts. The site may be unreachable or blocking automated crawlers. Consider excluding it from automated crawling.,crawl_health,Medium,2026-07-04 06:42:38.386367,,synozur.com,pending,,,,e80ece37-83bb-490b-b0e1-3c694671a488,,,0d26aaa5-4ae5-40d8-a834-e70c84f9d45e,0,0,f,,,
9f7df614-1d5c-416c-8f7b-966446eac6c1,Crawl failures detected for DaVinci Resolve (Blackmagic Design),DaVinci Resolve (Blackmagic Design) has failed 3 consecutive crawl attempts. The site may be unreachable or blocking automated crawlers. Consider excluding it from automated crawling.,crawl_health,Medium,2026-07-04 06:52:42.086475,,synozur.com,pending,,,,59fd7bf0-04d3-4a8c-ba44-94fe2fd13434,,,0ef94ec0-4a79-4bf6-8bf8-7009864131e5,0,0,f,,,
1c7ed2a2-2233-41cc-a268-e70868b0d00d,Crawl failures detected for Salesforce,Salesforce has failed 3 consecutive crawl attempts. The site may be unreachable or blocking automated crawlers. Consider excluding it from automated crawling.,crawl_health,Medium,2026-07-04 07:02:41.687368,,synozur.com,pending,,,,1364f144-7ddf-4010-8cb9-1c709c524e6c,,,0ef94ec0-4a79-4bf6-8bf8-7009864131e5,0,0,f,,,
46725093-cf49-460b-bb01-506d812eaa7a,Crawl failures detected for Bloomfire,Bloomfire has failed 3 consecutive crawl attempts. The site may be unreachable or blocking automated crawlers. Consider excluding it from automated crawling.,crawl_health,Medium,2026-07-04 07:09:27.285996,,synozur.com,pending,,,,7bb038a9-f9b1-46fb-b8b5-6d509c219457,,,0ac8db60-16c4-4665-a8f3-e4655a5a29b5,0,0,f,,,
63f16994-26a5-4296-bad7-42fa3fb70cca,Crawl failures detected for Figma,Figma has failed 3 consecutive crawl attempts. The site may be unreachable or blocking automated crawlers. Consider excluding it from automated crawling.,crawl_health,Medium,2026-07-04 07:12:37.527216,,synozur.com,pending,,,,a2726b18-5a93-491d-898b-d82855f52b98,,,0ef94ec0-4a79-4bf6-8bf8-7009864131e5,0,0,f,,,
0134edbe-2ffd-4e62-9024-0a2422644e62,Crawl failures detected for Immix Group,Immix Group has failed 3 consecutive crawl attempts. The site may be unreachable or blocking automated crawlers. Consider excluding it from automated crawling.,crawl_health,Medium,2026-07-04 07:22:40.786131,,synozur.com,pending,,,,461d9fa1-3ea8-4d46-b0ea-88be2d20c112,,,188acbd9-121b-4b3f-b21b-37b4e46638e0,0,0,f,,,
040edcdb-9232-479a-b165-e69cc5f0beea,Crawl failures detected for Powell Software,Powell Software has failed 3 consecutive crawl attempts. The site may be unreachable or blocking automated crawlers. Consider excluding it from automated crawling.,crawl_health,Medium,2026-07-04 07:29:43.186479,,synozur.com,pending,,,,3f99127a-dfe8-40fc-8a17-13df183c7629,,,0ac8db60-16c4-4665-a8f3-e4655a5a29b5,0,0,f,,,
e2e1dfb5-ed79-4429-84d5-6941217b5227,Crawl failures detected for Infodash,Infodash has failed 3 consecutive crawl attempts. The site may be unreachable or blocking automated crawlers. Consider excluding it from automated crawling.,crawl_health,Medium,2026-07-04 07:32:41.9878,,synozur.com,pending,,,,3ba512ba-97fa-4f32-bbf7-2b3fd03d1d70,,,0ac8db60-16c4-4665-a8f3-e4655a5a29b5,0,0,f,,,
09a2acb5-c47d-4ca3-954e-9861693ab9b3,Crawl failures detected for EOS Worldwide,EOS Worldwide has failed 3 consecutive crawl attempts. The site may be unreachable or blocking automated crawlers. Consider excluding it from automated crawling.,crawl_health,Medium,2026-07-04 07:52:55.386185,,synozur.com,pending,,,,04d669c8-4350-4b50-9237-445df77fea4c,,,0a0caa0c-74f1-41e0-ae37-a070ed194772,0,0,f,,,
c889edd1-f8c4-491d-b506-63fc1666d75f,Crawl failures detected for Insight Partners,Insight Partners has failed 3 consecutive crawl attempts. The site may be unreachable or blocking automated crawlers. Consider excluding it from automated crawling.,crawl_health,Medium,2026-07-04 09:30:05.585696,,synozur.com,pending,,,,e53fb40a-5bcc-4218-9f2e-a7e3d3704a57,,,1e288019-256e-4322-9781-1034bd47331c,0,0,f,,,
1cb3ca78-9dea-487f-8d20-b00378a8a8e3,Crawl failures detected for Francisco Partners,Francisco Partners has failed 3 consecutive crawl attempts. The site may be unreachable or blocking automated crawlers. Consider excluding it from automated crawling.,crawl_health,Medium,2026-07-04 09:40:04.586815,,synozur.com,pending,,,,be6a648c-fa39-4cfe-89e8-031735d5d671,,,1e288019-256e-4322-9781-1034bd47331c,0,0,f,,,
35e515e0-c7b0-402c-a88c-2244a8137095,Crawl failures detected for CSL Behring,CSL Behring has failed 3 consecutive crawl attempts. The site may be unreachable or blocking automated crawlers. Consider excluding it from automated crawling.,crawl_health,Medium,2026-07-04 11:23:15.486677,,synozur.com,pending,,,,ba2e7f47-61ea-4f40-9373-b51e6d9c633b,,,f0bcbd9a-e68c-4dfc-87d8-d0adc9660f51,0,0,f,,,
e9b799fd-026f-4e1b-b2e3-83a77441df4e,Crawl failures detected for Orangutech,Orangutech has failed 3 consecutive crawl attempts. The site may be unreachable or blocking automated crawlers. Consider excluding it from automated crawling.,crawl_health,Medium,2026-07-04 11:30:31.585686,,synozur.com,pending,,,,0a4e058a-6f20-4ee1-9446-6f6ad22f79f4,,,5428db01-79b3-4487-a2b2-0e63327f2510,0,0,f,,,
796ec22c-cb12-4b2f-b8fe-6a52e3dd0775,Crawl failures detected for Thoma Bravo,Thoma Bravo has failed 3 consecutive crawl attempts. The site may be unreachable or blocking automated crawlers. Consider excluding it from automated crawling.,crawl_health,Medium,2026-07-04 11:43:11.486737,,synozur.com,pending,,,,093b6060-1f7d-43f7-b2db-ba5a58b1a933,,,84a7b88d-e662-47ef-9a1a-fbc2d1046b49,0,0,f,,,
8ff7b5b1-74d7-4e07-ad67-87a6a32dbcd9,Crawl failures detected for Khan Academy,Khan Academy has failed 3 consecutive crawl attempts. The site may be unreachable or blocking automated crawlers. Consider excluding it from automated crawling.,crawl_health,Medium,2026-07-04 13:03:05.74199,,synozur.com,pending,,,,24b5969e-68f3-4fd8-9eea-8ed59320adf4,,,0afdd7be-dd94-47e6-89d5-dd3696094e45,0,0,f,,,
5da9ed21-6208-407d-8f0e-2276901dedfc,Crawl failures detected for G.A.S. (Gesellschaft für Analytische Sensorsysteme),G.A.S. (Gesellschaft für Analytische Sensorsysteme) has failed 3 consecutive crawl attempts. The site may be unreachable or blocking automated crawlers. Consider excluding it from automated crawling.,crawl_health,Medium,2026-07-04 13:13:11.287143,,synozur.com,pending,,,,99084c25-ed8c-4130-a414-8c8d04a0c719,,,872dde94-3e6c-4115-acdc-2c79b3276138,0,0,f,,,
56d7957b-c930-4bcc-9d1d-83acd2aa690a,Crawl failures detected for Propeller,Propeller has failed 3 consecutive crawl attempts. The site may be unreachable or blocking automated crawlers. Consider excluding it from automated crawling.,crawl_health,Medium,2026-07-04 14:54:20.186412,,synozur.com,dismissed,,2026-07-04 14:59:50,,115d22b8-c03c-4c3e-8093-e53399240505,,,137db123-4906-4e61-af99-f0d23d86a622,0,0,f,crawlfailuresdetectedforpropeller_crawl_health,already_done,116500d0-357e-4ace-a7af-7264ed58e22a
0c0f3e74-5f1d-480e-a5b3-c9f40515b9ec,Crawl failures detected for E78,E78 has failed 3 consecutive crawl attempts. The site may be unreachable or blocking automated crawlers. Consider excluding it from automated crawling.,crawl_health,Medium,2026-07-04 14:44:20.485884,,synozur.com,dismissed,,2026-07-04 14:59:50.048,,1dff90fa-d938-48b9-ac07-5d059fa04832,,,137db123-4906-4e61-af99-f0d23d86a622,0,0,f,crawlfailuresdetectedfore78_crawl_health,already_done,116500d0-357e-4ace-a7af-7264ed58e22a
763160b6-a3a0-4781-91a7-4eccf68d2ae7,Crawl failures detected for Point B,Point B has failed 3 consecutive crawl attempts. The site may be unreachable or blocking automated crawlers. Consider excluding it from automated crawling.,crawl_health,Medium,2026-07-04 14:34:20.087897,,synozur.com,dismissed,,2026-07-04 14:59:50.094,,083e0f08-61d1-415a-a97e-839f30139987,,,137db123-4906-4e61-af99-f0d23d86a622,0,0,f,crawlfailuresdetectedforpointb_crawl_health,already_done,116500d0-357e-4ace-a7af-7264ed58e22a
76c9ae19-87af-486b-a6d9-2dba1d43c779,Crawl failures detected for Boston Consulting Group (BCG),Boston Consulting Group (BCG) has failed 3 consecutive crawl attempts. The site may be unreachable or blocking automated crawlers. Consider excluding it from automated crawling.,crawl_health,Medium,2026-06-06 08:28:42.540234,,synozur.com,dismissed,,2026-07-04 14:59:50.196,,,,,,0,0,f,crawlfailuresdetectedforbostonconsultinggroupbcg_crawl_health,already_done,116500d0-357e-4ace-a7af-7264ed58e22a
5470f0dc-f5b4-4a63-89b8-f0ab5df9e403,Crawl failures detected for Boston Consulting Group (BCG),Boston Consulting Group (BCG) has failed 3 consecutive crawl attempts. The site may be unreachable or blocking automated crawlers. Consider excluding it from automated crawling.,crawl_health,Medium,2026-05-31 17:04:43.474731,,synozur.com,dismissed,,2026-07-04 14:59:50.245,,,,,,0,0,f,crawlfailuresdetectedforbostonconsultinggroupbcg_crawl_health,already_done,116500d0-357e-4ace-a7af-7264ed58e22a
a8881d5e-941d-44de-a38e-a14350b661ae,Crawl failures detected for McKinsey & Company,McKinsey & Company has failed 3 consecutive crawl attempts. The site may be unreachable or blocking automated crawlers. Consider excluding it from automated crawling.,crawl_health,Medium,2026-05-28 05:56:20.788902,,synozur.com,dismissed,,2026-07-04 14:59:50.342,,,,,,0,0,f,crawlfailuresdetectedformckinseycompany_crawl_health,already_done,116500d0-357e-4ace-a7af-7264ed58e22a
1f09038d-d3bd-400d-91bd-fef278380542,Crawl failures detected for Boston Consulting Group (BCG),Boston Consulting Group (BCG) has failed 3 consecutive crawl attempts. The site may be unreachable or blocking automated crawlers. Consider excluding it from automated crawling.,crawl_health,Medium,2026-05-13 23:26:26.64394,,synozur.com,dismissed,,2026-07-04 14:59:50.592,,,,,,0,0,f,crawlfailuresdetectedforbostonconsultinggroupbcg_crawl_health,already_done,116500d0-357e-4ace-a7af-7264ed58e22a
bf2058cc-2814-4207-95fe-6ec5cd5b299c,Crawl failures detected for McKinsey & Company,McKinsey & Company has failed 3 consecutive crawl attempts. The site may be unreachable or blocking automated crawlers. Consider excluding it from automated crawling.,crawl_health,Medium,2026-05-07 14:18:17.122361,,synozur.com,dismissed,,2026-07-04 14:59:50.783,,,,,,0,0,f,crawlfailuresdetectedformckinseycompany_crawl_health,already_done,116500d0-357e-4ace-a7af-7264ed58e22a
56c72f79-c4d8-4425-a0ce-36e73848e13f,Crawl failures detected for Kearney,Kearney has failed 3 consecutive crawl attempts. The site may be unreachable or blocking automated crawlers. Consider excluding it from automated crawling.,crawl_health,Medium,2026-05-05 22:29:00.757868,,synozur.com,dismissed,,2026-07-04 14:59:50.882,,,,,,0,0,f,crawlfailuresdetectedforkearney_crawl_health,already_done,116500d0-357e-4ace-a7af-7264ed58e22a
90b45b3c-1a54-4627-8768-3349ff4afb22,Build 'Conference Intelligence Network' Speaking and Booth Presence Strategy,"Identify 6-8 mid-market focused industry conferences across key verticals (manufacturing, financial services, healthcare operations) and technology themes (AI implementation, cloud modernization, digital transformation). Develop a 12-month speaking engagement strategy with pre-packaged presentation topics tied to Synozur's frameworks (Vega, Orion). For conferences without speaking opportunities, secure booth presence with live demonstrations of proprietary tools. Create post-event content packages (session recordings, presentation slide decks, attendee insights) for LinkedIn distribution. Track leads and conversations from each event to measure ROI and refine focus.",Content,Medium,2026-04-01 04:25:09.719958,116500d0-357e-4ace-a7af-7264ed58e22a,synozur.com,dismissed,,2026-07-04 14:59:51.142,,,,,137db123-4906-4e61-af99-f0d23d86a622,0,0,f,buildconferenceintelligencenetworkspeakingandboothpresencestrategy_content,already_done,116500d0-357e-4ace-a7af-7264ed58e22a
d21f8403-c49d-4b80-bfc7-7f45a256a731,Crawl failures detected for Cartegraph,Cartegraph has failed 3 consecutive crawl attempts. The site may be unreachable or blocking automated crawlers. Consider excluding it from automated crawling.,crawl_health,Medium,2026-03-31 09:56:38.235466,,synozur.com,dismissed,,2026-07-04 14:59:51.204,,,,,,0,0,f,crawlfailuresdetectedforcartegraph_crawl_health,already_done,116500d0-357e-4ace-a7af-7264ed58e22a
b4ae7c15-4e9f-403d-9636-48d8bc52a738,Crawl failures detected for Perficient,Perficient has failed 3 consecutive crawl attempts. The site may be unreachable or blocking automated crawlers. Consider excluding it from automated crawling.,crawl_health,Medium,2026-03-25 23:01:55.433919,,synozur.com,dismissed,,2026-07-04 14:59:51.252,,,,,137db123-4906-4e61-af99-f0d23d86a622,0,0,f,crawlfailuresdetectedforperficient_crawl_health,already_done,116500d0-357e-4ace-a7af-7264ed58e22a
47150259-274f-4cc4-9eb9-3fd44be2f330,Crawl failures detected for Vega,Vega has failed 3 consecutive crawl attempts. The site may be unreachable or blocking automated crawlers. Consider excluding it from automated crawling.,crawl_health,Medium,2026-03-25 17:41:16.939767,,synozur.com,dismissed,,2026-07-04 14:59:51.346,,,06deda54-8c2d-4673-ad71-9fffe3a314d3,,,0,0,f,crawlfailuresdetectedforvega_crawl_health,already_done,116500d0-357e-4ace-a7af-7264ed58e22a
c350b5de-9995-456c-a7eb-f397e1a082da,Crawl failures detected for Pariveda,Pariveda has failed 3 consecutive crawl attempts. The site may be unreachable or blocking automated crawlers. Consider excluding it from automated crawling.,crawl_health,Medium,2026-07-04 15:04:19.78542,,synozur.com,pending,,,,70119ffb-1157-4dba-b98b-ad7a3c78d74b,,,137db123-4906-4e61-af99-f0d23d86a622,0,0,f,,,
824f5ee2-35e1-4956-8352-825e9f3f9b33,Crawl failures detected for Deep Judge,Deep Judge has failed 3 consecutive crawl attempts. The site may be unreachable or blocking automated crawlers. Consider excluding it from automated crawling.,crawl_health,Medium,2026-07-04 16:19:16.396862,,synozur.com,pending,,,,56c550d6-c58a-4fb5-8f71-af52132e7e76,,,0ac8db60-16c4-4665-a8f3-e4655a5a29b5,0,0,f,,,
7fe714ab-c659-4e81-b334-d639dea8ac57,Crawl failures detected for Jan Marini Skin Research,Jan Marini Skin Research has failed 3 consecutive crawl attempts. The site may be unreachable or blocking automated crawlers. Consider excluding it from automated crawling.,crawl_health,Medium,2026-07-04 17:06:15.409377,,synozur.com,pending,,,,4ea20917-2161-4971-9bcd-60eb64b9bde3,,,a95efa43-f0a9-4ae4-8488-1fe8bff8b529,0,0,f,,,
b5640392-dfa9-4985-8665-7bbcd4fc7e09,Launch 'Execution Ownership Guarantee' Messaging Framework with Implementation Accountability,"Develop a distinctive messaging pillar positioning Synozur as an 'execution partner, not a handoff vendor.' Create explicit contrasts in marketing materials, case studies, and sales conversations against competitors who design but don't implement. Build a service guarantee around implementation ownership: define what 'making it stick' means operationally, establish clear accountability metrics (timeline, adoption rates, outcome ownership), and publicly commit to client success through measurable milestones. Develop 3-4 case studies explicitly comparing 'strategy-only vs. strategy+execution' outcomes to quantify the value of integrated delivery.",Positioning & Messaging,High,2026-07-04 17:10:53.112047,116500d0-357e-4ace-a7af-7264ed58e22a,synozur.com,pending,,,,,,,137db123-4906-4e61-af99-f0d23d86a622,0,0,f,,,
a06806dd-f218-4351-b923-07d118758dde,Develop 'AI-Powered Transformation' Primary Capability Pillar with Vertical Use Cases,"Rebrand Synozur's core messaging to lead with AI as a primary transformation lever, not a supporting capability. Create a new positioning statement emphasizing 'AI-enabled organizational transformation' across strategy, design, and execution. Build 4-5 vertical-specific AI transformation narratives (e.g., 'AI-Driven Operational Redesign in Healthcare,' 'AI Strategy for Financial Services Digital Maturity') with concrete use cases showing how AI reshapes business models, not just automates tasks. Develop proprietary research: 'State of AI Readiness by Industry' survey highlighting gaps between AI ambition and organizational readiness—positioning Synozur as the bridge. Ensure all primary messaging (website hero, LinkedIn profile, pitch decks) leads with AI transformation as Capability #1.",Positioning & Content,High,2026-07-04 17:10:53.138681,116500d0-357e-4ace-a7af-7264ed58e22a,synozur.com,pending,,,,,,,137db123-4906-4e61-af99-f0d23d86a622,0,0,f,,,
ba0d1379-043f-4e12-8d4c-f2ae69198ec4,Create 'Vertical Deep-Dive' Capability Pages with Industry-Specific Value Quantification,"Build dedicated landing pages and sales collateral for 2-3 priority verticals (recommend: Healthcare Payers/Providers, Financial Services, and PE-backed Growth Companies based on competitor patterns and Synozur's existing PE signal). For each vertical, develop: (1) industry-specific pain narrative with third-party research citations, (2) transformation outcome case study showing quantified impact (e.g., 'Reduced Claims Processing Time by 35%, EBITDA uplift of $8M'), (3) vertical-tailored service model explaining how Synozur's approach differs from horizontal consulting, (4) competitive differentiation against named vertical specialists (e.g., how Synozur's PE expertise differs from E78's approach). Embed these pages into ABM campaigns targeting vertical-specific prospect lists.",Positioning & Content,Medium,2026-07-04 17:10:53.162568,116500d0-357e-4ace-a7af-7264ed58e22a,synozur.com,pending,,,,,,,137db123-4906-4e61-af99-f0d23d86a622,0,0,f,,,
38c6eb1b-1633-48ba-b64e-2f6bb5c9bd3f,Publish 'Transformation Impact Metrics Library' with Peer-Verified Benchmarks by Service Type,"Directly address the measurable impact gap by creating a public, transparent library of outcome metrics across transformation service types (Strategy Design, Operating Model Redesign, AI Enablement, Change Management). For each service, publish: (1) median outcome metrics from similar engagements (anonymized by industry/company size), (2) timeline to value realization, (3) success factors and common pitfalls, (4) client quotes and case study summaries with quantified results. Develop a brief 'Synozur Transformation ROI Framework' showing how to calculate value (cost avoidance, efficiency gain, revenue uplift, risk mitigation). Publish quarterly updates with new data points. Reference this library in all sales conversations and marketing materials as evidence of outcome predictability.",Messaging & Content,Medium,2026-07-04 17:10:53.186895,116500d0-357e-4ace-a7af-7264ed58e22a,synozur.com,pending,,,,,,,137db123-4906-4e61-af99-f0d23d86a622,0,0,f,,,
07f86bc5-4af5-441d-aa81-2a6b8331aef1,Build 'Boutique vs. Enterprise Speed Positioning' with Competitive Time-to-Value Claims,"Create explicit competitive positioning against large consulting firms (Big 4, McKinsey, Bain) emphasizing speed, decision velocity, and time-to-impact. Develop messaging around: (1) 'No bureaucracy, just outcomes'—decision-making timelines vs. named large competitors, (2) 'Embedded teams, not remote theater'—percentage of staff on-site vs. industry standard, (3) 'Outcome ownership from day 1'—accountability structure differences. Build 2-3 case studies specifically showing how Synozur's nimble model delivered faster wins than traditional consulting setups (e.g., 'Strategy to Pilot in 90 Days vs. 6-month consulting project'). Layer in qualitative evidence: client testimonials on decision speed, team responsiveness, and leadership accessibility. Use this positioning in sales conversations when competing against enterprise firms.",Positioning & Messaging,Medium,2026-07-04 17:10:53.217022,116500d0-357e-4ace-a7af-7264ed58e22a,synozur.com,pending,,,,,,,137db123-4906-4e61-af99-f0d23d86a622,0,0,f,,,
af22f3da-f722-4859-8e70-1f411c4341c8,Crawl failures detected for SkinMedica,SkinMedica has failed 3 consecutive crawl attempts. The site may be unreachable or blocking automated crawlers. Consider excluding it from automated crawling.,crawl_health,Medium,2026-07-04 17:16:13.909908,,synozur.com,pending,,,,3838b79b-55d2-42d1-888c-9fe245a0759a,,,a95efa43-f0a9-4ae4-8488-1fe8bff8b529,0,0,f,,,
4a3b27ee-033c-4a79-b1c9-0adf66ba41ee,Crawl failures detected for Novo Nordisk,Novo Nordisk has failed 3 consecutive crawl attempts. The site may be unreachable or blocking automated crawlers. Consider excluding it from automated crawling.,crawl_health,Medium,2026-07-04 19:17:01.527919,,synozur.com,pending,,,,6591325d-9fcf-4114-a049-dcc1b15a229e,,,f0bcbd9a-e68c-4dfc-87d8-d0adc9660f51,0,0,f,,,
f259ff3d-a5f3-4e6d-a17e-de3eef3bb5af,Crawl failures detected for Amgen,Amgen has failed 3 consecutive crawl attempts. The site may be unreachable or blocking automated crawlers. Consider excluding it from automated crawling.,crawl_health,Medium,2026-07-04 19:55:31.328322,,synozur.com,pending,,,,567504b2-88ba-476c-a491-f85f063c333e,,,f0bcbd9a-e68c-4dfc-87d8-d0adc9660f51,0,0,f,,,
38d0fa82-fed1-4559-be6b-9f1e4ffd0905,Crawl failures detected for Presidio,Presidio has failed 3 consecutive crawl attempts. The site may be unreachable or blocking automated crawlers. Consider excluding it from automated crawling.,crawl_health,Medium,2026-07-04 20:15:50.527485,,synozur.com,pending,,,,5906e73d-8577-4f42-b7fd-1551bd34cd22,,,d8017313-db5e-4e57-910c-95b19f5f9b19,0,0,f,,,
673d50ea-07f0-4ee9-ad5a-aed67c1cd179,Crawl failures detected for KKR & Co.,KKR & Co. has failed 3 consecutive crawl attempts. The site may be unreachable or blocking automated crawlers. Consider excluding it from automated crawling.,crawl_health,Medium,2026-07-04 21:37:04.828663,,synozur.com,pending,,,,06b4b4af-b266-45f0-aa1f-3166b120f702,,,84a7b88d-e662-47ef-9a1a-fbc2d1046b49,0,0,f,,,
4b94cd10-16d5-4344-9a4d-3909a87ed616,Crawl failures detected for Cherokee Nation,Cherokee Nation has failed 3 consecutive crawl attempts. The site may be unreachable or blocking automated crawlers. Consider excluding it from automated crawling.,crawl_health,Medium,2026-07-04 23:17:08.028354,,synozur.com,pending,,,,e3215096-4803-449e-8ecc-131b997987e4,,,b3c49c08-f9c9-483b-8820-acffc29be17a,0,0,f,,,
7b32f6e4-21b2-4fc1-b66e-157e85eb1081,Crawl failures detected for Pechanga Band of Luiseño Indians,Pechanga Band of Luiseño Indians has failed 3 consecutive crawl attempts. The site may be unreachable or blocking automated crawlers. Consider excluding it from automated crawling.,crawl_health,Medium,2026-07-05 00:37:07.627582,,synozur.com,pending,,,,2142f1a4-d142-4875-9e14-7b0e64f0c2af,,,ea07a669-2e2b-4dbc-84fd-42f0009d0955,0,0,f,,,
a55de11d-5c80-46a7-9a46-5ed962b34f66,Crawl failures detected for Eagle Hill Consulting,Eagle Hill Consulting has failed 3 consecutive crawl attempts. The site may be unreachable or blocking automated crawlers. Consider excluding it from automated crawling.,crawl_health,Medium,2026-07-05 11:37:16.827752,,synozur.com,pending,,,,43e55426-39b1-4203-9394-fa02a08d21a9,,,137db123-4906-4e61-af99-f0d23d86a622,0,0,f,,,
a3d5f6e1-aacc-47f1-ae4a-83c0ce7a4538,Crawl failures detected for Ninety,Ninety has failed 3 consecutive crawl attempts. The site may be unreachable or blocking automated crawlers. Consider excluding it from automated crawling.,crawl_health,Medium,2026-07-05 14:57:44.328614,,synozur.com,pending,,,,f6c55d87-9047-49ba-b332-7fe2c727c47d,,,137db123-4906-4e61-af99-f0d23d86a622,0,0,f,,,
ecdabd2d-e748-4cba-8423-aeb5c8133447,Crawl failures detected for ZO Skin Health,ZO Skin Health has failed 3 consecutive crawl attempts. The site may be unreachable or blocking automated crawlers. Consider excluding it from automated crawling.,crawl_health,Medium,2026-07-05 19:38:17.427994,,synozur.com,pending,,,,355fc983-bee8-4764-b70a-ee871c6a631b,,,a95efa43-f0a9-4ae4-8488-1fe8bff8b529,0,0,f,,,
91bfab82-05e0-4e23-af6e-b97990783f7c,Crawl failures detected for Obagi Medical,Obagi Medical has failed 3 consecutive crawl attempts. The site may be unreachable or blocking automated crawlers. Consider excluding it from automated crawling.,crawl_health,Medium,2026-07-05 19:58:17.028673,,synozur.com,pending,,,,95ea193d-c778-4d67-8e25-5ea7f63fa05b,,,a95efa43-f0a9-4ae4-8488-1fe8bff8b529,0,0,f,,,
9b032199-5201-468e-bafe-6e04e3a404bd,Crawl failures detected for Bristol Myers Squibb,Bristol Myers Squibb has failed 3 consecutive crawl attempts. The site may be unreachable or blocking automated crawlers. Consider excluding it from automated crawling.,crawl_health,Medium,2026-07-05 20:08:16.927474,,synozur.com,pending,,,,e7fab843-f33f-433c-9839-4bddf841624d,,,f0bcbd9a-e68c-4dfc-87d8-d0adc9660f51,0,0,f,,,
0c583a5e-21ce-45d0-b8d4-322314fd076d,Crawl failures detected for Revision Skincare,Revision Skincare has failed 3 consecutive crawl attempts. The site may be unreachable or blocking automated crawlers. Consider excluding it from automated crawling.,crawl_health,Medium,2026-07-05 20:38:19.027865,,synozur.com,pending,,,,1233a21f-2a41-4917-bc35-d94298e859e9,,,a95efa43-f0a9-4ae4-8488-1fe8bff8b529,0,0,f,,,
a525742e-4ab6-475c-aa69-e5fb4b4eba3f,Crawl failures detected for Quisitive,Quisitive has failed 3 consecutive crawl attempts. The site may be unreachable or blocking automated crawlers. Consider excluding it from automated crawling.,crawl_health,Medium,2026-07-05 20:48:18.928665,,synozur.com,pending,,,,d79c020e-3949-44b8-8cb8-fa0f841717ff,,,d8017313-db5e-4e57-910c-95b19f5f9b19,0,0,f,,,
ff5b628f-762f-43dc-84a9-3012644b5f73,Crawl failures detected for Zones,Zones has failed 3 consecutive crawl attempts. The site may be unreachable or blocking automated crawlers. Consider excluding it from automated crawling.,crawl_health,Medium,2026-07-05 21:18:20.32917,,synozur.com,pending,,,,3d414163-ace3-4e51-bdc0-8eb61e5c91cb,,,d8017313-db5e-4e57-910c-95b19f5f9b19,0,0,f,,,
f75234c9-417a-47b4-b11b-42dc08e913f2,Crawl failures detected for Softchoice,Softchoice has failed 3 consecutive crawl attempts. The site may be unreachable or blocking automated crawlers. Consider excluding it from automated crawling.,crawl_health,Medium,2026-07-05 21:28:19.728499,,synozur.com,pending,,,,53f130e3-1937-4b02-bdef-711af473beba,,,d8017313-db5e-4e57-910c-95b19f5f9b19,0,0,f,,,
a651fa31-1163-4700-b00d-c7eb4da4207c,Crawl failures detected for Insight Enterprises,Insight Enterprises has failed 3 consecutive crawl attempts. The site may be unreachable or blocking automated crawlers. Consider excluding it from automated crawling.,crawl_health,Medium,2026-07-05 21:38:21.229125,,synozur.com,pending,,,,75da2393-f8f4-42f7-a578-ad8bd06d119f,,,d8017313-db5e-4e57-910c-95b19f5f9b19,0,0,f,,,
3265a3b2-87d7-448f-ae9f-c098f540ed11,Crawl failures detected for Avanade,Avanade has failed 3 consecutive crawl attempts. The site may be unreachable or blocking automated crawlers. Consider excluding it from automated crawling.,crawl_health,Medium,2026-07-05 21:48:18.830979,,synozur.com,pending,,,,a19ac259-1644-4ab3-b17c-043c2022b39a,,,d8017313-db5e-4e57-910c-95b19f5f9b19,0,0,f,,,
49702f4e-f6a9-44bd-87de-3ea90a2b5bd4,Crawl failures detected for Accenture,Accenture has failed 3 consecutive crawl attempts. The site may be unreachable or blocking automated crawlers. Consider excluding it from automated crawling.,crawl_health,Medium,2026-07-05 21:58:22.028696,,synozur.com,pending,,,,e6dea3d9-60b9-4cc9-b352-484da0c08f53,,,d8017313-db5e-4e57-910c-95b19f5f9b19,0,0,f,,,
92e8489b-682d-4756-81b6-7db26239a004,Crawl failures detected for Advent International,Advent International has failed 3 consecutive crawl attempts. The site may be unreachable or blocking automated crawlers. Consider excluding it from automated crawling.,crawl_health,Medium,2026-07-05 22:18:22.527164,,synozur.com,pending,,,,3f90e5d4-1bbe-48c6-9ba1-54345b5bae8a,,,84a7b88d-e662-47ef-9a1a-fbc2d1046b49,0,0,f,,,
4c9d7b69-1a91-4b0e-8050-1c7091ec41cc,Crawl failures detected for TPG Capital,TPG Capital has failed 3 consecutive crawl attempts. The site may be unreachable or blocking automated crawlers. Consider excluding it from automated crawling.,crawl_health,Medium,2026-07-05 22:28:21.928061,,synozur.com,pending,,,,73f726ce-0ef5-44b7-b131-e3712a440ad7,,,84a7b88d-e662-47ef-9a1a-fbc2d1046b49,0,0,f,,,
c022b719-f59f-4451-bdad-1e291707bd8f,Crawl failures detected for Blackstone,Blackstone has failed 3 consecutive crawl attempts. The site may be unreachable or blocking automated crawlers. Consider excluding it from automated crawling.,crawl_health,Medium,2026-07-05 22:48:22.127853,,synozur.com,pending,,,,02603743-5bf8-49dc-9252-ce9e35397627,,,84a7b88d-e662-47ef-9a1a-fbc2d1046b49,0,0,f,,,
bc0cb4dd-2e60-4b1e-af4e-c89aafb9cad4,Crawl failures detected for Apollo Global Management,Apollo Global Management has failed 3 consecutive crawl attempts. The site may be unreachable or blocking automated crawlers. Consider excluding it from automated crawling.,crawl_health,Medium,2026-07-05 22:58:21.929133,,synozur.com,pending,,,,2af2bea8-0c53-4115-896e-ac88657ca0c1,,,84a7b88d-e662-47ef-9a1a-fbc2d1046b49,0,0,f,,,
63c12cb9-9ca3-4289-909d-63624b895a19,Crawl failures detected for MGM Resorts International,MGM Resorts International has failed 3 consecutive crawl attempts. The site may be unreachable or blocking automated crawlers. Consider excluding it from automated crawling.,crawl_health,Medium,2026-07-05 23:28:22.228305,,synozur.com,pending,,,,d0fba663-717f-4b95-bc90-edc318742b6b,,,9a69511b-78e8-4ac0-b74a-3892578b764b,0,0,f,,,
9150e26d-4878-4500-9f71-5abbdef894be,Crawl failures detected for Silver Lake,Silver Lake has failed 3 consecutive crawl attempts. The site may be unreachable or blocking automated crawlers. Consider excluding it from automated crawling.,crawl_health,Medium,2026-07-05 23:38:22.827919,,synozur.com,pending,,,,b9d8b2f6-b543-44ec-89f9-b8856819d507,,,1e288019-256e-4322-9781-1034bd47331c,0,0,f,,,
6a2eb2a5-fcac-4ace-bd46-4c3809f62eae,Crawl failures detected for Caesars Entertainment,Caesars Entertainment has failed 3 consecutive crawl attempts. The site may be unreachable or blocking automated crawlers. Consider excluding it from automated crawling.,crawl_health,Medium,2026-07-06 00:08:22.929476,,synozur.com,pending,,,,ee2fb0ec-5ee5-476e-b4ad-81eaaf236256,,,9a69511b-78e8-4ac0-b74a-3892578b764b,0,0,f,,,
0775a218-4fda-4ceb-9bb3-cd8bd6513a71,Crawl failures detected for Choctaw Nation of Oklahoma,Choctaw Nation of Oklahoma has failed 3 consecutive crawl attempts. The site may be unreachable or blocking automated crawlers. Consider excluding it from automated crawling.,crawl_health,Medium,2026-07-06 00:08:26.528482,,synozur.com,pending,,,,2e8f9136-9615-4389-a092-2d1a9d78812d,,,b3c49c08-f9c9-483b-8820-acffc29be17a,0,0,f,,,
44fca964-24c2-456d-ad2e-938a7050c695,Crawl failures detected for SPR,SPR has failed 3 consecutive crawl attempts. The site may be unreachable or blocking automated crawlers. Consider excluding it from automated crawling.,crawl_health,Medium,2026-07-06 00:28:23.327804,,synozur.com,pending,,,,22d8c8dd-0ad4-42c7-bd37-a0f622a8e12a,,,a83caa9d-904f-4508-a008-028921e755d2,0,0,f,,,
fc7333f8-c6e9-4852-9fa0-faa9a9d0473d,Crawl failures detected for Neudesic (IBM Company),Neudesic (IBM Company) has failed 3 consecutive crawl attempts. The site may be unreachable or blocking automated crawlers. Consider excluding it from automated crawling.,crawl_health,Medium,2026-07-06 00:38:23.728194,,synozur.com,pending,,,,cfd17707-66cc-4f95-bf0a-69a4e5e8cf65,,,a83caa9d-904f-4508-a008-028921e755d2,0,0,f,,,
39274a52-3b25-4e58-afc7-0013f6d33703,Crawl failures detected for Persistent Systems,Persistent Systems has failed 3 consecutive crawl attempts. The site may be unreachable or blocking automated crawlers. Consider excluding it from automated crawling.,crawl_health,Medium,2026-07-06 00:48:23.327808,,synozur.com,pending,,,,159dbc26-6be1-4b2e-a520-0b04057c6769,,,a83caa9d-904f-4508-a008-028921e755d2,0,0,f,,,
a433c3f2-f8f9-43ce-8918-8936f0a8dc3d,Crawl failures detected for Edmodo,Edmodo has failed 3 consecutive crawl attempts. The site may be unreachable or blocking automated crawlers. Consider excluding it from automated crawling.,crawl_health,Medium,2026-07-06 00:58:31.837554,,synozur.com,pending,,,,2ccdce50-a24d-47e1-9292-5ddac476cdf6,,,0afdd7be-dd94-47e6-89d5-dd3696094e45,0,0,f,,,
d9cd3518-c4ee-4ffa-9bd6-48678beab30a,Crawl failures detected for Kahoot!,Kahoot! has failed 3 consecutive crawl attempts. The site may be unreachable or blocking automated crawlers. Consider excluding it from automated crawling.,crawl_health,Medium,2026-07-06 01:08:24.127738,,synozur.com,pending,,,,9203385b-8bf5-48f4-b335-f14c1d538449,,,0afdd7be-dd94-47e6-89d5-dd3696094e45,0,0,f,,,
255d56bc-ac8c-46a7-b0d8-ee7e3216646b,Crawl failures detected for Prodigy Education,Prodigy Education has failed 3 consecutive crawl attempts. The site may be unreachable or blocking automated crawlers. Consider excluding it from automated crawling.,crawl_health,Medium,2026-07-06 01:18:23.428924,,synozur.com,pending,,,,a6c9c007-a228-4813-8057-71aa28ccc427,,,0afdd7be-dd94-47e6-89d5-dd3696094e45,0,0,f,,,
b3ef7a49-ac45-4b5a-b741-564bc7fb0030,Crawl failures detected for Chickasaw Nation,Chickasaw Nation has failed 3 consecutive crawl attempts. The site may be unreachable or blocking automated crawlers. Consider excluding it from automated crawling.,crawl_health,Medium,2026-07-06 02:08:24.72771,,synozur.com,pending,,,,b6bbf042-54b7-457f-bee8-b5a9610f6919,,,ea07a669-2e2b-4dbc-84fd-42f0009d0955,0,0,f,,,
81e5f7e1-5a6f-4933-844a-32122fe57452,Crawl failures detected for Mashantucket Pequot Tribal Nation,Mashantucket Pequot Tribal Nation has failed 3 consecutive crawl attempts. The site may be unreachable or blocking automated crawlers. Consider excluding it from automated crawling.,crawl_health,Medium,2026-07-06 02:18:24.528225,,synozur.com,pending,,,,9de32bde-0723-4bc6-9218-8fc12a50cfea,,,ea07a669-2e2b-4dbc-84fd-42f0009d0955,0,0,f,,,
c4787413-3da7-4d78-92d8-9a47357265c9,Crawl failures detected for Applied Research Associates (ARA) - Pavement Group,Applied Research Associates (ARA) - Pavement Group has failed 3 consecutive crawl attempts. The site may be unreachable or blocking automated crawlers. Consider excluding it from automated crawling.,crawl_health,Medium,2026-07-06 02:28:25.128397,,synozur.com,pending,,,,3bf9642d-80df-4efd-be2e-f1b6fd1c503e,,,872dde94-3e6c-4115-acdc-2c79b3276138,0,0,f,,,
a93ea419-bb74-4470-8142-d06b2bac7c23,Crawl failures detected for Michael Baker International - Pavement Engineering,Michael Baker International - Pavement Engineering has failed 3 consecutive crawl attempts. The site may be unreachable or blocking automated crawlers. Consider excluding it from automated crawling.,crawl_health,Medium,2026-07-06 02:48:26.128022,,synozur.com,pending,,,,b4a5e808-a95a-4b33-912b-1bc8439332db,,,872dde94-3e6c-4115-acdc-2c79b3276138,0,0,f,,,
0d14b2a9-5da2-4646-9335-c23585c8d0b6,Crawl failures detected for Pathway Services Inc.,Pathway Services Inc. has failed 3 consecutive crawl attempts. The site may be unreachable or blocking automated crawlers. Consider excluding it from automated crawling.,crawl_health,Medium,2026-07-06 02:58:26.627863,,synozur.com,pending,,,,7ebd58ea-5178-4335-98ca-28a09ae00d9d,,,872dde94-3e6c-4115-acdc-2c79b3276138,0,0,f,,,
ff810593-fa8a-4c9c-bf0a-1c5c44a9e2b2,Crawl failures detected for Roadware Group,Roadware Group has failed 3 consecutive crawl attempts. The site may be unreachable or blocking automated crawlers. Consider excluding it from automated crawling.,crawl_health,Medium,2026-07-06 03:08:26.129377,,synozur.com,pending,,,,439673dc-adf3-4967-9950-b155c4ea4e7d,,,872dde94-3e6c-4115-acdc-2c79b3276138,0,0,f,,,
6a72ff4b-453d-404d-a664-43533694564d,Crawl failures detected for Bruker Daltonics,Bruker Daltonics has failed 3 consecutive crawl attempts. The site may be unreachable or blocking automated crawlers. Consider excluding it from automated crawling.,crawl_health,Medium,2026-07-06 03:18:27.629444,,synozur.com,pending,,,,642757d6-3aac-41b5-a782-dbf42d992ddc,,,872dde94-3e6c-4115-acdc-2c79b3276138,0,0,f,,,
1e22c16c-0c15-4b65-91ba-e858eb8465a3,Crawl failures detected for FLIR Systems (Teledyne FLIR),FLIR Systems (Teledyne FLIR) has failed 3 consecutive crawl attempts. The site may be unreachable or blocking automated crawlers. Consider excluding it from automated crawling.,crawl_health,Medium,2026-07-06 03:28:28.129062,,synozur.com,pending,,,,09def90a-7697-48fb-8c76-dcfeb5fa849e,,,872dde94-3e6c-4115-acdc-2c79b3276138,0,0,f,,,
fdecf760-09ad-4eca-81ea-50c6671bd3d6,Crawl failures detected for Thermo Fisher Scientific,Thermo Fisher Scientific has failed 3 consecutive crawl attempts. The site may be unreachable or blocking automated crawlers. Consider excluding it from automated crawling.,crawl_health,Medium,2026-07-06 03:38:26.928718,,synozur.com,pending,,,,2f70038f-b666-4b62-b2e7-70f037b521cc,,,872dde94-3e6c-4115-acdc-2c79b3276138,0,0,f,,,
e85a11be-b269-4c46-8499-c4cf47f49b2d,Crawl failures detected for RGA (Reinsurance Group of America),RGA (Reinsurance Group of America) has failed 3 consecutive crawl attempts. The site may be unreachable or blocking automated crawlers. Consider excluding it from automated crawling.,crawl_health,Medium,2026-07-06 04:08:27.182898,,synozur.com,pending,,,,da869ab9-635b-40ed-a712-343d44af9d61,,,df16877c-1384-407b-be3d-69e8a3442178,0,0,f,,,
a108e851-aeee-4439-8342-9fd3cf238ecc,Crawl failures detected for Smiths Detection,Smiths Detection has failed 3 consecutive crawl attempts. The site may be unreachable or blocking automated crawlers. Consider excluding it from automated crawling.,crawl_health,Medium,2026-07-06 04:18:28.528812,,synozur.com,pending,,,,43e5ba40-b52b-4afa-8f4f-19344f451d6a,,,872dde94-3e6c-4115-acdc-2c79b3276138,0,0,f,,,
5f81d676-9a12-41de-a9bc-16cd356356cd,Crawl failures detected for SCOR,SCOR has failed 3 consecutive crawl attempts. The site may be unreachable or blocking automated crawlers. Consider excluding it from automated crawling.,crawl_health,Medium,2026-07-06 04:28:28.630046,,synozur.com,pending,,,,f4b3d454-19d8-4ce4-a7b6-c001338b7a23,,,df16877c-1384-407b-be3d-69e8a3442178,0,0,f,,,
6d058661-2902-4db2-bd33-f89f3907cafb,Crawl failures detected for Hannover Re,Hannover Re has failed 3 consecutive crawl attempts. The site may be unreachable or blocking automated crawlers. Consider excluding it from automated crawling.,crawl_health,Medium,2026-07-06 04:38:31.527935,,synozur.com,pending,,,,dba42664-5f59-4b65-879d-245526def3c9,,,df16877c-1384-407b-be3d-69e8a3442178,0,0,f,,,
8b17e800-ce47-4b20-9384-d19ab849ada0,Crawl failures detected for Discover,Discover has failed 3 consecutive crawl attempts. The site may be unreachable or blocking automated crawlers. Consider excluding it from automated crawling.,crawl_health,Medium,2026-07-06 04:48:29.628438,,synozur.com,pending,,,,bfa4f32e-3a3d-4b43-bbaf-d7d6b182edc3,,,93e60ca4-1f9d-456d-af6d-82d8af0566d1,0,0,f,,,
73a2e354-2a47-493c-8a49-be0077b0f53d,Crawl failures detected for Synchrony Bank,Synchrony Bank has failed 3 consecutive crawl attempts. The site may be unreachable or blocking automated crawlers. Consider excluding it from automated crawling.,crawl_health,Medium,2026-07-06 04:58:30.228535,,synozur.com,pending,,,,c5e2ca69-995a-49bb-90c5-66ee296bd69a,,,93e60ca4-1f9d-456d-af6d-82d8af0566d1,0,0,f,,,
7b85d980-5dd6-44db-a5f4-83a7d2a915be,Crawl failures detected for Citi Cards,Citi Cards has failed 3 consecutive crawl attempts. The site may be unreachable or blocking automated crawlers. Consider excluding it from automated crawling.,crawl_health,Medium,2026-07-06 05:08:30.227726,,synozur.com,pending,,,,2cf6c09f-06fc-4308-ae92-7443b5d97c84,,,93e60ca4-1f9d-456d-af6d-82d8af0566d1,0,0,f,,,
e897704e-21f1-45ad-b450-70ea78d2afb7,Crawl failures detected for Capital One,Capital One has failed 3 consecutive crawl attempts. The site may be unreachable or blocking automated crawlers. Consider excluding it from automated crawling.,crawl_health,Medium,2026-07-06 05:18:30.528036,,synozur.com,pending,,,,c200ac47-fdde-4e79-8356-9e592558e96a,,,93e60ca4-1f9d-456d-af6d-82d8af0566d1,0,0,f,,,
7d83febc-3252-4bb2-a651-96863c664276,Crawl failures detected for American Express,American Express has failed 3 consecutive crawl attempts. The site may be unreachable or blocking automated crawlers. Consider excluding it from automated crawling.,crawl_health,Medium,2026-07-06 05:28:30.627276,,synozur.com,pending,,,,a265a2da-b1d5-4a87-8157-a957a8e8f485,,,93e60ca4-1f9d-456d-af6d-82d8af0566d1,0,0,f,,,
06ac070f-a7a8-4a44-8cdc-f4b8551cfd27,Crawl failures detected for Chase Card Services,Chase Card Services has failed 3 consecutive crawl attempts. The site may be unreachable or blocking automated crawlers. Consider excluding it from automated crawling.,crawl_health,Medium,2026-07-06 05:38:30.928231,,synozur.com,pending,,,,a8601463-40a6-4a49-ad06-21dc580fbc07,,,93e60ca4-1f9d-456d-af6d-82d8af0566d1,0,0,f,,,
65907d85-0add-4c01-b52c-8bd8f3326953,Crawl failures detected for Audax Group,Audax Group has failed 3 consecutive crawl attempts. The site may be unreachable or blocking automated crawlers. Consider excluding it from automated crawling.,crawl_health,Medium,2026-07-06 05:48:31.027726,,synozur.com,pending,,,,72e2b012-9bf8-4f97-9a60-cd650e48847d,,,0dad59af-ea3b-4cb2-bf04-f365c7a69114,0,0,f,,,
adb7893b-bb02-44ec-bed2-fa6201247bb1,Crawl failures detected for H.I.G. Capital,H.I.G. Capital has failed 3 consecutive crawl attempts. The site may be unreachable or blocking automated crawlers. Consider excluding it from automated crawling.,crawl_health,Medium,2026-07-06 05:58:31.327252,,synozur.com,pending,,,,9bdb5483-b593-4c23-a771-323ac29f97a7,,,0dad59af-ea3b-4cb2-bf04-f365c7a69114,0,0,f,,,
7d00da8d-1d43-410c-b8c6-f0fcd9a199b3,Crawl failures detected for BDO Consulting,BDO Consulting has failed 3 consecutive crawl attempts. The site may be unreachable or blocking automated crawlers. Consider excluding it from automated crawling.,crawl_health,Medium,2026-07-06 06:18:36.028271,,synozur.com,pending,,,,f8b262f6-5f05-49a3-8e18-5c7701737d6a,,,298c26bd-3400-4ac4-8001-eb38f4f163ed,0,0,f,,,
38a43a74-58b7-428d-8581-c86842bd8e8c,Crawl failures detected for Golub Capital,Golub Capital has failed 3 consecutive crawl attempts. The site may be unreachable or blocking automated crawlers. Consider excluding it from automated crawling.,crawl_health,Medium,2026-07-06 06:20:35.930116,,synozur.com,pending,,,,60c5d6c3-974e-47c0-8f19-3c13ca434e9a,,,0dad59af-ea3b-4cb2-bf04-f365c7a69114,0,0,f,,,
ce9a7127-24b0-4d2d-a056-ae48dfbe27b3,Crawl failures detected for RSM US,RSM US has failed 3 consecutive crawl attempts. The site may be unreachable or blocking automated crawlers. Consider excluding it from automated crawling.,crawl_health,Medium,2026-07-06 06:28:35.828563,,synozur.com,pending,,,,10390444-f2f0-4e8f-af8a-11117e78cab7,,,298c26bd-3400-4ac4-8001-eb38f4f163ed,0,0,f,,,
94ae4161-aa0e-46dd-bc8d-7600c72d5287,Crawl failures detected for EY Consulting (EY-Parthenon),EY Consulting (EY-Parthenon) has failed 3 consecutive crawl attempts. The site may be unreachable or blocking automated crawlers. Consider excluding it from automated crawling.,crawl_health,Medium,2026-07-06 06:38:36.729645,,synozur.com,pending,,,,53becbf8-1b33-439f-b354-1f8ded2ff5ce,,,298c26bd-3400-4ac4-8001-eb38f4f163ed,0,0,f,,,
8526ead0-1be6-4cdf-a38e-26517f98fe19,Crawl failures detected for PwC Consulting,PwC Consulting has failed 3 consecutive crawl attempts. The site may be unreachable or blocking automated crawlers. Consider excluding it from automated crawling.,crawl_health,Medium,2026-07-06 06:48:36.229086,,synozur.com,pending,,,,3942709e-deb5-4d01-bdaa-11d0b15bc74c,,,298c26bd-3400-4ac4-8001-eb38f4f163ed,0,0,f,,,
10a3bbaf-24ea-4cc7-b416-9c1534f7a8c8,Crawl failures detected for KPMG Advisory,KPMG Advisory has failed 3 consecutive crawl attempts. The site may be unreachable or blocking automated crawlers. Consider excluding it from automated crawling.,crawl_health,Medium,2026-07-06 06:58:35.927234,,synozur.com,pending,,,,feef14fe-13ed-465f-9c5f-eb9c7c80c76b,,,298c26bd-3400-4ac4-8001-eb38f4f163ed,0,0,f,,,
e13c6678-8886-42db-b326-3a586535edfc,Crawl failures detected for Society for Information Management,Society for Information Management has failed 3 consecutive crawl attempts. The site may be unreachable or blocking automated crawlers. Consider excluding it from automated crawling.,crawl_health,Medium,2026-07-06 07:08:36.12798,,synozur.com,pending,,,,b5d12262-1337-4bcf-a9d4-4ba831ef7edf,,,7f49f485-e251-4e51-8114-cce62e5ce6a9,0,0,f,,,
eb12315a-5087-4195-bd4c-3d3c2b82f790,Crawl failures detected for ISACA,ISACA has failed 3 consecutive crawl attempts. The site may be unreachable or blocking automated crawlers. Consider excluding it from automated crawling.,crawl_health,Medium,2026-07-06 07:18:37.927999,,synozur.com,pending,,,,c14730b9-be27-439c-9a5e-9f4901396375,,,7f49f485-e251-4e51-8114-cce62e5ce6a9,0,0,f,,,
06a0b27d-70ca-475e-838b-7a2bb6074b80,Crawl failures detected for IIIM - Institute of Information Management,IIIM - Institute of Information Management has failed 3 consecutive crawl attempts. The site may be unreachable or blocking automated crawlers. Consider excluding it from automated crawling.,crawl_health,Medium,2026-07-06 07:28:36.428025,,synozur.com,pending,,,,06ad74d6-1d3a-4ca8-9a22-6a88b9dc13ca,,,7f49f485-e251-4e51-8114-cce62e5ce6a9,0,0,f,,,
a4a97b37-e3c9-4d96-9bbd-1312c8b76774,Crawl failures detected for DAMA International,DAMA International has failed 3 consecutive crawl attempts. The site may be unreachable or blocking automated crawlers. Consider excluding it from automated crawling.,crawl_health,Medium,2026-07-06 07:38:35.827175,,synozur.com,pending,,,,2a608b0e-4dbd-4eae-ac9d-3eba3d722bbe,,,7f49f485-e251-4e51-8114-cce62e5ce6a9,0,0,f,,,
9e34cadd-c7db-4d29-9c4c-6bad0ca192e2,Crawl failures detected for ARMA International,ARMA International has failed 3 consecutive crawl attempts. The site may be unreachable or blocking automated crawlers. Consider excluding it from automated crawling.,crawl_health,Medium,2026-07-06 07:58:36.428089,,synozur.com,pending,,,,b67215e1-417e-4176-b3fc-f18deb838947,,,7f49f485-e251-4e51-8114-cce62e5ce6a9,0,0,f,,,
a25d929a-72da-468c-8ccd-6b136e182b6c,Crawl failures detected for IAPP - International Association of Privacy Professionals,IAPP - International Association of Privacy Professionals has failed 3 consecutive crawl attempts. The site may be unreachable or blocking automated crawlers. Consider excluding it from automated crawling.,crawl_health,Medium,2026-07-06 08:00:38.328345,,synozur.com,pending,,,,08fed942-89fc-4861-b880-b3821383c191,,,7f49f485-e251-4e51-8114-cce62e5ce6a9,0,0,f,,,
a627f443-1850-4efb-b8b4-f183ef42711c,Crawl failures detected for Conscia,Conscia has failed 3 consecutive crawl attempts. The site may be unreachable or blocking automated crawlers. Consider excluding it from automated crawling.,crawl_health,Medium,2026-07-06 08:08:37.32967,,synozur.com,pending,,,,0b8b5bbc-d283-4e90-a848-4a846ee60f6f,,,0d26aaa5-4ae5-40d8-a834-e70c84f9d45e,0,0,f,,,
36e09cd2-4d0e-4b52-bbed-12f5116bae58,Crawl failures detected for Nordlo,Nordlo has failed 3 consecutive crawl attempts. The site may be unreachable or blocking automated crawlers. Consider excluding it from automated crawling.,crawl_health,Medium,2026-07-06 08:28:37.328349,,synozur.com,pending,,,,40663b2f-b3e5-4a9f-b89e-b5500e0d76ec,,,0d26aaa5-4ae5-40d8-a834-e70c84f9d45e,0,0,f,,,
c9348f0c-af4e-4d65-8b7a-e63ee5525c09,Crawl failures detected for Crayon,Crayon has failed 3 consecutive crawl attempts. The site may be unreachable or blocking automated crawlers. Consider excluding it from automated crawling.,crawl_health,Medium,2026-07-06 08:30:41.528345,,synozur.com,pending,,,,602b7659-dbd6-4a75-8440-420e553af8ae,,,0d26aaa5-4ae5-40d8-a834-e70c84f9d45e,0,0,f,,,
6f6ad5dd-febc-4800-b592-4c0026f42670,Crawl failures detected for CorelDRAW,CorelDRAW has failed 3 consecutive crawl attempts. The site may be unreachable or blocking automated crawlers. Consider excluding it from automated crawling.,crawl_health,Medium,2026-07-06 08:48:37.527899,,synozur.com,pending,,,,2678c1ea-317d-458c-9049-2a0f28ab3ef6,,,0ef94ec0-4a79-4bf6-8bf8-7009864131e5,0,0,f,,,
dfd705f0-8b23-4618-b5f6-83c8e57bee6d,Crawl failures detected for Sketch,Sketch has failed 3 consecutive crawl attempts. The site may be unreachable or blocking automated crawlers. Consider excluding it from automated crawling.,crawl_health,Medium,2026-07-06 08:58:37.728767,,synozur.com,pending,,,,69d6af5d-1da7-4106-8b07-71e218069cdc,,,0ef94ec0-4a79-4bf6-8bf8-7009864131e5,0,0,f,,,
ae79c32f-7c2f-427e-8fa2-96ad4bbc880e,Crawl failures detected for Affinity (Serif),Affinity (Serif) has failed 3 consecutive crawl attempts. The site may be unreachable or blocking automated crawlers. Consider excluding it from automated crawling.,crawl_health,Medium,2026-07-06 09:08:38.127073,,synozur.com,pending,,,,a07bd48b-1b51-4f8d-9cd1-926627933d2f,,,0ef94ec0-4a79-4bf6-8bf8-7009864131e5,0,0,f,,,
77c9374f-6126-406e-9053-65571968e504,Crawl failures detected for Berkshire Partners,Berkshire Partners has failed 3 consecutive crawl attempts. The site may be unreachable or blocking automated crawlers. Consider excluding it from automated crawling.,crawl_health,Medium,2026-07-06 09:48:45.428254,,synozur.com,pending,,,,cb0eb1a2-21b1-4e78-94e0-0cc225afcfbc,,,ca220481-8e38-44ac-8bec-b77fce1155d9,0,0,f,,,
b87f00ae-59a5-4b36-955a-04f2722bc58e,Crawl failures detected for BlackRock,BlackRock has failed 3 consecutive crawl attempts. The site may be unreachable or blocking automated crawlers. Consider excluding it from automated crawling.,crawl_health,Medium,2026-07-06 09:58:46.429591,,synozur.com,pending,,,,81d699f8-0f19-4882-ab58-3e1dbdbdaba2,,,ca220481-8e38-44ac-8bec-b77fce1155d9,0,0,f,,,
ec9b6f1a-6ab0-4354-a3d0-754f727bc94c,Crawl failures detected for Warburg Pincus,Warburg Pincus has failed 3 consecutive crawl attempts. The site may be unreachable or blocking automated crawlers. Consider excluding it from automated crawling.,crawl_health,Medium,2026-07-06 10:08:47.42762,,synozur.com,pending,,,,bbc33448-4592-46af-a2dd-9a4c8d9b0912,,,ca220481-8e38-44ac-8bec-b77fce1155d9,0,0,f,,,
2e95790a-32d7-43af-83ad-1b160193a350,Crawl failures detected for Connection Public Sector Solutions,Connection Public Sector Solutions has failed 3 consecutive crawl attempts. The site may be unreachable or blocking automated crawlers. Consider excluding it from automated crawling.,crawl_health,Medium,2026-07-06 10:28:46.528447,,synozur.com,pending,,,,a431ce1f-becc-4c18-85e3-23320bc1bfc6,,,188acbd9-121b-4b3f-b21b-37b4e46638e0,0,0,f,,,
a53e48b6-0b6a-44dc-9161-051550c8078d,Crawl failures detected for PCM Government (Insight),PCM Government (Insight) has failed 3 consecutive crawl attempts. The site may be unreachable or blocking automated crawlers. Consider excluding it from automated crawling.,crawl_health,Medium,2026-07-06 10:30:53.33052,,synozur.com,pending,,,,10d078c9-7fb6-4cd3-9065-8231efbcfe5b,,,188acbd9-121b-4b3f-b21b-37b4e46638e0,0,0,f,,,
71f4f016-160b-4c1e-a1cd-4cd82414f457,Crawl failures detected for CDW-G,CDW-G has failed 3 consecutive crawl attempts. The site may be unreachable or blocking automated crawlers. Consider excluding it from automated crawling.,crawl_health,Medium,2026-07-06 10:38:46.205311,,synozur.com,pending,,,,8609479c-aa51-4629-8559-e31ff7c26a96,,,188acbd9-121b-4b3f-b21b-37b4e46638e0,0,0,f,,,
194858b0-2d21-4f9d-9225-ea135d33871e,Crawl failures detected for Carahsoft Technology Corporation,Carahsoft Technology Corporation has failed 3 consecutive crawl attempts. The site may be unreachable or blocking automated crawlers. Consider excluding it from automated crawling.,crawl_health,Medium,2026-07-06 10:58:47.627962,,synozur.com,pending,,,,69a49fd8-6769-44aa-b1e3-eedb0cf108d6,,,188acbd9-121b-4b3f-b21b-37b4e46638e0,0,0,f,,,
e1b1dcad-e754-491a-9e9b-c528f4f3f14a,Crawl failures detected for Clear People,Clear People has failed 3 consecutive crawl attempts. The site may be unreachable or blocking automated crawlers. Consider excluding it from automated crawling.,crawl_health,Medium,2026-07-06 11:08:47.129404,,synozur.com,pending,,,,78f6a80e-d53c-415e-bc74-537e7a40d81d,,,e36f9f62-612b-40dd-b2af-39a6cab20c7a,0,0,f,,,
e5513c69-afa5-4987-a9b9-38df2fe8d577,Crawl failures detected for Workday,Workday has failed 3 consecutive crawl attempts. The site may be unreachable or blocking automated crawlers. Consider excluding it from automated crawling.,crawl_health,Medium,2026-07-06 11:18:50.129063,,synozur.com,pending,,,,f6baf855-3a89-42c5-963d-d7a8c8f7c118,,,e36f9f62-612b-40dd-b2af-39a6cab20c7a,0,0,f,,,
30100125-b12b-4b35-8a6e-1d1a18173c39,Crawl failures detected for ServiceNow,ServiceNow has failed 3 consecutive crawl attempts. The site may be unreachable or blocking automated crawlers. Consider excluding it from automated crawling.,crawl_health,Medium,2026-07-06 11:28:48.729585,,synozur.com,pending,,,,53881696-8d69-492a-8842-d8257c7b25cc,,,e36f9f62-612b-40dd-b2af-39a6cab20c7a,0,0,f,,,
cee26633-d1ec-4ae8-a318-68b6ed44d471,Crawl failures detected for Atos (Unity SAM),Atos (Unity SAM) has failed 3 consecutive crawl attempts. The site may be unreachable or blocking automated crawlers. Consider excluding it from automated crawling.,crawl_health,Medium,2026-07-06 11:38:48.729481,,synozur.com,pending,,,,d4225512-e7d8-4f36-9f55-e3bb472be83b,,,cbb5fabd-c82b-4d50-bd34-2a0d79398622,0,0,f,,,
a6724870-bb71-433b-8529-15dc74755ddb,Crawl failures detected for Netspend,Netspend has failed 3 consecutive crawl attempts. The site may be unreachable or blocking automated crawlers. Consider excluding it from automated crawling.,crawl_health,Medium,2026-07-06 11:48:49.527821,,synozur.com,pending,,,,d75dbe65-2bc3-4a46-8c1a-d0ae14357787,,,dfad5af1-e6da-4d26-a1d1-6faab3115447,0,0,f,,,
67de73f0-5ef5-4c66-9ccc-b147d378be2e,Crawl failures detected for Ignite Visibility,Ignite Visibility has failed 3 consecutive crawl attempts. The site may be unreachable or blocking automated crawlers. Consider excluding it from automated crawling.,crawl_health,Medium,2026-07-06 11:58:48.630204,,synozur.com,pending,,,,5a0b59fa-6ab6-42db-a935-350a4ca2a9c6,,,f78f8c44-7b05-43c5-9add-a08bf46af886,0,0,f,,,
5c091b3a-1aae-4eb7-a11c-cfaf162c48a1,Crawl failures detected for Collibra,Collibra has failed 3 consecutive crawl attempts. The site may be unreachable or blocking automated crawlers. Consider excluding it from automated crawling.,crawl_health,Medium,2026-07-06 12:08:43.928577,,synozur.com,pending,,,,b5bf51c5-5ee7-45ef-b1b2-3bbf4cc400a1,,,9a959fb8-9171-4141-a2b8-f2df7ee805ee,0,0,f,,,
ebb6ceb0-fecd-4039-b79b-2da73fc825fc,Crawl failures detected for OneTrust,OneTrust has failed 3 consecutive crawl attempts. The site may be unreachable or blocking automated crawlers. Consider excluding it from automated crawling.,crawl_health,Medium,2026-07-06 12:18:49.42948,,synozur.com,pending,,,,ec19b97a-4419-4155-850e-19bbc49a1973,,,9a959fb8-9171-4141-a2b8-f2df7ee805ee,0,0,f,,,
686cea07-6098-4c71-bb7f-e44d9fd5ed8c,Crawl failures detected for Interact,Interact has failed 3 consecutive crawl attempts. The site may be unreachable or blocking automated crawlers. Consider excluding it from automated crawling.,crawl_health,Medium,2026-07-06 12:48:51.428732,,synozur.com,pending,,,,4431e858-523f-4f7d-8806-e045f68867eb,,,0ac8db60-16c4-4665-a8f3-e4655a5a29b5,0,0,f,,,
e666b70a-cfcc-4fe3-bf27-71c04d918a6b,Crawl failures detected for Vistage,Vistage has failed 3 consecutive crawl attempts. The site may be unreachable or blocking automated crawlers. Consider excluding it from automated crawling.,crawl_health,Medium,2026-07-06 13:18:57.929646,,synozur.com,pending,,,,94e3fb6e-74f3-4055-b32a-bbadf797e556,,,0a0caa0c-74f1-41e0-ae37-a070ed194772,0,0,f,,,
4ebe6482-fd17-4295-b5f7-3c9a16ff41dd,Crawl failures detected for Creospark,Creospark has failed 3 consecutive crawl attempts. The site may be unreachable or blocking automated crawlers. Consider excluding it from automated crawling.,crawl_health,Medium,2026-07-06 13:49:04.128924,,synozur.com,pending,,,,c51d0c96-92cd-4122-8f43-f87cff91b83e,,,5428db01-79b3-4487-a2b2-0e63327f2510,0,0,f,,,
919e259c-1707-4044-b096-db98b0a2c6d2,Crawl failures detected for Dynatrace,Dynatrace has failed 3 consecutive crawl attempts. The site may be unreachable or blocking automated crawlers. Consider excluding it from automated crawling.,crawl_health,Medium,2026-07-06 14:08:58.030016,,synozur.com,pending,,,,b061e353-891f-44e7-a56c-55b146fc4145,,,bc7e3c6b-277f-4220-81d8-2bc62426ad25,0,0,f,,,
77c8e934-8183-4e96-9684-572ac584d81b,Crawl failures detected for Splunk,Splunk has failed 3 consecutive crawl attempts. The site may be unreachable or blocking automated crawlers. Consider excluding it from automated crawling.,crawl_health,Medium,2026-07-06 14:18:58.129287,,synozur.com,pending,,,,76db7c05-3d8f-448b-995c-64af3bb4efe1,,,bc7e3c6b-277f-4220-81d8-2bc62426ad25,0,0,f,,,
08a9b1e0-2174-4343-82a8-6efb2e4f6cbb,Crawl failures detected for DataDog,DataDog has failed 3 consecutive crawl attempts. The site may be unreachable or blocking automated crawlers. Consider excluding it from automated crawling.,crawl_health,Medium,2026-07-06 14:28:58.128708,,synozur.com,pending,,,,c30714f5-fa25-4ba2-bc38-cc9a64bd567f,,,bc7e3c6b-277f-4220-81d8-2bc62426ad25,0,0,f,,,
ac3fe69d-7672-413e-a3ef-22196332fef0,Crawl failures detected for Hyland,Hyland has failed 3 consecutive crawl attempts. The site may be unreachable or blocking automated crawlers. Consider excluding it from automated crawling.,crawl_health,Medium,2026-07-06 14:38:58.430378,,synozur.com,pending,,,,c83f84b7-7663-4135-a40f-a41f3739b943,,,17daaca7-2a15-4f92-bbf3-c9a401ef36ac,0,0,f,,,
1a8b118c-2310-4f27-9e95-a27b933682f8,Crawl failures detected for OpenText,OpenText has failed 3 consecutive crawl attempts. The site may be unreachable or blocking automated crawlers. Consider excluding it from automated crawling.,crawl_health,Medium,2026-07-06 14:48:58.828623,,synozur.com,pending,,,,5d97db8e-ead9-4adf-9900-3f9ad1f4d75f,,,17daaca7-2a15-4f92-bbf3-c9a401ef36ac,0,0,f,,,
cd411eac-443b-4ffa-82f6-0ed7bd456a12,Crawl failures detected for Gimmal,Gimmal has failed 3 consecutive crawl attempts. The site may be unreachable or blocking automated crawlers. Consider excluding it from automated crawling.,crawl_health,Medium,2026-07-06 14:58:59.129249,,synozur.com,pending,,,,aa72bb4f-ea06-4861-97a5-1d4868f3416f,,,9a959fb8-9171-4141-a2b8-f2df7ee805ee,0,0,f,,,
c651ffc1-781c-43b6-b248-023dab1a322b,Crawl failures detected for MangoApps,MangoApps has failed 3 consecutive crawl attempts. The site may be unreachable or blocking automated crawlers. Consider excluding it from automated crawling.,crawl_health,Medium,2026-07-06 15:08:59.729355,,synozur.com,pending,,,,952483ff-29e6-40d5-8be5-c84e5dbefb0b,,,e36f9f62-612b-40dd-b2af-39a6cab20c7a,0,0,f,,,
1904f1e3-2658-4708-94db-855f1074fa65,Crawl failures detected for Simpplr,Simpplr has failed 3 consecutive crawl attempts. The site may be unreachable or blocking automated crawlers. Consider excluding it from automated crawling.,crawl_health,Medium,2026-07-06 15:19:00.629493,,synozur.com,pending,,,,0217d71b-ed30-4a62-b6f8-b943654c84cd,,,e36f9f62-612b-40dd-b2af-39a6cab20c7a,0,0,f,,,
d93ef473-3148-4dd0-9406-120b70c73452,Crawl failures detected for Happeo,Happeo has failed 3 consecutive crawl attempts. The site may be unreachable or blocking automated crawlers. Consider excluding it from automated crawling.,crawl_health,Medium,2026-07-06 15:21:39.531794,,synozur.com,pending,,,,04e5880c-d39d-4642-87eb-ccd50f9e2607,,,e36f9f62-612b-40dd-b2af-39a6cab20c7a,0,0,f,,,
416aaa77-2b74-43e4-8299-1ec6f8f95b13,Crawl failures detected for LumApps,LumApps has failed 3 consecutive crawl attempts. The site may be unreachable or blocking automated crawlers. Consider excluding it from automated crawling.,crawl_health,Medium,2026-07-06 15:31:44.629904,,synozur.com,pending,,,,15260f97-ef1f-4eee-9033-012b086c1071,,,e36f9f62-612b-40dd-b2af-39a6cab20c7a,0,0,f,,,
135ad95f-ae49-43f5-b347-31ab78d91301,Crawl failures detected for Staffbase,Staffbase has failed 3 consecutive crawl attempts. The site may be unreachable or blocking automated crawlers. Consider excluding it from automated crawling.,crawl_health,Medium,2026-07-06 15:41:40.430679,,synozur.com,pending,,,,b09f3c99-c4dc-4bfb-aedf-fa79f747b3ee,,,e36f9f62-612b-40dd-b2af-39a6cab20c7a,0,0,f,,,
cf00e32e-0349-4f41-8ed8-8b8980a80fd5,Crawl failures detected for Indigo Slate,Indigo Slate has failed 3 consecutive crawl attempts. The site may be unreachable or blocking automated crawlers. Consider excluding it from automated crawling.,crawl_health,Medium,2026-07-06 15:51:43.930824,,synozur.com,pending,,,,25d12394-a2e1-414c-a149-65c7e8498d71,,,f78f8c44-7b05-43c5-9add-a08bf46af886,0,0,f,,,
76249ea8-9e0f-4c45-87dc-17078563a80f,Crawl failures detected for Affirma,Affirma has failed 3 consecutive crawl attempts. The site may be unreachable or blocking automated crawlers. Consider excluding it from automated crawling.,crawl_health,Medium,2026-07-06 16:01:40.131727,,synozur.com,pending,,,,528fdbd1-f178-4d62-bfe4-c88d6d2ce895,,,f78f8c44-7b05-43c5-9add-a08bf46af886,0,0,f,,,
609d5176-c8b8-49f2-b4b5-41a576a891df,Crawl failures detected for Xillio,Xillio has failed 3 consecutive crawl attempts. The site may be unreachable or blocking automated crawlers. Consider excluding it from automated crawling.,crawl_health,Medium,2026-07-06 16:11:44.329902,,synozur.com,pending,,,,4fe0bb48-c4b7-4fae-bff3-5c74d09872e6,,,5428db01-79b3-4487-a2b2-0e63327f2510,0,0,f,,,
ac721ebb-7df9-4b9a-8dcc-702d51cec333,Crawl failures detected for West Monroe,West Monroe has failed 3 consecutive crawl attempts. The site may be unreachable or blocking automated crawlers. Consider excluding it from automated crawling.,crawl_health,Medium,2026-07-06 16:31:49.329987,,synozur.com,pending,,,,4a7d1f2b-28a6-4196-b23f-0b6d273d1507,,,137db123-4906-4e61-af99-f0d23d86a622,0,0,f,,,
ec8102a5-5ad7-4713-94d4-f3c94b07dc8d,Crawl failures detected for Cadence Solutions,Cadence Solutions has failed 3 consecutive crawl attempts. The site may be unreachable or blocking automated crawlers. Consider excluding it from automated crawling.,crawl_health,Medium,2026-07-06 16:49:00.128518,,synozur.com,pending,,,,32c39b62-e879-4d0c-89d3-80de52e93225,,,5428db01-79b3-4487-a2b2-0e63327f2510,0,0,f,,,
0e5e0f05-0c0d-4f88-9d89-f989ef2e21dc,Crawl failures detected for Navigant Consulting (now Guidehouse),Navigant Consulting (now Guidehouse) has failed 3 consecutive crawl attempts. The site may be unreachable or blocking automated crawlers. Consider excluding it from automated crawling.,crawl_health,Medium,2026-07-06 21:49:07.731078,,protiviti.com,pending,,,,1b0e56e9-a72c-4071-936b-d2ee2e5c4e28,,,df5aac98-bc6d-41ae-a00b-a61d3e1505a9,0,0,f,,,
a66d8361-94d5-437a-bee3-04e89445d863,Crawl failures detected for GeoDigital (formerly PaveVision),GeoDigital (formerly PaveVision) has failed 3 consecutive crawl attempts. The site may be unreachable or blocking automated crawlers. Consider excluding it from automated crawling.,crawl_health,Medium,2026-07-07 04:30:56.81252,,synozur.com,pending,,,,570da082-bd6b-4b55-a855-32339ddc86e8,,,872dde94-3e6c-4115-acdc-2c79b3276138,0,0,f,,,
be790dca-4719-499e-b3b0-e79850d91fb6,Crawl failures detected for Blue Prism (SS&C Blue Prism),Blue Prism (SS&C Blue Prism) has failed 3 consecutive crawl attempts. The site may be unreachable or blocking automated crawlers. Consider excluding it from automated crawling.,crawl_health,Medium,2026-07-07 07:15:29.315981,,reveillesoftware.com,pending,,,,9b012663-921b-4f3b-84fa-6c6b112983e1,,,cf966795-4a02-410b-ac2b-00d57aca1127,0,0,f,,,
535e00c2-724c-44c5-bdda-541d8fcb8375,Crawl failures detected for Automation Anywhere,Automation Anywhere has failed 3 consecutive crawl attempts. The site may be unreachable or blocking automated crawlers. Consider excluding it from automated crawling.,crawl_health,Medium,2026-07-07 07:25:28.816736,,reveillesoftware.com,pending,,,,9e6ce9aa-66c6-40dc-b9e0-f09c5bcd3d8b,,,cf966795-4a02-410b-ac2b-00d57aca1127,0,0,f,,,
af014efa-38c4-40d1-9d3b-bd4522371442,Crawl failures detected for UiPath,UiPath has failed 3 consecutive crawl attempts. The site may be unreachable or blocking automated crawlers. Consider excluding it from automated crawling.,crawl_health,Medium,2026-07-07 07:35:42.120681,,reveillesoftware.com,pending,,,,bc9ac535-418a-447f-bfd4-a5f9ffc41b35,,,cf966795-4a02-410b-ac2b-00d57aca1127,0,0,f,,,
2ed8b726-bbd4-49de-9bdc-fa5eea23b2da,Crawl failures detected for Gilead Sciences,Gilead Sciences has failed 3 consecutive crawl attempts. The site may be unreachable or blocking automated crawlers. Consider excluding it from automated crawling.,crawl_health,Medium,2026-07-07 08:17:52.315383,,synozur.com,pending,,,,97ae72ad-00d5-4753-8741-0595ab10ddcc,,,f0bcbd9a-e68c-4dfc-87d8-d0adc9660f51,0,0,f,,,
1986aec6-371e-4d32-a2eb-559580f44955,Crawl failures detected for Slalom,Slalom has failed 3 consecutive crawl attempts. The site may be unreachable or blocking automated crawlers. Consider excluding it from automated crawling.,crawl_health,Medium,2026-07-07 08:22:53.216775,,synozur.com,pending,,,,6769a5d0-53ea-4033-85d1-66f450105069,,,a83caa9d-904f-4508-a008-028921e755d2,0,0,f,,,
9bbfa0ff-1deb-46fd-a732-5dd4a95489a5,Crawl failures detected for The Synozur Alliance,The Synozur Alliance has failed 3 consecutive crawl attempts. The site may be unreachable or blocking automated crawlers. Consider excluding it from automated crawling.,crawl_health,Medium,2026-07-07 08:32:45.915721,,synozur.com,pending,,,,3a12f76f-509a-4974-85c3-8beac083d6a2,,,298c26bd-3400-4ac4-8001-eb38f4f163ed,0,0,f,,,
02a05696-634f-416c-ad48-a25b8285bf20,Crawl failures detected for IXL Learning,IXL Learning has failed 3 consecutive crawl attempts. The site may be unreachable or blocking automated crawlers. Consider excluding it from automated crawling.,crawl_health,Medium,2026-07-07 08:42:55.315578,,synozur.com,pending,,,,8cac7b13-9d69-40f7-91b7-affce7288b49,,,0afdd7be-dd94-47e6-89d5-dd3696094e45,0,0,f,,,
c266e076-85c1-47dd-a0b9-a13efa930ba3,Crawl failures detected for TA Associates,TA Associates has failed 3 consecutive crawl attempts. The site may be unreachable or blocking automated crawlers. Consider excluding it from automated crawling.,crawl_health,Medium,2026-07-07 09:49:03.516649,,synozur.com,pending,,,,10fdee8d-1386-4dba-92ef-b9f53bbdb5e4,,,1e288019-256e-4322-9781-1034bd47331c,0,0,f,,,
5fb3170d-2f9a-485e-8e2f-8558d271d8fb,Crawl failures detected for Vista Equity Partners,Vista Equity Partners has failed 3 consecutive crawl attempts. The site may be unreachable or blocking automated crawlers. Consider excluding it from automated crawling.,crawl_health,Medium,2026-07-07 09:59:05.016283,,synozur.com,pending,,,,fcae7d1d-290d-4561-8095-fcb7b04d5590,,,1e288019-256e-4322-9781-1034bd47331c,0,0,f,,,
b4245789-7e67-43a2-8a64-5cd123769246,Crawl failures detected for Blackfeet Nation,Blackfeet Nation has failed 3 consecutive crawl attempts. The site may be unreachable or blocking automated crawlers. Consider excluding it from automated crawling.,crawl_health,Medium,2026-07-07 10:09:04.116008,,synozur.com,pending,,,,f5feb2eb-a141-4309-9b03-ecb4b09cad53,,,b3c49c08-f9c9-483b-8820-acffc29be17a,0,0,f,,,
a6d9b9be-38e6-4aa9-bf2a-285636ddf7ca,Crawl failures detected for Oglala Sioux Tribe,Oglala Sioux Tribe has failed 3 consecutive crawl attempts. The site may be unreachable or blocking automated crawlers. Consider excluding it from automated crawling.,crawl_health,Medium,2026-07-07 10:19:04.415937,,synozur.com,pending,,,,e23c10b8-fbd9-4651-8daf-1ec7b7315e84,,,b3c49c08-f9c9-483b-8820-acffc29be17a,0,0,f,,,
62d6854f-f6cb-4463-aa59-e8d1c781573f,Crawl failures detected for Seminole Nation of Oklahoma,Seminole Nation of Oklahoma has failed 3 consecutive crawl attempts. The site may be unreachable or blocking automated crawlers. Consider excluding it from automated crawling.,crawl_health,Medium,2026-07-07 10:29:05.217073,,synozur.com,pending,,,,f3ff27aa-0090-4328-a64b-3fa0fc1bae57,,,b3c49c08-f9c9-483b-8820-acffc29be17a,0,0,f,,,
5f05b810-98b2-4cac-b05f-ff9300f9b5ac,Crawl failures detected for north highland,north highland has failed 3 consecutive crawl attempts. The site may be unreachable or blocking automated crawlers. Consider excluding it from automated crawling.,crawl_health,Medium,2026-07-07 11:18:57.314095,,synozur.com,pending,,,,4114125a-256e-4559-8428-6dea7e2b23a5,,,298c26bd-3400-4ac4-8001-eb38f4f163ed,0,0,f,,,
49802fa4-b296-4b7a-95fc-3acb278eba24,Crawl failures detected for Rapiscan Systems (OSI Systems),Rapiscan Systems (OSI Systems) has failed 3 consecutive crawl attempts. The site may be unreachable or blocking automated crawlers. Consider excluding it from automated crawling.,crawl_health,Medium,2026-07-07 12:10:00.615249,,synozur.com,pending,,,,09f046a2-3358-49a3-a6c8-219ceb8a546c,,,872dde94-3e6c-4115-acdc-2c79b3276138,0,0,f,,,
e6c4128e-1ae0-48c2-b3da-711e7f75e67d,Crawl failures detected for Churchill Asset Management,Churchill Asset Management has failed 3 consecutive crawl attempts. The site may be unreachable or blocking automated crawlers. Consider excluding it from automated crawling.,crawl_health,Medium,2026-07-07 13:00:45.493814,,synozur.com,pending,,,,a2bb86b9-636a-4658-8eae-8c978f31e97b,,,0dad59af-ea3b-4cb2-bf04-f365c7a69114,0,0,f,,,
2291dabf-5f77-4aa7-b926-136f26704093,Crawl failures detected for American Roller Company,American Roller Company has failed 3 consecutive crawl attempts. The site may be unreachable or blocking automated crawlers. Consider excluding it from automated crawling.,crawl_health,Medium,2026-07-07 16:08:41.208921,,synozur.com,pending,,,,f5a7ff06-44e0-497d-89fd-152e6319f9f2,,,7856ea44-c556-4a25-a43e-9c6bb238e648,0,0,f,,,
fd4c4318-16f8-4268-8c5b-16879f26b36b,Crawl failures detected for Aero Rubber Company,Aero Rubber Company has failed 3 consecutive crawl attempts. The site may be unreachable or blocking automated crawlers. Consider excluding it from automated crawling.,crawl_health,Medium,2026-07-07 16:18:51.507602,,synozur.com,pending,,,,adb265a1-51b2-469f-aa8a-352543d257f2,,,7856ea44-c556-4a25-a43e-9c6bb238e648,0,0,f,,,
56fac505-467f-4b0b-8f55-34646ab559ae,Crawl failures detected for CDW,CDW has failed 3 consecutive crawl attempts. The site may be unreachable or blocking automated crawlers. Consider excluding it from automated crawling.,crawl_health,Medium,2026-07-07 16:59:43.511399,,synozur.com,pending,,,,a38766dc-4e44-42bb-8008-9fac53f8665e,,,d8017313-db5e-4e57-910c-95b19f5f9b19,0,0,f,,,
e763e490-67b6-4063-94f1-d77bf56c05c3,Crawl failures detected for New Relic,New Relic has failed 3 consecutive crawl attempts. The site may be unreachable or blocking automated crawlers. Consider excluding it from automated crawling.,crawl_health,Medium,2026-07-07 18:41:16.262303,,reveillesoftware.com,pending,,,,c8daa9f8-7eb3-45ae-9fa8-2ac0e5773f50,,,5232feeb-8671-489f-ab07-e9d7310f0a3f,0,0,f,,,
82c06944-d2f4-4e8f-9d9b-5cb50c98c88f,Crawl failures detected for Smarsh,Smarsh has failed 3 consecutive crawl attempts. The site may be unreachable or blocking automated crawlers. Consider excluding it from automated crawling.,crawl_health,Medium,2026-07-07 18:51:15.629191,,reveillesoftware.com,pending,,,,080b5d8a-1101-4b6d-920c-66f2b90fc480,,,5232feeb-8671-489f-ab07-e9d7310f0a3f,0,0,f,,,
6134c96c-4f96-417e-af50-33acf83a5477,Crawl failures detected for DXC Technology,DXC Technology has failed 3 consecutive crawl attempts. The site may be unreachable or blocking automated crawlers. Consider excluding it from automated crawling.,crawl_health,Medium,2026-07-07 20:27:25.429125,,synozur.com,pending,,,,024f5aae-ecf1-4dc9-a061-7aba4f7f3050,,,d8017313-db5e-4e57-910c-95b19f5f9b19,0,0,f,,,
280bb8de-b7b7-4486-b88f-a3eeaa76bdd8,Crawl failures detected for Orchestry,Orchestry has failed 3 consecutive crawl attempts. The site may be unreachable or blocking automated crawlers. Consider excluding it from automated crawling.,crawl_health,Medium,2026-07-07 21:28:38.225811,,synozur.com,pending,,,,,10875a0b-1659-4ffc-95d9-d51f3c79ca4c,,5428db01-79b3-4487-a2b2-0e63327f2510,0,0,f,,,
ca5ba8b1-1409-421b-a544-ad689b31cac0,Crawl failures detected for Mosaic,Mosaic has failed 3 consecutive crawl attempts. The site may be unreachable or blocking automated crawlers. Consider excluding it from automated crawling.,crawl_health,Medium,2026-07-07 23:09:07.427014,,synozur.com,pending,,,,,701b623b-5679-43e8-ae32-9f7837a7d5f1,,137db123-4906-4e61-af99-f0d23d86a622,0,0,f,,,
539320f6-8d94-442b-82e0-574dc2552dfc,Crawl failures detected for ShareGate ,ShareGate  has failed 3 consecutive crawl attempts. The site may be unreachable or blocking automated crawlers. Consider excluding it from automated crawling.,crawl_health,Medium,2026-07-08 00:49:05.827603,,synozur.com,pending,,,,58fba9b0-6167-4cbf-83bf-dd315a8c9351,,,5428db01-79b3-4487-a2b2-0e63327f2510,0,0,f,,,
fcfb8e79-1dba-4a31-9d3c-633c83dc7679,Crawl failures detected for Choctaw Nation of Oklahoma,Choctaw Nation of Oklahoma has failed 3 consecutive crawl attempts. The site may be unreachable or blocking automated crawlers. Consider excluding it from automated crawling.,crawl_health,Medium,2026-07-08 03:30:00.828315,,synozur.com,pending,,,,2afad96e-6670-4eff-b02e-4cb2cbbdf86e,,,ea07a669-2e2b-4dbc-84fd-42f0009d0955,0,0,f,,,
789e8007-daa8-4082-9116-fa24f59464da,Crawl failures detected for Cherokee Nation,Cherokee Nation has failed 3 consecutive crawl attempts. The site may be unreachable or blocking automated crawlers. Consider excluding it from automated crawling.,crawl_health,Medium,2026-07-08 03:40:02.528435,,synozur.com,pending,,,,a89840d8-543e-4a59-a040-ed273515b3dd,,,ea07a669-2e2b-4dbc-84fd-42f0009d0955,0,0,f,,,
fba0750b-5f38-4058-a5c1-84ca0fe8234b,Crawl failures detected for Computacenter,Computacenter has failed 3 consecutive crawl attempts. The site may be unreachable or blocking automated crawlers. Consider excluding it from automated crawling.,crawl_health,Medium,2026-07-08 06:10:14.328875,,synozur.com,pending,,,,4156e3a5-eaa4-4345-aa2f-58a0a8a053a1,,,0d26aaa5-4ae5-40d8-a834-e70c84f9d45e,0,0,f,,,
bc9748d0-a639-49a4-b45f-cabd68f6d0f1,Crawl failures detected for Hannecard,Hannecard has failed 3 consecutive crawl attempts. The site may be unreachable or blocking automated crawlers. Consider excluding it from automated crawling.,crawl_health,Medium,2026-07-08 10:40:38.440024,,synozur.com,pending,,,,64d7e6cf-1aa4-499b-be3c-e82ef512a69c,,,7856ea44-c556-4a25-a43e-9c6bb238e648,0,0,f,,,
43039ebf-46e8-4e5d-8f23-92344c54a146,Crawl failures detected for Softchoice,Softchoice has failed 3 consecutive crawl attempts. The site may be unreachable or blocking automated crawlers. Consider excluding it from automated crawling.,crawl_health,Medium,2026-07-08 11:21:06.439362,,synozur.com,pending,,,,b9719804-1ce5-46bc-a2cc-846e89ca6707,,,d8017313-db5e-4e57-910c-95b19f5f9b19,0,0,f,,,
df5288d6-3a0e-44af-8abb-d927f807f19f,Crawl failures detected for Microsoft (Designer & Office),Microsoft (Designer & Office) has failed 3 consecutive crawl attempts. The site may be unreachable or blocking automated crawlers. Consider excluding it from automated crawling.,crawl_health,Medium,2026-07-08 14:55:10.727279,,synozur.com,pending,,,,a567bbdb-d990-49e8-a6ae-1a814d8d99ea,,,0ef94ec0-4a79-4bf6-8bf8-7009864131e5,0,0,f,,,
42053ce5-dc33-4c8c-b584-f26ee0cb32e7,Crawl failures detected for Silver Lake,Silver Lake has failed 3 consecutive crawl attempts. The site may be unreachable or blocking automated crawlers. Consider excluding it from automated crawling.,crawl_health,Medium,2026-07-08 15:25:11.128843,,synozur.com,pending,,,,75fa37f7-706f-4705-b8a5-d24e2bc00712,,,ca220481-8e38-44ac-8bec-b77fce1155d9,0,0,f,,,
f8c1462c-be88-4b68-aff5-0cafa2cd047d,Crawl failures detected for Thoma Bravo,Thoma Bravo has failed 3 consecutive crawl attempts. The site may be unreachable or blocking automated crawlers. Consider excluding it from automated crawling.,crawl_health,Medium,2026-07-08 15:45:12.13045,,synozur.com,pending,,,,da5d280c-ef5f-4ba8-8f4e-0d12dda9d38f,,,ca220481-8e38-44ac-8bec-b77fce1155d9,0,0,f,,,
403a86e0-0105-472f-9756-2d33e5ef1464,Crawl failures detected for InComm Payments,InComm Payments has failed 3 consecutive crawl attempts. The site may be unreachable or blocking automated crawlers. Consider excluding it from automated crawling.,crawl_health,Medium,2026-07-08 17:15:26.928844,,synozur.com,pending,,,,faea3517-5b01-4070-9f8e-d42dd02eddc5,,,dfad5af1-e6da-4d26-a1d1-6faab3115447,0,0,f,,,
b064437d-c15d-4599-9b27-620954bf1f3c,Crawl failures detected for Laserfiche,Laserfiche has failed 3 consecutive crawl attempts. The site may be unreachable or blocking automated crawlers. Consider excluding it from automated crawling.,crawl_health,Medium,2026-07-08 18:36:34.629083,,synozur.com,pending,,,,2f7a7046-4653-4445-978e-6c8e5cd7a0d4,,,17daaca7-2a15-4f92-bbf3-c9a401ef36ac,0,0,f,,,
66c464d1-3c04-49a4-9e76-c57a873b582b,Crawl failures detected for Box,Box has failed 3 consecutive crawl attempts. The site may be unreachable or blocking automated crawlers. Consider excluding it from automated crawling.,crawl_health,Medium,2026-07-08 18:46:32.760797,,synozur.com,pending,,,,cb7ca704-8591-4ca0-ae83-0893e6083a09,,,17daaca7-2a15-4f92-bbf3-c9a401ef36ac,0,0,f,,,
d770edda-1958-4343-9a64-1c7b175926ee,Crawl failures detected for Varonis,Varonis has failed 3 consecutive crawl attempts. The site may be unreachable or blocking automated crawlers. Consider excluding it from automated crawling.,crawl_health,Medium,2026-07-08 19:26:36.627683,,synozur.com,pending,,,,9c76dc39-ca81-4019-baef-49b6ff8df0aa,,,9a959fb8-9171-4141-a2b8-f2df7ee805ee,0,0,f,,,
4ad7dd6f-c713-494a-a5ca-8cb4bf47a6a5,Crawl failures detected for Grant Thornton Advisory,Grant Thornton Advisory has failed 3 consecutive crawl attempts. The site may be unreachable or blocking automated crawlers. Consider excluding it from automated crawling.,crawl_health,Medium,2026-07-08 22:04:30.743953,,protiviti.com,pending,,,,b26ae54e-4b8f-48f9-8bfe-51dcf3018018,,,df5aac98-bc6d-41ae-a00b-a61d3e1505a9,0,0,f,,,
e5f58263-3b46-43fb-9b8f-139978fb5d53,Crawl failures detected for The Table Group (Patrick Lencioni),The Table Group (Patrick Lencioni) has failed 3 consecutive crawl attempts. The site may be unreachable or blocking automated crawlers. Consider excluding it from automated crawling.,crawl_health,Medium,2026-07-08 22:14:33.627897,,synozur.com,pending,,,,059598da-5eea-4e0a-a5e3-f93e5ae4678f,,,0a0caa0c-74f1-41e0-ae37-a070ed194772,0,0,f,,,
99f584a5-7ef5-4bc1-9db3-992865418698,Crawl failures detected for Atlas,Atlas has failed 3 consecutive crawl attempts. The site may be unreachable or blocking automated crawlers. Consider excluding it from automated crawling.,crawl_health,Medium,2026-07-09 02:18:27.628905,,synozur.com,pending,,,,,cfa5085e-9e16-4e9c-b4b1-03f4a7d32e08,,0ac8db60-16c4-4665-a8f3-e4655a5a29b5,0,0,f,,,
87b3bd85-831f-4732-a943-5017e688f744,Crawl failures detected for Constellation,Constellation has failed 3 consecutive crawl attempts. The site may be unreachable or blocking automated crawlers. Consider excluding it from automated crawling.,crawl_health,Medium,2026-07-09 05:40:10.326417,,synozur.com,pending,,,,,afefe297-2a85-436c-9016-3742a48b0f57,,137db123-4906-4e61-af99-f0d23d86a622,0,0,f,,,
2f7f7807-f15b-45c7-adf1-c1cf9f37ae8c,Crawl failures detected for Atea,Atea has failed 3 consecutive crawl attempts. The site may be unreachable or blocking automated crawlers. Consider excluding it from automated crawling.,crawl_health,Medium,2026-07-09 08:30:58.726036,,synozur.com,pending,,,,2f74e349-868f-4154-bb11-54c42cc588b4,,,0d26aaa5-4ae5-40d8-a834-e70c84f9d45e,0,0,f,,,
089cfc82-22b2-4a88-82a4-4e2390131240,Crawl failures detected for Advance Rubber Company,Advance Rubber Company has failed 3 consecutive crawl attempts. The site may be unreachable or blocking automated crawlers. Consider excluding it from automated crawling.,crawl_health,Medium,2026-07-09 12:14:49.028064,,synozur.com,pending,,,,5c106c58-a576-43a8-98e4-e3ae47df4594,,,7856ea44-c556-4a25-a43e-9c6bb238e648,0,0,f,,,
402bf0ad-fb54-4c94-b124-1acc30347e53,Crawl failures detected for Powell Software,Powell Software has failed 3 consecutive crawl attempts. The site may be unreachable or blocking automated crawlers. Consider excluding it from automated crawling.,crawl_health,Medium,2026-07-09 12:45:22.458344,,synozur.com,pending,,,,d19ae81e-df49-4801-9408-9e4b25f9877c,,,e36f9f62-612b-40dd-b2af-39a6cab20c7a,0,0,f,,,
159838cc-d54c-4c00-805d-6ecc0488c8f9,Crawl failures detected for Brainstorm Training,Brainstorm Training has failed 3 consecutive crawl attempts. The site may be unreachable or blocking automated crawlers. Consider excluding it from automated crawling.,crawl_health,Medium,2026-07-09 13:26:02.228259,,synozur.com,pending,,,,3b24eef4-bacd-47b5-af62-4c88ac942e64,,,0afdd7be-dd94-47e6-89d5-dd3696094e45,0,0,f,,,
9177224b-d534-482b-a285-342d5d631bce,Crawl failures detected for Zenith,Zenith has failed 3 consecutive crawl attempts. The site may be unreachable or blocking automated crawlers. Consider excluding it from automated crawling.,crawl_health,Medium,2026-07-09 14:46:43.127582,,synozur.com,pending,,,,,937b7000-08ed-4e08-b5bf-d557ba2cd5a5,,137db123-4906-4e61-af99-f0d23d86a622,0,0,f,,,
f469bac4-0d3f-405e-a91c-7d7ccdbc5fc8,Crawl failures detected for Simpplr,Simpplr has failed 3 consecutive crawl attempts. The site may be unreachable or blocking automated crawlers. Consider excluding it from automated crawling.,crawl_health,Medium,2026-07-09 15:07:27.227372,,synozur.com,pending,,,,,fb12fc96-0b57-4c9e-9aa5-ce33e8ae7f82,,e36f9f62-612b-40dd-b2af-39a6cab20c7a,0,0,f,,,
053e10f9-4394-43bb-b4c2-0e16e8e65f63,Crawl failures detected for ShareGate,ShareGate has failed 3 consecutive crawl attempts. The site may be unreachable or blocking automated crawlers. Consider excluding it from automated crawling.,crawl_health,Medium,2026-07-09 16:05:40.771281,,synozur.com,pending,,,,,91efae26-5b0f-450c-9e80-77a4cf601144,,137db123-4906-4e61-af99-f0d23d86a622,0,0,f,,,
b83d9800-e24f-4b4a-940e-fede1116b9a0,Crawl failures detected for Bloomfire,Bloomfire has failed 3 consecutive crawl attempts. The site may be unreachable or blocking automated crawlers. Consider excluding it from automated crawling.,crawl_health,Medium,2026-07-09 16:28:27.62897,,synozur.com,pending,,,,,df8d0ed1-35e3-43ef-8ac5-4c78477d6df9,,0ac8db60-16c4-4665-a8f3-e4655a5a29b5,0,0,f,,,
7c9e624f-4cdd-4c98-a62d-08c922c843c0,Crawl failures detected for Unily,Unily has failed 3 consecutive crawl attempts. The site may be unreachable or blocking automated crawlers. Consider excluding it from automated crawling.,crawl_health,Medium,2026-07-09 16:58:28.328649,,synozur.com,pending,,,,,e7b03622-c587-4ad3-91e3-ef2263f5b71b,,0ac8db60-16c4-4665-a8f3-e4655a5a29b5,0,0,f,,,
0847fc3a-7323-44d6-8f72-aa0ca1029449,Crawl failures detected for New Relic,New Relic has failed 3 consecutive crawl attempts. The site may be unreachable or blocking automated crawlers. Consider excluding it from automated crawling.,crawl_health,Medium,2026-07-09 17:28:28.132897,,synozur.com,pending,,,,,e062ce85-9796-4251-bd84-d17f8fccc6f3,,bc7e3c6b-277f-4220-81d8-2bc62426ad25,0,0,f,,,
ab45a3f3-57f2-4d1a-98d5-a636f290900e,Crawl failures detected for LogicMonitor,LogicMonitor has failed 3 consecutive crawl attempts. The site may be unreachable or blocking automated crawlers. Consider excluding it from automated crawling.,crawl_health,Medium,2026-07-09 17:38:29.528321,,synozur.com,pending,,,,,b7e31c22-a0b1-46df-a523-c8e70be08f79,,bc7e3c6b-277f-4220-81d8-2bc62426ad25,0,0,f,,,
0e7657e7-7e95-4d3a-8ca5-e7c6db151001,Crawl failures detected for Documentum,Documentum has failed 3 consecutive crawl attempts. The site may be unreachable or blocking automated crawlers. Consider excluding it from automated crawling.,crawl_health,Medium,2026-07-09 18:10:24.821352,,synozur.com,pending,,,,,6ee2d65c-f0b3-4e85-b406-3d863655104c,,17daaca7-2a15-4f92-bbf3-c9a401ef36ac,0,0,f,,,
1d15a95f-a1ec-4285-8d27-23d566dbe30e,Crawl failures detected for BitTitan MigrationWiz,BitTitan MigrationWiz has failed 3 consecutive crawl attempts. The site may be unreachable or blocking automated crawlers. Consider excluding it from automated crawling.,crawl_health,Medium,2026-07-09 18:30:31.528469,,synozur.com,pending,,,,,67ebb117-741d-46b9-886d-e223ca1cc220,,5428db01-79b3-4487-a2b2-0e63327f2510,0,0,f,,,
59cc1b62-d574-4668-bc83-dbc3d325fac9,Crawl failures detected for Prosci,Prosci has failed 3 consecutive crawl attempts. The site may be unreachable or blocking automated crawlers. Consider excluding it from automated crawling.,crawl_health,Medium,2026-07-09 18:35:49.336937,,go-planet.com,pending,,,,86db47df-b1d5-4b6a-9073-62776f8bf42b,,,90fced24-a70f-4e90-b76e-1b0c86db716c,0,0,f,,,
f5207447-114f-44c3-873b-50319d8318d8,Crawl failures detected for Avanade,Avanade has failed 3 consecutive crawl attempts. The site may be unreachable or blocking automated crawlers. Consider excluding it from automated crawling.,crawl_health,Medium,2026-07-09 18:39:11.696576,,synozur.com,pending,,,,25e594a3-b669-407c-aa58-8727f864d99c,,,a83caa9d-904f-4508-a008-028921e755d2,0,0,f,,,
13665e09-5ac2-4842-87cd-190f35e7bc8e,Crawl failures detected for AvePoint FLY,AvePoint FLY has failed 3 consecutive crawl attempts. The site may be unreachable or blocking automated crawlers. Consider excluding it from automated crawling.,crawl_health,Medium,2026-07-09 18:50:52.127672,,synozur.com,pending,,,,,cb6081e2-1bb6-4c9a-9509-d1d286e9f692,,5428db01-79b3-4487-a2b2-0e63327f2510,0,0,f,,,
d8c345c9-9040-443d-a6d9-8804bc750ff7,Crawl failures detected for Productive,Productive has failed 3 consecutive crawl attempts. The site may be unreachable or blocking automated crawlers. Consider excluding it from automated crawling.,crawl_health,Medium,2026-07-09 19:01:05.026936,,synozur.com,pending,,,,,1589b234-0b8b-440b-99b8-bdfa8260cbce,,137db123-4906-4e61-af99-f0d23d86a622,0,0,f,,,
906fcb99-2404-40e0-9694-9c88f2993037,Crawl failures detected for Kantata,Kantata has failed 3 consecutive crawl attempts. The site may be unreachable or blocking automated crawlers. Consider excluding it from automated crawling.,crawl_health,Medium,2026-07-09 19:31:10.927615,,synozur.com,pending,,,,,f4790fae-3177-4da0-8bbb-3109d881ec90,,137db123-4906-4e61-af99-f0d23d86a622,0,0,f,,,
a565093f-1875-4ec8-9f11-72928b468e5b,Crawl failures detected for Anaplan Transformation Hub,Anaplan Transformation Hub has failed 3 consecutive crawl attempts. The site may be unreachable or blocking automated crawlers. Consider excluding it from automated crawling.,crawl_health,Medium,2026-07-09 19:51:56.617977,,synozur.com,pending,,,,,f846e136-d7ab-4947-bd70-b4ee78622922,,137db123-4906-4e61-af99-f0d23d86a622,0,0,f,,,
324e2027-b7f7-49a4-9105-c320562e3533,Crawl failures detected for CMMI Maturity Assessment,CMMI Maturity Assessment has failed 3 consecutive crawl attempts. The site may be unreachable or blocking automated crawlers. Consider excluding it from automated crawling.,crawl_health,Medium,2026-07-09 20:02:00.226802,,synozur.com,pending,,,,,0cb3b8e5-dfef-4392-b708-b9a14dcf9647,,137db123-4906-4e61-af99-f0d23d86a622,0,0,f,,,
f4f24020-7a0d-4137-a32f-933a3473fc35,Crawl failures detected for Orion,Orion has failed 3 consecutive crawl attempts. The site may be unreachable or blocking automated crawlers. Consider excluding it from automated crawling.,crawl_health,Medium,2026-07-09 20:12:01.02651,,synozur.com,pending,,,,,77b7513c-c26c-4950-a83a-728c8090d505,,137db123-4906-4e61-af99-f0d23d86a622,0,0,f,,,
66bf5d45-5279-450d-9967-afd809388830,Crawl failures detected for Perdoo,Perdoo has failed 3 consecutive crawl attempts. The site may be unreachable or blocking automated crawlers. Consider excluding it from automated crawling.,crawl_health,Medium,2026-07-09 20:22:19.927368,,synozur.com,pending,,,,,7f4f6356-c3ed-4089-ab80-403a5e92b859,,137db123-4906-4e61-af99-f0d23d86a622,0,0,f,,,
e252b074-e509-4172-89aa-95ea1fe62e90,Crawl failures detected for Vega,Vega has failed 3 consecutive crawl attempts. The site may be unreachable or blocking automated crawlers. Consider excluding it from automated crawling.,crawl_health,Medium,2026-07-09 20:32:37.931646,,synozur.com,pending,,,,,06deda54-8c2d-4673-ad71-9fffe3a314d3,,,0,0,f,,,
61efc0b6-2d64-4bdf-88e8-d5a6bb4a8824,Crawl failures detected for Vega,Vega has failed 3 consecutive crawl attempts. The site may be unreachable or blocking automated crawlers. Consider excluding it from automated crawling.,crawl_health,Medium,2026-07-09 20:42:48.688441,,synozur.com,pending,,,,,16290106-529d-4a53-886b-e8bac19e9585,,,0,0,f,,,
b5586c02-3d14-4ac3-a5eb-5a846fe0c05d,Crawl failures detected for Unily,Unily has failed 3 consecutive crawl attempts. The site may be unreachable or blocking automated crawlers. Consider excluding it from automated crawling.,crawl_health,Medium,2026-07-09 23:55:55.72742,,synozur.com,pending,,,,b779e181-a767-4d9b-88e2-6d9af2f3b828,,,0ac8db60-16c4-4665-a8f3-e4655a5a29b5,0,0,f,,,
fac5ad6a-8b3a-41c3-8c8a-d10e3861dcc2,Crawl failures detected for Datadog,Datadog has failed 3 consecutive crawl attempts. The site may be unreachable or blocking automated crawlers. Consider excluding it from automated crawling.,crawl_health,Medium,2026-07-10 15:05:36.906961,,synozur.com,pending,,,,,62534e32-28d5-4854-bec6-c6282b594954,,bc7e3c6b-277f-4220-81d8-2bc62426ad25,0,0,f,,,
be1807fb-5453-4bfe-a06a-b472697c95ff,Crawl failures detected for Workboard,Workboard has failed 3 consecutive crawl attempts. The site may be unreachable or blocking automated crawlers. Consider excluding it from automated crawling.,crawl_health,Medium,2026-07-10 15:51:21.40679,,synozur.com,pending,,,,,09bf40b8-9d3b-49a9-88bc-22f7f860398b,,,0,0,f,,,
fea0b54f-c12a-4c78-8f07-6a3c9da6566c,Crawl failures detected for Splunk,Splunk has failed 3 consecutive crawl attempts. The site may be unreachable or blocking automated crawlers. Consider excluding it from automated crawling.,crawl_health,Medium,2026-07-10 18:54:24.906265,,reveillesoftware.com,pending,,,,b8f6cf4c-a5da-4027-975e-00c8966ee87d,,,5232feeb-8671-489f-ab07-e9d7310f0a3f,0,0,f,,,
65fe75df-5b0e-4fdc-a690-f1ed41b7fae1,Crawl failures detected for KPMG (Intelligent Automation),KPMG (Intelligent Automation) has failed 3 consecutive crawl attempts. The site may be unreachable or blocking automated crawlers. Consider excluding it from automated crawling.,crawl_health,Medium,2026-07-10 20:46:32.609627,,reveillesoftware.com,pending,,,,9d53d64e-1b85-49f9-84b1-2af2e29e8210,,,cf966795-4a02-410b-ac2b-00d57aca1127,0,0,f,,,
f681c61f-ab57-44d1-a475-956136e8284f,Crawl failures detected for Dynatrace,Dynatrace has failed 3 consecutive crawl attempts. The site may be unreachable or blocking automated crawlers. Consider excluding it from automated crawling.,crawl_health,Medium,2026-07-11 01:36:35.869983,,reveillesoftware.com,pending,,,,1aeb90c1-afff-4f38-a5ba-3c6743ab6906,,,5232feeb-8671-489f-ab07-e9d7310f0a3f,0,0,f,,,
1c5164d4-8eb0-495c-b595-e8c5a227ae6b,Crawl failures detected for AI Strategy and Design,AI Strategy and Design has failed 3 consecutive crawl attempts. The site may be unreachable or blocking automated crawlers. Consider excluding it from automated crawling.,crawl_health,Medium,2026-07-11 02:27:28.988804,,synozur.com,pending,,,,,b52269af-cb22-4a15-88ad-69c97a7538a4,,137db123-4906-4e61-af99-f0d23d86a622,0,0,f,,,
95772299-2c40-46ca-9a28-7ad28872fc93,Crawl failures detected for Viva Connections,Viva Connections has failed 3 consecutive crawl attempts. The site may be unreachable or blocking automated crawlers. Consider excluding it from automated crawling.,crawl_health,Medium,2026-07-11 02:37:43.108296,,synozur.com,pending,,,,,47ca0f17-f1d5-43c6-b511-bd8bda0b336c,,e36f9f62-612b-40dd-b2af-39a6cab20c7a,0,0,f,,,
22cc2749-216e-44d4-9b93-13bc45bbe86c,Crawl failures detected for Advent International,Advent International has failed 3 consecutive crawl attempts. The site may be unreachable or blocking automated crawlers. Consider excluding it from automated crawling.,crawl_health,Medium,2026-07-11 05:55:58.706913,,synozur.com,pending,,,,96887424-f071-410c-ab3e-76ea0bc72251,,,ca220481-8e38-44ac-8bec-b77fce1155d9,0,0,f,,,
1971ac91-35e5-46d8-979e-460d0d5f3a2a,Crawl failures detected for Interact Software,Interact Software has failed 3 consecutive crawl attempts. The site may be unreachable or blocking automated crawlers. Consider excluding it from automated crawling.,crawl_health,Medium,2026-07-11 06:36:33.307372,,synozur.com,pending,,,,d839de5b-0b3f-4e3d-b620-03d5f2ab2381,,,e36f9f62-612b-40dd-b2af-39a6cab20c7a,0,0,f,,,
3775d221-9085-4d22-a484-db99b38684a1,Crawl failures detected for Syskit,Syskit has failed 3 consecutive crawl attempts. The site may be unreachable or blocking automated crawlers. Consider excluding it from automated crawling.,crawl_health,Medium,2026-07-11 07:28:31.106953,,protiviti.com,pending,,,,ededa85c-f504-477e-a603-112efb1d56e4,,,ef08cf28-7cb2-4515-a451-62f3989b55cf,0,0,f,,,
80be5aad-70d9-4ad9-b129-47edb803a02f,Crawl failures detected for Box,Box has failed 3 consecutive crawl attempts. The site may be unreachable or blocking automated crawlers. Consider excluding it from automated crawling.,crawl_health,Medium,2026-07-11 08:23:20.022138,,synozur.com,pending,,,,,81f8010e-725d-4364-9850-740b6ca133cf,,17daaca7-2a15-4f92-bbf3-c9a401ef36ac,0,0,f,,,
a23bcd1e-fabd-4bb5-a716-e3817f21430b,Crawl failures detected for Laserfiche,Laserfiche has failed 3 consecutive crawl attempts. The site may be unreachable or blocking automated crawlers. Consider excluding it from automated crawling.,crawl_health,Medium,2026-07-11 08:33:31.210156,,synozur.com,pending,,,,,e6d321bf-b40b-47ce-9393-d8e3c0eee06f,,17daaca7-2a15-4f92-bbf3-c9a401ef36ac,0,0,f,,,
aa46b33c-0461-45f7-a8de-695a6663cca1,Crawl failures detected for Themis ICE,Themis ICE has failed 3 consecutive crawl attempts. The site may be unreachable or blocking automated crawlers. Consider excluding it from automated crawling.,crawl_health,Medium,2026-07-11 09:04:03.608743,,synozur.com,pending,,,,,f369bdb3-3311-4c90-a675-019b35a54cb8,,5428db01-79b3-4487-a2b2-0e63327f2510,0,0,f,,,
bf5586cd-9707-4961-90aa-1da38fe63f30,Crawl failures detected for New Horizons,New Horizons has failed 3 consecutive crawl attempts. The site may be unreachable or blocking automated crawlers. Consider excluding it from automated crawling.,crawl_health,Medium,2026-07-11 09:48:34.418617,,go-planet.com,pending,,,,b9a4c176-0939-4d56-9d72-2c54a5cbede7,,,90fced24-a70f-4e90-b76e-1b0c86db716c,0,0,f,,,
88c4c3f8-86aa-45a9-8789-abb56185a307,Crawl failures detected for RSM US,RSM US has failed 3 consecutive crawl attempts. The site may be unreachable or blocking automated crawlers. Consider excluding it from automated crawling.,crawl_health,Medium,2026-07-11 10:00:19.918866,,protiviti.com,pending,,,,7bb8c87e-09b5-43dc-9607-bbcd1627c167,,,df5aac98-bc6d-41ae-a00b-a61d3e1505a9,0,0,f,,,
7109699a-1217-442a-a5f1-3ff701df70db,Crawl failures detected for Insight Enterprises,Insight Enterprises has failed 3 consecutive crawl attempts. The site may be unreachable or blocking automated crawlers. Consider excluding it from automated crawling.,crawl_health,Medium,2026-07-11 12:31:58.072271,,synozur.com,pending,,,,3447d183-3e3d-40a4-a7a4-b9e7436d96dc,,,d8017313-db5e-4e57-910c-95b19f5f9b19,0,0,f,,,
ecc4c9ae-9c32-4d85-8fde-f9732f633fa6,Crawl failures detected for Cognizant (Automation Practice),Cognizant (Automation Practice) has failed 3 consecutive crawl attempts. The site may be unreachable or blocking automated crawlers. Consider excluding it from automated crawling.,crawl_health,Medium,2026-07-11 12:38:54.473754,,reveillesoftware.com,pending,,,,b2706610-c3b4-4610-86d0-44b8066d66c0,,,cf966795-4a02-410b-ac2b-00d57aca1127,0,0,f,,,
90983dd0-e719-49f6-a01f-013ef5d7b1c1,Crawl failures detected for CDW Corporation,CDW Corporation has failed 3 consecutive crawl attempts. The site may be unreachable or blocking automated crawlers. Consider excluding it from automated crawling.,crawl_health,Medium,2026-07-11 12:42:00.570732,,synozur.com,pending,,,,a057c740-598c-4038-8739-5c3b22b0f61c,,,d8017313-db5e-4e57-910c-95b19f5f9b19,0,0,f,,,
469ac103-7ebd-44c8-9484-0b68fad95c3b,Crawl failures detected for Chip Phillips Photography,Chip Phillips Photography has failed 3 consecutive crawl attempts. The site may be unreachable or blocking automated crawlers. Consider excluding it from automated crawling.,crawl_health,Medium,2026-07-11 13:19:36.971281,,chrismcnulty.net,pending,,,,b97c3a61-4f94-4040-9e3c-27b3109da50a,,,08610095-ef99-4205-b5ae-13264021a471,0,0,f,,,
eb92c68f-82ca-48c2-be5d-fef281bb41e9,Crawl failures detected for Miles Morgan Photography,Miles Morgan Photography has failed 3 consecutive crawl attempts. The site may be unreachable or blocking automated crawlers. Consider excluding it from automated crawling.,crawl_health,Medium,2026-07-11 13:39:39.170735,,chrismcnulty.net,pending,,,,5053b648-531c-45ae-9ab2-4b393fa0aae9,,,08610095-ef99-4205-b5ae-13264021a471,0,0,f,,,
0a5e6345-0292-40a4-bc10-129c237f0e5a,Crawl failures detected for Adaptive Learning (Vitalyst),Adaptive Learning (Vitalyst) has failed 3 consecutive crawl attempts. The site may be unreachable or blocking automated crawlers. Consider excluding it from automated crawling.,crawl_health,Medium,2026-07-11 13:50:50.824411,,go-planet.com,pending,,,,8cd443f5-fafc-416f-b326-b3f6c83dacc3,,,90fced24-a70f-4e90-b76e-1b0c86db716c,0,0,f,,,
990437c7-d375-4ba4-8028-8be0fb28c9ac,Crawl failures detected for Rightpoint,Rightpoint has failed 3 consecutive crawl attempts. The site may be unreachable or blocking automated crawlers. Consider excluding it from automated crawling.,crawl_health,Medium,2026-07-11 14:11:07.197568,,protiviti.com,pending,,,,1207e007-52fe-40ba-81cc-89ac1166a6ef,,,df5aac98-bc6d-41ae-a00b-a61d3e1505a9,0,0,f,,,
26cbc9b5-988d-4f65-90f9-80e42e294e77,Crawl failures detected for Vista Equity Partners,Vista Equity Partners has failed 3 consecutive crawl attempts. The site may be unreachable or blocking automated crawlers. Consider excluding it from automated crawling.,crawl_health,Medium,2026-07-11 14:13:37.49719,,synozur.com,pending,,,,b61d84e3-6744-4d06-9886-293338c643e1,,,ca220481-8e38-44ac-8bec-b77fce1155d9,0,0,f,,,
ae28f444-fe0b-49f0-9c38-357c0a1b8162,Crawl failures detected for Avanade,Avanade has failed 3 consecutive crawl attempts. The site may be unreachable or blocking automated crawlers. Consider excluding it from automated crawling.,crawl_health,Medium,2026-07-11 14:33:37.697465,,synozur.com,pending,,,,ff3f7fb9-9972-4004-aa14-4001ca74ad8d,,,137db123-4906-4e61-af99-f0d23d86a622,0,0,f,,,
ee2f7194-6054-4148-8a4b-063b5012a04e,Crawl failures detected for Slalom,Slalom has failed 3 consecutive crawl attempts. The site may be unreachable or blocking automated crawlers. Consider excluding it from automated crawling.,crawl_health,Medium,2026-07-11 14:43:45.897732,,synozur.com,pending,,,,c37c4fd7-fa11-4147-95b6-2e401489de19,,,137db123-4906-4e61-af99-f0d23d86a622,0,0,f,,,
bda2ea63-f920-4b3d-a613-5e503fbc25de,Crawl failures detected for EY-Parthenon,EY-Parthenon has failed 3 consecutive crawl attempts. The site may be unreachable or blocking automated crawlers. Consider excluding it from automated crawling.,crawl_health,Medium,2026-07-11 14:51:26.496935,,protiviti.com,pending,,,,6b80e409-5760-4925-9967-29a2789e61b5,,,df5aac98-bc6d-41ae-a00b-a61d3e1505a9,0,0,f,,,
de4747e6-2658-45aa-846c-6da3ce4445f6,Crawl failures detected for Microsoft Purview,Microsoft Purview has failed 3 consecutive crawl attempts. The site may be unreachable or blocking automated crawlers. Consider excluding it from automated crawling.,crawl_health,Medium,2026-07-11 14:53:39.098083,,synozur.com,pending,,,,26aca603-d131-4fa1-baf7-d265520c6a5f,,,9a959fb8-9171-4141-a2b8-f2df7ee805ee,0,0,f,,,
fe8d8793-d1b9-4e60-b0f2-88acf1735fce,Crawl failures detected for ShareGate,ShareGate has failed 3 consecutive crawl attempts. The site may be unreachable or blocking automated crawlers. Consider excluding it from automated crawling.,crawl_health,Medium,2026-07-11 15:21:30.296588,,protiviti.com,pending,,,,c84b7493-fc2e-4c32-aeb7-92e904fb92b0,,,ef08cf28-7cb2-4515-a451-62f3989b55cf,0,0,f,,,
f6b9ad52-fe89-49cf-9e61-5f344a8888de,Crawl failures detected for Brainstorm Training,Brainstorm Training has failed 3 consecutive crawl attempts. The site may be unreachable or blocking automated crawlers. Consider excluding it from automated crawling.,crawl_health,Medium,2026-07-11 20:17:21.698827,,go-planet.com,pending,,,,66ad8f73-01a2-476b-8866-1de2fbfb3ebc,,,90fced24-a70f-4e90-b76e-1b0c86db716c,0,0,f,,,
ce16d7cf-6c4c-4e81-a66e-9746991de9b5,Crawl failures detected for Unily,Unily has failed 3 consecutive crawl attempts. The site may be unreachable or blocking automated crawlers. Consider excluding it from automated crawling.,crawl_health,Medium,2026-07-11 20:27:16.397827,,synozur.com,pending,,,,e0423f58-ae60-4ed5-8f8b-3f9c8e13585a,,,e36f9f62-612b-40dd-b2af-39a6cab20c7a,0,0,f,,,
cebdad85-d816-41c2-8188-35b9667299e3,Crawl failures detected for PwC Advisory,PwC Advisory has failed 3 consecutive crawl attempts. The site may be unreachable or blocking automated crawlers. Consider excluding it from automated crawling.,crawl_health,Medium,2026-07-11 20:47:25.997004,,protiviti.com,pending,,,,ec5ecb82-699a-4c4d-a2eb-5a813ca2df83,,,df5aac98-bc6d-41ae-a00b-a61d3e1505a9,0,0,f,,,
b368cb31-882d-4b0b-9f16-b66f48b883ea,Crawl failures detected for Viva Engage (Microsoft),Viva Engage (Microsoft) has failed 3 consecutive crawl attempts. The site may be unreachable or blocking automated crawlers. Consider excluding it from automated crawling.,crawl_health,Medium,2026-07-11 21:27:23.498457,,protiviti.com,pending,,,,fd8c829c-66cf-474c-bf34-ea4527890c9a,,,ef08cf28-7cb2-4515-a451-62f3989b55cf,0,0,f,,,
cc06c15b-d040-4674-8307-03ab4b6ebf6d,Crawl failures detected for Ryan Dyar Photography,Ryan Dyar Photography has failed 3 consecutive crawl attempts. The site may be unreachable or blocking automated crawlers. Consider excluding it from automated crawling.,crawl_health,Medium,2026-07-11 22:37:55.897591,,chrismcnulty.net,pending,,,,e31607aa-d71e-4bbe-92d5-5dd7cbed2546,,,08610095-ef99-4205-b5ae-13264021a471,0,0,f,,,
7a9fd163-4605-4e59-ac19-58c28ab592c6,Crawl failures detected for Slalom,Slalom has failed 3 consecutive crawl attempts. The site may be unreachable or blocking automated crawlers. Consider excluding it from automated crawling.,crawl_health,Medium,2026-07-12 02:15:53.083513,,protiviti.com,pending,,,,98ef7a34-26dc-41b0-8505-f940db4d2b3b,,,df5aac98-bc6d-41ae-a00b-a61d3e1505a9,0,0,f,,,
4c5ee7c3-0170-406a-bf44-416d29f47650,Crawl failures detected for Gtmhub,Gtmhub has failed 3 consecutive crawl attempts. The site may be unreachable or blocking automated crawlers. Consider excluding it from automated crawling.,crawl_health,Medium,2026-07-12 02:40:33.886883,,synozur.com,pending,,,,,72fda410-af0d-4f34-9420-1532b558bb70,,137db123-4906-4e61-af99-f0d23d86a622,0,0,f,,,
7de77618-958c-4e65-88bf-d875c526eeb3,Crawl failures detected for AvePoint FLY,AvePoint FLY has failed 3 consecutive crawl attempts. The site may be unreachable or blocking automated crawlers. Consider excluding it from automated crawling.,crawl_health,Medium,2026-07-12 03:31:53.98352,,synozur.com,pending,,,,,0848266d-422c-487c-a1e3-e8eaa0a4f8de,,5428db01-79b3-4487-a2b2-0e63327f2510,0,0,f,,,
7a51be45-0964-4542-8eab-d192e1c88c50,Crawl failures detected for Forecast,Forecast has failed 3 consecutive crawl attempts. The site may be unreachable or blocking automated crawlers. Consider excluding it from automated crawling.,crawl_health,Medium,2026-07-12 04:12:24.885553,,synozur.com,pending,,,,,dcc2f369-3d1a-42c1-ba33-61f2d3aefdca,,137db123-4906-4e61-af99-f0d23d86a622,0,0,f,,,
406980df-a88a-49f3-aec7-db5f49c8b484,Crawl failures detected for IdeaScale,IdeaScale has failed 3 consecutive crawl attempts. The site may be unreachable or blocking automated crawlers. Consider excluding it from automated crawling.,crawl_health,Medium,2026-07-12 04:32:44.85283,,synozur.com,pending,,,,,37bd6fe6-4473-48ec-9053-563e9357f723,,137db123-4906-4e61-af99-f0d23d86a622,0,0,f,,,
d8173013-460e-4a14-9eca-342996954f42,Crawl failures detected for Nebula,Nebula has failed 3 consecutive crawl attempts. The site may be unreachable or blocking automated crawlers. Consider excluding it from automated crawling.,crawl_health,Medium,2026-07-12 04:53:03.673725,,synozur.com,pending,,,,,7ad06a5d-21c0-4bfc-a8ff-01bdc58da5fe,,137db123-4906-4e61-af99-f0d23d86a622,0,0,f,,,
6e5173f0-852f-4594-81d7-ad4f00994cab,Crawl failures detected for Workboard,Workboard has failed 3 consecutive crawl attempts. The site may be unreachable or blocking automated crawlers. Consider excluding it from automated crawling.,crawl_health,Medium,2026-07-12 05:13:22.582302,,synozur.com,pending,,,,,ee68be45-6776-4844-9531-647f4dd0990f,,137db123-4906-4e61-af99-f0d23d86a622,0,0,f,,,
21d43814-0a84-422a-ad1d-dae58a405a04,Crawl failures detected for Bloomfire,Bloomfire has failed 3 consecutive crawl attempts. The site may be unreachable or blocking automated crawlers. Consider excluding it from automated crawling.,crawl_health,Medium,2026-07-12 07:25:39.682907,,synozur.com,pending,,,,,0b7f9bd5-84f8-4d3e-87e1-ba2a91df2a19,,0ac8db60-16c4-4665-a8f3-e4655a5a29b5,0,0,f,,,
b22f1a45-d457-4d7f-b156-08536fb007cf,Crawl failures detected for Coveo,Coveo has failed 3 consecutive crawl attempts. The site may be unreachable or blocking automated crawlers. Consider excluding it from automated crawling.,crawl_health,Medium,2026-07-12 07:35:46.587975,,synozur.com,pending,,,,,56874742-a615-48bf-b387-8739b8528f60,,0ac8db60-16c4-4665-a8f3-e4655a5a29b5,0,0,f,,,
fa453241-ce94-492f-9873-941eee05e845,Crawl failures detected for Guru,Guru has failed 3 consecutive crawl attempts. The site may be unreachable or blocking automated crawlers. Consider excluding it from automated crawling.,crawl_health,Medium,2026-07-12 07:45:46.584173,,synozur.com,pending,,,,,54cfa7d2-207d-41ce-9e64-1fa802631328,,0ac8db60-16c4-4665-a8f3-e4655a5a29b5,0,0,f,,,
ca48a548-686b-4c46-887c-3b9796698076,Crawl failures detected for Profit,Profit has failed 3 consecutive crawl attempts. The site may be unreachable or blocking automated crawlers. Consider excluding it from automated crawling.,crawl_health,Medium,2026-07-12 08:26:36.820819,,synozur.com,pending,,,,,79c60fb8-5a99-4655-8abd-f58599f48b87,,,0,0,f,,,
9ae5d7d8-b4eb-4e40-b4a8-ef27e77e4c87,Crawl failures detected for KPMG Advisory,KPMG Advisory has failed 3 consecutive crawl attempts. The site may be unreachable or blocking automated crawlers. Consider excluding it from automated crawling.,crawl_health,Medium,2026-07-12 09:37:46.184505,,protiviti.com,pending,,,,098abeb6-3d15-4808-9c9d-0e1637884223,,,df5aac98-bc6d-41ae-a00b-a61d3e1505a9,0,0,f,,,
4a51353e-497b-4d85-898e-b726d2caa119,Crawl failures detected for Viva Engage (Microsoft),Viva Engage (Microsoft) has failed 5 consecutive crawl attempts. The site may be unreachable or blocking automated crawlers. Consider excluding it from automated crawling.,crawl_health,Medium,2026-07-12 09:47:57.286594,,protiviti.com,pending,,,,fd8c829c-66cf-474c-bf34-ea4527890c9a,,,ef08cf28-7cb2-4515-a451-62f3989b55cf,0,0,f,,,
b0697564-26f8-4b2f-8c0e-aee48836da9a,Crawl failures detected for Contify,Contify has failed 3 consecutive crawl attempts. The site may be unreachable or blocking automated crawlers. Consider excluding it from automated crawling.,crawl_health,Medium,2026-07-12 11:19:14.276945,,synozur.com,pending,,,,,624944cc-5578-4a79-ba72-b83196c056b4,,137db123-4906-4e61-af99-f0d23d86a622,0,0,f,,,
932d5193-7037-445e-a158-f2b2564328a6,Crawl failures detected for Crayon,Crayon has failed 3 consecutive crawl attempts. The site may be unreachable or blocking automated crawlers. Consider excluding it from automated crawling.,crawl_health,Medium,2026-07-12 11:29:24.741539,,synozur.com,pending,,,,,73acc2c3-3418-4620-ab06-e9d8f04e1f98,,137db123-4906-4e61-af99-f0d23d86a622,0,0,f,,,
ce03ef8c-d4d9-44e0-b2bc-c3cc8d6cebdf,Crawl failures detected for Viva Connections,Viva Connections has failed 3 consecutive crawl attempts. The site may be unreachable or blocking automated crawlers. Consider excluding it from automated crawling.,crawl_health,Medium,2026-07-12 12:09:59.48538,,synozur.com,pending,,,,,0480bad5-beb9-476b-9b66-a86c06526626,,0ac8db60-16c4-4665-a8f3-e4655a5a29b5,0,0,f,,,
6aaf8de7-37ad-4d32-8328-ec0d1aa7f180,Crawl failures detected for Accelo,Accelo has failed 3 consecutive crawl attempts. The site may be unreachable or blocking automated crawlers. Consider excluding it from automated crawling.,crawl_health,Medium,2026-07-12 13:14:17.485984,,synozur.com,pending,,,,,95481f16-3350-4568-974d-742258bd0fde,,137db123-4906-4e61-af99-f0d23d86a622,0,0,f,,,
f906a8dc-ab0a-4c04-8a01-13e120b8b646,Crawl failures detected for Akumina Employee Experience Platform,Akumina Employee Experience Platform has failed 3 consecutive crawl attempts. The site may be unreachable or blocking automated crawlers. Consider excluding it from automated crawling.,crawl_health,Medium,2026-07-12 17:40:03.648636,,synozur.com,pending,,,,,52ee2bb3-8496-4fe0-84c1-f31de8713b37,,e36f9f62-612b-40dd-b2af-39a6cab20c7a,0,0,f,,,
bb431754-268f-4607-be2a-82cb8727dcdf,Crawl failures detected for Legacy Snapshot,Legacy Snapshot has failed 3 consecutive crawl attempts. The site may be unreachable or blocking automated crawlers. Consider excluding it from automated crawling.,crawl_health,Medium,2026-07-12 17:50:12.685328,,synozur.com,pending,,,,,4f6817b1-9d10-4195-8a6c-012ca21da711,,cbb5fabd-c82b-4d50-bd34-2a0d79398622,0,0,f,,,
91c72bde-517f-44d6-8712-d27a5419bc21,Crawl failures detected for Similarweb,Similarweb has failed 3 consecutive crawl attempts. The site may be unreachable or blocking automated crawlers. Consider excluding it from automated crawling.,crawl_health,Medium,2026-07-12 18:00:18.76988,,synozur.com,pending,,,,,dee5b018-e1b8-4c22-a220-006b017d24d6,,137db123-4906-4e61-af99-f0d23d86a622,0,0,f,,,
0428b3d8-ad6e-44cd-aa19-62872d3310f3,Crawl failures detected for Dynatrace,Dynatrace has failed 3 consecutive crawl attempts. The site may be unreachable or blocking automated crawlers. Consider excluding it from automated crawling.,crawl_health,Medium,2026-07-12 19:41:58.688609,,synozur.com,pending,,,,,6b683287-4eb4-46c2-8a16-e1301865a891,,bc7e3c6b-277f-4220-81d8-2bc62426ad25,0,0,f,,,
9eabb1b7-3269-49bd-a55e-8d065aafba11,Crawl failures detected for Constellation,Constellation has failed 3 consecutive crawl attempts. The site may be unreachable or blocking automated crawlers. Consider excluding it from automated crawling.,crawl_health,Medium,2026-07-12 19:52:02.157969,,synozur.com,pending,,,,,cc58b07f-09d6-4df6-ae5a-29e5ac708914,,137db123-4906-4e61-af99-f0d23d86a622,0,0,f,,,
ebe0d8d7-a890-4e94-b129-9aaaadbc33e0,Crawl failures detected for Migration Manager,Migration Manager has failed 3 consecutive crawl attempts. The site may be unreachable or blocking automated crawlers. Consider excluding it from automated crawling.,crawl_health,Medium,2026-07-12 20:02:12.31974,,synozur.com,pending,,,,,d48a163b-5eb9-42fc-9bd4-73adfb0f6d72,,5428db01-79b3-4487-a2b2-0e63327f2510,0,0,f,,,
41c35280-2e91-45d5-856e-c45e9a0e27bb,Crawl failures detected for SysKit Point,SysKit Point has failed 3 consecutive crawl attempts. The site may be unreachable or blocking automated crawlers. Consider excluding it from automated crawling.,crawl_health,Medium,2026-07-12 20:12:24.987702,,synozur.com,pending,,,,,a8426459-83ea-41a0-8515-99239181e479,,5428db01-79b3-4487-a2b2-0e63327f2510,0,0,f,,,
a3a70b91-bf2a-4e40-a962-f37cdb4bf5eb,Crawl failures detected for SharePoint,SharePoint has failed 3 consecutive crawl attempts. The site may be unreachable or blocking automated crawlers. Consider excluding it from automated crawling.,crawl_health,Medium,2026-07-12 20:22:35.087079,,synozur.com,pending,,,,,f2aef040-b96c-44ac-9155-5aac1e91b52c,,17daaca7-2a15-4f92-bbf3-c9a401ef36ac,0,0,f,,,
d20c01be-004d-4bdf-96e6-b70baa5d4798,Crawl failures detected for Mural,Mural has failed 3 consecutive crawl attempts. The site may be unreachable or blocking automated crawlers. Consider excluding it from automated crawling.,crawl_health,Medium,2026-07-12 22:04:13.61977,,synozur.com,pending,,,,,82182734-03d7-4454-aa18-8ce5b3c42b88,,137db123-4906-4e61-af99-f0d23d86a622,0,0,f,,,
72586fb0-6b92-43c4-8798-025e942153c4,Crawl failures detected for Klue,Klue has failed 3 consecutive crawl attempts. The site may be unreachable or blocking automated crawlers. Consider excluding it from automated crawling.,crawl_health,Medium,2026-07-12 23:55:05.582672,,synozur.com,pending,,,,,e6aef8c8-be67-4414-ae4b-4562e4b8a2e2,,137db123-4906-4e61-af99-f0d23d86a622,0,0,f,,,
a03a814d-8c13-433e-838e-8bd59ba46c2c,Crawl failures detected for Orchestry,Orchestry has failed 3 consecutive crawl attempts. The site may be unreachable or blocking automated crawlers. Consider excluding it from automated crawling.,crawl_health,Medium,2026-07-13 03:54:46.486367,,synozur.com,pending,,,,,dc2c73bf-33b4-462a-8b2a-62d211aaef7a,,137db123-4906-4e61-af99-f0d23d86a622,0,0,f,,,
f0dd863a-1427-448c-a686-63fe8c5da1c5,Crawl failures detected for Zenith,Zenith has failed 3 consecutive crawl attempts. The site may be unreachable or blocking automated crawlers. Consider excluding it from automated crawling.,crawl_health,Medium,2026-07-13 04:05:11.987049,,synozur.com,pending,,,,,f87ad429-b653-4a81-959b-9775134f0392,,137db123-4906-4e61-af99-f0d23d86a622,0,0,f,,,
a76129da-4034-49ce-ae96-9198a7da6c58,Crawl failures detected for Alfresco,Alfresco has failed 3 consecutive crawl attempts. The site may be unreachable or blocking automated crawlers. Consider excluding it from automated crawling.,crawl_health,Medium,2026-07-13 05:00:43.483513,,synozur.com,pending,,,,,307017ea-f32c-4132-9503-c88c74cd1015,,17daaca7-2a15-4f92-bbf3-c9a401ef36ac,0,0,f,,,
84dcaaae-cd81-44ed-9e31-8a657eaa6581,Crawl failures detected for Sean Bagshaw Photography,Sean Bagshaw Photography has failed 3 consecutive crawl attempts. The site may be unreachable or blocking automated crawlers. Consider excluding it from automated crawling.,crawl_health,Medium,2026-07-13 08:08:57.284541,,chrismcnulty.net,pending,,,,81b5a38b-b640-4bc6-8219-377855a6a292,,,08610095-ef99-4205-b5ae-13264021a471,0,0,f,,,
1e8c2ccb-3d34-4dac-87e6-aa9a5c2383d7,Crawl failures detected for Insight Public Sector,Insight Public Sector has failed 3 consecutive crawl attempts. The site may be unreachable or blocking automated crawlers. Consider excluding it from automated crawling.,crawl_health,Medium,2026-07-13 08:39:29.78293,,synozur.com,pending,,,,ad1f2327-7329-466c-9370-e88092ade488,,,188acbd9-121b-4b3f-b21b-37b4e46638e0,0,0,f,,,
1ebb12af-c488-4eb3-ace0-8f1bdcebe158,Crawl failures detected for LumApps,LumApps has failed 3 consecutive crawl attempts. The site may be unreachable or blocking automated crawlers. Consider excluding it from automated crawling.,crawl_health,Medium,2026-07-13 12:29:11.715564,,synozur.com,pending,,,,,653648f2-87dd-4427-a836-807a3d5c8ffb,,e36f9f62-612b-40dd-b2af-39a6cab20c7a,0,0,f,,,
ff385725-2d0d-4f02-a22e-8498ddc0ba0f,Crawl failures detected for M&A Snapshot,M&A Snapshot has failed 3 consecutive crawl attempts. The site may be unreachable or blocking automated crawlers. Consider excluding it from automated crawling.,crawl_health,Medium,2026-07-13 12:49:32.836675,,synozur.com,pending,,,,,07412364-a74d-40a5-b2dc-c3516d489fbc,,cbb5fabd-c82b-4d50-bd34-2a0d79398622,0,0,f,,,
6718c5c5-cc02-45da-b6cc-cbb05c1d92a0,Crawl failures detected for Orbit,Orbit has failed 3 consecutive crawl attempts. The site may be unreachable or blocking automated crawlers. Consider excluding it from automated crawling.,crawl_health,Medium,2026-07-13 13:30:17.453527,,synozur.com,pending,,,,,33b56b0b-3221-4fcc-bd22-7c0fabd38326,,137db123-4906-4e61-af99-f0d23d86a622,0,0,f,,,
99cebe33-d23d-4089-a6a9-061cacf55fd0,Crawl failures detected for Paul Marcoe,Paul Marcoe has failed 3 consecutive crawl attempts. The site may be unreachable or blocking automated crawlers. Consider excluding it from automated crawling.,crawl_health,Medium,2026-07-13 15:12:08.086067,,chrismcnulty.net,pending,,,,6ede9949-ba0c-49d6-8b22-8a074f2f5c48,,,08610095-ef99-4205-b5ae-13264021a471,0,0,f,,,
203863f3-6073-4cd2-945b-14f122624eac,Crawl failures detected for ShareGate,ShareGate has failed 3 consecutive crawl attempts. The site may be unreachable or blocking automated crawlers. Consider excluding it from automated crawling.,crawl_health,Medium,2026-07-14 19:41:00.18706,,synozur.com,pending,,,,,17123919-9a88-4d4f-8d2b-4a42dd2665bb,,5428db01-79b3-4487-a2b2-0e63327f2510,0,0,f,,,
ca33bc2f-e574-43c8-ad79-005aae958dc0,Crawl failures detected for MIRO,MIRO has failed 3 consecutive crawl attempts. The site may be unreachable or blocking automated crawlers. Consider excluding it from automated crawling.,crawl_health,Medium,2026-07-15 01:31:39.583964,,synozur.com,pending,,,,,9847444d-f06b-48dd-84ee-848f068dad3c,,137db123-4906-4e61-af99-f0d23d86a622,0,0,f,,,
48b031d0-8d53-4714-a923-027403d0e281,Crawl failures detected for Navigant Consulting (now Guidehouse),Navigant Consulting (now Guidehouse) has failed 3 consecutive crawl attempts. The site may be unreachable or blocking automated crawlers. Consider excluding it from automated crawling.,crawl_health,Medium,2026-07-15 08:28:23.684464,,protiviti.com,pending,,,,1b0e56e9-a72c-4071-936b-d2ee2e5c4e28,,,df5aac98-bc6d-41ae-a00b-a61d3e1505a9,0,0,f,,,
84590559-b0ed-4540-984e-2bbb022ade59,Crawl failures detected for Microsoft SharePoint,Microsoft SharePoint has failed 3 consecutive crawl attempts. The site may be unreachable or blocking automated crawlers. Consider excluding it from automated crawling.,crawl_health,Medium,2026-07-15 09:29:15.187218,,synozur.com,pending,,,,53982d30-0759-4bdb-b737-1558e0e1ef2c,,,e36f9f62-612b-40dd-b2af-39a6cab20c7a,0,0,f,,,
2d861d48-fe3d-44ac-84c1-80113915c089,Crawl failures detected for Glean,Glean has failed 3 consecutive crawl attempts. The site may be unreachable or blocking automated crawlers. Consider excluding it from automated crawling.,crawl_health,Medium,2026-07-15 21:07:19.18347,,synozur.com,pending,,,,5db2b8ab-197c-4888-bfc9-2310c83441e3,,,0ac8db60-16c4-4665-a8f3-e4655a5a29b5,0,0,f,,,
ddc2890f-8001-4f83-b5bc-7d0f2570f93d,Crawl failures detected for Harvey,Harvey has failed 3 consecutive crawl attempts. The site may be unreachable or blocking automated crawlers. Consider excluding it from automated crawling.,crawl_health,Medium,2026-07-15 22:38:48.746137,,synozur.com,pending,,,,a06dada7-91fd-4d37-980c-2db18d9734c8,,,0ac8db60-16c4-4665-a8f3-e4655a5a29b5,0,0,f,,,
eb1a4735-cce7-4a45-be0f-319227521c44,Crawl failures detected for Legora,Legora has failed 3 consecutive crawl attempts. The site may be unreachable or blocking automated crawlers. Consider excluding it from automated crawling.,crawl_health,Medium,2026-07-16 00:51:06.533315,,synozur.com,pending,,,,7c97925e-2aa4-421d-8814-ae637fbdbf80,,,0ac8db60-16c4-4665-a8f3-e4655a5a29b5,0,0,f,,,
89863cad-1b4c-493a-8813-fa5bc896694d,Crawl failures detected for Staffbase,Staffbase has failed 3 consecutive crawl attempts. The site may be unreachable or blocking automated crawlers. Consider excluding it from automated crawling.,crawl_health,Medium,2026-07-16 10:15:09.529878,,synozur.com,pending,,,,,551bbfc8-8dc3-400b-93ee-af094c6691b9,,e36f9f62-612b-40dd-b2af-39a6cab20c7a,0,0,f,,,
8cdc050b-cb93-4c3b-9ea4-5720673e452b,Crawl failures detected for Viva Connections (Microsoft),Viva Connections (Microsoft) has failed 3 consecutive crawl attempts. The site may be unreachable or blocking automated crawlers. Consider excluding it from automated crawling.,crawl_health,Medium,2026-07-16 16:31:02.569172,,synozur.com,pending,,,,cdf1b8dd-e979-4ecc-a019-abb0dab4c28d,,,e36f9f62-612b-40dd-b2af-39a6cab20c7a,0,0,f,,,
057b6972-eaec-46c8-a655-b342a7dd5621,Crawl failures detected for DataDog,DataDog has failed 3 consecutive crawl attempts. The site may be unreachable or blocking automated crawlers. Consider excluding it from automated crawling.,crawl_health,Medium,2026-07-16 17:57:20.669963,,reveillesoftware.com,pending,,,,0e207e47-cd22-4a78-b3ea-6b233f5f2643,,,5232feeb-8671-489f-ab07-e9d7310f0a3f,0,0,f,,,
bd2c32f2-4970-4839-b1e4-199d7fbe2519,Crawl failures detected for Glean,Glean has failed 3 consecutive crawl attempts. The site may be unreachable or blocking automated crawlers. Consider excluding it from automated crawling.,crawl_health,Medium,2026-07-17 07:20:45.797177,,synozur.com,pending,,,,b81203ae-88d7-46f9-8d9e-74300ab6f91c,,,0ac8db60-16c4-4665-a8f3-e4655a5a29b5,0,0,f,,,
92abba06-1b19-47e1-bb00-02026eb3e7f2,Cut low-yield volume and reallocate next cycle to 3 proof-led flagship pieces,"Pause or sharply reduce repeat posting for the weakest campaigns first: 'AI Change Enablement' (60 posts, 0 clicks) and '2026-06 TechCon Wrapup' (25 posts, 0 clicks). Replace that volume with 3 flagship assets built around buyer pain and measurable outcomes: 1) CEO/PE brief on 'How to move from scattered AI pilots to an AI-first operating model with measurable ROI,' 2) Microsoft-partner piece on 'Why Copilot adoption stalls without operating-model change,' and 3) execution-credibility piece on 'How Synozur stays accountable from strategy through adoption without becoming a generic SI.' Each asset should have one core CTA, one supporting LinkedIn thread, one email, and one executive summary version instead of dozens of low-signal reposts.",Marketing,High,2026-07-18 00:18:51.052054,,synozur.com,pending,,,,,,,137db123-4906-4e61-af99-f0d23d86a622,0,0,f,,,
c8f92272-ca9e-46af-b9b4-68ca223a140a,Exploit the only proven topic cluster: agentic GTM and practical Copilot positioning,"The best-performing named content was 'The Agentic GTM Stack...' (34 clicks across 30 posts) and the strongest individual derivative was 'The Copilot seat you bought is not the product you own now' (15 clicks across 4 posts). Build the next editorial cycle around this signal by creating a mini-series for Microsoft-aligned revenue and marketing leaders: 'chat access vs agent adoption,' 'Copilot seat waste,' 'AI ROI by role,' and 'how to package AI offers for co-sell.' Keep the tone pain-first and outcome-tied, and include specific proof hooks such as adoption rate, time-to-decision, pipeline velocity, or productivity gain rather than abstract AI commentary.",Marketing,High,2026-07-18 00:18:51.052054,,synozur.com,pending,,,,,,,137db123-4906-4e61-af99-f0d23d86a622,0,0,f,,,
3643c381-bb9a-4cae-a061-7679a79d8b8e,Fix campaign architecture and CTA paths before publishing more campaign content,"Most campaign-labeled posts underperformed badly despite large volume, while uncampaigned content captured 87% of all clicks. For the next cycle, every campaign should map to a single landing page, single audience, and single CTA such as 'Book an AI Readiness Session,' 'Request a PE Portfolio AI Value Review,' or 'Schedule a Microsoft Co-Sell Messaging Audit.' Add UTM discipline across all posts, require campaign naming on every asset, and use one conversion proxy if GA4 is still unavailable: form submits, booked meetings, or email reply intent. Do not launch another 15-60 post campaign unless the first 3-5 assets exceed a click-through threshold you define internally.",Marketing,High,2026-07-18 00:18:51.052054,,synozur.com,pending,,,,,,,137db123-4906-4e61-af99-f0d23d86a622,0,0,f,,,
f6d94f10-785d-4422-bf68-2e3463ec980e,Close the execution-credibility gap in messaging with explicit strategy-to-execution accountability content,"Competitive intelligence shows a real weakness: buyers expect ownership beyond strategy. Next cycle, publish content that clarifies Synozur's execution stance without positioning as a full SI: examples include 'What we own after the roadmap,' 'How human-centered adoption makes AI investments stick,' and 'The operating cadence, governance, and role design required after the strategy deck.' This should be especially targeted to PE leaders, CIOs, and CEOs who are skeptical of advisory-only work and want proof that recommendations lead to measurable adoption and business outcomes.",Marketing,High,2026-07-18 00:18:51.052054,,synozur.com,pending,,,,,,,137db123-4906-4e61-af99-f0d23d86a622,0,0,f,,,
e04715db-3c11-4dcc-bede-fa34976abb32,Segment the editorial calendar by 2 highest-urgency buying moments: PE-triggered transformation and Microsoft-partner growth,"Your GTM priorities and persona set are too broad for one blended stream. Split next cycle into two focused tracks: Track A for PE-backed and M&A-triggered transformation with topics like diligence-stage AI readiness, 100-day value creation, and portfolio AI governance; Track B for Microsoft-aligned partners with topics like co-sell readiness, Copilot offer packaging, and differentiation beyond Microsoft-native messaging. This aligns content to the highest-budget, highest-urgency audiences and helps Synozur differentiate against firms that are either platform-biased or too generic.",Marketing,Medium,2026-07-18 00:18:51.052054,,synozur.com,pending,,,,,,,137db123-4906-4e61-af99-f0d23d86a622,0,0,f,,,
840bf373-4922-409f-8477-541d8200631c,"Use the current competitor silence window for proof-based announcements, not generic thought leadership","The market signal says competitors are quiet, which creates a temporary attention gap. Fill it with evidence-heavy assets first: client success snapshots, partner announcements, workshop frameworks, and before/after operating-model examples. Avoid broad 'future of AI' thought leadership unless it includes a concrete diagnostic, scorecard, or quantified outcome pathway; the current data does not support more top-of-funnel volume without sharper proof and a stronger response mechanism.",Marketing,Medium,2026-07-18 00:18:51.052054,,synozur.com,pending,,,,,,,137db123-4906-4e61-af99-f0d23d86a622,0,0,f,,,
0b7ea8d8-b8d9-4d69-a763-cbdfc4d57aeb,Crawl failures detected for Alex Noriega Photography,Alex Noriega Photography has failed 3 consecutive crawl attempts. The site may be unreachable or blocking automated crawlers. Consider excluding it from automated crawling.,crawl_health,Medium,2026-07-18 05:47:33.10018,,chrismcnulty.net,pending,,,,bddb572e-12de-40a6-95d8-b27f70d38d10,,,08610095-ef99-4205-b5ae-13264021a471,0,0,f,,,
