id,tenant_domain,market_id,company_profile_id,competitor_id,target_name,target_url,name,content,saved_prompts,status,last_generated_at,generated_from_data_as_of,generated_by,created_by,created_at,updated_at,target_company_profile_id
9fc970a7-380c-412a-8a1b-e2877a69ab60,synozur.com,137db123-4906-4e61-af99-f0d23d86a622,37d74323-ec27-4651-bf69-7bd164c175cf,,Barclays US Consumer Bank,https://barclaycardus.com,Relationship Plan: Barclays US Consumer Bank,"# 12-Month Relationship Plan: Barclays US Consumer Bank

## Executive Summary

Barclays US Consumer Bank represents a **high-value strategic sales opportunity** for Synozur's transformation advisory services. As a consumer banking institution operating in a rapidly evolving financial services landscape—characterized by digital-first competitors, regulatory complexity, and changing customer expectations—Barclays US faces continuous pressure to transform operations, modernize technology platforms, and reimagine customer experience. The dominant posture for the next 12 months is **Sell To**, positioning Synozur as the empathetic transformation partner that can help leadership navigate operating model evolution, organizational alignment, and technology-enabled change without breaking stakeholder trust. The single most important Q1 action is to **identify and establish warm introductions to the Chief Operating Officer or Head of Transformation** through our network, leveraging our woman-owned, human-centered differentiation in an industry hungry for inclusive, empathetic approaches to change.

## Relationship Posture Assessment

**Dominant Posture: Sell To (80% of effort)**

Barclays US Consumer Bank is squarely within Synozur's ICP: a mid-to-large enterprise in a heavily regulated, transformation-intensive sector where operating excellence, stakeholder alignment, and human-centered change are mission-critical. Financial services organizations—particularly consumer-facing banks—are undergoing continuous transformation driven by fintech disruption, regulatory evolution, customer experience expectations, and back-office modernization pressures. Synozur's empathetic, tailored approach; Fortune 500 expertise; proprietary frameworks (Vega/Orion); and AI-augmented transformation capabilities are highly relevant to Barclays US's likely priorities: customer experience transformation, operational efficiency, technology modernization, regulatory compliance integration, and workforce adaptation. Our woman-owned status and human-centric brand voice differentiate us in a sector often served by large, impersonal consultancies.

**Secondary Postures:**

- **Engage (15%):** Build visibility and relationship equity through thought leadership, industry events, and network cultivation—particularly around financial services transformation, operating model design, and empathetic change leadership.
- **Observe (5%):** Monitor their public announcements, leadership changes, product launches, and technology partnerships for transformation signals that indicate timing and entry points.
- **Steer Clear (situational):** Avoid direct competition with entrenched Big 4 relationships on compliance/audit work or large-scale technology implementation where we lack delivery scale.

**Conditions to shift dominant posture:**

- **To Steer Clear:** If Barclays US demonstrates cultural resistance to boutique advisory firms, insists on Big 4-only vendor lists, or exhibits procurement practices incompatible with relationship-driven engagements.
- **To Cooperate:** If a strategic partnership opportunity emerges (e.g., co-developing thought leadership on empathetic transformation in banking, or Barclays becoming a reference client willing to co-present at industry events).
- **To Compete:** Only if Barclays US launches advisory/consulting services targeting our core market—highly unlikely given their consumer banking focus.

## Strategic Read on Barclays US Consumer Bank

### What They Want

1. **Differentiated customer experience in a commoditized market:** Barclays US operates in the competitive U.S. consumer credit and savings market. Their co-branded partnerships (e.g., JetBlue) suggest a strategy to differentiate through brand affinity and rewards. They likely seek transformation initiatives that enhance digital experiences, personalization, customer retention, and Net Promoter Scores without sacrificing operational efficiency or regulatory compliance.

2. **Operational efficiency and cost-to-serve reduction:** Consumer banking operates on thin margins. Leadership is likely focused on optimizing back-office operations, streamlining processes, reducing cycle times (loan approvals, customer onboarding, dispute resolution), and improving employee productivity—all areas where Synozur's operating model design and performance lift programs are directly applicable.

3. **Technology modernization without organizational disruption:** Legacy technology stacks are endemic in banking. Barclays US likely has ongoing or planned initiatives around cloud migration, API integration, CRM/ERP upgrades, and data platform modernization. The challenge: executing these changes without breaking operations or demoralizing teams. Synozur's empathetic, human-centered transformation approach—focused on adoption, change enablement, and stakeholder alignment—addresses a pain point large system integrators often ignore.

4. **Regulatory agility and risk management:** Operating in financial services means continuous regulatory change (consumer protection, data privacy, anti-fraud). Barclays US needs operating models and governance cadences that integrate compliance into workflow rather than bolting it on—transformation that embeds controls without creating bureaucracy.

5. **Talent retention and workforce capability building:** The financial services sector faces talent competition from fintechs and Big Tech. Barclays US likely wants to strengthen organizational culture, develop internal capabilities, and reduce dependence on external consultants over time—aligning perfectly with Synozur's capability-building and empowering approach.

### Where They Are Headed

- **Digital-first banking:** Expect continued investment in mobile/digital channels, self-service capabilities, and AI-driven customer engagement (chatbots, personalized offers, fraud detection).
- **Partnership-driven growth:** Their co-branded card strategy suggests ongoing pursuit of brand partnerships and embedded finance opportunities.
- **Operational consolidation and simplification:** Likely rationalizing product lines, streamlining processes, and harmonizing systems to improve agility and reduce cost.
- **Data and analytics maturity:** Building capabilities in customer analytics, risk modeling, and predictive insights to drive decision-making.

### What They Are Afraid Of

1. **Fintech disruption and customer attrition:** Fear of losing customers—especially younger demographics—to nimbler, digital-native competitors (Chime, SoFi, etc.).
2. **Failed transformation initiatives:** Banks are littered with expensive, multi-year transformation programs that deliver PowerPoints but not outcomes. Leadership fears investing heavily in change initiatives that don't stick or deliver ROI.
3. **Regulatory penalties and reputational risk:** Consumer banking is highly scrutinized. Any misstep in compliance, data security, or customer treatment can result in fines, consent orders, and brand damage.
4. **Employee disengagement during change:** Transformation fatigue is real. Leadership worries about losing institutional knowledge, demoralizing teams, and creating resistance when rolling out new systems or processes.
5. **Vendor lock-in and dependency:** Reliance on large consultancies that churn junior staff, deliver cookie-cutter solutions, and don't build internal capability.

### Their Tells (What Signals Readiness)

- **Leadership hires:** Appointment of a Chief Transformation Officer, Chief Digital Officer, Head of Operations, or VP of Customer Experience indicates active transformation agenda.
- **Public statements or press releases** about digital transformation, customer experience initiatives, technology modernization, or operational excellence programs.
- **Technology partnership announcements:** New vendor relationships (cloud, CRM, data platforms) suggest change initiatives underway.
- **Organizational restructuring:** Announcements of new business units, role consolidations, or shifts in reporting structure signal operating model evolution.
- **Investor or earnings commentary** (if parent Barclays PLC discusses U.S. consumer bank performance) highlighting efficiency, digital adoption, or strategic repositioning.
- **Job postings:** High volumes of roles in transformation, change management, PMO, process improvement, or experience design.

**Evidence tie-back:** Limited public profile data available; the above is inferred from Barclays US's market position as a consumer bank in a transformation-intensive sector. **Intelligence gap:** We need to gather specific information on current initiatives, leadership priorities, and vendor landscape (see Risks & Open Questions).

## How to Engage

Barclays US is not a market peer or partner—it is a prospective client. Engagement is about **building visibility, credibility, and warm introductions** to decision-makers, not transactional networking.

### Concrete Engagement Plays (12 Months)

**Q1: Research, Network Mapping, Warm Intro Cultivation**

- **Action:** Map Synozur team and advisor network for connections into Barclays US (current/former employees, shared board members, industry colleagues).
  - **Owner:** CEO + Business Development
  - **Cadence:** One-time mapping exercise (Week 1-2), followed by targeted outreach.
  
- **Action:** Attend or sponsor **financial services transformation conferences** where Barclays US executives or teams may be present:
  - *BAI Beacon* (retail banking innovation)
  - *Finovate* (fintech and digital banking)
  - *The Financial Brand Forum*
  - **Owner:** CEO or senior advisor
  - **Cadence:** 1-2 events in Q1-Q2; prioritize those with speaking or workshop opportunities.

- **Action:** Leverage **LinkedIn thought leadership** to build visibility with Barclays US stakeholders (target: COO, CIO, Head of Customer Experience, Transformation leads):
  - Publish articles/posts on ""Empathetic Transformation in Banking,"" ""Operating Model Design for Financial Services,"" ""How to Modernize Technology Without Breaking Your Culture.""
  - **Owner:** Marketing + CEO
  - **Cadence:** Weekly posts; tag/follow Barclays US leaders.

**Q2-Q3: Warm Introductions and Direct Outreach**

- **Action:** Secure **warm introduction to COO, Chief Transformation Officer, or Head of Operations** via network connections identified in Q1.
  - **Owner:** CEO (relationship-driven; senior-to-senior best fit)
  - **Cadence:** 1-2 intro conversations in Q2.

- **Action:** Offer a **complimentary executive briefing or workshop** on ""Operating Model Transformation in Consumer Banking: Lessons from Fortune 500 Leaders"" (non-sales, value-first engagement).
  - **Owner:** CEO + senior advisor with banking background (if available)
  - **Cadence:** One-time offer following warm intro.

- **Action:** Engage in **industry roundtables or peer forums** for financial services COOs/transformation leaders (e.g., Gartner/Forrester executive programs, Evanta communities).
  - **Owner:** CEO
  - **Cadence:** Quarterly participation or sponsorship.

**Q4: Deepen Relationships and Position for 2027**

- **Action:** If initial conversations are positive, offer **low-risk diagnostic engagement** (e.g., ""Alignment-to-Action Sprint"" or Operating Model Maturity Assessment).
  - **Owner:** CEO + Delivery Lead
  - **Cadence:** Proposal by end of Q3 for Q4 execution or Q1 2027 start.

- **Action:** Invite Barclays US stakeholders to **Synozur-hosted roundtable or panel** on transformation best practices (positions Synozur as thought leader and convenor).
  - **Owner:** Marketing + CEO
  - **Cadence:** One event in Q4 (virtual or in-person).

**Who Initiates:** Synozur initiates all engagement in Year 1. We are the seller; they are the buyer. Build value and credibility before asking for business.

## How to Cooperate

Cooperation with Barclays US Consumer Bank is **not a primary or near-term posture**—they are a prospective client, not a peer, partner, or ecosystem player in Synozur's market. However, limited cooperation opportunities may emerge **once a client relationship is established**.

### Realistic Cooperation Surfaces (Post-Client Engagement Only)

1. **Co-created thought leadership:**
   - After a successful engagement, partner with Barclays US to co-author a case study, white paper, or conference presentation on ""Empathetic Transformation in Financial Services.""
   - **Plausibility:** Moderate. Banks are cautious about public disclosure, but anonymized/disguised case studies or joint conference speaking is achievable.
   - **Precondition:** Successful engagement with measurable outcomes; executive sponsor willing to share story; legal/compliance clearance.

2. **Reference client and testimonials:**
   - Barclays US becomes a vocal advocate for Synozur's approach, providing references to peer institutions or participating in prospect calls.
   - **Plausibility:** High, if engagement delivers clear ROI and relationship is strong.
   - **Precondition:** Proven results; trust-based relationship; mutual NDA/permissions.

3. **Talent exchange or advisory board participation:**
   - A Barclays US executive joins Synozur's advisory board or informal ""client council"" to guide product/service development.
   - **Plausibility:** Low in Year 1; possible in Years 2-3 if deep relationship develops.
   - **Precondition:** Multi-year client relationship; executive sees personal brand value in association.

### Fantasy / Implausible Cooperation Scenarios (Avoid Pursuing)

- **Joint venture or co-branded services:** Barclays US is not in the advisory business; no strategic rationale.
- **Technology integration or API partnerships:** Synozur is not a software vendor; no technical product to integrate.
- **Channel partnerships or referral agreements (formal):** Banks don't typically refer consulting clients to third parties in a structured way; referrals happen organically through relationships, not contracts.

**Bottom line:** Cooperate posture is **post-sale, relationship-deepening activity**, not a go-to-market strategy. Focus on Sell To first; cooperation will follow naturally if we deliver value.

## How to Sell To Them

Barclays US Consumer Bank is the **primary target for a sales campaign**. Approach as a high-value, long-cycle enterprise sale requiring relationship building, executive access, and proof of differentiated value.

### Entry Points (Departments / Personas)

**Primary Economic Buyer:**
- **Chief Operating Officer (COO):** Owns operational efficiency, process excellence, and cross-functional transformation. Most natural fit for Synozur's operating model and performance lift offers.

**Primary Champions (Day-to-Day Owners):**
- **Head of Transformation / Chief Transformation Officer:** If role exists, this is the ideal champion—responsible for enterprise-wide change initiatives and likely frustrated with Big 4 delivery models.
- **SVP/VP of Operations or Process Excellence:** Owns operational improvement, likely dealing with margin pressure and efficiency mandates.
- **Head of Customer Experience / Chief Experience Officer:** Interested in experience transformation, journey mapping, and adoption of new customer-facing capabilities.

**Secondary Influencers:**
- **Chief Information Officer (CIO) / Chief Digital Officer (CDO):** Owns technology modernization; will care that transformation integrates with tech roadmap and doesn't derail delivery.
- **Chief Human Resources Officer (CHRO) / Head of Talent:** Cares about change adoption, culture, workforce capability, and retention during transformation.
- **Chief Risk Officer / Head of Compliance:** Must validate that transformation initiatives integrate risk management and regulatory requirements.

**Procurement / Gatekeepers:**
- Vendor management and legal will be involved; expect preferred vendor lists, compliance questionnaires, insurance requirements, and potentially lengthy contract negotiations.

### Wedge Product or Service (First Engagement)

**Recommended Entry Offer: ""Alignment-to-Action Sprint"" (2-4 weeks)**

- **Why this offer:** Low commitment, fast time-to-value, addresses a universal pain point (leadership misalignment and initiative overload), demonstrates Synozur's differentiated approach (empathetic, human-centered, frameworks-driven), and naturally leads to larger engagements (Operating Model Build, Execution PMO).
  
- **Positioning:** ""Before investing in another multi-year transformation program, let's get clear on what success looks like, how your priorities align, and what the highest-value path forward is. Our Alignment-to-Action Sprint gives your leadership team a shared North Star, a prioritized roadmap, and confidence that the next steps won't break your organization.""

- **Deliverables:** Prioritized transformation roadmap, value case with ROI estimates, operating risk assessment, initiative sequencing plan, stakeholder alignment summary.

- **Price point:** $50K–$100K (accessible budget; often within departmental authority; low risk).

**Alternative Entry (if different door opens):**

- **Operating Model & Cadence Build (6-10 weeks):** If engaging through COO or Ops leader with a clear mandate to redesign operating model, governance, or decision-making structures.
  
- **Performance Lift Program (90 days):** If pain point is cost-to-serve, cycle time, or process inefficiency in a specific area (e.g., loan origination, customer onboarding, dispute resolution).

### Discovery Questions (First Meetings)

Use Synozur's empathetic, listening-first approach. Frame questions around understanding their journey, not pitching solutions.

**Strategic Context:**
- ""What does success look like for Barclays US Consumer Bank over the next 18-24 months? What are the 2-3 strategic priorities driving the organization?""
- ""Where do you see the biggest gap between your strategic ambition and your current operational reality?""

**Transformation Pain Points:**
- ""What transformation or change initiatives are currently underway? Which ones are delivering results, and which ones feel stalled or at risk?""
- ""When you think about past transformation efforts here, what worked well and what didn't? What would you do differently next time?""

**Organizational Readiness:**
- ""How aligned is your leadership team on priorities and trade-offs? Where do you see misalignment or competing agendas?""
- ""How does your organization typically respond to change? What's your culture's relationship with transformation—energized, fatigued, skeptical?""

**Technology and Operating Model:**
- ""What are your biggest technology modernization priorities? How confident are you that the organization is ready to adopt and sustain those changes?""
- ""How would you describe your current operating model—decision rights, governance cadence, cross-functional collaboration? Where are the friction points?""

**Outcomes and Metrics:**
- ""What metrics matter most to you right now—customer satisfaction, operational efficiency, cost reduction, revenue growth, employee engagement?""
- ""If we were having this conversation 12 months from now and you felt great about progress, what would have changed? What outcomes would you be celebrating?""

**Vendor Landscape:**
- ""Who are you currently working with on transformation or strategic initiatives? What's working well, and where do you wish you had different support?"" (Gauges competitive landscape and dissatisfaction with incumbents.)

### Proof Points That Resonate

Barclays US will be looking for evidence that Synozur can deliver in a **complex, regulated, high-stakes environment** and that we're not just another consultancy with generic frameworks.

**Must-Have Proof:**
1. **Fortune 500 transformation credentials:** Leadership bios demonstrating experience leading large-scale change in complex enterprises (ideally including financial services, healthcare, or other regulated industries). *(Pull from team backgrounds; highlight in proposal exec summary and initial pitch deck.)*

2. **Measurable outcomes from similar engagements:** Case studies (even if anonymized) showing:
   - % reduction in cycle time or cost-to-serve
   - Improvement in adoption rates or employee engagement scores
   - Successful technology implementations with high user satisfaction
   - ROI or EBITDA impact from transformation programs
   *(Intelligence gap: We need to develop 2-3 strong case narratives—see Risks & Open Questions.)*

3. **Proprietary frameworks (Vega/Orion):** Demonstrate that Synozur brings a **structured, repeatable methodology**—not ad hoc consulting. Show visual frameworks in pitch; describe how they compress time-to-insight and connect strategy to execution.

4. **Woman-owned, human-centered differentiation:** In an industry often dominated by impersonal Big 4 firms, emphasize empathetic approach, tailored attention, and senior-level engagement throughout (no bait-and-switch with junior staff).

5. **AI-augmented capabilities:** If Barclays US is exploring AI/analytics, highlight how Synozur uses AI to accelerate discovery, scenario modeling, and insight generation—while keeping humans at the center.

**Nice-to-Have Proof:**
- Financial services client references (even if not consumer banking specifically).
- Thought leadership content (articles, webinars, conference talks) on relevant topics (operating model transformation, empathetic change, adoption discipline).
- Partnerships or validation from recognized brands (if any exist).

### Procurement Gotchas to Anticipate

**1. Preferred Vendor Lists:**
   - **Risk:** Barclays US may have established relationships with Big 4 or other large consultancies and a procurement policy favoring approved vendors.
   - **Mitigation:** Position as **specialized, boutique expertise** that complements (not replaces) large firms. Emphasize capabilities they don't deliver well (empathy, senior engagement, tailored approach, adoption focus). Consider **subcontracting or teaming** with an approved vendor if necessary to get in the door (though protect margin and relationship control).

**2. Lengthy Contract and Compliance Processes:**
   - **Risk:** Banks have rigorous vendor onboarding (insurance requirements, information security audits, background checks, contract reviews).
   - **Mitigation:** Start compliance/contracting process **early and in parallel** with discovery. Engage Synozur legal/ops support; consider master services agreement (MSA) approach to streamline future SOWs.

**3. Rate and Budget Constraints:**
   - **Risk:** Procurement may push for lower rates or compare to offshore delivery models.
   - **Mitigation:** Anchor pricing to **value and outcomes, not labor hours**. Emphasize ROI of faster, higher-quality transformation. Offer **fixed-price, outcome-based** engagements where possible (e.g., Alignment Sprint at $75K delivers X, Y, Z—no hourly rate debates).

**4. Scope Creep and Unclear Decision Authority:**
   - **Risk:** Multiple stakeholders, complex governance, slow decision-making.
   - **Mitigation:** Insist on clear **executive sponsor and decision-making process** before proposal. Use discovery phase to map stakeholders and align on success criteria. Build **phased, gated engagements** (small initial sprint proves value before larger commitment).

**5. Reference and Credential Checks:**
   - **Risk:** Barclays US will ask for client references, case studies, financial stability, and proof of capability.
   - **Mitigation:** Prepare **reference packet** with 2-3 strong references (ideally from regulated industries or complex enterprises), anonymized case studies, and team credential summaries. Be ready to offer a **pilot or proof-of-concept** if confidence is low.

### Sales Process and Timeline Expectations

- **Sales Cycle:** 6-12 months from first contact to signed contract (enterprise banking sales are slow).
- **Decision-Making:** Expect 3-6 stakeholders involved; consensus-driven; multiple approval gates.
- **Proposal Requirements:** Formal RFP or RFI likely; plan for 2-3 proposal iterations and presentations.
- **Relationship Intensity:** High-touch, senior-level engagement required throughout (CEO or senior partner ownership, not delegated to junior BD).

## How to Compete With Them

Barclays US Consumer Bank is **not a competitor** to Synozur. They are a consumer banking institution; we are a strategic advisory firm. There is no market overlap, no competitive conflict, and no need for competitive positioning.

**This section is not applicable.** Barclays US is a prospective client, not a rival.

**If the question arises in conversation (e.g., ""Why wouldn't Barclays just build internal transformation capability instead of hiring you?""):**

- **Response:** ""Many organizations do build internal centers of excellence over time—and we support that. In fact, part of our approach is **building your team's capability** so you're not dependent on us forever. What we bring is **speed, objectivity, and battle-tested frameworks** that would take years to develop internally. We help you **accelerate time-to-value** and de-risk transformation while strengthening your internal muscle. Think of us as the **expert guides who help you climb the mountain faster and safer**—and teach your team to lead future climbs on their own.""

## How to Speak To Them

Voice and messaging must reflect **Synozur's brand—empathetic, human-centered, confident but not boastful, collaborative, and outcomes-focused**—while adapting tone and content to the **financial services context** (professional, risk-aware, ROI-driven, pragmatic).

### Tone and Vocabulary Guidance

**Embrace (Use Frequently):**
- **Empathetic, human-centered language:** ""We listen first,"" ""tailored to your unique journey,"" ""understanding your culture and stakeholders,"" ""change that people can embrace,"" ""building internal capability.""
- **Transformation and strategic terms:** ""North Star,"" ""operating model,"" ""alignment,"" ""adoption,"" ""sustainable change,"" ""measurable outcomes,"" ""strategic clarity.""
- **Business outcomes and ROI focus:** ""efficiency,"" ""cost-to-serve,"" ""cycle time,"" ""customer satisfaction,"" ""employee engagement,"" ""EBITDA impact,"" ""tangible results.""
- **Partnership and collaboration:** ""partner with you,"" ""co-create,"" ""guide,"" ""enable,"" ""strengthen your team.""
- **Confidence and proven results:** ""Fortune 500 expertise,"" ""proprietary frameworks,"" ""measurable impact,"" ""proven track record.""

**Avoid (Jargon, Hype, or Off-Brand Language):**
- **Generic consulting clichés:** ""best practices,"" ""world-class,"" ""synergies,"" ""paradigm shift,"" ""boil the ocean.""
- **Overly technical or academic jargon** (unless speaking to technical stakeholders): ""sociotechnical systems,"" ""epistemological,"" ""heuristic optimization.""
- **Aggressive or salesy language:** ""We're the best,"" ""crush the competition,"" ""you'd be crazy not to,"" ""limited time offer.""
- **Anything that sounds impersonal or factory-like:** ""our methodology,"" ""our standard approach,"" ""plug-and-play solution,"" ""industrialized delivery.""
- **AI hype without human grounding:** Don't lead with ""AI-powered"" or ""cutting-edge tech"" without immediately connecting back to human impact and empathy.

### Direct vs. Indirect References in Marketing

**Direct references to Barclays US in public marketing, content, or social media:**
- **DO NOT** mention Barclays US by name in marketing materials, case studies, blog posts, or social content unless you have **explicit written permission** and an existing client relationship.
- **DO NOT** list them as a client or reference before engagement is signed and approved for disclosure.

**Indirect, sector-based positioning (safe and effective):**
- **DO** publish thought leadership on challenges facing **consumer banking, financial services transformation, regulated industries**—without naming Barclays specifically. Example: ""How Consumer Banks Can Modernize Operations Without Breaking Customer Trust.""
- **DO** share insights or frameworks relevant to their industry on LinkedIn, tagging relevant topics (#FinancialServices, #BankingTransformation) to build visibility with industry stakeholders—including Barclays US employees who follow those topics.

### Public Statements and Press/Analyst Conversations

**If asked by press or analysts about Synozur's target market or ideal clients:**
- **DO** describe the profile: ""We work with mid-to-large enterprises in transformation-intensive sectors—financial services, healthcare, technology-enabled services—where empathetic, human-centered change is critical to success.""
- **DO NOT** name Barclays US specifically unless they are a public reference client.

**If a journalist or analyst mentions Barclays US and asks if Synozur works with them:**
- **Response:** ""We don't discuss client relationships without permission, but I'm happy to share how we help organizations like Barclays navigate [specific challenge].""

### Concrete Sample Lines (By Role and Context)

**For a Sales Rep (Initial Outreach via Email or LinkedIn):**

> Subject: Helping Consumer Banks Navigate Transformation with Empathy  
> Hi [Name],  
> I lead partnerships at Synozur, a woman-owned advisory firm that helps financial services leaders transform operations and customer experience—without breaking organizational trust. We've worked with Fortune 500 teams to deliver measurable outcomes in efficiency, adoption, and ROI using tailored, human-centered approaches.  
> I'd love to share a couple of insights on how consumer banks are rethinking operating models in 2025—and learn more about Barclays US's priorities. Would you be open to a brief conversation?  
> Best,  
> [Name]

**For a Marketer (LinkedIn Post Targeting Financial Services Audience):**

> Transformation in consumer banking isn't just about technology—it's about people.  
> 
> The banks that succeed in the next decade will be the ones that invest in empathetic change: aligning leadership, building internal capability, and designing experiences that customers and employees both love.  
> 
> At Synozur, we help financial services leaders find their North Star and make the desirable achievable—through tailored operating models, AI-augmented insights, and adoption discipline that sticks.  
> 
> What's your biggest challenge in transformation right now? Let's discuss. #FinancialServices #BankingTransformation #EmpathyInBusiness

**For an Executive (Speaking at a Conference or Client Meeting):**

> ""We work with leaders in financial services who are tired of generic playbooks and consultants who disappear after the PowerPoint. Our clients want transformation that respects their culture, empowers their teams, and delivers measurable results—not just strategy documents. That's why we combine Fortune 500 expertise with a human-centered, tailored approach that treats every organization as unique. We listen first, co-create solutions, and build your internal capability so you're not dependent on us forever.""

**For a Sales Rep (Discovery Call, Responding to ""Why Synozur vs. Big 4?""):**

> ""Great question. The Big 4 bring scale and deep domain expertise in areas like audit, tax, and compliance—and they're excellent partners for those needs. Where we differentiate is in **empathetic, human-centered transformation**. Our clients tell us they were frustrated with cookie-cutter frameworks, junior staff churn, and initiatives that looked great on paper but didn't stick in practice. We bring **Fortune 500 transformation experience** with the **tailored attention and senior engagement** of a boutique firm. You'll work directly with our leadership team throughout, and we'll co-create solutions designed for your specific culture and journey—not a one-size-fits-all playbook. Plus, as a woman-owned firm, we bring diverse perspectives and inclusive thinking that drive better outcomes.""

**For an Executive (Handling Press Question: ""Who are your clients?""):**

> ""We serve mid-to-large enterprises in transformation-intensive industries—financial services, healthcare, and technology-enabled sectors—where operating excellence and human-centered change are critical. Our clients are typically C-suite leaders and transformation executives who want to move fast, align their teams, and deliver measurable outcomes without breaking their culture. We don't disclose specific client names without permission, but we're proud to partner with organizations that value empathy, tailored solutions, and sustainable transformation.""

## When to Steer Clear

While Barclays US Consumer Bank is a high-value sales target, there are specific situations where **disengagement or polite decline is the right strategic move** to protect Synozur's brand, resources, and relationship equity.

### Situations to Avoid or Disengage

**1. RFPs or Procurement Processes Designed for Large Firms or Commoditized Services**

- **Signal:** RFP requests dozens of resumes, offshore delivery requirements, or volume-based pricing (e.g., ""Rate for 50 FTEs over 24 months"").
- **Why steer clear:** These are designed for staff augmentation or implementation factories (Accenture, Cognizant, etc.), not strategic advisory. Synozur will lose on price and won't differentiate on empathy or tailored approach.
- **Action:** Politely decline; offer to engage on strategic advisory scope instead. Sample response: ""Thank you for considering Synozur. This RFP seems designed for implementation and staff augmentation—areas where we're not the best fit. We'd love to explore how we can support your strategic transformation and operating model design. Would you be open to a conversation about that?""

**2. Engagements Where We Lack Decision-Maker Access or Executive Sponsorship**

- **Signal:** Procurement or mid-level manager driving the process; no access to COO, CIO, or transformation leader; unclear business case or sponsor.
- **Why steer clear:** Without executive sponsorship, transformation projects fail—and Synozur's reputation suffers. We also can't differentiate our relationship-driven, senior-engaged model if we're stuck in procurement purgatory.
- **Action:** Pause pursuit; request executive briefing or sponsor meeting before investing in proposal. If denied, walk away. Sample response: ""We've found that transformation work succeeds when there's clear executive sponsorship and alignment. Before investing time in a proposal, we'd like to meet with [COO/transformation lead] to ensure we're aligned on outcomes and approach. Would you be able to arrange that?""

**3. Projects Focused Solely on Technology Implementation or Compliance/Audit**

- **Signal:** Scope is limited to system configuration, data migration, regulatory reporting, or compliance assessment.
- **Why steer clear:** These are not Synozur's core capabilities. We're strategic advisors, not system integrators or auditors. Competing here puts us against specialists (Big 4 audit, Deloitte Digital, Accenture delivery) where we lack credibility and scale.
- **Action:** Decline and refer to implementation partners if appropriate. Position Synozur for upstream strategy, operating model design, or adoption/change management. Sample response: ""This looks like an implementation-heavy or compliance-focused engagement—not our sweet spot. We'd be happy to refer you to strong implementation partners. Where we can add unique value is in the strategic design, organizational alignment, and change adoption that set implementation up for success. If that's a need, let's talk.""

**4. Deals with Unrealistic Timelines, Budget, or Success Criteria**

- **Signal:** Expectation of transformation outcomes in 4 weeks with $25K budget; no clarity on success metrics; conflicting stakeholder priorities; ""We need a proposal by tomorrow.""
- **Why steer clear:** Recipe for failure and reputational damage. Synozur's brand is built on **measured, empathetic, sustainable transformation**—not quick fixes or miracles.
- **Action:** Reset expectations or walk away. Sample response: ""We appreciate the urgency, but our experience shows that meaningful transformation requires adequate time for discovery, stakeholder alignment, and thoughtful design. Rushing this process increases risk and reduces likelihood of sustainable outcomes. We'd recommend [realistic scope/timeline]. If that doesn't fit your needs right now, we're happy to revisit when timing aligns.""

**5. Situations with Reputational, Ethical, or Legal Risk**

- **Signal:** Request to deliver work that conflicts with regulatory guidance, consumer protection principles, or Synozur's values (e","{""focus"": [], ""posture"": ""sell_to"", ""customGuidance"": """", ""versionHistory"": [{""content"": ""# 12-Month Relationship Plan: Barclays US Consumer Bank\n\n## Executive Summary\n\nBarclays US Consumer Bank represents a **high-potential enterprise client opportunity** for Synozur, positioned at the intersection of three powerful transformation triggers: legacy operating model strain in a digital-first consumer banking environment, intense competitive pressure from fintech disruptors, and organizational complexity inherent in co-branded partnership models (e.g., JetBlue). The recommended posture is **Sell To / Pursue as Customer** with a focused wedge strategy targeting their operating model modernization, partnership ecosystem governance, and customer experience transformation needs. The single most important action this quarter is to **map and initiate contact with their Chief Operating Officer and Head of Digital Transformation** through our Fortune 500 executive network, positioning Synozur's empathetic, human-centered transformation approach as the antidote to failed big-consultancy initiatives that likely preceded us.\n\n## Relationship Posture Assessment\n\n**Dominant Posture: Sell To / Pursue as Customer (80% of effort)**\n\nBarclays US Consumer Bank fits Synozur's ideal client profile across multiple dimensions: (1) they operate in a heavily regulated, stakeholder-complex environment where empathetic change management is critical; (2) as a mid-to-large financial services organization, they face simultaneous pressures to modernize technology, reimagine customer experience, and optimize operations—exactly the \""strategy-to-execution continuity\"" challenge Synozur solves; (3) their co-branded partnership business model (JetBlue, others) creates natural demand for partnership governance frameworks, ecosystem orchestration, and cross-organizational alignment—areas where Synozur's Vega and Orion frameworks provide differentiated value. The woman-owned status of Synozur may also align with supplier diversity initiatives common in financial services.\n\n**Secondary Postures (20% of effort):**\n\n- **Observe (15%)**: Monitor their technology vendor selections, digital transformation announcements, and executive leadership changes to identify optimal entry timing and refine our value proposition based on their strategic priorities.\n  \n- **Cooperate (5%)**: In the future, if Barclays US develops advisory services or innovation lab partnerships with other financial institutions, there may be opportunity for Synozur to participate as a transformation methodology partner—but this is speculative and low-priority in Year 1.\n\n**Conditions to shift posture:**\n\n- **Shift to Steer Clear** if: Barclays announces major merger/acquisition activity (creating 12–18 months of internal paralysis), significant regulatory enforcement action (freezing discretionary spending), or engagement of a multi-year Big Four consulting contract that locks us out.\n  \n- **Shift to Observe-only** if: After two qualified attempts, we cannot secure executive meetings or if procurement indicates vendor roster freeze.\n\n## Strategic Read on Barclays US Consumer Bank\n\n**What they want:**\n\n1. **Digital-first customer experience that competes with fintechs**: As a traditional bank competing with Chime, Marcus, and other digital-native players, Barclays US needs to modernize customer journeys across credit cards, savings, CDs, and personal loans without alienating existing customers or breaking regulatory compliance.\n\n2. **Operational efficiency and margin improvement**: Consumer banking margins are under pressure from rising interest rates, credit risk, and customer acquisition costs. They need cost-to-serve reduction, process automation, and operating model optimization—core Synozur capabilities.\n\n3. **Effective co-branded partnership management**: Their JetBlue partnership (and likely others) creates organizational complexity—misaligned incentives, unclear decision rights, fragmented customer data, and execution bottlenecks. They need governance frameworks and cross-functional operating cadences.\n\n4. **Talent retention and organizational culture**: Financial services firms face \""great resignation\"" pressures and competition from tech companies for talent. They need human-centered transformation that engages employees, not just PowerPoint strategies that demoralize teams.\n\n**Where they are headed:**\n\n- Likely investing in: AI-driven customer personalization, fraud detection, chatbots, and underwriting—creating demand for **AI-augmented transformation strategy** (Synozur's differentiated capability).\n- Probable focus on: regulatory compliance modernization (e.g., consumer protection, data privacy), which requires operating model redesign and change adoption discipline.\n- Partnership expansion: May be seeking additional co-branded partnerships to diversify customer acquisition—each new partnership creates demand for ecosystem governance and operating model work.\n\n**What they are afraid of:**\n\n1. **Regulatory penalties and compliance failures**: A single misstep (data breach, unfair lending practices, consumer protection violation) can result in massive fines and reputational damage. This makes them risk-averse and skeptical of \""move fast and break things\"" consulting approaches—an opening for Synozur's empathetic, people-first methodology.\n\n2. **Failed transformation initiatives**: Like most large banks, Barclays US has likely experienced expensive, disruptive consulting engagements that failed to deliver ROI or were abandoned mid-stream. They fear consultants who disappear after the PowerPoint, don't understand banking operations, or create more chaos than clarity.\n\n3. **Talent exodus and change fatigue**: Employees are tired of reorganizations, system cutovers, and top-down mandates. Leadership fears initiatives that trigger attrition of critical talent.\n\n4. **Losing relevance to fintech disruptors**: The existential fear is becoming the \""old bank\"" that customers tolerate but don't love—leading to slow customer attrition and declining brand equity.\n\n**Their tells (what to watch for):**\n\n- **Executive hiring signals**: New COO, Chief Transformation Officer, or Chief Customer Officer = transformation budget unlocked and entry window opening.\n- **Earnings call language**: Listen for \""operational efficiency,\"" \""digital modernization,\"" \""customer experience,\"" or \""partnership expansion\""—each is a buying signal for Synozur services.\n- **Technology vendor announcements**: New CRM, core banking platform, or data platform implementations create 6–12 month windows where operating model redesign, change management, and adoption support are needed.\n- **Regulatory filings and consent orders**: Any regulatory action creates urgency for process redesign, compliance operating models, and governance frameworks.\n\n## How to Engage\n\n**Concrete engagement plays for the next 12 months:**\n\n**Q1: Network Mapping & Warm Introduction Campaign**\n\n- **Action**: Leverage Synozur leadership team's Fortune 500 network to identify 1st- and 2nd-degree connections to Barclays US executives (COO, Chief Digital Officer, Head of Customer Experience, Chief Risk Officer, Head of Partnership Development).\n  - **Owner**: CEO + Business Development Lead\n  - **Cadence**: Weekly pipeline review; target 3–5 warm introductions by end Q1.\n\n- **Action**: Engage LinkedIn Sales Navigator to identify and monitor Barclays US executives who are active on LinkedIn, specifically those posting about transformation, customer experience, or operational challenges.\n  - **Owner**: Marketing + Sales\n  - **Cadence**: Daily monitoring; weekly outreach (connection requests + thoughtful comments on posts).\n\n**Q2: Thought Leadership & Industry Event Intersection**\n\n- **Action**: Identify and attend 2–3 financial services conferences where Barclays US executives are likely to speak or attend (e.g., Finovate, Money20/20, BAI Beacon, ABA conferences).\n  - **Owner**: CEO or Senior Partner\n  - **Tactic**: Pre-conference outreach to request brief meeting; onsite \""ambush marketing\"" (approach after panel); post-conference LinkedIn follow-up with relevant Synozur insight.\n\n- **Action**: Publish **1–2 thought leadership pieces** (LinkedIn articles, Medium posts, or contributed articles in *American Banker*, *Bank Innovation*, *The Financial Brand*) on topics such as:\n  - \""Why Co-Branded Banking Partnerships Fail (And How to Fix the Operating Model)\""\n  - \""AI-Augmented Transformation in Consumer Banking: Strategy Without Execution is Hallucination\""\n  - **Owner**: Marketing + CEO\n  - **Cadence**: One piece per quarter; tag and share with Barclays US executives on LinkedIn.\n\n**Q3–Q4: Mutual Customer & Partner Plays**\n\n- **Action**: Identify technology vendors or consulting firms that Barclays US already works with (Salesforce, Pegasystems, core banking providers, compliance software vendors) and explore referral partnerships or co-delivery models.\n  - **Owner**: Partnerships Lead\n  - **Tactic**: Position Synozur as \""the transformation partner who makes your technology implementations actually work.\""\n\n- **Action**: If any existing Synozur clients have co-branded partnerships or financial services adjacencies, request warm introductions or case study permission that can be shared with Barclays US.\n  - **Owner**: Account Management + CEO\n\n**Who initiates**: Synozur always initiates in Year 1 (we are the seller). Avoid \""spray and pray\"" cold outreach; every contact must be warm, personalized, and substantiated with relevant insight or proof point.\n\n**Cadence discipline**:\n\n- Executive outreach: No more than 1 touchpoint per 3–4 weeks per individual (avoid pest behavior).\n- Content engagement: Weekly interaction (likes, comments on LinkedIn posts) to stay visible without being intrusive.\n- Event-based outreach: Immediate follow-up within 48 hours of conference/event interaction.\n\n## How to Cooperate\n\n**Realistic cooperation surfaces:**\n\n1. **Technology implementation partnership (most plausible in Year 1)**:\n   - If Barclays US is implementing Salesforce, Pegasystems, Workday, or similar enterprise platforms, Synozur can position as the **change enablement and operating model partner** who ensures adoption and ROI.\n   - **Precondition**: Barclays must have already selected the technology vendor; we are not competing with the vendor, we are complementing them.\n   - **Approach**: Contact the technology vendor's account team or alliance partner manager; position Synozur as the \""transformation layer\"" that de-risks their implementation.\n\n2. **Joint research or thought leadership (plausible in Year 2)**:\n   - Co-author a research report or case study on \""The Future of Co-Branded Banking Partnerships\"" or \""Operating Models for AI-Driven Consumer Banking.\""\n   - **Precondition**: Barclays must have a successful engagement with Synozur first (trust established); their marketing/communications team must see value in external thought leadership.\n   - **Approach**: Propose after 6+ months of successful client engagement; position as \""let's share your success story to elevate both brands.\""\n\n3. **Referral or ecosystem partnership (speculative, low probability in Year 1)**:\n   - If Barclays US develops a fintech partnership program or innovation lab, Synozur could be a \""transformation advisor\"" to portfolio companies.\n   - **Precondition**: Barclays must have formalized such a program (no evidence this exists today).\n   - **Approach**: Monitor for announcements; if program launches, approach innovation lab lead.\n\n**What is fantasy (avoid wasting time):**\n\n- **Co-branded service offerings**: Barclays is not going to co-brand transformation services with Synozur—they are a bank, not a consulting firm. Do not propose this.\n- **Revenue-share or joint venture models**: No evidence Barclays pursues these structures with service providers. Do not lead with creative deal structures; they want straightforward consulting engagements.\n- **Integration partnerships**: Synozur does not build technology products that integrate with Barclays' systems. Do not confuse \""cooperation\"" with technology integration.\n\n**Honest assessment**: Cooperation is a **future state**, not a Year 1 priority. Focus 95% of effort on \""Sell To\""; treat cooperation as a byproduct of successful client engagement, not a front-door strategy.\n\n## How to Sell To Them\n\n**Treat Barclays US Consumer Bank as a Tier 1 target account.**\n\n### Entry Points (Departments / Personas)\n\n**Primary entry point (highest probability):**\n\n- **Chief Operating Officer (COO)** or **Head of Operations**:\n  - Pain: Operating model complexity, cost-to-serve pressures, cross-functional misalignment, failed transformation initiatives.\n  - Synozur fit: \""We bridge strategy and execution with operating model design, governance frameworks, and adoption discipline—making the desirable achievable without breaking your organization.\""\n\n**Secondary entry points (supportive champions):**\n\n- **Chief Digital Officer / Head of Digital Transformation**:\n  - Pain: Technology implementations that fail to deliver ROI, low adoption rates, change fatigue.\n  - Synozur fit: \""We're the human layer that makes your digital investments actually work—AI-augmented transformation with empathetic change management.\""\n\n- **Head of Customer Experience / Chief Customer Officer**:\n  - Pain: Siloed customer journeys, fragmented data, lack of cross-functional alignment.\n  - Synozur fit: \""We design end-to-end experience transformations with operating model redesign, so CX strategy becomes operational reality.\""\n\n- **Head of Partnerships / Strategic Alliances** (if role exists):\n  - Pain: Co-branded partnerships (JetBlue, others) underperforming due to misaligned incentives, unclear governance, execution bottlenecks.\n  - Synozur fit: \""We build partnership operating models and governance frameworks that turn complex ecosystems into competitive advantage.\""\n\n**Tertiary entry points (influencers, not buyers):**\n\n- **Chief Human Resources Officer (CHRO)**: Concerned about change fatigue, talent retention, culture. Position Synozur's empathetic approach as \""transformation that energizes, not exhausts, your people.\""\n- **Chief Risk Officer / Chief Compliance Officer**: Concerned about regulatory risk. Position Synozur as \""strategic advisory that embeds compliance into operating model design, not bolts it on later.\""\n\n### Wedge Product / Service (How to Start Small and Expand)\n\n**Wedge #1: \""Alignment-to-Action Sprint\"" (2–4 weeks, low-risk entry point)**\n\n- **Positioning**: \""Before you launch another transformation initiative, let's align your leadership team on the right priorities, sequence, and operating model—so you avoid the classic mistakes that waste budget and burn out your team.\""\n- **Deliverable**: Prioritized transformation roadmap, value case, risk assessment, initiative sequencing, governance framework.\n- **Price range**: $40K–$80K (size appropriately for a \""test drive\"").\n- **Expansion path**: Sprint uncovers 2–3 high-value initiatives → propose 6-month Operating Model & Execution PMO engagement.\n\n**Wedge #2: \""Co-Branded Partnership Operating Model Build\"" (6–10 weeks)**\n\n- **Positioning**: \""Your JetBlue partnership [or other co-brand] is underperforming because the operating model, decision rights, and cross-functional cadences don't exist. We'll build the governance framework and operating rhythm that turns partnerships into profit engines.\""\n- **Deliverable**: Partnership governance framework, decision rights matrix, cross-functional meeting cadence, KPI dashboard, issue escalation process.\n- **Price range**: $80K–$150K.\n- **Expansion path**: Success with one partnership → replicate model across all co-branded relationships; expand into broader enterprise operating model redesign.\n\n**Wedge #3: \""AI-Augmented Customer Experience Transformation\"" (3–6 months)**\n\n- **Positioning**: \""You're investing millions in AI, CRM, and digital platforms—but without an operating model that supports cross-functional collaboration and customer-centric decision-making, those investments will fail. We design the transformation strategy, operating model, and adoption plan that makes AI deliver ROI.\""\n- **Deliverable**: CX transformation strategy, AI use case prioritization, operating model redesign, change/adoption plan, success metrics.\n- **Price range**: $200K–$500K.\n- **Expansion path**: CX success → expand to other domains (operations, risk, compliance).\n\n### Discovery Questions (Qualify the Opportunity)\n\n**Strategic & Organizational:**\n\n1. \""What are the top 2–3 strategic priorities for Barclays US in the next 12–18 months?\"" (Listen for: digital transformation, operational efficiency, customer experience, partnership expansion.)\n\n2. \""When you think about transformation initiatives over the past 3–5 years, which ones succeeded and which ones stalled—and why?\"" (Uncover: past consulting disappointments, change fatigue, execution gaps.)\n\n3. \""How aligned is your leadership team on the 'how' of transformation, not just the 'what'?\"" (Expose: lack of operating model clarity, decision-right confusion, cross-functional friction.)\n\n**Operating Model & Execution:**\n\n4. \""Walk me through how a major initiative gets prioritized, funded, and executed across departments. Where do things typically get stuck?\"" (Identify: governance gaps, siloed decision-making, lack of accountability.)\n\n5. \""How do you currently manage your co-branded partnerships [e.g., JetBlue]? Who owns the P&L, customer experience, and operational execution on your side?\"" (Uncover: partnership governance chaos, misaligned incentives.)\n\n6. \""What percentage of your technology or process transformation projects deliver the expected ROI within the original timeline?\"" (Quantify: execution gaps, adoption failures—typically <30% for banks.)\n\n**Change & Adoption:**\n\n7. \""How would you describe employee sentiment about transformation and change right now—energized, cautious, or fatigued?\"" (Assess: change capacity, cultural readiness.)\n\n8. \""When a new system or process is rolled out, how do you currently support adoption and measure whether people are actually using it effectively?\"" (Reveal: lack of change management discipline.)\n\n**Budget & Decision Process:**\n\n9. \""Who typically owns the budget for operating model redesign and transformation initiatives—is it centralized (e.g., COO, Strategy) or distributed across business units?\"" (Map: budget authority, decision-makers.)\n\n10. \""Have you worked with transformation or strategy consultants before? What worked well, and what would you do differently next time?\"" (Uncover: Big Four fatigue, desire for boutique partnership, proof point needs.)\n\n### Proof Points That Resonate\n\n**Synozur must bring these to every Barclays conversation:**\n\n1. **Fortune 500 credentials**: \""Our leadership team has led transformations at [specific Fortune 500 companies in financial services, if applicable]—we've been in your seat and know what works in complex, regulated environments.\""\n\n2. **Woman-owned differentiation**: \""As a woman-owned advisory firm, we bring a different perspective—empathetic, relationship-driven, tailored attention—not the factory-model approach of big consultancies.\""\n\n3. **Proprietary frameworks (Vega & Orion)**: \""We don't use one-size-fits-all playbooks. Our Vega and Orion frameworks are AI-augmented, custom-tailored to your organization's maturity, culture, and strategic context.\""\n\n4. **Human-centered transformation**: \""We've seen too many transformations fail because firms focus on strategy decks and ignore the people. Our approach integrates change adoption, stakeholder empathy, and culture from day one—so transformation sticks.\""\n\n5. **Case studies (must develop these)**:\n   - If Synozur has any financial services, co-branded partnership, or complex operating model case studies, **lead with these**.\n   - If not, develop **anonymized case vignettes** from adjacent industries (e.g., \""A mid-market healthcare services company reduced cost-to-serve by 23% and improved NPS by 18 points through our Operating Model & Execution PMO engagement\"").\n\n6. **Speed and pragmatism**: \""We compress discovery timelines with AI-augmented analysis, and we stay with you through execution—no disappearing after the PowerPoint.\""\n\n### Procurement Gotchas to Anticipate\n\n**Barclays US is a regulated financial institution—expect rigorous procurement:**\n\n1. **Vendor onboarding requirements**:\n   - Likely need: Background checks, financial stability review, insurance certificates (E&O, cyber liability), conflict-of-interest attestations.\n   - **Action**: Start vendor registration process early (can take 4–8 weeks); have all compliance documentation ready.\n\n2. **Information security and data privacy**:\n   - Expect: Detailed questionnaires about data handling, SOC 2 compliance, GDPR/CCPA practices.\n   - **Action**: If Synozur does not have SOC 2 or ISO 27001, prepare narrative explaining data security practices; consider pursuing certification if financial services becomes a core vertical.\n\n3. **Preferred vendor rosters and MSAs**:\n   - Barclays may have existing Master Service Agreements (MSAs) with Big Four or tier-2 consulting firms; breaking in requires executive sponsorship.\n   - **Action**: Position Synozur as \""specialized partner for operating model transformation, not a generalist competitor to your existing consulting relationships.\""\n\n4. **Budget cycles and approval hierarchies**:\n   - Large banks often have quarterly or annual budget cycles; discretionary spending may require CFO or COO approval above certain thresholds ($100K+).\n   - **Action**: Time engagement proposals to align with budget cycles (typically Q4 planning for next fiscal year); start conversations 6+ months before desired start date.\n\n5. **RFP processes**:\n   - Procurement may force an RFP even if you have executive sponsorship.\n   - **Action**: If RFP is unavoidable, ensure your executive sponsor helps shape the requirements and evaluation criteria to favor Synozur's differentiation (empathetic approach, Fortune 500 expertise, woman-owned).\n\n6. **Supplier diversity goals**:\n   - Many large banks have supplier diversity targets; Synozur's woman-owned certification is an **advantage**.\n   - **Action**: Proactively highlight woman-owned status in proposals and vendor forms; connect with Barclays' supplier diversity team.\n\n## How to Compete With Them\n\n**Clarification**: Barclays US Consumer Bank is a **bank**, not a consulting firm or advisory competitor. Synozur does not compete with them for clients. However, this section addresses **competitive dynamics in selling to them** (i.e., competing against other consultancies for their business) and **positioning contrasts** if Barclays ever compares Synozur to internal capabilities or alternative providers.\n\n### Win Themes (When Competing for Barclays' Business Against Other Consultancies)\n\n**Win Theme #1: \""Empathetic Transformation vs. Factory Consulting\""**\n\n- **Narrative**: \""The Big Four will send you a rotating cast of junior consultants working from a generic playbook. We give you Fortune 500-level senior strategists who stay with you, tailor every framework to your culture, and treat your people with empathy—because transformation fails when you ignore the human element.\""\n- **When to deploy**: When Barclays mentions they're also talking to Deloitte, PwC, EY, Accenture, or BCG.\n\n**Win Theme #2: \""AI-Augmented Intelligence + Human Wisdom\""**\n\n- **Narrative**: \""We leverage AI to accelerate discovery and scenario modeling—compressing timelines and surfacing insights faster than traditional consultancies. But we combine that speed with human judgment, contextual understanding, and relationship depth. You get next-generation tools with old-school partnership.\""\n- **When to deploy**: When Barclays asks \""Why not just use our internal strategy team + an AI tool?\""\n\n**Win Theme #3: \""Strategy-to-Execution Continuity vs. PowerPoint and Run\""**\n\n- **Narrative**: \""Most consultancies deliver a beautiful deck and disappear. We stay with you—building roadmaps, governance frameworks, adoption plans, and success metrics. We bridge the gap between strategy and execution because we know that's where transformations die.\""\n- **When to deploy**: When Barclays expresses skepticism about consultants based on past experience.\n\n**Win Theme #4: \""Woman-Owned Firm with Fortune 500 Expertise\""**\n\n- **Narrative**: \""You get the caliber of talent and experience of a top-tier firm, with the agility, attention, and values-driven partnership of a woman-owned boutique. We're not trying to maximize billable hours—we're trying to make you successful.\""\n- **When to deploy**: When Barclays values supplier diversity or expresses frustration with big-firm bureaucracy.\n\n### Positioning Contrasts (Synozur vs. Likely Competitors)\n\n| **Dimension**               | **Synozur**                                                                 | **Big Four / Tier-1 Consulting**                          | **Boutique Strategy Firms**                  |\n|-----------------------------|-----------------------------------------------------------------------------|-----------------------------------------------------------|----------------------------------------------|\n| **Engagement Model**        | Senior practitioners throughout; no bait-and-switch                         | Partner sells, junior staff deliver                       | Senior-led but often narrow scope            |\n| **Approach**                | Empathetic, human-centered, tailored to culture                             | Playbook-driven, process-heavy                            | Intellectually rigorous but execution-light  |\n| **Execution Support**       | Strategy + operating model + adoption/change through delivery               | Strategy deck, then hand-off to separate implementation team | Strategy only; client must execute           |\n| **AI Augmentation**         | Proprietary AI-augmented frameworks (Vega, Orion)                           | Emerging AI offerings but siloed from delivery            | Limited or no AI capability                  |\n| **Speed**                   | Compressed timelines via AI + senior team efficiency                        | Slow (large teams, bureaucratic processes)                | Fast on analysis, slow on execution          |\n| **Cultural Fit**            | Woman-owned, values-driven, relationship-first                              | Corporate, transactional                                  | Varies                                       |\n| **Cost**                    | Premium but transparent; no hidden armies of junior staff                   | Highest cost; opaque staffing pyramids                    | Lower cost but limited scope                 |\n\n### Traps to Set (For Competitors)\n\n1. **\""Ask them how many junior consultants will actually be doing the work, and how often you'll see the partner who sold you.\""**\n   - Forces Big Four to admit bait-and-switch model; Synozur counters with \""our senior team is your delivery team.\""\n\n2. **\""Ask them to show you a transformation that actually delivered ROI within 12 months, with measurable adoption metrics.\""**\n   - Most consultancies can't produce this proof; Synozur must have case studies ready (even if anonymized).\n\n3. **\""Ask them how they integrate change management and adoption from day one, not as a separate workstream.\""**\n   - Exposes strategy-only firms; Synozur demonstrates integrated approach.\n\n### Traps to Avoid (What Competitors Will Say About Synozur)\n\n1. **\""They're too small to handle an organization of our complexity.\""**\n   - **Counter**: \""Our team has led transformations at [Fortune 500 financial services firms]. We bring the expertise without the overhead. Complexity isn't about team size—it's about experience and methodology.\""\n\n2. **\""They don't have a proven track record in banking.\""**\n   - **Counter**: \""We bring cross-industry best practices that banks often miss when they only hire banking-focused consultancies. Our Fortune 500 experience includes regulated, complex environments. Plus, we tailor every engagement—we don't assume banking is unique in ways that don't matter.\""\n   - **Mitigation**: Develop at least 1–2 financial services case studies or reference clients ASAP.\n\n3. **\""They don't have the global delivery capacity we need.\""**\n   - **Counter**: \""For this engagement, you don't need global delivery—you need focused, senior-level expertise on your U.S. operations. If global scaling becomes necessary, we have a network of trusted partners. Right now, you need quality, not quantity.\""\n\n### Pricing Posture (When Competing)\n\n- **Do not compete on price alone**—Synozur is a premium boutique; discounting signals desperation and undermines positioning.\n- **Price 10–20% below Big Four equivalents** (after adjusting for seniority of team—our senior-heavy model should be cost-competitive with their junior-heavy model).\n- **Offer flexible engagement models**: Fixed-price sprints (Alignment-to-Action) to de-risk the first engagement; retainer models for ongoing execution support.\n- **Emphasize ROI and value, not cost**: \""Our fees are $X, and here's the measurable business outcome we'll deliver—[cost reduction, revenue uplift, NPS improvement, cycle time reduction]. What's the ROI of *not* solving this problem?\""\n\n### Which Deals to Walk Away From\n\n**Walk away if**:\n\n1. **Barclays is looking for staff augmentation or body shopping** (e.g., \""We need 5 project managers for 6 months\""). This is not Synozur's model; it commoditizes our expertise.\n\n2. **The engagement is purely compliance-driven with no strategic transformation component** (e.g., \""We need help documenting processes for an audit\""). Refer them to a specialized compliance consultancy.\n\n3. **Procurement is forcing a race-to-the-bottom RFP with 10+ bidders and no executive sponsorship**. Without a champion, Synozur will lose to the lowest bidder or an incumbent.\n\n4. **The decision-maker has unrealistic expectations about timeline or scope** (e.g., \""We need enterprise-wide transformation in 6 weeks\""). Misaligned expectations lead to failed projects and damaged reputation.\n\n5. **Barclays insists on \""success-based pricing\"" or \""pay only if we achieve X results\"" without shared control over execution**. Outcome-based pricing is plausible only if Synozur controls execution; otherwise, we're absorbing their execution risk.\n\n## How to Speak To Them\n\n### Voice and Channel Guidance\n\n**Tone: Professional, Empathetic, Outcome-Focused**\n\n- **Do**: Use warm, human language that acknowledges the complexity and difficulty of transformation in a regulated environment. Avoid sounding academic or overly theoretical.\n- **Do**: Lead with empathy and partnership—\""we've been where you are\"" rather than \""let us tell you what to do.\""\n- **Do**: Ground every message in tangible business outcomes (cost reduction, NPS improvement, faster time-to-market, employee retention).\n- **Don't**: Use jargon unless necessary; financial services has enough acronyms—don't add consulting buzzwords (e.g., avoid \""synergize,\"" \""ideate,\"" \""paradigm shift\"").\n- **Don't**: Sound sales-y or boastful. Synozur's voice is confident but humble, relationship-driven not transactional.\n\n**Vocabulary to Embrace:**\n\n- \""Empathetic transformation\""\n- \""Human-centered change\""\n- \""Making the desirable achievable\""\n- \""Strategy-to-execution continuity\""\n- \""Operating model clarity\""\n- \""Tailored, not templated\""\n- \""Partnership, not project\""\n- \""Fortune 500 expertise, boutique attention\""\n- \""AI-augmented intelligence\""\n- \""We stay with you\""\n\n**Vocabulary to Avoid:**\n\n- \""Disruption\"" (overused and threatening in risk-averse banking culture)\n- \""Bleeding edge\"" (banks want proven, de-risked approaches)\n- \""Move fast and break things\"" (antithetical to regulated environment)\n- \""One-size-fits-all\"" (even if describing competitors, sounds dismissive)\n- \""Cheap\"" or \""low-cost\"" (undermines premium positioning)\n\n### Direct vs. Indirect References in Marketing\n\n**Direct references** (naming Barclays explicitly):\n\n- **Avoid in public marketing** until we have a case study or testimonial permission. Do not publish content that says \""We can help Barclays US with X\"" without their consent—comes across as presumptuous.\n- **Use in private outreach**: LinkedIn messages, emails, proposals can reference Barclays by name (obviously).\n\n**Indirect references**:\n\n- **Do**: Publish thought leadership on \""consumer banking transformation,\"" \""co-branded partnership operating models,\"" \""AI in financial services,\"" without naming Barclays—but clearly addressing their pain points.\n- **Example**: \""Mid-to-large consumer banks are struggling to compete with fintech disruptors while managing complex co-branded partnerships and regulatory pressures. Here's how empathetic operating model transformation can help.\""\n\n### Public Statements (If Asked About Barclays by Press or Analysts)\n\n**If Synozur is asked \""Are you working with Barclays?\"" or \""What do you think of Barclays' strategy?\""**\n\n- **Before engagement**: \""We don't comment on specific companies we may or may not be in conversation with. What I can tell you is that consumer banks navigating digital transformation and partnership complexity are increasingly seeking boutique advisory partners who combine Fortune 500 expertise with tailored, empathetic approaches.\""\n  \n- **After engagement (if allowed)**: \""We're proud to partner with leading financial services organizations—including Barclays US—to help them bridge strategy and execution. The results speak for themselves: [specific anonymized metrics if case study approved].\""\n\n### Social Engagement (LinkedIn, Twitter/X)\n\n**Do's**:\n\n- **Like and thoughtfully comment** on Barclays US executives' LinkedIn posts about transformation, customer experience, or industry trends. Comments should add value, not sell.\n  - **Example**: If a Barclays executive posts about a new digital initiative: \""Exciting to see this focus on [specific element]. In our work with consumer banks, we've found that the operating model and change adoption plan are just as critical as the technology choice—often the difference between 30% ROI and 300% ROI. Would love to hear how your team is approaching the people side of this.\""\n\n- **Tag Barclays (company page, not individuals) sparingly** when sharing relevant thought leadership—but only if genuinely valuable, not promotional.\n\n**Don'ts**:\n\n- **Don't \""sell\"" in comments** on their posts (e.g., \""We can help with this! DM me.\""). Comes across as spammy and tone-deaf.\n- **Don't criticize or subtly undermine** Barclays' initiatives in public posts, even if you disagree with their approach. Maintain respect and professionalism.\n\n### Sample Lines (For Sales Reps, Marketers, Executives)\n\n**For a Sales Rep (cold outreach via LinkedIn or email):**\n\n> \""Hi [Name], I've been following Barclays US's work in [digital transformation / co-branded partnerships / customer experience], and I'm impressed by [specific recent initiative]. At Synozur, we partner with consumer banks navigating similar challenges—specifically, bridging the gap between ambitious strategy and day-to-day execution. Our Fortune 500 team brings empathetic, AI-augmented transformation that's tailored to your culture and operating model, not a generic playbook. Would you be open to a brief conversation about how we've helped similar organizations turn strategic intent into measurable outcomes?\""\n\n**For a Marketer (LinkedIn post or article):**\n\n> \""Consumer banks are caught in a paradox: customers demand fintech-"", ""savedAt"": ""2026-05-06T15:14:05.637Z"", ""savedBy"": ""116500d0-357e-4ace-a7af-7264ed58e22a""}]}",generated,2026-05-06 15:39:09.274,,609baf10-d7b7-4ad2-850c-bdb4a791eefd,116500d0-357e-4ace-a7af-7264ed58e22a,2026-05-06 15:14:05.637678,2026-05-06 15:39:09.274,69e3d117-ddee-4fce-bda2-6eaef8e927d0
e450c928-0989-4cff-8077-517a17fe1902,synozur.com,137db123-4906-4e61-af99-f0d23d86a622,37d74323-ec27-4651-bf69-7bd164c175cf,,(Joshua) ICC-IMS,https://icc-ims.com/,Relationship Plan: (Joshua) ICC-IMS,"# 12-Month Relationship Plan: (Joshua) ICC-IMS

## Executive Summary

ICC-IMS represents a high-potential customer prospect for Synozur, operating in infrastructure asset management—a sector undergoing digital transformation and operational modernization. Their data-driven pavement and sidewalk management services suggest an organization dealing with scaling challenges, technology integration complexity, and the need to align field operations with software platforms. The recommended posture is **Sell To / Strategic Customer Development** with a secondary **Cooperate** posture around potential ecosystem partnerships. The single most important action this quarter is to **map ICC-IMS's leadership structure, identify their COO/Head of Operations or CIO, and secure a discovery conversation** positioning Synozur as the empathetic transformation partner who can help them scale their operating model while maintaining service quality and stakeholder adoption.

## Relationship Posture Assessment

**Dominant Posture: Sell To / Strategic Customer Development (70% of effort)**

ICC-IMS operates at the intersection of field services, data collection technology, and infrastructure asset management software—a classic environment where organizations struggle to bridge strategic vision with operational execution. Their business model (services + equipment + software) suggests the kind of cross-functional complexity, process standardization needs, and technology adoption challenges that align perfectly with Synozur's ""empathetic operating transformation"" positioning. As a specialized player in public-sector infrastructure, they likely face triggers including: scaling service delivery across geographies, integrating acquired capabilities, driving software adoption among municipal clients, and establishing operational cadence across field teams and technology development. This makes them an ideal fit for Synozur's Operating Model & Cadence Build and Execution PMO offers.

**Secondary Postures:**
- **Cooperate (20%):** If ICC-IMS serves municipalities and transportation agencies, there may be ecosystem partnership opportunities where Synozur provides transformation services to ICC-IMS's clients as a value-add, or co-develops methodologies for infrastructure asset management operational excellence.
- **Engage (10%):** Participate in infrastructure/smart cities industry events where ICC-IMS is present to build relationship foundation and market understanding.

**Posture Change Triggers:**
- Shift to **Compete** if ICC-IMS begins offering management consulting or organizational transformation services to their municipal clients (encroaching on Synozur's territory).
- Shift to **Steer Clear** if ICC-IMS is acquired by a large consulting firm or systems integrator that would create conflict of interest with other Synozur clients.
- Increase **Cooperate** posture if they express interest in white-labeling Synozur's transformation frameworks for their client base.

## Strategic Read on (Joshua) ICC-IMS

**What they want:**
- **Market credibility and differentiation:** In infrastructure asset management, competitors include both legacy engineering firms and new software-first startups. ICC-IMS likely wants to position as the integrated solution (data + software + services) that delivers measurable ROI to municipalities.
- **Operational scalability:** Managing field teams for pavement surveys across multiple geographies while maintaining quality and integrating that data into software platforms requires disciplined operating cadence—exactly the gap Synozur fills.
- **Client retention and expansion:** Municipal contracts are multi-year but competitive at renewal. They need to demonstrate continuous value, which requires strong project delivery, stakeholder management, and change adoption with client organizations.
- **Technology adoption (internal and external):** Both their own teams need to adopt evolving survey technology/software, and their municipal clients need adoption support for asset management systems.

**Where they are headed:**
- Likely pursuing growth through: (a) geographic expansion of survey services, (b) deeper software platform penetration with existing clients, (c) possible acquisitions of complementary capabilities (other asset types, analytics tools), or (d) vertical integration of more consulting/advisory services around infrastructure planning.
- Industry trend: Infrastructure spending (federal and state) is increasing, creating tailwinds but also scaling pressures and competitive intensity.

**What they are afraid of:**
- **Execution inconsistency** that damages reputation with risk-averse public-sector clients (municipalities have long memory for vendor failures).
- **Inability to scale** while maintaining the quality and responsiveness that won early contracts.
- **Technology commoditization:** If pavement data collection becomes commoditized and software platforms become ""good enough,"" their differentiation erodes.
- **Talent acquisition and retention:** Specialized field technicians and infrastructure software developers are scarce; losing key people could disrupt delivery.
- **Integration complexity:** If they've grown through acquisition or partnerships, integrating different service lines, technologies, and cultures is a hidden tax on leadership bandwidth.

**Tells to watch for:**
- New executive hires (COO, VP Operations, Chief Delivery Officer, Head of Client Success) = scaling pain and transformation readiness.
- Partnership announcements or technology integrations = potential operating model complexity.
- Client case studies emphasizing ""outcomes"" or ""ROI"" = shift from technology-led to value-led positioning, suggesting need for tighter strategy-execution discipline.
- Expansion announcements (new geographies, new asset types) = operating model strain and need for governance/cadence frameworks.

## How to Engage

**Concrete engagement plays (next 12 months):**

**Industry conferences and events:**
- **Transportation Research Board (TRB) Annual Meeting** (January, Washington DC): ICC-IMS likely attends or exhibits. Synozur should attend, identify ICC-IMS booth/sessions, and initiate informal relationship-building. Owner: **CEO or Partnerships lead**.
- **APWA (American Public Works Association) Congress & Exposition** (annual, typically late summer): Prime venue for infrastructure asset management conversations. Sponsor a small workshop on ""Operating Model Strategies for Scaling Infrastructure Services"" and invite ICC-IMS as a participant/panelist. Owner: **Marketing + Partnerships**.
- **Smart Cities / Infrastructure Technology events** (e.g., Smart Cities Connect, ASCE conferences): Engage ICC-IMS executives in panel discussions or roundtables on transformation challenges in infrastructure tech. Owner: **CEO**.

**Direct outreach cadence:**
- **Q1:** LinkedIn connection + soft introduction via shared network (check for mutual connections in infrastructure, PE, or Pacific Northwest business community). Light-touch message: ""Impressed by your integrated approach to pavement management; would value a conversation about operating model trends we're seeing in infrastructure tech."" Owner: **CEO or designated Business Development lead**.
- **Q2:** If initial conversation is positive, invite to a **Synozur-hosted executive roundtable** (virtual or in-person in Seattle/Bothell area) on ""Scaling Service + Software Businesses Without Breaking Your Culture."" 8-10 peer executives, Chatham House rules. Owner: **CEO**.
- **Q3-Q4:** Quarterly check-in emails sharing **relevant thought leadership** (Synozur-authored articles on operating model design, change adoption in field services, etc.) with personalized note. Owner: **Marketing with CEO/BD personalization**.

**Ecosystem engagement:**
- Identify **municipalities or transportation agencies** that are both ICC-IMS clients and potential Synozur clients (for organizational transformation around infrastructure asset management adoption). Explore joint value delivery. Owner: **Partnerships**.
- Connect via **professional service industry groups** or **woman-owned business networks** if ICC-IMS has diversity supplier initiatives or participates in similar communities. Owner: **CEO**.

**Cadence:** Monthly touchpoints in first 90 days (discovery phase), then quarterly strategic check-ins once relationship is established, with event-based engagement 2-3 times per year.

## How to Cooperate

**Realistic cooperation surfaces:**

1. **Referral partnership (most plausible in first 12 months):**
   - ICC-IMS refers municipal/transportation agency clients to Synozur when those clients need organizational change management, operating model design, or transformation support to successfully adopt ICC-IMS's asset management systems.
   - Synozur refers clients undertaking infrastructure modernization to ICC-IMS for pavement/asset data collection and management software.
   - **Preconditions:** Established trust via 2-3 successful informal referrals; signed referral MOU with defined success criteria and light reciprocity expectations.

2. **Co-delivery model (medium-term, 6-12 months):**
   - **Joint offering:** ""Infrastructure Asset Management Transformation"" combining ICC-IMS's technology/data services with Synozur's organizational change, governance design, and adoption enablement.
   - Target: Mid-to-large municipalities or state DOTs undertaking major asset management system overhauls.
   - **Preconditions:** Successful pilot with one joint client; clear role delineation (ICC-IMS = technology/data, Synozur = people/process/change); aligned incentives and risk-sharing in contract structure.

3. **Methodology co-development (longer-term, 9-18 months):**
   - Co-create a playbook: ""Operating Model Best Practices for Infrastructure Technology Adoption"" that ICC-IMS can offer clients as value-add and Synozur can use as thought leadership.
   - **Preconditions:** Deep relationship with ICC-IMS leadership; demonstrated value from earlier cooperation; willingness to invest joint resources without immediate revenue.

4. **Integration / White-label (speculative, requires strong proof):**
   - ICC-IMS white-labels Synozur's Vega or Orion frameworks as part of their client onboarding/change management offering.
   - **Preconditions:** Synozur has productized, scalable version of frameworks; ICC-IMS sees clear competitive advantage; legal/IP terms are resolved.

**What is plausible:** Referral partnership (Q2-Q3) and selective co-delivery (Q4 or early Year 2).

**What is fantasy (at least Year 1):** Deep technology integration, joint venture, or equity partnership—insufficient relationship foundation and unclear strategic rationale at this stage.

**Approach:** Do not lead with cooperation pitch. Establish credibility by **solving a discrete problem for ICC-IMS first** (as customer), then explore cooperation as natural evolution.

## How to Sell To Them

**Treat ICC-IMS as Tier 1 prospect.**

### Entry points (departments / personas):

**Primary Target Personas:**
1. **COO / VP of Operations / Head of Service Delivery** (if role exists—likely given services component of business model):
   - Pain: Scaling field operations, ensuring service consistency across geographies, managing capacity vs. demand, integrating field data into software seamlessly.
   - Synozur value: Operating Model & Cadence Build; Execution PMO.

2. **CTO / VP of Engineering / Head of Product** (for software platform side):
   - Pain: Technology roadmap prioritization, aligning engineering with customer needs, adoption of new platform features by clients and internal teams.
   - Synozur value: Strategy-to-execution frameworks, stakeholder alignment, product operating model.

3. **CEO / President** (if smaller/mid-sized company):
   - Pain: Bandwidth to manage growth, fear of execution breakdown, integrating acquisitions or new service lines, building scalable leadership team.
   - Synozur value: Alignment-to-Action Sprint, comprehensive transformation partnership.

4. **Head of Client Success / Account Management:**
   - Pain: Municipal client adoption of ICC-IMS systems, demonstrating ROI to renew contracts, managing complex stakeholder landscapes (public works directors, city managers, IT departments).
   - Synozur value: Change adoption methodologies, stakeholder engagement frameworks.

**Secondary Influencers:**
- **HR/People leader:** Talent retention, culture integration post-acquisition, leadership development.
- **Finance/CFO:** Operational efficiency, cost-to-serve improvements, margin expansion (especially if PE-backed).

### Wedge product or service:

**Primary wedge: Alignment-to-Action Sprint (2-4 weeks, $30K-$60K starting point)**
- Positioning: ""You're scaling fast in a growing infrastructure market—let's ensure your operating model, technology roadmap, and team structure are aligned to capture the opportunity without burning out your leaders or sacrificing quality.""
- Deliver: Prioritized roadmap, operating model gap analysis, initiative sequencing, key metrics framework.
- Goal: Demonstrate value fast, create urgency for deeper Operating Model & Cadence Build engagement.

**Alternative wedge (if COO/operations pain is acute): Performance Lift Program (90 days)**
- Positioning: ""Let's take one high-impact operational area—e.g., field survey deployment cycle time, or client onboarding process—and deliver measurable improvement in 90 days while building your team's capability to sustain it.""
- Goal: Quick win that proves Synozur's empathetic, outcome-focused approach and builds trust for broader transformation.

### Discovery questions (tailored to ICC-IMS context):

**Strategic/Growth Questions:**
- ""What's your vision for ICC-IMS in 3 years—where do you want to be in terms of market position, service footprint, and client relationships?""
- ""What's the #1 growth opportunity you're confident you could capture if your operations were more scalable?""
- ""Have you made any acquisitions or major partnerships recently? How is the integration going?""

**Operational/Execution Questions:**
- ""How do you ensure service quality consistency when you're deploying survey teams across multiple cities or states?""
- ""What's your process for prioritizing technology/product roadmap investments? How aligned are engineering, sales, and client success on those priorities?""
- ""Tell me about your operating cadence—how do leadership and cross-functional teams stay aligned on strategy execution week-to-week?""

**People/Change Questions:**
- ""What keeps you up at night when you think about scaling your team—is it talent acquisition, retention, leadership development, or something else?""
- ""When you roll out new technology or process changes, how do you drive adoption with your field teams? With your municipal clients?""
- ""Where do you feel you have the *least* visibility or control right now—what's the black box in your operations?""

**Pain Validation:**
- ""If you could wave a magic wand and fix one thing about how your company operates today, what would it be?""
- ""What transformation or major initiative have you tried in the past that didn't stick—what got in the way?""

### Proof points that resonate:

- **Case story (if available, or develop): Professional services firm scaling from regional to national footprint**—Synozur designed operating model, governance cadence, and KPI framework that enabled 3x growth without proportional leadership overhead increase.
- **Case story: Technology-enabled services company** struggling with field team/software platform integration—Synozur delivered stakeholder alignment sprint and implementation PMO that reduced deployment cycle time by 40%.
- **Methodology credibility:** Vega (strategic alignment) and Orion (execution management) frameworks as proprietary, proven IP—not generic consulting templates.
- **Empathy + outcomes balance:** ""We've worked with leadership teams in high-growth, complex environments who are stretched thin—we don't add to your burden, we create clarity and lighten the load while driving measurable results.""
- **Woman-owned, Fortune 500 pedigree:** Tailored attention of boutique firm + battle-tested frameworks from enterprise transformation experience.

### Procurement gotchas to anticipate:

- **Public sector adjacency:** If ICC-IMS has been shaped by public-sector client procurement (RFPs, lowest-bid mentality), they may initially approach Synozur engagement with similar lens. **Counter:** Position early as strategic advisory partnership, not vendor relationship; emphasize value-based pricing and ROI, not hourly rates.
- **Pilot/proof-of-concept expectation:** They may want a small ""test"" before larger commitment. **Strategy:** Alignment-to-Action Sprint is the pilot—scope it to deliver standalone value while creating organic pull for next phase.
- **Internal capacity constraints:** Small/mid-sized company may worry about bandwidth to engage in transformation work. **Counter:** Emphasize Synozur's ""empathetic partnership"" approach—we work *with* you, not *on* you; we adapt to your capacity and build your team's capability.
- **DIY mentality:** Engineering/operations-led cultures may believe ""we can do this ourselves."" **Counter:** ""You absolutely can—and you likely will execute much of it. We're here to compress the timeline, avoid common pitfalls, and give you frameworks and outside perspective so your team doesn't have to reinvent the wheel or learn expensive lessons the hard way.""

### Engagement strategy:

1. **Warm introduction** via mutual connection (infrastructure industry, Pacific Northwest business community, woman-owned business network) or direct LinkedIn outreach from Synozur CEO with personalized message referencing ICC-IMS's integrated approach and scaling challenges.
2. **First call (30-45 min):** Discovery posture, not sales pitch. Ask discovery questions above, listen for pain points, share 1-2 brief relevant examples of similar clients, offer thought leadership piece as follow-up.
3. **Second call/meeting (if pain is validated):** Bring in Synozur subject matter expert aligned to their pain (operations, technology, change adoption). Workshop their specific challenge for 30 minutes; offer informal advice as credibility-builder.
4. **Proposal:** Position Alignment-to-Action Sprint as ""let's invest 3 weeks together to get crystal clear on your priorities, risks, and the path forward—you'll have a decision-ready roadmap regardless of whether you engage us further.""
5. **Pilot success → expand:** Deliver sprint with measurable insights and clear next-phase options (Operating Model build, Execution PMO, etc.). Let the work sell itself.

## How to Compete With Them

**Current state: ICC-IMS is not a direct competitor.** They provide infrastructure asset management services and technology; Synozur provides strategic advisory and organizational transformation consulting. These are complementary, not competing, value propositions.

**Future competition scenarios to monitor:**

### Scenario 1: ICC-IMS expands into management consulting / advisory services for municipal clients
**Trigger:** ICC-IMS hires consultants/advisors to help clients with organizational change, asset management program design, or strategic planning as value-add to their core technology offering.

**If this happens—positioning contrasts:**
- **Synozur = transformation specialists with proven frameworks; ICC-IMS = technology vendor adding consulting as ancillary service.**
- **Win theme:** ""You need a partner whose core expertise is organizational transformation and change adoption, not a vendor whose primary business is selling you technology and data services. We're technology-agnostic and focused solely on what's best for your operating model.""
- **Trap to set:** Ask prospect, ""Who in the vendor's organization has led a large-scale transformation before—can you meet them?"" (Expose lack of deep consulting bench.)
- **Trap to avoid:** Don't disparage ICC-IMS's technology or data quality—stay focused on ""different expertise, different role.""

### Scenario 2: Head-to-head in a municipal/agency transformation project where ICC-IMS is incumbent technology provider
**Context:** A city is implementing ICC-IMS's asset management platform and needs organizational change support. Both ICC-IMS (offering bundled change management) and Synozur (independent transformation advisor) are being considered.

**Positioning:**
- **Independence = objectivity:** ""We have no vested interest in which technology you use—our only goal is successful adoption and organizational alignment. Can the technology vendor say the same?""
- **Depth of change expertise:** Highlight Synozur's proprietary frameworks (Vega/Orion), Fortune 500 transformation pedigree, and human-centered approach vs. ICC-IMS's likely lighter-weight change support.
- **Complementary, not competitive:** Offer to *partner with* ICC-IMS's implementation team, positioning Synozur as the strategic layer and ICC-IMS as technology execution.

**Pricing posture (if competing):** 
- Synozur should price based on **value and outcomes**, not try to undercut on hourly rates.
- If ICC-IMS is bundling change management into technology contract at low/no incremental cost, **don't compete on price**—compete on **risk mitigation and success probability**: ""What's the cost of a failed implementation vs. investing in the change expertise to get it right?""

**Deals to walk away from:**
- **Scenarios where ICC-IMS has contractual control** over all transformation/change workstreams and will not allow independent advisory partner.
- **Clients who view transformation support as pure commodity/checkbox** and are only price-shopping (not strategic fit for Synozur's model).

**Current recommendation:** Not relevant in Year 1 unless signals emerge (ICC-IMS announces consulting practice, new hires with transformation background).

## How to Speak To Them

**Voice and tone guidance:**

Apply Synozur's empathetic, human-centered, outcome-focused brand voice—but adapt vocabulary and references to ICC-IMS's infrastructure/engineering/public-sector world.

### Tone:
- **Respectful of their expertise:** They are subject-matter experts in pavement management and asset data; Synozur is expert in transformation. Position as peer partnership, not consultant-client hierarchy.
- **Grounded and practical:** Infrastructure sector values engineering rigor, data, and proven approaches. Avoid overly abstract language; use concrete examples and measurable outcomes.
- **Empathetic to scaling pains:** Acknowledge the difficulty of maintaining quality and culture while growing fast in a competitive, relationship-driven market.
- **Collaborative, not prescriptive:** Language should invite co-creation: ""Let's explore together,"" ""What if we could..."" rather than ""You should..."" or ""Here's what you need to do.""

### Vocabulary to embrace:
- **Operational excellence, scalability, execution discipline, operating cadence, cross-functional alignment.**
- **Adoption, stakeholder engagement, change management** (infrastructure clients and ICC-IMS internal teams both face this).
- **Service delivery consistency, quality assurance, capacity planning.**
- **Integration** (relevant if ICC-IMS has done acquisitions or technology partnerships).
- **ROI, measurable outcomes, performance metrics, cycle time** (public sector and infrastructure clients care deeply about quantifiable results).
- **Field operations, deployment, asset management, infrastructure modernization** (their domain language—use it to show you understand their world).

### Vocabulary to avoid or use cautiously:
- **Avoid generic consulting jargon:** ""Synergies,"" ""best-in-class,"" ""world-class,"" ""leverage,"" ""paradigm shift""—these will sound hollow to an engineering/operations audience.
- **Avoid over-selling AI:** ICC-IMS likely uses data analytics and automation in their own business. Don't lead with ""AI-augmented"" positioning unless they've expressed specific interest in AI; instead emphasize **frameworks, proven process, and human partnership.**
- **Avoid public-sector clichés** if ICC-IMS sees themselves as a private-sector technology company (even though they serve public sector)—read their self-positioning first.
- **Cautious with ""transformation""** overuse—it can sound buzzwordy. Mix in concrete terms: ""operating model redesign,"" ""execution framework,"" ""alignment process.""

### Direct vs. indirect references in marketing:
- **Do not mention ICC-IMS in public marketing, case studies, or thought leadership** unless you have their explicit permission and a formal relationship.
- **Do create thought leadership content relevant to their world** (e.g., ""How Infrastructure Technology Companies Can Scale Service Delivery Without Sacrificing Quality"") and share it *directly with them* as relationship-building, not public content.
- **If asked by press/analysts about infrastructure sector:** ""We're seeing exciting growth in infrastructure technology and asset management, and those companies face unique operating model challenges as they scale—it's a sector where our empathetic, outcome-focused transformation approach resonates."" (Generic, no name.)

### Sample lines for different contexts:

**For sales/BD initial outreach (LinkedIn message or email):**
> ""Hi [Name], I've been impressed by ICC-IMS's integrated approach to pavement and infrastructure asset management—the combination of field services, data collection, and software is exactly the kind of complexity that makes operating model design both critical and challenging. At Synozur, we work with scaling technology and services companies to align strategy with execution and build the operating cadence that makes growth sustainable. I'd love to learn more about how you're thinking about the next phase of ICC-IMS's evolution and share some perspectives from similar companies we've partnered with. Would you be open to a brief conversation?""

**For discovery call (Synozur CEO or BD lead):**
> ""One pattern we see in companies like yours—where you're managing field teams, integrating complex data, and driving software adoption with clients—is that the strategic vision is clear, but the operating model, governance, and cross-functional rhythms haven't caught up to the growth. Leaders end up spending half their time firefighting instead of scaling. Does that resonate with your experience, or are you in a different place?""

**For thought leadership/content shared with ICC-IMS:**
> ""Scaling infrastructure technology services requires more than great software and data—it demands operating discipline and change adoption expertise. Many companies underestimate the organizational complexity of aligning field operations, engineering teams, and client success. At Synozur, we help leadership teams build the frameworks and cadence to make growth sustainable without burning out their people.""

**For executive (Synozur CEO) at industry event when meeting ICC-IMS leader:**
> ""Your work in pavement asset management is fascinating—I imagine you're navigating some interesting challenges around scaling service delivery while keeping your technology roadmap aligned with what clients actually need. We spend a lot of time with companies in that spot, helping them build the operating model and governance to make it all work. I'd love to hear what's top of mind for you.""

**For handling analyst/press question mentioning ICC-IMS (hypothetical):**
> ""We don't comment on specific companies, but broadly, the infrastructure asset management sector is growing rapidly, and companies in that space face unique transformation needs—balancing field operations, software development, and client adoption. It's exactly the kind of complexity where our human-centered, framework-driven approach adds value.""

### Social media engagement:
- **Do:** Follow ICC-IMS on LinkedIn; occasionally like/share their content (company milestones, client wins, thought leadership) to build familiarity.
- **Do:** If ICC-IMS executive posts about operational challenges, growth, or industry trends, engage thoughtfully with a comment that adds value (not a sales pitch).
- **Don't:** Tag them in Synozur marketing posts or try to co-opt their audience.

## When to Steer Clear

**Specific situations where disengagement is the right strategic move:**

### 1. **Conflict of interest with existing Synozur clients**
- **Scenario:** Synozur is engaged (or in active discussion) with a **direct competitor of ICC-IMS** in the infrastructure asset management technology space (e.g., another pavement data/software provider).
- **Risk:** Serving both creates perception of conflict, potential IP leakage, and damages trust with both parties.
- **Action:** If this arises, **choose the client relationship with stronger strategic fit, longer-term potential, or earlier commitment.** Politely decline the other, citing conflict of interest. Be transparent.

### 2. **ICC-IMS is acquired by a large consulting firm or systems integrator**
- **Scenario:** ICC-IMS is bought by Accenture, Deloitte, Jacobs, AECOM, or similar firm that has (or could develop) competing transformation consulting services.
- **Risk:** Synozur's proprietary frameworks, client insights, and methodologies could be absorbed into a competitor's offering. Also, procurement complexity increases and relationship intimacy decreases.
- **Action:** **Steer clear of new strategic partnerships or deep methodology sharing.** Maintain transactional project relationships only if terms protect Synozur IP and there's no risk of framework appropriation.

### 3. **Deals structured as staff augmentation or body-shop model**
- **Scenario:** ICC-IMS (or a mutual client) asks Synozur to provide consultants on a time-and-materials, staff-aug basis without clear strategic scope or outcomes.
- **Risk:** Misalignment with Synozur's positioning as strategic transformation partner; low margin; reputational risk if project fails due to factors outside Synozur's control.
- **Action:** **Walk away or re-scope as fixed-price, outcome-based engagement.** If they insist on staff aug, politely decline: ""That's not our model—we're most effective when we're partnering on strategic outcomes, not providing hourly resources.""

### 4. **Public sector RFP processes where ICC-IMS is prime and Synozur is subcontractor in unfavorable terms**
- **Scenario:** ICC-IMS is bidding on a large municipal/state contract and wants Synozur as sub for change management/transformation, but contract terms include: unfavorable IP assignment, liability concentrated on subs, payment delays, or scope creep without change-order protection.
- **Risk:** Financial risk, IP loss, operational distraction, reputational damage if project fails.
- **Action:** **Evaluate each opportunity individually.** Participate only if: (a) terms are acceptable, (b) ICC-IMS relationship is strong enough to negotiate fair contract, (c) project aligns with Synozur's strategic priorities. Otherwise, decline and offer to support in advisory capacity outside the RFP.

### 5. **Engagement requests that feel extractive or one-sided**
- **Scenario:** ICC-IMS asks for free consulting (e.g., ""Can you look at our operating model and give us feedback?""), spec work in pursuit of undefined future opportunity, or requests to share proprietary frameworks/tools without commercial terms.
- **Risk:** Time/resource drain, IP giveaway, relationship imbalance.
- **Action:** **Politely set boundaries.** Offer a defined, paid scope (e.g., ""We'd be happy to do a structured assessment—our Alignment-to-Action Sprint is designed exactly for this and typically runs [price range]. Alternatively, we can share some high-level perspectives in a 30-minute call.""). If they're unwilling to pay for value, they're not the right client.

### 6. **Cultural misalignment or values conflicts**
- **Scenario:** In discovery, Synozur detects cultural red flags—e.g., ICC-IMS leadership dismissive of change management, disrespectful to employees, unwilling to invest in people/process, or ethical concerns (e.g., problematic business practices with public-sector clients).
- **Risk:** Project failure, team burnout, reputational association with bad actor.
- **Action:** **Trust gut and walk away.** Synozur's brand is rooted in empathy and human-centered transformation; engaging with a client who doesn't share those values will fail and damage the brand. Use language: ""We don't think we're the right fit for this engagement—our approach requires a certain level of organizational commitment to change and people investment, and it sounds like you're looking for something different.""

### 7. **Geographies or regulatory environments outside Synozur's capability**
- **Scenario:** ICC-IMS asks for support in international markets or highly specialized regulatory contexts (e.g., federal compliance, defense contracting) where Synozur lacks expertise or credentials.
- **Risk:** Underdelivery, operational mistakes, legal/compliance exposure.
- **Action:** **Acknowledge the boundary:** ""That's outside our current scope of expertise. We'd recommend [referral to qualified partner if available], but we're not the right team for that.""

## 12-Month Roadmap (Quarter by Quarter)

---

### **Q1 (Months 1-3): Foundation & Discovery**
**Theme:** *Establish contact, understand ICC-IMS's strategic context, and position Synozur as credible transformation partner.*

**Actions:**
1. **Map ICC-IMS organizational structure and decision-makers** (COO, CTO, CEO, Head of Client Success if exists)—use LinkedIn, website, industry directories, mutual connections. *(Owner: Business Development / CEO)*
2. **Secure warm introduction or initiate direct outreach** to highest-value contact (likely COO or CEO) with tailored, empathetic message referencing ICC-IMS's scaling opportunity and Synozur's relevant experience. *(Owner: CEO)*
3. **Conduct initial discovery call(s)** using discovery questions above; listen for pain points around operating model, scaling, technology/service integration, or change adoption. *(Owner: CEO + relevant SME)*
4. **Research ICC-IMS's market context:** competitive landscape in infrastructure asset management, recent company news (funding, acquisitions, partnerships, expansions, leadership hires). *(Owner: Marketing / Competitive Intelligence)*
5. **Develop tailored thought leadership piece** (e.g., ""Operating Model Strategies for Scaling Infrastructure Technology Services"") and share with ICC-IMS contact as value-add, no strings attached. *(Owner: Marketing, with CEO distribution)*

**Decision gates / triggers:**
- **Green light to Q2:** ICC-IMS engages in substantive discovery conversation and expresses at least one clear pain point aligned with Synozur's capabilities.
- **Yellow light:** Polite but non-committal response—maintain relationship at low touch (quarterly thought leadership sharing, event-based engagement) and revisit in Q3.
- **Red light:** No response after 2-3 touchpoints, or clear signal they're not interested—pause direct outreach and shift to passive observation (watch for trigger signals).

**Metrics:**
- Discovery call completed: Yes/No.
- Pain points identified and documented: # (target: 2-3 specific challenges).
- Relationship temperature: Cold / Warm / Hot (subjective assessment).

---

### **Q2 (Months 4-6): Credibility Building & Pilot Engagement**
**Theme:** *Demonstrate expertise, deepen relationship, and create conditions for pilot project or formal engagement.*

**Actions:**
1. **Invite ICC-IMS executive to Synozur-hosted roundtable or peer learning event** (virtual or Seattle-area in-person) on ""Scaling Operations in High-Growth Technology Services."" Position as peer exchange, not sales pitch. *(Owner: CEO / Partnerships)*
2. **If discovery revealed specific pain point, offer a complimentary 60-90 minute working session** where Synozur facilitates discussion of that challenge with ICC-IMS leadership team and shares relevant frameworks/examples. Goal: Demonstrate value and build trust. *(Owner: CEO + SME aligned to pain point)*
3. **Propose Alignment-to-Action Sprint** (paid pilot engagement) if pain is validated and urgent. Scope tightly to one high-priority area (e.g., operating model for service delivery scalability, technology roadmap alignment, or change adoption framework for client success). *(Owner: CEO / BD)*
4. **Attend industry conference where ICC-IMS is present** (e.g., TRB, APWA—see engagement section) and schedule in-person meeting to strengthen relationship. *(Owner: CEO)*
5. **Develop ICC-IMS-specific case study hypothesis:** ""If we were to engage, what would success look like in 6-12 months?"" Draft internal brief on potential transformation scope, outcomes, and","{""focus"": [], ""posture"": ""sell_to"", ""customGuidance"": """", ""versionHistory"": []}",generated,2026-05-06 15:49:49.727,,6a963bc8-8605-4bdb-ae33-32efe0d5e27d,6a963bc8-8605-4bdb-ae33-32efe0d5e27d,2026-05-06 15:45:54.382941,2026-05-06 15:49:49.727,b2861ac9-28b9-45c2-a991-ceaa91faf851
7fbcbc3b-0005-4205-b4d3-a75b2e736154,synozur.com,137db123-4906-4e61-af99-f0d23d86a622,37d74323-ec27-4651-bf69-7bd164c175cf,,Protiviti,https://www.protiviti.com/us-en,Relationship Plan: Protiviti,"# 12-Month Relationship Plan: Protiviti

## Executive Summary

Protiviti represents a **strategic cooperation opportunity with bounded competition**. As a $1B+ global consulting firm under Robert Half ownership, they operate in overlapping transformation and risk domains but serve a significantly larger enterprise scale than Synozur's sweet spot. The recommended posture is **Cooperate-First with Selective Competition**: pursue referral partnerships and subcontracting opportunities where Protiviti's enterprise clients need boutique, human-centered execution support, while competing directly in mid-market professional services and PE portfolio company deals where Synozur's tailored approach and Fortune 500 expertise deliver superior value. **Most important Q1 action:** Initiate exploratory conversations with Protiviti's regional practice leads (Seattle/West Coast) to map referral pathways for clients seeking empathetic operating transformation beyond Protiviti's risk and compliance core.

## Relationship Posture Assessment

**Primary Posture: COOPERATE (60%) + COMPETE (30%) + SELL TO (10%)**

Protiviti's scale, global footprint, and parent-company resources make head-to-head competition inefficient in enterprise accounts. However, their value proposition centers on risk management, compliance, cybersecurity, and technology transformation—**not** on human-centered operating model redesign or empathetic change adoption, Synozur's core differentiators. This creates natural cooperation opportunities:

1. **Protiviti as referral source:** When their enterprise clients need operating cadence installation, change adoption, or stakeholder-centric transformation that falls outside Protiviti's risk/compliance/tech wheelhouse.
2. **Protiviti as subcontracting partner:** Synozur delivers boutique execution on Protiviti's larger transformation engagements where human-centered design and custom frameworks add value.
3. **Protiviti as procurement channel:** PE firms and aerospace/defense clients (Protiviti's stated targets) may engage Protiviti for diligence/risk but need Synozur for post-close operating model and value creation execution.

**Secondary postures apply conditionally:**

- **COMPETE** in mid-market professional services and PE portfolio companies (200–2,000 employees), where Synozur's tailored approach, senior-level engagement, and woman-owned certification outmaneuver Protiviti's enterprise-scaled delivery model.
- **SELL TO** Protiviti's internal operations or learning/development teams if they seek to improve their own delivery frameworks or consultant enablement (low probability, exploratory only).
- **STEER CLEAR** of deals where Protiviti is the incumbent for risk/compliance work and scope-creep competition would damage cooperation goodwill or where their Robert Half parent creates channel conflict.

**Posture should shift if:**
- Protiviti launches a dedicated ""empathetic transformation"" or ""human-centered operating model"" practice (escalate to Compete-Primary).
- A major referral partnership materializes (shift to Cooperate-Dominant with minimal competition in shared accounts).
- Protiviti begins targeting woman-owned certification as a differentiator or acquires a boutique firm in Synozur's wheelhouse (reevaluate all cooperation).

---

## Strategic Read on Protiviti

### What they want
Protiviti seeks to **expand beyond risk/compliance into higher-margin strategic transformation work** while leveraging Robert Half's staffing infrastructure for scale. Their AI implementation, technology transformation, and transaction advisory services signal ambitions to compete with Big 4 and boutique strategy firms in C-suite advisory. They target repeat enterprise clients (CFOs, CIOs, CISOs) and PE firms seeking integrated risk-and-growth services. Evidence: Website explicitly lists ""technology transformation, AI implementation, and strategic consulting"" alongside traditional risk/compliance offerings.

### Where they are headed
- **Vertical deepening:** Aerospace/defense and financial services appear to be priority sectors (implied by target audience of ""aerospace/defense industry leaders"").
- **AI-as-a-service:** Protiviti is investing in AI implementation consulting to capture demand from enterprises under pressure to modernize.
- **PE ecosystem embeddedness:** Their transaction advisory and risk services position them as pre-close diligence partners; they likely want to expand into post-close value creation and integration (Synozur's opportunity space).

### What they are afraid of
- **Commoditization of risk/compliance:** Automation and offshore delivery threaten margins in their historical core; they need higher-value transformation work to sustain growth.
- **Boutique agility:** Smaller, specialized firms (like Synozur) can out-maneuver Protiviti on relationship depth, senior engagement, and cultural fit—especially in mid-market and values-driven procurement (woman-owned, empathetic positioning).
- **Big 4 and Accenture:** Protiviti competes upmarket against firms with stronger brand recognition and deeper M&A war chests.

### What their tells are
- **Language on ""tailored solutions and collaborative expertise""** mirrors Synozur's positioning but rings hollow at enterprise scale; they lack proof of boutique-style empathy and customization. This gap is Synozur's wedge.
- **Robert Half parent ownership** suggests delivery model reliance on contract staffing, not senior-partner continuity—another differentiation point for Synozur.
- **No visible emphasis on human-centered design, change adoption, or organizational empathy** in their public messaging (contrast with Synozur's ""human-centric focus"" and ""empathetic partnership"").

---

## How to Engage

### Concrete engagement plays (12-month calendar)

**Q1 (Months 1-3): Exploration & Relationship Mapping**
- **Action:** CEO or Partnerships lead schedules exploratory coffee/Zoom with Protiviti's Seattle or San Francisco regional managing director. Frame as ""understanding collaboration opportunities in the Pacific Northwest transformation market.""
- **Event co-attendance:** Identify 2–3 West Coast CFO/COO forums, PE conferences (e.g., ACG West, PitchBook events), or SHRM leadership summits where both firms exhibit or speak. Introduce Synozur team to Protiviti practice leads in informal settings.
- **Cadence:** Monthly informal outreach (LinkedIn engagement, sharing relevant thought leadership) to 3–5 Protiviti partners in technology consulting and transaction advisory.

**Q2 (Months 4-6): Credibility Building**
- **Mutual client discovery:** Sales and delivery teams cross-reference Synozur's pipeline and client list against Protiviti's known accounts (via LinkedIn Sales Navigator, ZoomInfo). Identify 2–3 situations where Protiviti handled risk/compliance and the client now needs operating model work—propose warm handoff or co-delivery.
- **Analyst/ecosystem overlap:** If Synozur engages Gartner, Forrester, or HFS Research in 2026, request joint briefings where Protiviti might be referenced as a complementary (not competitive) player in transformation ecosystems.
- **Cadence:** Quarterly check-in call with 1–2 Protiviti partners who show openness.

**Q3-Q4 (Months 7-12): Structured Partnership Exploration**
- **Referral agreement pilot:** Formalize a lightweight referral MOU with one Protiviti regional practice (West Coast preferred). Test with 1–2 joint client scenarios.
- **Speaking/content collaboration:** Co-author a LinkedIn article or co-present at a regional ACFE (fraud examiners) or IIA (internal audit) conference on ""Connecting Risk Discipline to Operating Transformation."" Protiviti handles risk, Synozur handles human adoption.
- **Cadence:** Bi-monthly partnership review if pilot shows traction; otherwise revert to quarterly relationship maintenance.

**Initiation protocol:** Synozur always initiates first contact (they are smaller, more agile). Protiviti's bureaucracy requires 2–3 touches before response; persistence and senior-level outreach (CEO to Managing Director) accelerates engagement.

---

## How to Cooperate

### Realistic cooperation surfaces (plausible within 12 months)

**1. Referral partnership (most plausible)**
- **Scenario:** Protiviti completes risk assessment, cybersecurity roadmap, or M&A diligence for a PE portfolio company or mid-market enterprise. Client asks, ""Who can help us redesign our operating model and get our people aligned?"" Protiviti refers Synozur for operating cadence, change adoption, and execution PMO work.
- **Reverse scenario:** Synozur uncovers a client need for IT risk assessment, SOX compliance, or vendor security audit—refers to Protiviti.
- **Preconditions before outreach:**
  - Synozur must have 2–3 referenceable case studies demonstrating measurable operating improvements (cycle time, EBITDA, delivery consistency) to prove complementary value.
  - Identify specific Protiviti partners (by name, LinkedIn profile) who serve Synozur's ICP (mid-market professional services, PE portfolio companies) and have regional overlap (Seattle, SF, Portland).
  - Prepare one-page ""collaboration brief"" explaining Synozur's sweet spot, non-competitive positioning, and win-win referral economics (Synozur pays referral fee or reciprocates).

**2. Subcontracting / white-label delivery (plausible within 18 months)**
- **Scenario:** Protiviti wins a large enterprise transformation engagement and needs a specialized team to deliver human-centered change management, operating model design, or stakeholder adoption—areas outside their core. Synozur delivers under Protiviti's brand or as a named subcontractor.
- **Preconditions:**
  - Synozur must demonstrate delivery capacity (team bench, project management rigor) that meets Protiviti's enterprise quality standards.
  - Establish NDA and negotiate clear IP ownership (Synozur retains Vega/Orion frameworks; deliverables are client's).
  - Pilot with one engagement before scaling.

**3. Co-marketing / thought leadership (plausible, low commitment)**
- **Scenario:** Joint webinar, article series, or conference panel on ""Risk-Aware Operating Transformation"" or ""PE Value Creation Beyond the 100-Day Plan."" Protiviti provides risk/compliance lens, Synozur provides operating model and adoption expertise.
- **Preconditions:**
  - Both firms must have aligned POV on a specific topic (e.g., ""integrating ESG into operating cadence"" or ""AI governance + change adoption"").
  - Protiviti's marketing/BD team agrees to promote (requires buy-in from their Director of Marketing or practice lead).

**4. Ecosystem / platform integration (fantasy in Year 1, explore later)**
- Synozur's AI-augmented Vega/Orion frameworks could theoretically integrate with Protiviti's risk management or compliance platforms, but this requires technology maturity and formal partnership agreements unlikely within 12 months. **Recommendation:** Mention as future-state vision in partnership conversations but do not pursue actively in 2026.

### What is fantasy
- **Formal channel partnership or reseller agreement:** Protiviti's enterprise procurement and partner vetting processes are slow and bureaucratic. Synozur lacks the revenue scale and reference volume to qualify as a Protiviti ""strategic partner"" in Year 1.
- **Joint venture or equity partnership:** No evidence of strategic fit or mutual incentive.

---

## How to Sell To Them

**Treat Protiviti as a potential buyer of Synozur's services (low probability, but worth exploratory outreach).**

### Entry points (departments / personas)
- **Primary:** Protiviti's internal **Learning & Development (L&D)** or **Consulting Capability** teams, if they seek to train consultants on human-centered transformation, empathetic stakeholder engagement, or proprietary operating frameworks.
- **Secondary:** Protiviti's **Innovation / R&D** function, if they are piloting AI-augmented consulting tools and want to partner with a boutique firm testing Vega/Orion-style frameworks.
- **Tertiary:** Protiviti's **Internal Operations** (HR, COO), if they face scaling challenges (e.g., integrating Robert Half delivery model with Protiviti's consulting culture) and need operating model alignment.

### Wedge product or service
- **Offer:** ""Empathetic Consulting Enablement Sprint"" (2–4 weeks) — Synozur trains Protiviti's consulting teams on stakeholder empathy, change adoption methodologies, and human-centered discovery. Deliverable: custom playbook, role-plays, integration into Protiviti's delivery framework.
- **Alternate wedge:** ""Proprietary Framework Licensing"" — Protiviti licenses a simplified version of Vega or Orion for use in their operating model or technology transformation engagements, with Synozur providing training and certification.

### Discovery questions (if we get a meeting)
1. ""How does Protiviti currently approach change adoption and stakeholder engagement in transformation projects? What frameworks or tools do your teams use?""
2. ""When clients push back on technology or process changes, how do your consultants typically respond? What training exists around empathetic stakeholder management?""
3. ""Is Protiviti exploring ways to differentiate its operating model consulting from Big 4 competitors? What role does human-centered design play?""
4. ""Are there gaps in your current delivery model—especially in mid-market or PE portfolio clients—where a more tailored, empathetic approach would improve outcomes?""

### Proof points that resonate
- Woman-owned firm status (Protiviti may have supplier diversity goals or values-driven procurement initiatives).
- Fortune 500 leadership pedigree of Synozur team (credibility in Protiviti's world).
- Measurable adoption metrics or engagement scores from prior Synozur engagements (e.g., ""85% stakeholder buy-in within 60 days"").
- AI-augmented frameworks (Vega/Orion) as differentiated IP that complements Protiviti's technology transformation offerings.

### Procurement gotchas to anticipate
- **Vendor onboarding bureaucracy:** Protiviti (via Robert Half) likely has a centralized procurement process with lengthy compliance, insurance, and contract review. Plan 90–120 days from handshake to PO.
- **Preferred vendor lists:** Protiviti may have existing L&D or training vendors; Synozur must demonstrate unique value or find a champion willing to navigate internal approvals.
- **IP and non-compete concerns:** Protiviti may request ownership of any custom frameworks or training materials developed during engagement. Negotiate clearly upfront: Synozur retains Vega/Orion IP; Protiviti receives a license or derivative work.

**Realistic assessment:** Selling to Protiviti is a **long-shot, low-priority play** unless a warm introduction materializes (e.g., via a mutual board member, investor, or shared client). Allocate <5% of partnership bandwidth in Year 1.

---

## How to Compete With Them

### When and where to compete
**Primary competitive scenarios:**
1. **Mid-market professional services firms (200–2,000 employees)** seeking operating model redesign, delivery consistency, or scaling support. Protiviti's enterprise focus and staffing-model delivery make them ill-suited; Synozur wins on tailored attention and senior engagement.
2. **PE portfolio companies (lower-middle to mid-market)** where Protiviti handled pre-close diligence but the PE firm wants a different provider for post-close value creation and operating model work. Synozur positions as the ""execution and adoption partner"" vs. Protiviti's ""risk and compliance advisor.""
3. **Any deal where the buyer explicitly values woman-owned certification, empathetic culture, or boutique relationship depth.** Protiviti cannot compete on these dimensions.

### Win themes (positioning contrasts)
| **Dimension** | **Synozur (us)** | **Protiviti (them)** | **How to message it** |
|---------------|------------------|----------------------|------------------------|
| **Engagement model** | Senior leaders throughout; no bait-and-switch | Enterprise-scaled delivery; heavy use of Robert Half contract staff | ""You'll work directly with our Fortune 500-experienced partners from day one—not handed off to junior analysts."" |
| **Approach** | Human-centered, empathetic, change-adoption-first | Risk-centric, compliance-driven, technology-process-focused | ""We start with your people and culture, not just processes and systems. Transformation fails when adoption is an afterthought."" |
| **Customization** | Proprietary frameworks (Vega, Orion) tailored to client context | Standardized methodologies scaled across enterprise clients | ""Every engagement is custom-designed. We don't believe in one-size-fits-all playbooks."" |
| **Ownership & values** | Woman-owned, values-driven, relationship-focused | Robert Half subsidiary, process-driven, transaction-volume-focused | ""As a woman-owned firm, we bring diverse perspectives and prioritize partnership depth over deal volume."" |
| **Speed & agility** | Nimble decision-making, adaptive approach | Bureaucratic, slower to pivot, global coordination overhead | ""We adapt in real time to your evolving needs—no layers of approval or rigid methodologies."" |

### Traps to set (for Protiviti in competitive deals)
1. **Ask the client:** ""Will you have direct access to the senior strategists who design your transformation, or will delivery be handed to junior staff?"" (Exposes Protiviti's leverage model.)
2. **Discovery question:** ""How important is change adoption and stakeholder buy-in to your transformation success? What experience does your consulting partner have in empathetic, human-centered design?"" (Protiviti's risk/compliance DNA will show gaps.)
3. **Proof request:** ""Can your consulting firm share a case study where they successfully drove >80% employee adoption of a new operating model in a mid-market setting?"" (Protiviti's enterprise case studies won't resonate; Synozur's tailored examples will.)

### Traps to avoid (do not let Protiviti position us as…)
- **""Too small / lacks scale"":** Counter with agility, senior engagement, and tailored attention as strengths, not weaknesses. ""Scale often means layers of bureaucracy and one-size-fits-all. We're sized to deliver elite expertise with boutique care.""
- **""Unproven in enterprise"":** Lead with Fortune 500 leadership credentials of Synozur team. ""Our partners built and led transformations at [Fortune 500 clients]. We bring that expertise to you without the enterprise consulting factory.""
- **""Limited capabilities"":** Position Synozur as specialists in operating transformation and adoption—not generalists trying to do everything. ""We do one thing exceptionally well: make transformation stick by putting people at the center.""

### Pricing posture (relative to Protiviti)
- **Protiviti likely prices:**
  - Enterprise accounts: $300–$500/hour blended rate (partners $500–$700, staff $150–$300).
  - Fixed-fee or retainer engagements for strategic work; time-and-materials for staff augmentation.
- **Synozur should price:**
  - **At or slightly below Protiviti for comparable roles** to neutralize ""boutique = expensive"" perception: Senior partners $400–$600/hour, blended $250–$400.
  - **Emphasize value-based or outcome-based pricing** where possible (e.g., ""Performance Lift Program"" with success fees tied to measurable improvements) to differentiate from Protiviti's time-based model.
  - **Use woman-owned certification and boutique positioning** to justify premium pricing in deals where client values diversity and relationship depth.

### Which deals to walk away from
1. **Protiviti is the incumbent for a multi-year, multi-service engagement** (risk, compliance, and transformation) and the client wants to consolidate vendors. Competing here damages cooperation potential and plays to Protiviti's scale advantage.
2. **Client explicitly requires a global delivery footprint or 24/7 follow-the-sun support.** Synozur cannot compete with Protiviti's infrastructure.
3. **RFPs that prioritize ""lowest cost"" or ""largest bench"" over relationship depth, customization, or outcomes.** Synozur will lose on price and scale; better to decline and preserve brand positioning.
4. **Conflicts of interest:** If Protiviti is advising a client on risk/compliance and Synozur's operating transformation work would create overlapping authority or accountability, walk away to preserve both firms' reputations.

---

## How to Speak To Them

### Voice and channel guidance

**Tone when engaging Protiviti directly (calls, emails, partnership conversations):**
- **Professional, collegial, peer-to-peer.** Avoid deferential language (e.g., ""We're a small firm hoping to learn from you""). Frame as equals with complementary strengths.
- **Empathetic and curiosity-driven.** Reflect Synozur's brand voice: ""We're interested in understanding where your clients' needs extend beyond risk and compliance—places where a human-centered approach might add value.""
- **Non-threatening and abundance-minded.** Emphasize win-win collaboration, not zero-sum competition. ""There's plenty of transformation work to go around. We see opportunities to support each other.""

**Vocabulary to embrace:**
- ""Complementary,"" ""partnership,"" ""collaboration,"" ""referral,"" ""shared clients,"" ""ecosystem.""
- ""Human-centered,"" ""empathetic,"" ""adoption,"" ""stakeholder engagement"" (differentiation without direct attack).
- ""Boutique,"" ""tailored,"" ""senior-level,"" ""relationship-driven"" (positioning without arrogance).

**Vocabulary to avoid:**
- ""Competitor"" (in direct conversation—use ""peer"" or ""fellow consulting firm"").
- ""Better than"" or ""superior to"" (comes across as combative; use ""differentiated by"" or ""uniquely focused on"").
- ""Protiviti's weaknesses"" (never name them publicly; let prospects infer gaps via discovery questions).

### Direct vs. indirect references in marketing
- **Public marketing (website, LinkedIn, thought leadership):** **Never name Protiviti directly.** Use categorical contrast instead:
  - ✅ ""Unlike enterprise-scaled consulting firms that rely on junior staff and standardized playbooks, Synozur delivers Fortune 500 expertise with boutique attention.""
  - ❌ ""Protiviti can't match our empathetic approach.""
- **Sales conversations / proposals:** **Indirect, evidence-based contrast only.**
  - ✅ ""Many of our clients previously worked with large consulting firms and found the engagement model impersonal—handed off to junior teams after the senior partners sold the work. We keep our leaders engaged throughout.""
  - ❌ ""Protiviti doesn't care about your people.""
- **Press / analyst conversations:** **Acknowledge Protiviti as a respected peer in risk/compliance; position Synozur as specialist in operating transformation and adoption.**
  - ✅ ""Firms like Protiviti do excellent work in risk management and compliance. Synozur complements that with deep expertise in human-centered operating model design and change adoption—the execution and people side of transformation.""

### Social engagement (LinkedIn, Twitter/X)
- **Engage positively with Protiviti's thought leadership** where it aligns with Synozur's POV (e.g., a post on AI governance or PE value creation). Adds credibility and signals openness to collaboration.
- **Share Synozur's differentiated POV without naming Protiviti:**
  - ✅ Post: ""Transformation succeeds when people adopt change—not just when processes are redesigned. That's why we put empathy and stakeholder engagement at the center of every operating model."" #HumanCenteredTransformation
- **Never subtweet or directly critique Protiviti.** Maintains high road and preserves partnership optionality.

### 3–5 concrete sample lines (by role)

**For a Sales Rep (discovery call with prospect evaluating Protiviti):**
1. ""Many clients tell us they value the deep risk and compliance expertise firms like Protiviti bring. Where we often come in is on the operating model and people adoption side—making sure transformation actually sticks. Is that something you're thinking about?""
2. ""One thing our clients appreciate is continuity—working directly with our senior partners from start to finish, not being handed off to junior teams. How important is that relationship model to you?""
3. ""We're a woman-owned firm, and that perspective shapes how we approach transformation—more collaborative, more empathetic, more attuned to stakeholder needs. Does that resonate with your culture?""

**For a Marketer (blog post, LinkedIn content):**
4. ""Technology and process transformation are table stakes. The real differentiator? Whether your people embrace the change. That's where human-centered, empathetic approaches outperform standardized playbooks every time.""
5. ""Enterprise consulting firms bring scale. Boutique firms bring soul. The best transformations need both—which is why partnership and specialization matter more than ever.""

**For an Executive (panel, podcast, analyst briefing):**
6. ""The consulting industry is bifurcating. On one side, enterprise firms optimize for scale and efficiency. On the other, boutique specialists like Synozur optimize for depth, customization, and human connection. Both are valuable—clients should choose based on their transformation needs and culture.""
7. ""We see firms like Protiviti, Deloitte, and PwC as potential collaborators, not just competitors. They handle risk, compliance, and enterprise-scale delivery brilliantly. We specialize in operating model design and change adoption. There's natural synergy when clients need both.""

---

## When to Steer Clear

### Specific situations to disengage or avoid

**1. Deals where Protiviti is the entrenched incumbent for integrated services**
- **Scenario:** Protiviti has a multi-year, multi-practice relationship with a client (e.g., ongoing risk advisory, IT audit, cybersecurity, and now expanding into operating model work). Client issues an RFP for operating transformation but signals they prefer to consolidate vendors.
- **Risk:** Competing wastes Synozur resources (low win probability) and damages goodwill with Protiviti, undermining future referral partnership. The client likely views Protiviti as ""strategic"" and Synozur as ""niche.""
- **Action:** Politely decline the RFP. Offer to support Protiviti as a subcontractor if the scope requires specialized human-centered expertise. Preserve the relationship.

**2. RFPs or accounts requiring global delivery, 24/7 support, or multi-geography coordination**
- **Scenario:** Fortune 500 client needs transformation support across North America, EMEA, and APAC with local teams in each region.
- **Risk:** Synozur lacks the infrastructure. Competing signals desperation or misunderstanding of our own capabilities.
- **Action:** Recommend Protiviti or another global firm to the client (builds reciprocal goodwill). If there's a carve-out (e.g., ""North America operating model design""), explore a joint approach with Protiviti handling global coordination.

**3. Situations where Protiviti is advising on risk/compliance and Synozur's work would create conflicts**
- **Scenario:** Protiviti is conducting internal audit or Sarbanes-Oxley compliance for a client. Synozur is asked to redesign the same client's finance operating model or governance structure.
- **Risk:** Overlapping scope creates accountability confusion, audit independence issues, or reputational risk for both firms.
- **Action:** Transparently disclose the potential conflict to the client. Offer to coordinate with Protiviti to ensure clean separation of scope, or decline if coordination isn't feasible.

**4. Low-margin, high-bureaucracy deals that don't align with Synozur's positioning**
- **Scenario:** Client wants staff augmentation or contract consultants to backfill roles (not strategic transformation). Protiviti's Robert Half connection makes them better suited.
- **Risk:** Dilutes Synozur's brand as a strategic advisory firm; competes in Protiviti's commodity staffing wheelhouse where we have no advantage.
- **Action:** Refer to Protiviti or Robert Half. Focus Synozur's capacity on strategic, high-value engagements.

**5. Geographies or sectors where Protiviti has dominant market position and strong client loyalty**
- **Scenario:** Aerospace/defense or highly regulated financial services in regions where Protiviti has 10+ year client relationships and deep regulatory expertise.
- **Risk:** Competing head-to-head is a mismatch; Synozur's empathetic, boutique model won't overcome Protiviti's incumbency and sector credibility.
- **Action:** Avoid proactive outbound in these sectors/regions. If an inbound lead comes, qualify carefully for whether the client truly values Synozur's differentiation or is just price-shopping.

**6. Partnership conversations where Protiviti demands exclusivity or IP ownership**
- **Scenario:** Protiviti proposes a referral or subcontracting agreement but requires Synozur to grant exclusive rights to Vega/Orion frameworks or forbid Synozur from working with Protiviti's competitors.
- **Risk:** Locks Synozur into a dependent relationship; undermines our ability to scale independently or cooperate with other firms.
- **Action:** Politely decline. Offer a non-exclusive referral arrangement with clear IP boundaries. If Protiviti insists, walk away and focus on other partnership opportunities.

---

## 12-Month Roadmap (Quarter by Quarter)

### Q1 2026 (Jan–Mar): **Exploration & Positioning**

**Theme:** *Map the relationship landscape and establish initial contact without commitment.*

**Actions:**
1. **[CEO / Partnerships]** Conduct LinkedIn research to identify 5–7 Protiviti partners in Seattle, San Francisco, and Portland who lead technology transformation, transaction advisory, or PE practice areas. Send personalized connection requests with a light touch: ""Exploring collaboration opportunities in the Pacific Northwest transformation market.""
2. **[Marketing]** Audit Protiviti's public thought leadership (blog posts, webinars, conference talks) to identify areas of alignment (e.g., AI implementation, PE value creation) and differentiation (e.g., absence of human-centered or empathetic language). Document findings in a one-page ""Protiviti Competitive & Cooperation Profile.""
3. **[Sales]** Add ""Protiviti relationship status"" field to CRM. Train sales team to ask discovery question in every qualified opp: ""Are you working with any other consulting firms (e.g., Protiviti, Big 4) on adjacent workstreams?"" Track overlap.
4. **[CEO]** Attend 1–2 West Coast PE or CFO/COO conferences where Protiviti is likely to exhibit or speak (e.g., ACG West, PitchBook Q1 summit). Introduce Synozur in hallway conversations; gauge receptiveness to informal follow-up.
5. **[Partnerships]** Draft one-page ""Collaboration Brief"" for Protiviti outreach, outlining Synozur's sweet spot (operating model, change adoption), non-competitive positioning, and win-win referral scenarios. Socialize internally for feedback before external use.

**Decision gates / triggers:**
- If 2+ Protiviti partners respond positively to LinkedIn outreach → advance to Q2 exploratory calls.
- If CRM tracking reveals 3+ deals where Protiviti is also competing → escalate competitive intelligence gathering and refine win themes.
- If zero engagement or Protiviti signals disinterest → de-prioritize active outreach, shift to passive observation and focus partnership energy elsewhere.

**Metrics:**
- \# of Protiviti partners engaged (target: 5).
- \# of qualified opps with Protiviti overlap identified (baseline).
- Completion of internal ""Protiviti Profile"" and ""Collaboration Brief"" (binary: done/not done).

---

### Q2 2026 (Apr–Jun): **Credibility Building & Pilot Testing**

**Theme:** *Demonstrate value and test cooperation hypotheses with low-risk experiments.*

**Actions:**
1. **[CEO / Partnerships]** Schedule 2–3 exploratory Zoom calls with responsive Protiviti partners. Agenda: mutual client discovery, discussion of complementary service areas, exploration of informal referral scenarios. Listen more than pitch.
2. **[Sales]** Identify 1–2 prospects or existing clients where Protiviti previously engaged for risk/compliance work and the client now needs operating transformation. Request warm introduction from the client to the Protiviti team; propose coordinated handoff or co-delivery pilot.
3. **[Marketing]** Publish 1–2 thought leadership pieces (LinkedIn articles or blog posts) on topics adjacent to Protiviti's sweet spot but emphasizing Synozur's differentiation—e.g., ""Why Operating Transformation Fails Without Stakeholder Empathy"" or ""The Missing Piece in PE Value Creation: Change Adoption."" Tag relevant Protiviti partners to signal collaboration openness.
4. **[Delivery / Consulting]** Develop case study proof points (anonymized if necessary) showcasing measurable operating improvements (cycle time, EBITDA, engagement scores) to use in partnership and competitive conversations. Target: 2–3 referenceable stories ready by end of Q2.
5. **[Partnerships]** If Q1 conference attendance surfaced mutual connections (e.g., shared investors, board members, PE firm relationships), activate those for warm introductions to senior Protiviti leaders (Managing Director level).

**Decision gates / triggers:**
- If Protiviti expresses interest in a referral pilot or co-delivery experiment → allocate Partnerships bandwidth to formalize lightweight MOU in Q3.
- If exploratory calls reveal Protiviti is launching a ""human-centered transformation"" practice or acquiring in our space → escalate to competitive posture and pause cooperation discussions.
- If mutual client scenarios do not materialize → accept cooperation is unlikely in Year 1; shift primary posture to Compete and focus on competitive win themes.

**Metrics:**
- \# of Protiviti partner conversations held (target: 2–3).
- \# of mutual client / co-delivery scenarios identified (target: 1–2).
- Thought leadership engagement from Protiviti network (LinkedIn views, comments, shares).
- Case study proof points completed (target: 2).

---

### Q3 2026 (Jul–Sep): **Formalization or Competitive Acceleration**

**Theme:** *Commit to either structured partnership or full competitive mode based on","{""focus"": [], ""posture"": null, ""customGuidance"": """", ""versionHistory"": []}",generated,2026-05-06 15:50:32.202,,d16785bb-93ce-4fc1-b10c-4ed18d8d7acd,d16785bb-93ce-4fc1-b10c-4ed18d8d7acd,2026-05-06 15:46:48.274307,2026-05-06 15:50:32.202,0cac2827-cc9f-4cd6-9962-b3f6ffe32dfc
08dfc79e-bc25-4c9e-98bf-dbee8ec23f53,synozur.com,137db123-4906-4e61-af99-f0d23d86a622,37d74323-ec27-4651-bf69-7bd164c175cf,,Seminole Tribe of Florida,https://www.semtribe.com/,Relationship Plan: Seminole Tribe of Florida,"# 12-Month Relationship Plan: Seminole Tribe of Florida

## Executive Summary

**Recommended Posture: Sell To (Primary) + Observe (Secondary)**

The Seminole Tribe of Florida represents a compelling strategic advisory opportunity for Synozur: a sovereign nation operating complex, multi-billion-dollar commercial enterprises (gaming, hospitality, Hard Rock International) alongside governmental services for 5,000+ members. Their dual mandate—preserving cultural heritage while scaling modern business operations—creates natural demand for empathetic operating transformation that respects tribal sovereignty and cultural context. The single most important Q1 action is to **establish credible tribal-specific expertise** through research, relationship mapping via Indigenous business networks, and one targeted speaking engagement or white paper positioning Synozur's human-centered approach as uniquely suited to sovereign nation operating model challenges.

## Relationship Posture Assessment

**Primary Posture: Sell To (75% of effort)**

The Seminole Tribe operates as a sophisticated enterprise client—5,000+ employees, diversified business units (gaming, hospitality, retail, agriculture, environmental services), and clear transformation triggers (scaling operations, technology modernization, cross-functional alignment, leadership development). Their structure mirrors Fortune 500 complexity while adding sovereign governance and cultural preservation requirements that demand the tailored, empathetic approach Synozur explicitly offers. This is a natural ICP fit for strategic advisory services.

**Secondary Posture: Observe (20% of effort)**

Given zero existing relationship history and the cultural/political sensitivity of sovereign nation engagement, Synozur must invest in learning tribal governance protocols, decision-making cadence, vendor relationship norms, and current transformation initiatives before outreach. Observation allows us to build credibility and avoid missteps that could permanently close doors.

**Tertiary Posture: Cooperate (5% of effort)**

Long-term, there may be ecosystem cooperation opportunities—joint thought leadership on Indigenous economic development, referrals to complementary service providers in tribal markets, or co-sponsorship of Indigenous business leadership events. This is speculative until a commercial relationship is established.

**Posture Change Triggers:**
- **Shift to Steer Clear** if: Synozur uncovers conflicts with existing tribal consultancies, cultural appropriation risks in our messaging, or explicit preference for Indigenous-owned vendors where we cannot add unique value.
- **Increase Cooperate** if: We successfully deliver one engagement and tribal leadership expresses interest in broader ecosystem partnership or Indigenous economic development initiatives.
- **Reduce to Observe** if: Initial outreach reveals closed vendor ecosystem, multi-year locked contracts with incumbents, or internal transformation capacity that eliminates advisory need.

---

## Strategic Read on Seminole Tribe of Florida

### What They Want

**1. Operating excellence across sovereign + commercial mandates**
The Tribe balances governmental services (healthcare, education, housing, cultural preservation) with aggressive commercial growth (Hard Rock International, gaming expansion, retail). *Evidence*: Their website emphasizes both ""services to Tribal Members"" and employment/business opportunities, indicating simultaneous investment in both domains. They need operating models that integrate these parallel missions without cultural or strategic conflict.

**2. Self-determination and capacity building**
As a federally recognized sovereign nation, the Tribe prioritizes governance structures and capability that reduce external dependency. *Evidence*: Explicit emphasis on ""self-governance"" and ""environmental stewardship"" in their value proposition signals preference for partners who transfer knowledge and build internal capacity rather than create dependency.

**3. Cultural preservation within modern enterprise**
The Seminole Tribune publication and cultural heritage messaging indicate institutional commitment to preserving identity while scaling business. *Evidence*: Their stated mission to preserve ""Seminole history and culture"" alongside commercial operations suggests transformation initiatives must account for cultural continuity, not just efficiency.

**4. Talent retention and leadership development**
With 5,000+ employees and diversified operations, they face competitive labor markets (South Florida hospitality/gaming) and likely need scalable leadership pipelines. *Evidence*: Prominent ""Employment Services"" and job seeker targeting in their audience definition suggests ongoing recruitment/retention challenges common to hospitality and gaming sectors.

### Where They Are Headed

**Enterprise expansion and sophistication**: The Hard Rock International brand and multi-state gaming operations indicate growth trajectory and increasing operational complexity requiring Fortune 500-caliber operating discipline.

**Technology modernization**: Organizations of this scale and industry mix (gaming, hospitality, retail) face significant digital transformation pressure—customer experience platforms, data analytics, integrated ERP/HCM systems.

**Next-generation leadership transition**: Tribal governance requires succession planning that balances traditional leadership structures with modern executive capability.

### What They Are Afraid Of

**1. Loss of sovereignty or cultural dilution**
External consultants who impose cookie-cutter solutions or fail to respect tribal governance protocols risk alienating leadership. *Why this matters to Synozur*: Our empathetic, tailored approach is a differentiator if messaged correctly; our generic approach would be disqualifying.

**2. Vendor extraction without value transfer**
Consultancies that create dependency or disappear post-PowerPoint directly conflict with self-determination goals. *Why this matters to Synozur*: Our ""strategy-to-execution continuity"" and capability-building emphasis aligns with their values if we prove it with evidence.

**3. Public/reputational missteps**
As a high-profile sovereign nation operating consumer-facing brands (Hard Rock), they face scrutiny from tribal members, regulators, media, and customers. Partners who don't understand this complexity create risk.

**4. Operational disruption during transformation**
Hospitality and gaming operations run 24/7/365; failed implementations or change programs that hurt customer experience/revenue are existential threats.

### Their Tells

**Decision-making cadence**: Sovereign nation governance likely involves Tribal Council approval for major vendor contracts, creating longer sales cycles than typical commercial clients. Assume 9-12 month cycles for strategic advisory engagements.

**Relationship-first culture**: Expect trust-building and cultural fit assessment to precede commercial discussions. Cold outreach will fail; warm introductions through Indigenous business networks or existing tribal partners are essential.

**Outcome accountability**: Organizations operating under sovereign governance and managing member services face high internal accountability. Expect detailed ROI expectations and measurable outcome requirements in any engagement.

---

## How to Engage

### Year 1 Engagement Strategy: Earn the Right to the Conversation

**Precondition**: Synozur must build tribal-specific credibility *before* direct outreach. Cold LinkedIn messages or generic ""let's talk transformation"" emails will fail and potentially damage long-term opportunity.

### Q1-Q2: Foundational Research & Network Building

**Action 1: Indigenous Business Network Mapping (CEO / Partnerships Owner)**
- Identify and join: National Center for American Indian Enterprise Development (NCAIED), Native American Finance Officers Association (NAFOA), American Indian Chamber of Commerce of Florida.
- Attend 1-2 virtual events; observe conversation themes, vendor relationship norms, and cultural protocols.
- **Cadence**: One membership activation per month; one event per quarter.

**Action 2: Tribal Governance & Operating Model Research (Strategy Lead)**
- Commission internal research brief: ""Sovereign Nation Operating Model Challenges & Transformation Case Studies"" (4-6 examples of successful tribal enterprise transformations by other consultancies).
- Identify specific operational pain points common to tribal gaming/hospitality enterprises.
- Map Seminole Tribe's known business units, governance structure (Tribal Council composition, decision authority), and existing vendor ecosystem (annual reports, tribal publications, LinkedIn).
- **Deliverable**: 10-page internal brief by end of Q1.

**Action 3: Warm Introduction Path Development (CEO / Partnerships Owner)**
- Map Synozur's existing network for connections to:
  - Seminole Tribe executives (LinkedIn 2nd-degree connections).
  - Other tribal government/enterprise leaders who could provide introductions.
  - Professional services firms or technology vendors currently serving the Tribe (complementary, non-competitive).
  - Indigenous business leaders in Pacific Northwest (Synozur's home region) who have visibility into Florida tribal networks.
- Prioritize 3-5 strongest paths; initiate relationship-building conversations (no ask, just learning).
- **Cadence**: One exploratory conversation per month.

### Q2-Q3: Thought Leadership & Visibility

**Action 4: Publish Tribal-Specific Point of View (Marketing + CEO)**
- Develop white paper or webinar: *""Operating Model Transformation for Sovereign Nations: Balancing Growth, Governance, and Cultural Preservation""*
- Address specific challenges: dual mandate (governmental + commercial), leadership development in tribal contexts, change adoption across diverse stakeholder groups, technology modernization without cultural dilution.
- Distribute through Indigenous business networks identified in Q1.
- **Goal**: Demonstrate understanding *before* pitching services.
- **Cadence**: Publish by end of Q2; promote through Q3.

**Action 5: Speaking Engagement at Indigenous Business Event (CEO)**
- Target: NCAIED annual conference, NAFOA summit, or regional Indigenous economic development forum.
- Topic: ""Human-Centered Transformation for Sovereign Enterprises"" (align with Synozur's empathy + tailored positioning).
- **Goal**: Visibility among tribal leadership + demonstration of cultural competence.
- **Cadence**: Submit proposals in Q2 for Q3/Q4 events.

### Q3-Q4: Targeted, Relationship-Based Outreach

**Action 6: Warm Introduction to Seminole Tribe Leadership (CEO, facilitated by network contact)**
- Once credibility is established (published POV + network validation), request introduction to:
  - **Primary target**: Chief Operations Officer, Chief Administrative Officer, or equivalent (oversees cross-enterprise operations).
  - **Secondary target**: Tribal Council member with economic development portfolio, or Hard Rock International COO (if separate entity).
- Initial conversation framing: *""We're deepening our understanding of operating transformation challenges unique to sovereign nations. Would value 30 minutes to learn about your priorities and share what we're seeing across other complex, mission-driven organizations.""*
- **No pitch**—pure discovery and relationship building.
- **Cadence**: One conversation in Q3; follow-up in Q4 based on receptivity.

**Action 7: Attend Seminole Tribe Public Events (CEO or Senior Strategist)**
- Identify public cultural events, business forums, or Hard Rock-hosted conferences where Seminole leadership participates.
- Attend to demonstrate genuine interest in tribal culture and community (not just transactional business development).
- **Cadence**: 1-2 events in Q4 if identified.

### Engagement Don'ts

- **No cold email or LinkedIn outreach** to tribal executives without introduction.
- **No generic ""let's transform your business"" messaging**—demonstrates lack of cultural awareness.
- **No appropriation of Indigenous imagery or language** in marketing materials without explicit tribal partnership.
- **No impatience**—relationship timelines in sovereign nation contexts are longer than commercial; respect the cadence.

---

## How to Cooperate

### Realistic Cooperation Scenarios (12-18 Month Horizon)

**Scenario 1: Referral Partnership with Tribal-Specialized Technology Vendors**
- **What**: Synozur provides strategic advisory + operating model design; partners provide ERP/HCM/CRM implementation, cybersecurity, or data analytics specific to tribal gaming/hospitality.
- **Plausibility**: High—Synozur's strategy-to-execution model requires implementation partners; tribal clients prefer vendors with sovereign nation experience.
- **Precondition**: Identify 2-3 tribal-specialist technology firms through NCAIED or NAFOA networks; explore reciprocal referral agreements.
- **Owner**: Partnerships lead.
- **Timeline**: Initiate Q2-Q3 after network mapping; formalize by Q4 if aligned.

**Scenario 2: Co-Authored Thought Leadership on Indigenous Economic Development**
- **What**: Joint white paper, webinar series, or conference panel with established tribal business leaders or Indigenous-owned consultancies.
- **Plausibility**: Medium—requires finding aligned partner with complementary (not competitive) expertise and mutual trust.
- **Precondition**: Synozur must first publish independent POV (Q2) to demonstrate credibility before proposing collaboration.
- **Owner**: CEO + Marketing.
- **Timeline**: Explore partnerships in Q3-Q4; execute in Year 2.

**Scenario 3: Ecosystem Role in Tribal Economic Development Initiatives**
- **What**: If Seminole Tribe launches broader economic development programs (e.g., supporting tribal member entrepreneurship, regional Indigenous business networks), Synozur could contribute pro bono advisory or discounted services as ecosystem builder.
- **Plausibility**: Low in Year 1 (requires established relationship + invitation).
- **Precondition**: Successful commercial engagement + demonstrated value + tribal leadership invitation.
- **Owner**: CEO.
- **Timeline**: Year 2+ only.

### Cooperation Fantasy to Avoid

**Co-marketing or joint go-to-market before established relationship**: The Tribe is not seeking to co-brand with vendors; they are protective of their brand and sovereignty. Do not propose ""partnership announcements"" or co-marketing until deep trust is established through successful delivery.

### Preconditions Before Cooperation Outreach

1. Completed internal research brief on tribal operating models (Q1).
2. Published Synozur POV demonstrating cultural competence (Q2).
3. Established warm relationship with at least one tribal business network leader who can validate fit (Q2-Q3).
4. Identified specific, mutual-value cooperation surface (not generic ""let's partner"").

---

## How to Sell To Them

### Treat as High-Value, High-Complexity Strategic Buyer

**ICP Fit Assessment**: Strong
- **Size**: 5,000+ employees = mid-to-large enterprise (Synozur ICP).
- **Complexity**: Multi-unit operations, dual governmental + commercial mandate, sovereign governance = high transformation complexity.
- **Triggers**: Scaling operations, technology modernization, leadership development, cross-functional alignment (all Synozur sweet spots).
- **Geographic**: Florida HQ (travel from Bothell, WA required but manageable for high-value client).

### Entry Points & Buyer Personas

**Economic Buyer**: Tribal Council (collective) or Chairman/Chairwoman
- **Cares about**: Economic self-sufficiency, member services quality, cultural preservation, long-term sustainability, sovereignty protection.
- **Access strategy**: Requires warm introduction + phased trust-building; unlikely to engage directly until Champion validates value.

**Primary Champion (target for first conversation)**: Chief Operations Officer / Chief Administrative Officer / VP of Tribal Operations
- **Cares about**: Operating efficiency across business units, governance alignment, executive team cohesion, scalable processes, leadership capacity, measurable outcomes.
- **Pain points**: Siloed business units, inconsistent operating cadence across governmental + commercial entities, leadership development pipeline, change adoption across diverse workforce (tribal members + non-tribal employees).
- **Why Synozur fits**: Our ""Operating Model & Cadence Build"" and ""Execution PMO + Adoption"" offers directly address these needs; empathetic approach respects cultural context.

**Influencer – HR/Talent Leader**: Head of Human Resources / Tribal Employment Services Director
- **Cares about**: Talent retention (competitive South Florida market), leadership development (especially for tribal members), cultural inclusion, employee engagement during transformation.
- **Why Synozur fits**: Human-centered change management, capability building vs. dependency creation.

**Influencer – Technology Leader**: CIO / CTO (likely exists given scale of operations)
- **Cares about**: Technology modernization roadmap, ERP/CRM selection, data integration across business units, cybersecurity (gaming industry requirements).
- **Why Synozur fits**: Our technology roadmap services + AI-augmented strategic intelligence (though emphasize human judgment given cultural context).

**Influencer – Business Unit Leaders**: Hard Rock International COO, Gaming Operations VP, Hospitality VP
- **Cares about**: Revenue growth, customer experience, operational efficiency, brand consistency.
- **Concern**: Corporate consultants who disrupt operations or don't understand 24/7 hospitality/gaming constraints.
- **Why Synozur fits**: If we demonstrate hospitality/gaming operating model knowledge + low-disruption implementation methodology.

### Wedge Offer: ""Alignment-to-Action Sprint"" (2-4 weeks)

**Why this offer first**:
- Low commitment, fast time-to-value = builds trust in new vendor relationship.
- Addresses likely current state: multiple transformation priorities (technology, talent, operating model) without clear sequencing or integrated plan.
- Deliverable (prioritized roadmap + value case + risk assessment) demonstrates Synozur's strategic clarity and empathetic approach without requiring org-wide change program.
- Price point (~$40K-$75K est.) may fall below Tribal Council approval threshold, allowing Champion to sponsor internally.

**Positioning**: *""We've worked with other complex, mission-driven organizations balancing multiple stakeholder priorities [respectful parallel, not claiming tribal expertise]. Before launching major transformation initiatives, leaders find value in a rapid, outside-in assessment that pressure-tests priorities, sequences initiatives for maximum impact, and builds internal alignment. Our Alignment-to-Action Sprint delivers a clear roadmap in 2-4 weeks—fast enough to inform your planning cycle, comprehensive enough to de-risk execution.""*

### Discovery Questions (Champion Conversation)

**Frame with empathy**: *""We're learning how sovereign nations approach operating transformation differently than traditional corporations. I'd value your perspective on a few questions...""*

1. **Operating model**: ""How do you balance governance and accountability between tribal governmental services and commercial business units? Where do you see the most friction or duplication?""
   - *Listening for*: Siloed operations, unclear decision rights, governance bottlenecks.

2. **Leadership & capacity**: ""What does your leadership development pipeline look like, especially for tribal members moving into senior operating roles? Where do you feel most stretched in terms of internal capacity?""
   - *Listening for*: Talent gaps, succession planning needs, capability-building appetite.

3. **Change history**: ""When you've undertaken major operational changes in the past—technology implementations, process redesigns, restructurings—what worked well and what would you do differently?""
   - *Listening for*: Change adoption challenges, vendor missteps, cultural resistance, risk aversion.

4. **Technology landscape**: ""What's your current state of core operating systems—ERP, HCM, CRM? Are you in modernization mode, optimization mode, or 'if it ain't broke' mode?""
   - *Listening for*: Technology transformation triggers, integration challenges, data silos.

5. **Decision-making & timing**: ""Help me understand how major strategic initiatives get vetted and approved—what's the rhythm of planning cycles, budget processes, and Tribal Council engagement?""
   - *Listening for*: Sales cycle length, approval authorities, political complexity, timeline expectations.

6. **Cultural priorities**: ""How do you ensure transformation initiatives honor Seminole culture and values? Are there specific practices or principles that must be preserved even as operations evolve?""
   - *Listening for*: Cultural sensitivities, non-negotiables, past vendor missteps, authentic partnership criteria.

7. **Outcomes & accountability**: ""If we were having this conversation 12 months from now and you felt truly great about progress, what would have changed? What metrics would tell you transformation is working?""
   - *Listening for*: Success criteria, measurable outcomes, stakeholder priorities.

### Proof Points That Resonate

**Adapt existing Synozur proof to tribal context** (do not fabricate tribal client references if none exist):

1. **Mission-driven complexity**: ""We've helped [healthcare systems / educational institutions / other mission-driven orgs] balance mission fidelity with operational efficiency—organizations where 'move fast and break things' isn't acceptable because stakeholder trust is paramount.""

2. **Empathetic change**: ""In [prior engagement], employees were skeptical of 'another consultant.' We prioritized listening sessions, co-designed the operating model with frontline input, and built internal champions. Adoption rate was 87% within 90 days because people felt heard, not imposed upon.""

3. **Fortune 500 expertise, tailored delivery**: ""Our team has led transformation at [Fortune 500 companies], but we chose to build a boutique firm specifically so we could deliver senior-level attention and custom solutions—no playbook templates, no junior staff, no disappearing after recommendations.""

4. **Capability transfer**: ""We measure success not just by deliverables, but by whether your internal team can sustain transformation after we leave. In [example], we embedded [capability building specifics], and 18 months later they've expanded the program independently.""

5. **Woman-owned perspective**: ""As a woman-owned firm, we bring diverse thinking to problem-solving and deeply value inclusive, relationship-driven partnership. We've found this resonates with organizations whose culture prioritizes community and long-term relationship over transactional efficiency.""

**What NOT to claim**:
- Do not claim tribal client experience if Synozur has none (integrity over false credibility).
- Do not use Indigenous imagery, language, or cultural references without explicit invitation/partnership.
- Do not compare tribal governance to corporate governance as if equivalent (shows lack of understanding of sovereignty).

### Procurement Gotchas to Anticipate

**1. Tribal Council approval requirements**
- **Risk**: Even if Champion is bought in, contracts above certain thresholds (likely $100K+) require Tribal Council approval, adding 30-90 days to close timeline.
- **Mitigation**: Ask Champion early: ""What's the approval process for an engagement of this scope?"" Structure initial engagement below threshold if possible (Alignment Sprint), with option to expand pending results.

**2. Sovereign immunity and contracting terms**
- **Risk**: As a sovereign nation, the Tribe may require contract terms (dispute resolution, jurisdiction, liability) that differ from standard commercial agreements.
- **Mitigation**: Engage Synozur's legal counsel early; demonstrate flexibility and respect for sovereignty; do not treat as negotiation obstruction.

**3. Preference for Indigenous-owned or certified vendors**
- **Risk**: Some tribal procurement policies prioritize Native-owned businesses or require good-faith outreach.
- **Mitigation**: 
  - Ask directly: ""Does the Tribe have vendor diversity goals or preferences we should be aware of?""
  - If Indigenous-owned preference exists, explore subcontracting/teaming with qualified Indigenous consultancies rather than competing head-to-head.
  - Emphasize Synozur's woman-owned certification and values alignment (diversity, empathy, community).

**4. Reference requirements**
- **Risk**: Tribe may request references from other sovereign nation clients, which Synozur cannot provide in Year 1.
- **Mitigation**: Offer references from mission-driven, complex stakeholder environments (healthcare, education, nonprofits) and emphasize transferable operating model expertise. Offer pilot/sprint engagement to earn tribal reference for future opportunities.

**5. Cultural vetting and stakeholder interviews**
- **Risk**: Expect extended vetting process where multiple stakeholders (HR, IT, business unit leaders, possibly Tribal Council members) interview Synozur team to assess cultural fit.
- **Mitigation**: Embrace this as positive signal of partnership orientation; prepare team with cultural competence training; do not rush or show impatience.

### Sales Process Timeline Assumption

**Total cycle: 9-12 months from first warm introduction to signed contract**
- Months 1-3: Relationship building, discovery, education (Champion + influencers).
- Months 4-6: Proposal development, stakeholder alignment, informal vetting.
- Months 7-9: Formal proposal, Tribal Council approval process, contracting.
- Months 10-12: Contract execution, engagement launch.

**Implication**: Synozur must initiate relationship building in Q1-Q2 2026 to achieve contract signature by Q4 2026 or Q1 2027.

---

## How to Compete With Them

### Competitive Posture: Not Applicable (Low Likelihood of Direct Competition)

**Assessment**: The Seminole Tribe of Florida is **not a direct competitor** to Synozur's strategic advisory services. They are a potential client (sovereign nation + commercial enterprise operator), not a professional services firm offering transformation consulting.

**Potential Indirect Competition Scenarios** (low probability, but address for completeness):

#### Scenario 1: Tribal Internal Consulting Capacity

**Context**: Large tribal enterprises sometimes build internal strategy/transformation offices (analogous to corporate strategy teams or PMOs) that could substitute for external advisory.

**If this exists at Seminole Tribe**:
- **Our advantage**: Synozur brings external perspective, specialized frameworks (Vega/Orion), cross-industry best practices, and surge capacity that internal teams cannot replicate. Position as *complement* to internal team (""We accelerate your team's impact and transfer capabilities""), not replacement.
- **Our positioning**: ""We partner with strong internal teams to bring fresh perspectives, proven frameworks, and implementation horsepower—then transfer those capabilities so you own the transformation.""
- **Win theme**: Capability building + external expertise without creating dependency.
- **Walk-away**: If Tribe explicitly states ""we only use internal resources for strategic work"" and shows no appetite for external partnership.

#### Scenario 2: Incumbent Consultant Lock-In

**Context**: If a large consultancy (Big 4, MBB, or specialized tribal consultancy) has multi-year relationship and scope creep into all transformation initiatives.

**If we encounter this**:
- **Our advantage**: Boutique attention, senior-level engagement, no bait-and-switch with junior staff, woman-owned differentiation, tailored (not template) solutions. Price flexibility vs. Big 4 overhead.
- **Our positioning**: ""You've gotten value from [incumbent], and there's a role for deep domain expertise. Where clients find us additive is when they need senior strategic partnership without the factory approach—when the relationship quality and custom fit matter as much as the methodology.""
- **Trap to set**: Highlight empathy and cultural sensitivity (""Has [incumbent] taken time to deeply understand Seminole governance and cultural priorities, or are they applying the same playbook they use everywhere?"").
- **Trap to avoid**: Do not bad-mouth incumbent directly (will backfire in relationship-driven culture). Instead, position on differentiation (boutique vs. factory, empathy vs. efficiency, partnership vs. vendor).
- **Walk-away**: If incumbent has locked-in multi-year MSA with exclusivity provisions, or if Champion explicitly states satisfaction and no appetite for alternative.

#### Scenario 3: Tribal Government Association Consultancies

**Context**: Organizations like NCAIED, NAFOA, or specialized tribal consultancies (e.g., Native-owned firms focused on tribal economic development, governance, etc.) may offer competing services.

**If we compete for same opportunity**:
- **Their advantage**: Tribal-specific expertise, cultural credibility, Indigenous ownership, established relationships in tribal markets.
- **Our advantage**: Fortune 500 transformation expertise, proprietary frameworks, AI-augmented tools, broader cross-industry perspective, deep operating model/execution capability (vs. policy/governance focus of some tribal consultancies).
- **Ethical positioning**: **Do not position against Indigenous-owned competitors in a way that undermines tribal economic self-determination.** If a qualified Indigenous-owned firm is competing, seriously evaluate whether Synozur adds unique value or should step aside.
- **Win theme (if we proceed)**: Complementary expertise—""We bring Fortune 500 operating model discipline and execution frameworks; we'd welcome partnering with [tribal consultancy] who brings deep cultural and governance expertise.""
- **Consider teaming**: Propose joint delivery with Indigenous-owned firm rather than competing head-to-head.
- **Walk-away**: If Tribe has explicit preference for Indigenous-owned vendors *and* qualified Indigenous competitor exists, respectfully withdraw and offer to support as subcontractor if appropriate.

### Pricing Posture

**Do not compete on price alone**—the Tribe operates billion-dollar enterprises; they can afford premium advisory if value is clear.

**Pricing strategy**:
- Position Synozur as **premium boutique** (not Big 4 pricing, but not low-cost either).
- Emphasize value: ""Our engagements are priced based on measurable outcomes and senior-level delivery. You'll work directly with our leadership team throughout, not handed off to junior analysts.""
- Offer flexible structures: Pilot sprint (lower-risk entry) → multi-phase roadmap → retainer/ongoing partnership.
- **Do not discount aggressively** to win initial deal (sets bad precedent and undermines perceived value).

### Deals to Walk Away From

1. **RFPs requiring Indigenous-owned prime contractor** (if Synozur cannot meet requirement): Offer to team/subcontract instead of competing and losing.
2. **Engagements where cultural fit is poor** (e.g., Tribe leadership expresses discomfort with external consultants or cultural insensitivity to sovereignty): Pushing forward damages long-term reputation in tight-knit Indigenous business community.
3. **Unrealistic timelines or scope** (e.g., ""transform entire operating model in 30 days""): Respectfully decline and propose realistic alternative, even if it means losing the deal.
4. **Requests for work that appropriates or misrepresents tribal culture**: If asked to develop marketing or cultural programs outside Synozur's expertise, decline and refer to qualified partners.

---

## How to Speak To Them

### Voice & Tone Principles

**Ground in Synozur's brand voice** (empathetic, tailored, collaborative, outcome-focused, 12th-grade reading level) **with tribal-specific adaptations**:

1. **Lead with respect for sovereignty and self-determination**: Acknowledge tribal governance as distinct from corporate structures; never use language that implies Synozur ""knows better"" than tribal leadership.

2. **Emphasize partnership and listening, not prescription**: Use collaborative language (""co-design,"" ""partner with your team,"" ""we listen first""). Avoid consultant-speak that sounds like imposing external solutions.

3. **Honor cultural context without appropriation**: Acknowledge the importance of cultural preservation and Seminole heritage when relevant, but *do not use Indigenous language, symbols, or references* without explicit invitation. Respectful silence is better than performative allyship.

4. **Focus on capability building, not dependency**: Emphasize knowledge transfer, internal team empowerment, and sustainable transformation—aligns with self-determination values.

5. **Be patient and relationship-oriented**: Avoid transactional urgency (""act now,"" ""limited time""); respect longer decision timelines and relationship-building norms.

6. **Use plain language, avoid jargon**: Especially important in cross-cultural contexts where business jargon may not translate or may alienate.

### Vocabulary to Embrace

- **Partnership, collaboration, co-design** (not ""we will deliver to you"")
- **Sovereignty, self-determination, self-governance** (when contextually appropriate)
- **Cultural preservation, heritage, community** (when relevant to transformation goals)
- **Capability building, knowledge transfer, empowerment** (vs. ""we'll do it for you"")
- **Tailored, custom, specific to your context** (emphasize no templates)
- **Empathetic, human-centered, stakeholder-focused** (Synozur differentiators)
- **Measurable outcomes, accountability, transparency** (build trust)
- **Long-term, sustainable, resilient** (vs. short-term fixes)

### Vocabulary to Avoid

- **""Best practices,"" ""industry standard,"" ""proven playbook""** (implies one-size-fits-all; contradicts tailored positioning)
- **""Disruption,"" ""move fast and break things,"" ""agile transformation""** (culturally inappropriate for mission-driven, community-focused organization)
- **Corporate jargon without explanation** (""synergies,"" ""leverage core competencies,"" ""optimization""—use plain language instead)
- **Paternalistic language** (""We'll teach you,"" ""You need to modernize,"" ""Let us fix this""—implies Tribe lacks capability)
- **Comparisons to corporate clients** (""Just like we did at Fortune 500 X...""—tribal context is distinct; use parallels carefully)
- **Any Indigenous cultural references** (symbols, language, spiritual concepts) unless explicitly invited by tribal leadership
- **Pressure or urgency tactics** (""This offer expires,"" ""competitors are moving faster""—disrespectful to deliberative governance)

### Direct vs. Indirect References in Marketing

**General marketing (website, thought leadership, social media)**:
- **Do not** feature Seminole Tribe of Florida in case studies, client logos, or promotional materials without explicit written permission (highly unlikely to receive in Year 1).
- **Do** publish general thought leadership on ""operating transformation for mission-driven organizations"" or ""governance + growth challenges in complex enterprises"" that *could* apply to tribal contexts without naming or claiming tribal expertise.
- **If** Synozur successfully completes engagement and receives permission, request tribal review/approval of any public references before publication.

**Direct outreach (emails, proposals, conversations)**:
- **Do** reference understanding of sovereign nation governance, cultural preservation priorities, and dual governmental + commercial mandates (shows homework).
- **Do not** claim tribal expertise or use client names/references without permission.
- **Example**: ""We've worked with mission-driven organizations balancing stakeholder complexity—[healthcare systems, educational institutions]—and we're deepening our understanding of how sovereign nations approach these challenges uniquely.""

### Public Statements & Press

**If asked by press/analysts about tribal market or Seminole Tribe**:
- **Default response**: ""We see growing transformation complexity in mission-driven organizations across sectors, including sovereign nations, healthcare, and education. We're investing in understanding the unique governance and cultural priorities these organizations bring to transformation. We don't discuss specific client relationships without permission.""
- **Do not** position Synozur as ""tribal transformation experts"" unless/until we have delivered successful engagements and received client permission to reference.

### Social Media Engagement

**If Seminole Tribe posts public content (LinkedIn, Twitter/X, Facebook)**:
- **May** engage respectfully with content about economic development, business milestones, cultural events (e.g., thoughtful comment or share).
- **Do not** use engagement as sales tactic (e.g., ""We can help with this!"").
- **Do not** engage with content about internal tribal governance, political matters, or cultural/spiritual topics (outside Synozur's domain).

### Sample Lines for Different Roles

#### For Sales/BD Representative (warm introduction call):

**Good**: 
*""We're a strategic advisory firm focused on operating transformation for complex, mission-driven organizations. We've been learning about the unique challenges sovereign nations face balancing governmental and commercial priorities, and we'd value the opportunity to understand how [Seminole Tribe / your team] approaches these questions. This would be a learning conversation for us—no pitch, just genuine interest in your perspective.""*

**Avoid**: 
*""We transform tribal enterprises with our proven playbooks and can help you modernize operations to compete with commercial casinos.""* [Implies lack of cultural awareness, templated approach, and competitive framing inappropriate for sovereign nation.]

####","{""focus"": [], ""posture"": null, ""customGuidance"": """", ""versionHistory"": []}",generated,2026-05-06 15:51:31.259,,d5b93415-3a37-4128-bc4b-40e2a29197a8,d5b93415-3a37-4128-bc4b-40e2a29197a8,2026-05-06 15:47:37.602592,2026-05-06 15:51:31.259,b2ef0182-5f8b-4312-9bfe-efe5acb8529a
fd6a5632-e684-43b5-a3ca-d74f47fd161b,synozur.com,137db123-4906-4e61-af99-f0d23d86a622,37d74323-ec27-4651-bf69-7bd164c175cf,,Clarion Capital Partners,https://clarion-capital.com,Relationship Plan: Clarion Capital Partners,"# 12-Month Relationship Plan: Clarion Capital Partners

## Executive Summary

**Recommended Posture: SELL TO (Primary) + COOPERATE (Secondary)**

Clarion Capital Partners represents a high-priority sales target for The Synozur Alliance, aligned perfectly with our Segment C focus (PE portfolio companies) identified in our GTM plan. As a lower-middle-market PE firm managing portfolio companies with $7.5-30M EBITDA, Clarion is an ideal channel partner and direct client for our operating transformation services. Their founder-friendly, culture-driven investment thesis and emphasis on ""alignment of capital and culture"" dovetails precisely with Synozur's empathetic, human-centered transformation approach. **Most important Q1 action:** CEO-to-Managing Partner warm introduction establishing Synozur as preferred operating transformation partner for portfolio value creation plans, targeting one pilot engagement by end of Q2.

## Relationship Posture Assessment

**Primary Posture: SELL TO (80% of effort)**

Clarion Capital Partners should be treated primarily as a **high-value sales target** with potential for both direct engagement (selling transformation services to Clarion's internal team) and channel partnership (becoming a preferred service provider for their portfolio companies). The strategic rationale is compelling:

1. **Perfect ICP alignment**: Clarion invests in lower-middle-market companies—precisely the size range where Synozur's tailored, empathetic operating transformation delivers maximum impact versus cookie-cutter Big 4 approaches that are cost-prohibitive or generic.

2. **Values alignment**: Clarion's emphasis on ""founder-friendly"" and ""culture-driven"" investment mirrors Synozur's woman-owned, human-centered brand voice and transformation methodology. Our empathetic approach addresses what PE-backed founders fear most: losing their culture during professionalization.

3. **Repeatable revenue model**: A single relationship with Clarion can unlock 10-20+ portfolio company engagements over 24 months, creating predictable pipeline against our Year 1 SOM target of 150-300 accounts.

4. **Proof-building opportunity**: PE-backed transformations with measurable EBITDA improvement and time-to-value metrics provide the case study ammunition we need to scale (per GTM plan priority to ""build credible proof"").

**Secondary Posture: COOPERATE (20% of effort)**

Run a parallel cooperation strategy focused on:
- Becoming a **named service provider** in Clarion's value creation playbook
- Co-developing **repeatable operating transformation packages** for common portfolio archetypes (post-acquisition integration, scaling professional services firms, pre-exit operational readiness)
- Shared thought leadership positioning Clarion as a ""next-generation PE firm"" that prioritizes human-centered transformation

**Posture Change Triggers:**
- **Shift to STEER CLEAR** if Clarion begins building internal operating partner capabilities that directly compete with our services, or if they formalize exclusive relationships with competing transformation firms.
- **Shift to OBSERVE** if initial outreach reveals cultural misalignment (e.g., they view portfolio companies purely as financial assets with no genuine culture focus, contradicting their public positioning).
- **Elevate COOPERATE** to co-primary if Clarion commits to formal preferred-provider relationship with revenue guarantees or co-investment in productized offerings.

## Strategic Read on Clarion Capital Partners

### What They Want
**Portfolio company value creation without founder alienation.** Clarion's public positioning emphasizes ""alignment of capital and culture"" and being ""founder-friendly""—this signals they've likely lost deals or experienced portfolio underperformance when founders felt steamrolled by traditional PE operational playbooks. They want:

- **Operational professionalization that preserves founder relationships**: Tools to install KPI discipline, operating cadence, and scalable processes without triggering founder flight risk.
- **Differentiated value-add positioning for fundraising**: LPs increasingly demand operational capabilities beyond capital. Clarion needs proof points that they deliver transformation support, not just check-writing.
- **Fast time-to-impact on value creation plans**: With typical 5-7 year hold periods, Clarion needs operating improvements that show measurable EBITDA lift within 12-18 months post-acquisition.
- **Scalable, repeatable playbooks**: At 10-50 employees, Clarion lacks the bench depth of mega-funds. They need external partners who can execute operating transformations across multiple portfolio companies simultaneously without reinventing the wheel each time.

### Where They Are Headed
**Building a ""quality over quantity"" brand in a crowded lower-middle-market space.** Evidence points:

- **Geographic focus (New York-based)**: Likely concentrating dealflow in Northeast/Mid-Atlantic, possibly targeting professional services, tech-enabled services, and healthcare services businesses clustered in these regions—all segments in Synozur's GTM plan.
- **Dual business model (PE + Credit/CLO)**: The credit arm suggests capital efficiency discipline and risk management sophistication. They're likely applying similar quality filters to PE investments—fewer, higher-conviction bets rather than spray-and-pray.
- **Founder/management alignment emphasis**: In an era where founder-led businesses command premium multiples and retention drives exits, Clarion is positioning for deals where management continuity is critical. This suggests portfolio companies in knowledge-intensive, relationship-driven industries (professional services, healthcare, specialized tech) where culture truly impacts valuation.

### What They Are Afraid Of
**Being commoditized in a crowded lower-middle-market PE landscape, and portfolio companies underperforming due to cultural/operational misalignment.** Specific fears:

1. **Founder regret and earn-out failures**: If founders disengage post-acquisition because operational changes feel heavy-handed, EBITDA targets miss and exit multiples suffer.
2. **Inability to differentiate from 500+ other lower-middle-market funds**: Without distinctive operational capabilities, Clarion risks losing competitive deals to funds with stronger value-creation stories.
3. **Portfolio company execution risk**: At $7.5-30M EBITDA, these companies often lack sophisticated operating infrastructure. Rapid scaling without proper operating models, governance, and change management leads to quality issues, customer churn, and talent attrition.
4. **LP skepticism about operational value-add claims**: Many PE firms claim ""operational excellence"" support; few deliver measurably. Clarion needs third-party validation and repeatable proof.

### Their Tells (Signals to Monitor)
- **Operating Partner / Value Creation hires**: If Clarion adds internal operating partners, it signals either ambition to build in-house capabilities (potential threat) or recognition they need more operational horsepower (opportunity to position Synozur as external extension).
- **Portfolio company announcements**: Watch for acquisition press releases mentioning ""operational excellence,"" ""integration,"" or ""scaling""—these reveal value creation priorities and timing for Synozur engagement.
- **Thought leadership topics**: If Clarion partners publish on LinkedIn/industry media about culture, founder partnerships, or operational transformation, it confirms strategic priority and creates co-marketing opportunities.
- **Conference presence**: Industry events where Clarion partners speak or sponsor (ACG, middle-market summits) reveal where they build brand and network—Synozur should be visible in same venues.

## How to Engage

### Q1-Q2: Warm Introduction & Relationship Building
**Objective:** Establish Synozur CEO as trusted peer advisor to Clarion Managing Partner(s) or Operating Committee.

**Specific plays:**
1. **Warm introduction via mutual network (Month 1):**
   - **Owner: CEO**
   - Leverage Synozur's Fortune 500 network and professional services connections to identify warm paths into Clarion (shared board members, LP connections, portfolio company executives, ACG chapter relationships, or New York-area PE networks).
   - **Initiator: Synozur CEO**, positioning as peer-to-peer founder conversation, not vendor pitch.
   - **Message framing:** ""I'm building relationships with like-minded PE partners who prioritize culture alongside returns. Your founder-friendly approach resonated—I'd love to share some patterns we're seeing in portfolio company operating transformations.""

2. **Quarterly touchpoint cadence (ongoing):**
   - **Owner: CEO + Director of Partnerships (if exists)**
   - Q1: Introductory coffee/call (New York or virtual)
   - Q2: Share relevant portfolio company insight or case study (gift, not ask)
   - Q3: Invite to Synozur-hosted roundtable or workshop on ""Empathetic Operating Transformation in PE-Backed Companies""
   - Q4: Year-end strategic check-in, propose pilot engagement for 2026

3. **Event co-presence (starting Q2):**
   - **Owner: Marketing + CEO**
   - Identify 2-3 conferences where Clarion partners attend (ACG New York, Middle Market Growth Summit, industry-specific PE events).
   - Synozur CEO or senior leader attends same events, engineers face-time (breakfast meetings, cocktail receptions, speaker green rooms if Synozur secures speaking slot).
   - **Cadence:** 2-3 events per year where paths cross organically.

### Q3-Q4: Portfolio-Level Engagement
**Objective:** Convert relationship into tangible business via portfolio company introductions.

**Specific plays:**
4. **Portfolio company mapping (Month 6-7):**
   - **Owner: Sales + Research**
   - Use Capital IQ, PitchBook, or Clarion's website to identify current portfolio companies.
   - Cross-reference against Synozur's ICP (size, industry, transformation triggers).
   - Identify 3-5 highest-fit portfolio companies where Synozur's services align with likely value creation plans.

5. **Targeted portfolio company outreach (Month 8-9):**
   - **Owner: CEO or Sales Lead**
   - **Initiator: Synozur, via Clarion introduction OR direct outreach to portfolio company CEO/COO with Clarion soft endorsement**
   - ""Clarion and I have been discussing how empathetic operating transformation drives better outcomes in founder-led portfolio companies. I'd love to explore whether [Portfolio Co] could benefit from a strategic alignment sprint...""

6. **Shared community building (Q4):**
   - **Owner: Marketing**
   - Invite Clarion partners and portfolio company leaders to Synozur-hosted peer learning forums (e.g., ""PE-Backed Operating Transformation Roundtable"" quarterly virtual series).
   - Position Synozur as thought leader and Clarion as discerning, progressive PE partner.

### Engagement Cadence Summary
- **CEO-to-Managing Partner touchpoints:** Monthly in Q1-Q2 (relationship building), quarterly in Q3-Q4 (maintenance).
- **Portfolio company pipeline development:** Ongoing from Q2 onward, with formal proposals in Q3-Q4.
- **Event/community co-presence:** 2-3 conferences per year + 4 virtual roundtables (quarterly).

## How to Cooperate

### Realistic Cooperation Surfaces

**1. Preferred Service Provider Relationship (High Plausibility)**
- **What it looks like:** Clarion adds Synozur to their ""approved service provider"" roster for portfolio company operating transformations, alongside Big 4 accounting firms, executive search, and legal counsel.
- **Value exchange:**
  - *For Clarion:* Differentiated operational support that aligns with their founder-friendly brand; predictable, high-quality execution across portfolio; potential fee discounts or priority scheduling.
  - *For Synozur:* Recurring deal flow, warm introductions to portfolio companies, co-branded case studies, validation/references for new business development.
- **Preconditions before proposing:**
  - Synozur must complete **at least one successful pilot engagement** with a Clarion portfolio company (or comparable PE-backed client) demonstrating measurable value creation (EBITDA improvement, cycle time reduction, NPS increase).
  - Synozur must develop **productized offer specifically for PE portfolio companies** (e.g., ""Post-Acquisition Operating Model Sprint"" or ""100-Day Value Creation Acceleration Program"") with clear deliverables, timelines, and pricing.
  - Clarion must validate cultural fit through 3-6 months of relationship development (not pitching partnership at first meeting).

**2. Co-Developed Transformation Playbooks (Medium Plausibility)**
- **What it looks like:** Synozur and Clarion co-create repeatable operating transformation frameworks tailored to common portfolio company archetypes (e.g., scaling professional services firms, healthcare service providers, tech-enabled services).
- **Value exchange:**
  - *For Clarion:* Proprietary value creation IP that differentiates their fund to LPs and sellers; faster time-to-impact on new acquisitions.
  - *For Synozur:* Deep insight into PE value creation priorities, co-branded thought leadership, exclusive engagement rights for companies using the playbook.
- **Preconditions:**
  - Proven success with at least **2-3 portfolio companies** across different archetypes.
  - Willingness from Clarion to invest time in co-development (quarterly working sessions over 6-9 months).
  - Clear IP ownership and commercialization terms (Synozur retains right to use frameworks with other PE clients; Clarion gets first-mover advantage and customization).

**3. Joint Thought Leadership & Co-Marketing (High Plausibility)**
- **What it looks like:** Co-authored content (white papers, webinars, conference panels) positioning Clarion as a ""next-generation, human-centered PE firm"" and Synozur as the transformation partner enabling that differentiation.
- **Examples:**
  - White paper: *""Founder-Friendly PE: How Empathetic Operating Transformation Drives Superior Returns""* (Clarion Managing Partner + Synozur CEO co-authors).
  - Webinar series: *""Culture Meets Capital: PE Value Creation in the Human-Centered Era""* (quarterly, featuring Clarion partners and Synozur experts + portfolio company case studies).
  - Conference panel: ACG or middle-market event with Clarion partner and Synozur CEO discussing operational alignment.
- **Value exchange:**
  - *For Clarion:* Elevated brand positioning, LP marketing content, deal flow attraction (founders seeking culture-aligned PE partners).
  - *For Synozur:* Association with reputable PE firm, visibility to portfolio companies and broader PE ecosystem, case study ammunition.
- **Preconditions:**
  - Existing client relationship (at least one portfolio company engagement underway).
  - Mutual NDA and approval rights on content to protect confidential information.

**4. Portfolio Company Referral Arrangement (Medium Plausibility)**
- **What it looks like:** Informal or formal agreement where Clarion introduces Synozur to portfolio companies with operating transformation needs, and Synozur provides priority scheduling, transparent pricing, and success metrics reporting back to Clarion.
- **Structure options:**
  - *Informal:* Clarion makes introductions on ad hoc basis; no exclusivity or fee arrangements.
  - *Formal:* Synozur offers Clarion portfolio companies 10-15% fee discount or priority access in exchange for committed minimum volume (e.g., 3 engagements per year); Clarion receives quarterly performance dashboards showing portfolio-wide transformation impact.
- **Preconditions:**
  - Demonstrated ROI from initial engagements (measurable EBITDA improvement, cost reduction, revenue growth acceleration).
  - Synozur operational capacity to handle 3-8 simultaneous portfolio company engagements without quality degradation.
  - Clear conflict-of-interest and confidentiality protocols (Synozur cannot share portfolio company insights across Clarion's portfolio without permission).

### What Is Fantasy (Be Honest)
- **Co-investment or equity partnerships:** Clarion is unlikely to offer Synozur equity participation in portfolio companies or co-investment opportunities without years of proven partnership and extraordinary results. Don't anchor expectations here in Year 1.
- **Exclusive partnership:** Clarion will maintain relationships with multiple service providers (Big 4, boutique consultancies, industry specialists). Expecting exclusivity is unrealistic; aim for ""preferred"" or ""top-tier"" status.
- **Clarion funding Synozur's product development:** PE firms don't typically invest in service provider R&D. Any co-developed playbooks must be Synozur-funded with Clarion contributing time/expertise, not capital.

### Cooperation Roadmap (Sequenced)
1. **Months 1-6:** Build relationship, complete pilot engagement → earn trust.
2. **Months 7-12:** Formalize preferred provider conversation, initiate joint thought leadership.
3. **Year 2:** Scale to 3-5 portfolio company engagements, co-develop repeatable playbooks, expand co-marketing.

## How to Sell To Them

### Two Sales Motions (Parallel Tracks)

**Track 1: Sell to Clarion Directly (Internal Firm Needs)**
- **Opportunity size:** Smaller revenue ($50-150K), but high strategic value for relationship building.
- **Entry point:** Operating Committee or Managing Partner
- **Wedge service:** ""PE Firm Operating Model & Value Creation Playbook Development"" (custom offer)
  - Help Clarion codify their value creation methodology, build repeatable portfolio company assessment frameworks, and train internal team on empathetic transformation approaches.
  - **Deliverable:** Clarion's proprietary ""Founder-Friendly Value Creation Playbook"" + internal team enablement.
  - **Duration:** 8-12 weeks
  - **Proof points:** Synozur's Fortune 500 transformation expertise, proprietary Vega/Orion frameworks adapted for PE context, woman-owned/empathetic positioning differentiating Clarion to LPs and sellers.

**Track 2: Sell to Clarion Portfolio Companies (Recurring Revenue)**
- **Opportunity size:** Larger per-engagement revenue ($150-500K per portfolio company), scalable across 10-20 companies.
- **Entry point:** Portfolio company CEO/COO, with Clarion Operating Partner warm introduction or soft endorsement.
- **Wedge services (from GTM productized offers):**
  1. **Post-Acquisition Alignment-to-Action Sprint (2-4 weeks, $40-75K):**
     - Timing: Immediately post-close (within 100 days of acquisition).
     - Output: Prioritized value creation roadmap, operating risk assessment, quick-win identification, stakeholder alignment.
     - **Why it wins:** Addresses PE's fear of ""Day 1 chaos"" and founder anxiety about loss of control; fast time-to-clarity.
  
  2. **Operating Model & Cadence Build (6-10 weeks, $125-250K):**
     - Timing: Months 3-9 post-acquisition, or pre-exit preparation.
     - Output: Target operating model, KPI trees, decision rights (RACI), governance/meeting cadence, OKR framework, role clarity.
     - **Why it wins:** Installs scalable operating infrastructure without Big 4 overhead; tailored to founder-led culture.
  
  3. **Execution PMO + Adoption (3-9 months, $200-500K):**
     - Timing: Major transformation initiatives (integration, new market entry, technology modernization, pre-exit operational readiness).
     - Output: Transformation office, integrated project plans, dependency management, change/adoption program, benefits tracking, continuous stakeholder engagement.
     - **Why it wins:** De-risks complex transformations through empathetic change management—critical for founder retention and employee engagement.

### Discovery Questions (For Portfolio Company Conversations)
Frame questions to surface **value creation pain points** and **cultural/change management risks**:

1. **Understanding the value creation plan:**
   - ""What are Clarion's top 3 value creation priorities for [Company] over the next 12-24 months?"" (Listen for: revenue growth, margin expansion, operational efficiency, market expansion, integration.)
   - ""What does success look like at exit? What valuation multiple are you targeting, and what operational improvements drive that?""

2. **Surfacing operating model gaps:**
   - ""How do you currently make cross-functional decisions—how long does it take to align sales, delivery, and finance on a strategic initiative?"" (Listen for: slow decision-making, unclear accountability, siloed functions.)
   - ""Do you have a consistent operating cadence—weekly/monthly leadership meetings with clear agendas, KPIs, and action-item tracking?"" (Listen for: ad hoc meetings, lack of rhythm, firefighting culture.)
   - ""What are your top 3 operational bottlenecks limiting growth or profitability right now?"" (Listen for: delivery capacity, talent retention, process inefficiency, technology limitations.)

3. **Assessing change capacity and culture:**
   - ""How has the team responded to changes since the acquisition? What's been harder than expected?"" (Listen for: founder anxiety, employee turnover, cultural friction, resistance to new processes.)
   - ""If we were to implement new KPIs, governance, or operating processes, what would your team's biggest concerns or objections be?"" (Listen for: change fatigue, trust gaps, fear of losing autonomy.)
   - ""What's your current approach to change management and stakeholder engagement when rolling out new initiatives?"" (Listen for: lack of formal change management, top-down mandates, communication gaps.)

4. **Positioning Synozur's differentiation:**
   - ""Have you worked with other consulting firms or PE operating partners on transformation? What worked well, and what would you do differently?"" (Listen for: Big 4 frustrations—junior staff, generic playbooks, lack of empathy; opportunity to contrast Synozur's tailored, senior-led, human-centered approach.)
   - ""How important is it that any transformation partner understands your culture and engages your team empathetically, versus just delivering a technical playbook?"" (Listen for: validation of Synozur's empathetic positioning; founder sensitivity to being told what to do.)

### Proof Points That Resonate (Tailor Messaging to PE Context)
When selling to Clarion or portfolio companies, emphasize:

1. **Measurable financial outcomes:**
   - ""Our clients typically see **15-25% improvement in operational efficiency metrics** (cycle time, cost-to-serve, delivery capacity) within 90-180 days, translating to **$X EBITDA improvement** on a $YM revenue base."" (Provide specific case examples if available; if not, flag in Risks & Open Questions that we need to build this proof.)

2. **Speed to value:**
   - ""Unlike 6-12 month Big 4 engagements, our **Alignment-to-Action Sprint delivers a prioritized roadmap in 2-4 weeks**, so you're executing on value creation immediately post-close.""

3. **Founder/employee retention:**
   - ""Our human-centered approach reduces change resistance and turnover risk. In [case study], founder NPS increased from X to Y, and employee engagement scores rose Z points during a major operating model transformation.""

4. **PE-specific experience:**
   - ""We've supported [number] PE-backed portfolio companies through post-acquisition integration, value creation execution, and pre-exit readiness. We understand your timelines, EBITDA pressures, and the importance of stakeholder alignment."" (Build this proof base in Year 1.)

5. **Fortune 500 expertise, boutique attention:**
   - ""Our leadership team brings Fortune 500 transformation experience but delivers the tailored, empathetic approach that a $20M EBITDA founder-led company needs—not a cookie-cutter playbook or junior consultants.""

6. **Woman-owned, culture-aligned partner:**
   - ""As a woman-owned firm, we bring inclusive, empathetic thinking to transformation—aligning perfectly with Clarion's founder-friendly, culture-driven investment approach. We help you professionalize operations *without* alienating founders or breaking culture.""

### Procurement Gotchas to Anticipate

**When selling to Clarion (internal):**
- **Limited budget for external advisors:** PE firms are capital-efficient; they may resist $100K+ advisory spend unless ROI is crystal clear. Anchor pricing to ""cost of *not* having a repeatable value creation playbook"" (e.g., lost deals, underperforming portfolio companies, LP skepticism).
- **Preference for ""tried and true"" providers:** Clarion may default to Big 4 or established PE advisory firms. Counter by offering a **pilot or workshop engagement** (lower risk, lower cost) to demonstrate differentiation before larger commitment.

**When selling to portfolio companies:**
- **Budget authority often split between portfolio company and PE firm:** Portfolio company CEO may love Synozur's approach but need Clarion Operating Partner approval for budget. **Always include Clarion in the sale** (at minimum, keep them informed; ideally, get their active endorsement).
- **Tight timelines and urgency:** PE value creation plans operate on compressed timelines (12-24 months to show results). Procurement processes must move fast—position Synozur as **ready to start within 2 weeks** vs. Big 4's 6-8 week proposal/contracting cycles.
- **Sensitivity to consulting fees (OpEx impact on EBITDA):** PE-backed companies scrutinize consulting spend because it flows through operating expenses and reduces EBITDA. Offer **success-based pricing** or **capped fee structures** where Synozur absorbs risk if outcomes aren't achieved (requires careful scoping).
- **Founder skepticism of ""PE consultants"":** If the founder perceives Synozur as ""Clarion's hired gun"" to impose unwanted changes, trust collapses. **Positioning is critical:** Frame Synozur as *the founder's advocate* who helps them scale successfully while maintaining culture—partner *with* the founder, not *on behalf of* the PE firm.

### Sales Process & Timeline (Track 2: Portfolio Companies)
1. **Introduction (Week 1):** Clarion Operating Partner introduces Synozur to portfolio company CEO/COO, or Synozur reaches out directly with Clarion soft endorsement.
2. **Discovery call (Week 2):** Synozur + portfolio company leadership; use discovery questions above; include Clarion Operating Partner if they want visibility.
3. **Scoping & proposal (Week 3-4):** Tailored proposal (choose wedge offer based on discovery); transparent pricing; clear success metrics.
4. **Clarion alignment (Week 4):** If budget requires Clarion approval, brief sync call to confirm strategic fit and value creation alignment.
5. **Contract & kickoff (Week 5-6):** Fast contracting (Synozur should have MSA template ready for PE context); kickoff within 1-2 weeks of signature.

### Key Personas (Portfolio Company Context)

| Persona | Title | What They Care About | Synozur Value Prop |
|---------|-------|----------------------|---------------------|
| **Economic Buyer** | CEO (founder or new PE-appointed) | EBITDA growth, exit valuation, founder legacy, team retention | ""We help you hit Clarion's value creation targets *while* preserving the culture and team that built this company."" |
| **Primary Champion** | COO / Head of Operations | Operating cadence, cross-functional alignment, delivery reliability, scalability | ""We install the operating model, governance, and KPI discipline you need to scale—tailored to your business, not a generic playbook."" |
| **Influencer (Finance)** | CFO or Finance Leader | Cost reduction, margin expansion, budgeting/forecasting discipline | ""Our transformations deliver measurable financial outcomes—typically 15-25% efficiency gains translating to $X EBITDA improvement."" |
| **Influencer (People)** | CHRO or HR Leader (if exists) | Talent retention, change adoption, employee engagement, culture preservation | ""Our empathetic, human-centered approach reduces turnover risk and increases engagement during transformation—critical for founder-led companies."" |
| **Gatekeeper** | Clarion Operating Partner | Value creation plan execution, risk mitigation, portfolio-wide consistency | ""We de-risk your value creation plan through proven frameworks, transparent reporting, and stakeholder alignment—delivering results you can take to the IC and LPs."" |

## How to Compete With Them

**Context Check:** Clarion Capital Partners is a **PE firm, not a direct competitor** to Synozur's advisory services. However, we may face **indirect competition** in two scenarios:

### Scenario 1: Clarion Builds Internal Operating Partner Capabilities
**If Clarion hires Operating Partners or builds an in-house portfolio support team that provides transformation services directly to portfolio companies, they become a competitor for share-of-wallet.**

**Our competitive positioning (if this scenario emerges):**

**Win Theme: ""External Objectivity + Specialized Expertise vs. Generalist Internal Resources""**
- **Our advantage:** Synozur brings specialized operating transformation expertise (Vega/Orion frameworks, change management, human-centered design) that even talented Operating Partners lack unless they've spent careers in transformation consulting. We also offer external objectivity—portfolio company leaders may share concerns with Synozur they'd hide from Clarion's Operating Partners (e.g., fear of founder replacement, board dynamics, cultural friction).
- **Messaging:** ""Clarion's Operating Partners are excellent strategic advisors and value creation leads, but when you need specialized execution on operating model redesign, change adoption, or complex transformation PMO, Synozur provides depth and objectivity that complements—not competes with—Clarion's internal team.""
- **Trap to set:** Position Synozur as **Clarion's operating partner's best friend**, the external specialist they call when transformation complexity exceeds internal capacity or requires change management expertise. Make it awkward for Clarion to block Synozur without appearing territorial or limited.

**Positioning contrast:**
| Dimension | Synozur (Us) | Clarion Internal Operating Partners (Them) |
|-----------|--------------|---------------------------------------------|
| **Specialization** | Deep transformation expertise (operating models, change management, adoption frameworks) | Generalist value creation focus (strategy, M&A, financial engineering) |
| **Objectivity** | External third party; safe space for founder concerns | Represent the PE firm; inherent power dynamic |
| **Capacity** | Scalable across multiple portfolio companies simultaneously | Limited by headcount; prioritize largest/most troubled portfolio companies |
| **Change management** | Core competency (human-centered transformation) | Often outsourced or under-resourced |
| **Methodology** | Proprietary frameworks (Vega, Orion), proven IP | Ad hoc, experience-based approaches |

**Trap to avoid:** Never position as ""Clarion doesn't know what they're doing."" Instead: ""Clarion is excellent at strategy and value creation; we bring specialized execution capabilities that amplify their impact.""

**Pricing posture:** If competing with internal Operating Partners (who are ""free"" to portfolio companies), emphasize **speed, specialization, and outcomes**. Price based on value delivered (EBITDA improvement, time-to-impact), not labor hours. Offer success-based components to reduce perceived risk.

**Deals to walk away from:** If Clarion Operating Partner is actively hostile to external support or insists on micromanaging Synozur's work, disengage. The relationship isn't worth the reputational risk of a political failure.

---

### Scenario 2: Clarion Partners with a Competing Transformation Firm
**If Clarion formalizes a preferred provider relationship with a Big 4 firm, another boutique consultancy, or specialized PE operating partner firm, Synozur competes for displacement.**

**Our competitive positioning:**

**Win Theme: ""Empathetic, Founder-Friendly Transformation vs. Cookie-Cutter Playbooks or Junior Consultants""**
- **Our advantage:** Synozur's human-centered, tailored approach aligns with Clarion's ""founder-friendly"" brand positioning better than Big 4 (junior staff, generic frameworks, high fees) or other PE-focused consultancies (often ex-consultants with transactional mindsets, not empathetic transformation specialists).
- **Messaging:** ""Clarion differentiates itself as a founder-friendly, culture-driven PE firm. Your portfolio companies need transformation partners who reflect those values—empathetic, tailored, human-centered—not Big 4 factories or transactional operators.""
- **Proof point:** Leverage Synozur's woman-owned positioning and empathetic brand voice as tangible differentiation. ""We're the transformation partner that aligns with *how Clarion invests*, not just *what* you need done.""

**Positioning contrast (vs. Big 4):**
| Dimension | Synozur (Us) | Big 4 (Them) |
|-----------|--------------|---------------|
| **Relationship model** | Senior leaders throughout engagement; CEO-level partnership with Clarion | Partner sells, junior staff deliver; transactional |
| **Approach** | Tailored, human-centered, empathetic transformation | Cookie-cutter playbooks; process-driven |
| **Culture fit** | Woman-owned, founder-friendly, culture-aligned | Corporate, risk-averse, compliance-focused |
| **Speed** | 2-4 week sprints; start in days | 6-12 week proposals; 6-8 week start timelines |
| **Pricing** | Transparent, outcome-based options | Opaque time-and-materials; budget overruns common |

**Positioning contrast (vs. PE-focused boutique consultancies):**
| Dimension | Synozur (Us) | PE Operating Firms (Them) |
|-----------|--------------|---------------------------|
| **Expertise origin** | Fortune 500 transformation + empathetic change management | Ex-consultants or operators; transactional mindset |
| **Founder sensitivity** | Core competency (human-centered, culture preservation) | Often prioritize financial outcomes over culture; founder friction common |
| **Methodology** | Proprietary frameworks (Vega, Orion); proven IP | Experience-based; less repeatable |
| **Brand alignment** | Woman-owned, empathetic—aligns with Clarion's ""founder-friendly"" positioning | Generic PE operating support; no cultural differentiation |

**Trap to set:** If Clarion already has a Big 4 or competitor relationship, **don't attack the incumbent directly**. Instead, position Synozur for **specialized, high-stakes engagements where empathy and culture matter most**—e.g., founder transitions, culture-critical integrations, pre-exit transformations where employee retention drives valuation. ""We're not asking to replace [Big 4 firm] for audit or compliance work—we're the specialist you call when transformation success depends on people adoption and cultural alignment.""

**Trap to avoid:** Don't","{""focus"": [], ""posture"": null, ""customGuidance"": """", ""versionHistory"": []}",generated,2026-05-06 15:59:52.802,,900566a4-436d-4c5d-b9ef-3c15df72a303,900566a4-436d-4c5d-b9ef-3c15df72a303,2026-05-06 15:55:45.12813,2026-05-06 15:59:52.802,a6c98190-e3f5-49e9-957a-d6bd722b19f8
c685855c-4b9c-4769-8ea5-4bb6837950cf,synozur.com,137db123-4906-4e61-af99-f0d23d86a622,37d74323-ec27-4651-bf69-7bd164c175cf,,Munich Re,https://www.munichre.com/en.html,Relationship Plan: Munich Re,"# 12-Month Relationship Plan: Munich Re

## Executive Summary

Munich Re represents a **tier-1 strategic sales opportunity** for The Synozur Alliance, positioned as a potential enterprise client rather than competitor or partner. As a 40,000+ employee global reinsurance leader navigating digital transformation, operational modernization, and AI integration across complex international operations, Munich Re fits squarely within Synozur's ICP for large enterprise transformation advisory. The dominant posture is **Sell To**, with secondary **Cooperate** potential through Munich Re's venture/innovation arms. **Most critical Q1 action:** Conduct targeted account research to identify active transformation initiatives and map executive relationships, positioning for warm introductions through professional networks or mutual connections in the insurance/reinsurance ecosystem.

## Relationship Posture Assessment

**Dominant Posture: SELL TO (85% of focus)**

Munich Re is an ideal prospect for Synozur's empathetic operating transformation services. With 40,000+ employees, $50B+ revenue, and 140+ years of operational legacy, they face the exact transformation challenges Synozur solves: aligning strategy with execution in complex, matrixed organizations; modernizing operating models without breaking the business; enabling AI adoption with human-centered change management; and building cross-functional execution discipline. Their global scale, regulatory complexity, and need for stakeholder alignment across diverse geographies mirrors the Fortune 500 environments where Synozur's leadership forged its expertise.

**Secondary Postures:**
- **Cooperate (10%):** Munich Re operates HSB Ventures and innovation partnerships; potential to collaborate on insurtech/reinsurance transformation thought leadership or co-develop case studies if we successfully serve them or their portfolio companies.
- **Observe (5%):** Monitor their transformation announcements, leadership changes, and strategic pivots for timing signals and proof-point language.

**Posture triggers to reassess:** If Munich Re acquires a consulting/advisory capability or launches a competing transformation-as-a-service offering (unlikely but monitor); if engagement attempts reveal cultural misalignment or procurement barriers that make pursuit uneconomical; or if they become an active reference client (shift to Cooperate for co-marketing).

## Strategic Read on Munich Re

**What they want:**
- **Operational resilience at global scale:** As a reinsurer managing catastrophic risk worldwide, Munich Re prioritizes operational excellence, data integrity, and execution discipline across underwriting, claims, actuarial, and investment operations.
- **AI and digital modernization without disruption:** Like all legacy financial services giants, they're investing in AI, advanced analytics, and process automation—but need to do so without introducing operational risk or losing institutional knowledge embedded in veteran teams.
- **Cross-functional alignment:** With divisions spanning property/casualty, life/health, specialty lines, and geographic regions, aligning strategy across siloed business units is perpetual work.
- **Talent retention and leadership development:** A 40,000-person global workforce competing for top actuarial, data science, and underwriting talent requires continuous investment in culture, engagement, and career pathways.

**Where they are headed:**
- Likely pursuing enterprise-wide digital transformation initiatives (common for insurers of this scale in 2025-2026)
- Probable focus on climate risk modeling, catastrophe analytics, and ESG integration given reinsurance industry trends
- Potential operating model redesign to enable faster underwriting decisions and customer responsiveness in competitive markets
- Investment in workforce upskilling and change adoption to support technology modernization

**What they are afraid of:**
- **Execution failure on transformation:** Prior failed initiatives, consultant fatigue, and ""PowerPoint decks that sit on shelves""
- **Operational disruption:** In reinsurance, execution failures during cat season or renewal periods create billions in exposure
- **Talent exodus:** Losing institutional knowledge during transformation or alienating veteran employees through poorly managed change
- **Regulatory and compliance risk:** Any transformation touching underwriting, claims, or financial reporting must navigate BaFin (German regulator) and global insurance regulatory frameworks
- **Vendor lock-in and cookie-cutter solutions:** Skepticism toward mega-consultancies that deploy generic playbooks

**Their tells** *(inferred from profile; validate in discovery)*:
- Watch for: COO, Chief Transformation Officer, Chief Digital Officer, or new C-suite hires (signals active transformation agenda)
- LinkedIn hiring patterns for ""transformation PMO,"" ""change management,"" ""operating model,"" ""organizational design"" roles
- Announcements about strategic initiatives, technology platform changes, or organizational restructuring
- Industry conference presence and speaking topics from executives (reveals strategic priorities)

## How to Engage

**Engagement strategy: Warm introduction + thought leadership positioning**

**Q1-Q2 Plays:**
1. **Executive network mapping (Week 1-4):** CEO and senior team audit LinkedIn and professional networks for 1st/2nd-degree connections to Munich Re C-suite, especially COO, Chief Transformation Officer, Strategy leads, or regional heads. Prioritize insurance/reinsurance industry contacts who can make warm introductions.

2. **Targeted thought leadership (Ongoing):** Publish and distribute content addressing ""Operating Transformation in Global Financial Services"" and ""Human-Centered AI Adoption in Insurance""—topics that position Synozur's differentiation. Ensure content reaches Munich Re executives via:
   - LinkedIn posts tagged with relevant insurance/reinsurance hashtags
   - Industry publications (Insurance Journal, Reinsurance News, digital transformation trade media)
   - Speaking opportunities at insurance/reinsurance conferences (see below)

3. **Conference intersections (Q2-Q4):**
   - **Monte Carlo Rendez-Vous (September, Monaco):** Premier reinsurance industry event; Munich Re executives attend. Synozur should pursue speaking slot or strategic attendance for relationship building.
   - **InsureTech Connect (Q3/Q4):** If Munich Re innovation/digital teams attend, opportunity for informal engagement.
   - **Gartner/Forrester insurance symposiums:** If Munich Re engages these analysts, Synozur should build analyst relationships to create ""triple-intersection"" credibility.

4. **Mutual connection activation (Q2-Q3):** Identify shared connections through:
   - Professional services alumni networks (if Synozur team has Big 4/MBB backgrounds, check for Munich Re alumni)
   - Industry associations (insurance strategy groups, reinsurance forums)
   - Academic institutions (executive education programs where Munich Re leaders participate)

5. **Strategic content sends (Q3):** Once specific transformation initiatives are identified, send personalized relevant case studies or frameworks (Vega/Orion overview) via warm introduction with note: *""Thought this might be relevant given [specific initiative]; happy to share how we approached similar challenges at [comparable client].""*

**Who initiates:** CEO or senior Synozur partner for all C-suite outreach; use business development/partnerships lead for manager-level exploratory conversations.

**Cadence:** Relationship-building is 6-12 month journey for accounts this size; plan for quarterly ""touches"" (content, events, introductions) rather than aggressive prospecting.

## How to Cooperate

**Realistic cooperation surfaces:**

1. **Thought leadership collaboration (Moderate probability, Q3-Q4 if sales relationship established):**
   - Co-author white paper or case study on ""Empathetic Transformation in Global Reinsurance"" if Synozur successfully completes engagement
   - Joint webinar or conference presentation showcasing Munich Re's approach to human-centered change (builds both brands)
   - **Precondition:** Existing client relationship with documented outcomes and Munich Re willingness to serve as reference

2. **Innovation/venture ecosystem (Low-moderate probability, Q2-Q4):**
   - Munich Re operates HSB Ventures and partners with insurtechs; if Synozur serves insurtech clients, potential for knowledge exchange or referrals
   - Explore whether Munich Re's innovation team sponsors industry working groups or standards bodies where Synozur could contribute expertise
   - **Precondition:** Identify specific innovation leads; demonstrate Synozur value to portfolio companies or ecosystem partners first

3. **Referral partnership (Low probability short-term, moderate long-term):**
   - If Munich Re values Synozur's work, potential for referrals to other insurers/reinsurers or portfolio companies undergoing transformation
   - Synozur could reciprocate by referring clients needing reinsurance/risk advisory
   - **Precondition:** Exceptional delivery on initial engagement; explicit conversation about mutual referral value

**What is fantasy:**
- Formal technology integration partnership (Synozur is advisory/services, not SaaS)
- Co-funded product development (misaligned business models)
- Equity partnership or M&A (scale mismatch)

**Honesty check:** Cooperation is *outcome* of successful sales relationship, not entry point. Lead with selling transformation services; cooperation emerges once trust and value are established.

## How to Sell To Them

**Treat Munich Re as a flagship enterprise opportunity.**

### Entry points (departments/personas):

**Tier 1 (Economic Buyers):**
- **Chief Operating Officer / Head of Operations:** Owns operating model, cross-functional execution, efficiency—highest-value sponsor
- **Chief Transformation Officer / Chief Strategy Officer:** If role exists, directly responsible for enterprise transformation initiatives
- **Regional Presidents/Heads (e.g., Munich Re Americas, Asia-Pacific):** May have budget authority for regional operating model work

**Tier 2 (Champions/Influencers):**
- **Chief Digital Officer / Chief Information Officer:** Likely leading technology modernization; needs change management and adoption support
- **Chief Human Resources Officer / Head of Talent:** Partner for change enablement, leadership development, organizational design
- **Head of Underwriting Operations, Claims Operations, Actuarial:** Functional leaders experiencing pain from siloed execution or process inefficiency

**Tier 3 (Access points):**
- **PMO leads, Transformation program managers:** May not have budget authority but can provide intelligence and internal advocacy
- **Strategy & Corporate Development teams:** Often coordinate cross-functional initiatives

### Wedge product/service:

**Primary wedge: ""Alignment-to-Action Sprint"" (2-4 week engagement)**
- **Positioning:** ""We help global reinsurance leaders translate enterprise strategy into executable operating roadmaps—without the multi-year, multi-million-dollar commitment. In 2-4 weeks, you'll have a prioritized transformation roadmap, value case, and stakeholder alignment to de-risk your next phase.""
- **Why it works:** Low commitment, fast time-to-value, addresses ""consultant fatigue,"" demonstrates Synozur's empathetic approach and Fortune 500 expertise before asking for larger engagement.
- **Pricing:** Transparent, fixed-scope pricing (e.g., ""starting at $75K-150K depending on scope"") positions Synozur as boutique-accessible vs. Big 4 opacity.

**Secondary wedge: ""Operating Model & Cadence Build"" (6-10 weeks)**
- For regional divisions or functional areas (e.g., Munich Re Americas, or global claims operations) experiencing execution bottlenecks.

### Discovery questions (tailored to Munich Re context):

1. **Strategic alignment:** ""What are your top 3 enterprise priorities for the next 18 months, and where do you see the biggest gap between strategic intent and operational execution?""

2. **Transformation history:** ""Have you undertaken large-scale transformation or operating model work in the past 3-5 years? What worked, and what would you do differently?"" *(Surfaces consultant fatigue, past failures, decision-making patterns)*

3. **Pain points:** ""Where do cross-functional initiatives tend to stall—is it alignment at the top, middle-management adoption, technology constraints, or something else?"" *(Reveals Synozur's sweet spot: alignment and adoption)*

4. **Change capacity:** ""How would you characterize your organization's capacity for change right now—energized and ready, stretched but willing, or fatigued and skeptical?"" *(Empathy-forward question that differentiates Synozur from transactional consultancies)*

5. **Decision-making:** ""Who typically needs to be aligned for a strategic initiative like this to move forward, and what does your procurement process look like for advisory services?"" *(Qualification and process intelligence)*

6. **Success metrics:** ""If we were having this conversation 12 months from now, what would need to be true for you to consider the transformation successful?"" *(Anchors on outcomes, not activities—Synozur's positioning)*

### Proof points that resonate:

- **Fortune 500 transformation credentials:** Leadership team's experience in complex, global, matrixed organizations (emphasize scale and complexity comparable to Munich Re)
- **Empathetic, tailored approach:** ""We don't deploy cookie-cutter playbooks; every engagement is custom-designed for your context, culture, and constraints"" (directly addresses pain with mega-consultancies)
- **Strategy-to-execution continuity:** ""We don't disappear after the PowerPoint deck"" (addresses consultant fatigue)
- **Human-centered change management:** Case examples of adoption success, stakeholder engagement, and leadership enablement
- **Woman-owned business:** For clients prioritizing supplier diversity and inclusive perspectives
- **AI-augmented frameworks (Vega/Orion):** Demonstrate sophisticated tools that accelerate insight without sacrificing human judgment

**Evidence gaps to fill:** Synozur must develop insurance/reinsurance-specific case studies or analogous examples (e.g., financial services, healthcare, global services firms) to establish sector credibility.

### Procurement gotchas to anticipate:

1. **Vendor management bureaucracy:** Enterprise of this scale likely has formal vendor onboarding, compliance, InfoSec reviews, and preferred-supplier lists. Plan for 90-120 day sales cycles minimum.

2. **Incumbent relationships:** Munich Re may have existing Big 4 or MBB relationships; Synozur must position as complementary (""we deliver the empathetic, tailored implementation support the big firms can't"") or alternative (""faster, senior-led, outcome-focused"").

3. **Budget cycles:** Align outreach to fiscal planning periods (likely calendar-year for German-headquartered firm, but verify regional variations).

4. **Risk aversion:** Reinsurance culture is conservative; proof points, references, and risk-mitigation language are critical.

5. **Global vs. regional authority:** Clarify whether engagement is global mandate or regional pilot—impacts scope, pricing, and stakeholder complexity.

6. **Regulatory/compliance considerations:** Any work touching underwriting, claims, or financial reporting may trigger compliance review; Synozur should have standard data security, confidentiality, and regulatory-awareness language ready.

## How to Compete With Them

**Munich Re is NOT a competitor—they are a reinsurance company, not a strategic advisory firm.** This section addresses how to compete *for their business* against likely incumbents (Big 4, MBB, boutique insurance consultancies).

### Win themes (positioning Synozur against consulting incumbents):

1. **""Elite expertise without the factory approach""**
   - *Contrast:* ""Big 4 firms will assign 20 junior analysts who've never run a P&L. We bring Fortune 500 operating leaders who've lived your challenges—and we stay engaged throughout.""
   - *Trap to set:* Ask prospect, ""Who will actually be doing the work—the partner you're meeting with, or a team of first-year consultants?"" Synozur guarantees senior practitioner involvement.

2. **""Empathy and adoption, not just strategy decks""**
   - *Contrast:* ""Traditional consultancies deliver brilliant PowerPoint recommendations that die in the implementation phase. We design for human adoption from day one, because transformation fails when people don't come along.""
   - *Proof point:* Share change adoption metrics, stakeholder engagement examples, leadership enablement outcomes.

3. **""Tailored, not templated""**
   - *Contrast:* ""We don't deploy the same operating model playbook at every client. Your culture, regulatory environment, and strategic context are unique—your transformation approach should be, too.""
   - *Trap to set:* Ask incumbent firms, ""Can you show us how your approach would differ from what you delivered at [competitor reinsurer]?""

4. **""Transparent partnership, not scope creep""**
   - *Contrast:* ""We scope work clearly, price transparently, and deliver on commitments. No surprise invoices, no staff augmentation disguised as strategy.""
   - *Positioning:* Woman-owned firm values of integrity and relationship-driven partnership.

5. **""AI-augmented intelligence with human judgment""**
   - *Contrast:* Position Vega/Orion frameworks as proprietary, next-generation tools that accelerate insight—but emphasize Synozur's human-centered wisdom ensures technology serves people, not replaces them.

### Traps to avoid:

- **Don't trash-talk Big 4/MBB directly:** Maintain professionalism; focus on ""what we do differently"" rather than ""what they do wrong""
- **Don't over-claim insurance expertise if Synozur lacks deep reinsurance credentials:** Lead with transferable transformation expertise and commit to learning their business deeply
- **Don't compete on price alone:** Synozur's value is boutique attention and senior expertise; racing to the bottom on price undercuts positioning

### Pricing posture:

- **Premium positioning with transparency:** Price at or slightly below Big 4 partner rates, but emphasize value (""You're paying for senior practitioners, not subsidizing a pyramid of juniors"")
- **Offer modular, fixed-scope entry points** (Alignment-to-Action Sprint) to lower risk and demonstrate value before asking for multi-million-dollar, multi-year commitments
- **Outcome-based or value-sharing models (if appropriate):** For performance-lift engagements, consider risk-sharing arrangements that align Synozur's fees with measurable outcomes

### Deals to walk away from:

- **RFPs seeking body-shop staff augmentation:** Not Synozur's model; dilutes brand
- **Engagements where client wants ""big firm name"" for internal politics:** Synozur can't win; politely decline and preserve resources
- **Projects with misaligned values:** If client culture conflicts with Synozur's empathetic, people-centered approach, or if decision-makers are transactional and relationship-averse, walk away

## How to Speak To Them

**Voice and channel guidance:**

Synozur's brand voice—empathetic, people-focused, tailored, and business-outcome-oriented—should be consistently applied when addressing Munich Re, with calibration for reinsurance industry context.

### Tone:
- **Professional yet personal:** Match Munich Re's sophistication (they're a 140-year-old global leader) while differentiating through warmth and genuine care
- **Confident but never boastful:** Demonstrate Fortune 500 credibility without arrogance; acknowledge complexity and express humility about learning their business
- **Outcome-focused:** Tie every message to measurable business results—efficiency, alignment, adoption, speed to value
- **Risk-aware:** Reinsurance executives live in a world of risk quantification; acknowledge execution risk and articulate how Synozur mitigates it

### Vocabulary to embrace:
- ""Empathetic transformation,"" ""human-centered change,"" ""tailored strategy,"" ""measurable outcomes,"" ""alignment to action,"" ""operating cadence""
- ""Fortune 500 transformation expertise,"" ""senior practitioner-led,"" ""custom-designed,"" ""partnership-driven""
- Industry-relevant terms (once validated): ""underwriting excellence,"" ""claims efficiency,"" ""actuarial alignment,"" ""regulatory resilience,"" ""cross-functional execution""
- Synozur's proprietary language: ""North Star,"" ""Vega framework,"" ""Orion framework,"" ""making the desirable achievable""

### Vocabulary to avoid:
- Jargon-heavy consultant-speak: ""synergies,"" ""leverage,"" ""paradigm shift,"" ""best-in-class"" (unless grounded in specific proof)
- Overly casual language: Maintain professionalism appropriate to financial services
- Generic transformation clichés: ""digital transformation,"" ""innovation,"" ""disruption"" without specific, evidence-backed context
- Comparisons that trash competitors by name

### Direct vs. indirect references in marketing:

- **Do NOT name Munich Re in marketing materials** without explicit written permission (standard B2B practice)
- **DO use industry-appropriate case study abstractions:** ""Global reinsurance leader,"" ""Top-5 property/casualty reinsurer,"" ""40,000-employee financial services multinational""
- **DO reference transferable challenges:** ""We help global insurance and reinsurance organizations align strategy with execution across complex, matrixed environments""

### Public statements and social engagement:

- **LinkedIn:** Engage thoughtfully with Munich Re content (e.g., if they publish transformation updates, comment with value-added insight, not sales pitches)
- **Industry events:** If Synozur and Munich Re both attend, seek informal introductions; share insights generously without immediate sales agenda
- **Press/analyst conversations:** If asked about clients or sectors, speak in aggregate terms (""We work with global insurance and reinsurance leaders navigating operating model modernization"") and never disclose client names without permission

### Sample lines for internal use:

**For a sales executive in discovery conversation:**
> ""We understand that in reinsurance, execution failures aren't abstract—they create real exposure, especially during cat season or renewals. That's why we design every transformation initiative with operational resilience and risk mitigation at the center. Our goal is to help you move faster and with more confidence, not to introduce new vulnerabilities.""

**For a marketer writing targeted content:**
> ""Global reinsurance leaders face a unique transformation challenge: how do you modernize operating models, adopt AI, and improve cross-functional execution—without disrupting the underwriting, claims, and actuarial discipline that your clients depend on? The answer lies in empathetic, human-centered transformation that brings your people along, not just delivers a strategy deck.""

**For CEO in warm-introduction email:**
> ""I wanted to introduce you to our work at Synozur. We're a woman-owned strategic advisory firm that partners with Fortune 500 leaders to turn ambitious transformation visions into measurable operational reality. Our approach combines the rigor and scale expertise you'd expect from a top-tier firm with the tailored attention and empathy that's often missing. I'd welcome a conversation to learn about your priorities and share how we've helped organizations like yours navigate similar challenges.""

**For business development at conference:**
> ""We focus on a specific kind of transformation challenge—the gap between strategic intent and operational execution. A lot of firms are great at crafting the strategy or implementing the technology, but the middle part—aligning leaders, building adoption, installing operating cadence—that's where initiatives stall. That's where we focus, and we bring a human-centered approach that's designed for complex, global organizations.""

**For responding to ""How are you different from [Big 4 firm]?"":**
> ""Great question. The biggest difference is who's actually doing the work and how we design for adoption. When you work with us, you get Fortune 500 transformation leaders throughout the engagement—not a partner selling the work and then junior staff executing. And we build every initiative around your people, your culture, and your capacity for change, because we've learned that transformation fails when the human side gets treated as an afterthought. We'd rather do fewer engagements and do them exceptionally well than deploy the same playbook at scale.""

## When to Steer Clear

**Specific situations where disengagement is the right move:**

### Deal types to avoid:
1. **Pure staff augmentation or body-shop requests:** If Munich Re seeks contractors to fill PMO or project roles without strategic transformation mandate, decline politely. *Risk:* Dilutes Synozur brand; unprofitable; misaligned with positioning.

2. **RFPs designed for Big 4/incumbent win:** If procurement process includes requirements that favor scale (e.g., ""must have 500+ consultants globally,"" ""must have dedicated insurance practice with 50+ practitioners""), Synozur cannot win and shouldn't invest bid resources. *Risk:* Wasted time; signals desperation.

3. **Engagements with misaligned decision-making authority:** If champion lacks budget/authority and cannot secure executive sponsorship within reasonable timeframe, disengage. *Risk:* Spinning wheels on deals that never close.

4. **Projects requiring regulatory/actuarial licensing Synozur doesn't hold:** If scope demands insurance-specific credentials (e.g., actuarial certification, regulatory filing responsibility), steer clear unless Synozur can partner with credentialed firm. *Risk:* Legal/compliance exposure; reputational damage.

### Accounts/situations:
5. **Cultural misalignment signals:** If discovery reveals command-and-control culture with no appetite for empathetic, people-centered approach—or if leaders are purely transactional and relationship-averse—walk away. *Risk:* Engagement will be miserable; outcomes will suffer; reference will be poor.

6. **Unethical or reputationally risky requests:** If Munich Re asks Synozur to participate in initiatives that conflict with Synozur's values (e.g., workforce reductions disguised as transformation, recommendations predetermined to justify political agendas), decline. *Risk:* Integrity compromise; reputational harm; employee morale damage.

7. **Conflicts of interest:** If Synozur is simultaneously serving a direct competitor (another top-5 reinsurer) on similar work, conflicts may arise. Address transparently; if client uncomfortable, prioritize relationship with higher strategic value or longer tenure. *Risk:* Loss of trust; legal exposure.

### Geographies:
8. **Sanctions or compliance-restricted regions:** If Munich Re requests work in jurisdictions where U.S. firms face sanctions or compliance restrictions, consult legal counsel before proceeding. *Risk:* Legal jeopardy.

### Partnerships:
9. **Co-delivery with firms that undercut Synozur's positioning:** If Munich Re insists on joint engagement with partner whose approach conflicts with Synozur's empathetic, human-centered methodology (e.g., hyper-aggressive cost-cutting firm), decline or negotiate clear boundaries. *Risk:* Brand dilution; outcomes suffer.

**How to disengage gracefully:**
- ""We appreciate the opportunity, but after learning more about your needs, we don't believe we're the best fit for [specific reason]. We'd be happy to refer you to [alternative if appropriate], and we'd welcome staying in touch for future initiatives where our approach aligns more closely.""
- Preserve relationship; today's misfit may become tomorrow's opportunity as priorities shift.

## 12-Month Roadmap (Quarter by Quarter)

### Q1 2026 (Jan–Mar): **Research, Mapping, and Positioning Foundation**

**Theme:** *Establish intelligence, map relationships, build sector credibility*

**Actions:**
1. **Account research deep-dive** (Owner: Business Development + CEO)
   - Conduct OSINT research on Munich Re: recent press releases, executive changes, LinkedIn hiring patterns, strategic announcements, investor reports
   - Identify active transformation initiatives, technology modernization programs, organizational changes
   - Map organizational structure: key divisions, regional heads, functional leaders

2. **Relationship mapping** (Owner: CEO + Senior Partners)
   - Audit 1st and 2nd-degree LinkedIn connections to Munich Re C-suite and senior leaders
   - Reach out to insurance/reinsurance industry contacts for intelligence and potential warm introductions
   - Identify mutual connections through professional networks, alumni groups, industry associations

3. **Sector credibility building** (Owner: Marketing + CEO)
   - Develop thought leadership content targeting ""Operating Transformation in Global Financial Services"" and ""Human-Centered AI Adoption in Insurance""
   - Publish LinkedIn articles, blog posts, or contributed articles in insurance trade publications
   - Begin analyst outreach (Gartner, Forrester, industry analysts covering insurance transformation) to build third-party validation

4. **Competitive intelligence** (Owner: Business Development)
   - Research which consulting firms Munich Re has engaged historically (check press, case studies, LinkedIn employee backgrounds)
   - Understand procurement and vendor management processes (if intel available)
   - Develop ""compete against Big 4/MBB"" positioning tailored to reinsurance context

5. **Case study/proof point development** (Owner: Marketing + Delivery)
   - Inventory existing client work that's analogous to Munich Re challenges (global scale, complex matrixed orgs, financial services, regulatory environments)
   - Develop abstracted case examples that can be shared with prospects (with client permission or sufficiently anonymized)

**Decision gates / triggers:**
- If warm introduction opportunity emerges, accelerate to Q2 outreach plan
- If Munich Re announces major transformation initiative or C-suite hire (e.g., new COO, Chief Transformation Officer), adjust timeline to capitalize on urgency
- If relationship mapping reveals no accessible connections, pivot to conference-based strategy and extend timeline

**Metrics:**
- Number of 1st/2nd-degree connections identified: Target 5-10
- Thought leadership pieces published: Target 2-3
- Analyst conversations initiated: Target 2
- Competitive intelligence briefs completed: 1 comprehensive brief on Munich Re + consulting landscape

---

### Q2 2026 (Apr–Jun): **Warm Outreach and Initial Engagement**

**Theme:** *Initiate relationship, demonstrate expertise, secure exploratory conversations*

**Actions:**
1. **Warm introduction execution** (Owner: CEO)
   - Leverage Q1 relationship mapping to request introductions to Munich Re COO, Chief Transformation Officer, or Strategy leads
   - Personalize outreach with specific, relevant insight (e.g., ""I saw your recent announcement about [initiative]; thought you might be interested in how we approached a similar challenge at [analogous client]"")

2. **Conference engagement** (Owner: CEO + BD)
   - Identify Q2/Q3 insurance/reinsurance conferences where Munich Re executives likely to attend
   - Submit speaking proposals or secure attendance for relationship-building (prioritize Monte Carlo Rendez-Vous in September planning)

3. **Targeted content distribution** (Owner: Marketing)
   - Develop tailored content asset (e.g., ""Empathetic Operating Transformation in Reinsurance"" white paper or case study)
   - Distribute via warm introduction, LinkedIn direct outreach, or industry channels where Munich Re executives engage

4. **Exploratory conversations** (Owner: CEO + Senior Partner)
   - If introductions successful, conduct 2-3 exploratory conversations with Munich Re leaders
   - Focus on discovery, relationship-building, understanding strategic priorities and pain points
   - Position Synozur's differentiation subtly; listen more than pitch

5. **Proposal development prep** (Owner: BD + Delivery)
   - Based on Q1 intelligence and Q2 conversations, draft preliminary service offering tailored to Munich Re context (likely Alignment-to-Action Sprint or Operating Model engagement)
   - Develop pricing, scope, and proof points ready for rapid deployment if opportunity emerges

**Decision gates / triggers:**
- If exploratory conversations reveal high interest and near-term initiative, fast-track to proposal stage
- If access blocked or stakeholders unresponsive, revert to longer-term relationship-building via conferences and thought leadership
- If discovery reveals cultural misalignment or deal-type mismatch (see ""Steer Clear""), disengage gracefully

**Metrics:**
- Warm introductions requested: Target 3-5
- Exploratory conversations completed: Target 2-3
- Conference speaking/attendance secured: Target 1
- Proposal-ready materials developed: 1 tailored offering brief

---

### Q3 2026 (Jul–Sep): **Deepening Engagement and Opportunity Development**

**Theme:** *Convert conversations to concrete opportunities; build multi-threaded relationships*

**Actions:**
1. **Multi-threading relationship development** (Owner: CEO + Senior Partners)
   - Expand beyond initial contact to build relationships with multiple Munich Re stakeholders (e.g., if initial contact is COO, connect with CHRO, CIO, regional heads)
   - Avoid single-threading risk; create internal advocacy across functions

2. **Monte Carlo Rendez-Vous engagement** (Owner: CEO, September)
   - Attend premier reinsurance conference; prioritize Munich Re relationship-building
   - Host informal dinners, coffees, or meetings with Munich Re executives
   - Position Synozur thought leadership through conversations, side events, or speaking if secured

3. **Proof-of-value demonstration** (Owner: Delivery + CEO)
   - If opportunity emerges, offer low-commitment value demonstration (e.g., complimentary half-day workshop, Vega framework walk-through, diagnostic assessment)
   - Goal: Demonstrate Synozur's empathetic approach, senior expertise, and tailored methodology before formal procurement

4. **Proposal submission** (Owner: BD + Delivery + CEO)
   - If buying signal emerges, submit formal proposal for Alignment-to-Action Sprint or other wedge engagement
   - Emphasize transparent pricing, senior practitioner involvement, measurable outcomes, and risk mitigation

5. **Procurement navigation** (Owner: BD)
   - Initiate vendor onboarding, compliance, InfoSec review processes (anticipate 60-90 day timeline)
   - Engage procurement/legal contacts to understand process and accelerate where possible

**Decision gates / triggers:**
- If proposal accepted, transition to contracting and Q4 delivery planning
- If Munich Re requests expanded scope (beyond wedge offering), assess capacity and fit before committing
- If buying process stalls, maintain relationship warmth but reallocate BD resources to other prospects

**Metrics:**
- Multi-threaded relationships established: Target 3-5 stakeholders
- Proof-of-value sessions delivered: Target 1
- Proposals submitted: Target 1
- Vendor onboarding initiated: Yes/No

---

### Q4 2026 (Oct–Dec): **Conversion, Delivery Preparation, and 2027 Planning**

**Theme:** *Close initial engagement; establish delivery excellence; set up long-term relationship*

**Actions:**
1. **Contract negotiation and closure** (Owner: CEO + BD)
   - Finalize scope, pricing, timeline, and terms for initial engagement
   - Ensure clear success metrics, governance, and stakeholder alignment documented

2. **Delivery team mobilization** (Owner: Delivery Lead)
   - Assemble senior practitioner team for Munich Re engagement
   - Conduct pre-engagement preparation: sector deep-dive, stakeholder mapping, interview guides, Vega/Orion framework customization

3. **Kick-off and early delivery** (Owner: Delivery Lead + CEO)
   - Execute engagement kick-off with Munich Re stakeholders; establish rapport and trust immediately
   - Deliver early quick wins to build confidence and internal advocacy
   - Over-communicate progress and adapt based on feedback (demonstrate empathetic, tailored approach)

4. **Relationship expansion planning** (Owner: CEO + BD)
   - Identify additional Munich Re divisions, regions, or functions that could benefit from Synozur services
   - Position for multi-phase relationship (e.g., initial Sprint leads to Operating Model engagement, which leads to Execution PMO)

5. **2027","{""focus"": [], ""posture"": null, ""customGuidance"": """", ""versionHistory"": []}",generated,2026-05-06 16:03:05.53,,c6dfbcda-8020-46c6-a5e8-d13f4238fa37,c6dfbcda-8020-46c6-a5e8-d13f4238fa37,2026-05-06 15:57:10.25692,2026-05-06 16:03:05.53,1ca158ba-acb2-4741-a19b-8b108c07be95
a8d37e12-945b-4efa-b7d7-0bde49fdd296,synozur.com,137db123-4906-4e61-af99-f0d23d86a622,37d74323-ec27-4651-bf69-7bd164c175cf,,WinWire,https://www.winwire.com,Relationship Plan: WinWire,"# 12-Month Relationship Plan: WinWire

## Executive Summary

WinWire is a **strategic co-opetition partner**: primarily a collaboration opportunity with selective competitive overlap. As an AI-first Microsoft partner focused on implementation and platform engineering for Fortune 500 clients, they complement rather than directly threaten Synozur's strategic advisory positioning. The recommended primary posture is **Cooperate (70%) + Compete (20%) + Sell To (10%)**. WinWire represents a high-value referral and subcontractor partner for execution-phase technical work following Synozur's strategic engagements, while we must protect our advisory position when they attempt to move upstream into operating model and transformation strategy. The single most important Q1 action is to **establish an exploratory partnership conversation** with their business development and solutions architecture leadership to define collaboration boundaries and mutual referral criteria before competitive friction emerges organically in shared accounts.

## Relationship Posture Assessment

**Primary Posture: Strategic Cooperation (70%)**  
WinWire occupies a complementary position in the transformation value chain. Synozur delivers empathetic, human-centered strategic transformation, operating model design, and organizational alignment—the ""what and why"" of transformation. WinWire executes the technical ""how""—Agentic AI implementation, cloud modernization, data platform engineering. Their Microsoft partnership, Fortune 500 client base (healthcare, fintech, technology), and 500-1,000 employee scale suggest they are a serious implementation partner but lack the strategic advisory depth, proprietary frameworks (Vega/Orion), and boutique empathetic approach that defines Synozur's value. Geographic proximity (Santa Clara to Bothell) and shared enterprise target market create natural partnership conditions.

**Secondary Postures:**  
- **Compete (20%):** When WinWire attempts to expand upstream into transformation strategy, operating model design, or organizational change—areas where their technical execution DNA conflicts with the empathetic, tailored advisory work Synozur provides. Their ""AI-first"" positioning may lead clients to prematurely jump to technical solutions before strategic clarity exists.
- **Sell To (10%):** WinWire's 500-1,000 employee scale and growth trajectory suggest internal operational scaling challenges—potential need for operating model design, governance frameworks, and execution discipline that Synozur delivers to mid-market professional services firms.

**Posture-Change Triggers:**  
Shift toward **Compete (primary)** if: (1) WinWire launches advisory services, hires ex-McKinsey/Bain strategy talent, or acquires a transformation consultancy; (2) they begin positioning against ""traditional consultants"" in ways that implicate Synozur's approach; (3) pattern emerges of them displacing Synozur in strategic phases of deals.  
Shift toward **Steer Clear** if: WinWire enters exclusive partnership with a direct Synozur competitor or demonstrates pattern of IP appropriation or unethical sales practices.

## Strategic Read on WinWire

**What They Want:**  
WinWire seeks to **own the AI transformation narrative** with Fortune 500 enterprises, positioning as the essential Microsoft-ecosystem partner for Agentic AI and cloud modernization. Evidence: ""AI-first services firm"" positioning and Microsoft partnership specialization suggest they want to be the default execution partner when large enterprises decide to deploy AI at scale. Their 2011 founding and sustained growth through cloud/AI waves indicate ambition to capture the current generative AI and agentic automation hype cycle. They likely want **larger, longer engagements** that extend beyond implementation into managed services and ongoing optimization, increasing client LTV and reducing dependency on new logo acquisition.

**Where They Are Headed:**  
Likely trajectory: **expansion from pure implementation into light advisory** to defend margins and win earlier-stage conversations. The ""Agentic AI solutions"" positioning (vs. pure staff augmentation) suggests they are already moving toward productized offerings and reusable IP. Expect investment in: (1) industry-specific AI solutions (healthcare, fintech verticals), (2) partnerships/certifications with AI platform vendors beyond Microsoft, (3) potential acquisition of smaller niche AI consultancies or talent teams to add strategic capabilities. Geographic expansion or vertical deepening (especially healthcare given regulatory/data complexity) are probable. Their platform engineering emphasis suggests they may build proprietary accelerators or frameworks to compete on speed-to-value.

**What They Are Afraid Of:**  
- **Commoditization:** As AI implementation capabilities democratize and Microsoft/cloud vendors offer more self-service tools, WinWire risks margin compression and relevance erosion. They fear becoming interchangeable with offshore implementation shops.
- **Upstream Displacement:** Strategic consultancies (Accenture, Deloitte, IBM) and boutique transformation firms capturing the early advisory phases and dictating implementation vendor selection—leaving WinWire downstream, competing on price with lower-tier system integrators.
- **Client Over-Rotation to Technology:** If clients experience AI implementation failures due to insufficient strategic foundation or change management (areas WinWire likely under-resources), it threatens renewals and references.
- **Talent War:** Competing with hyperscalers (Microsoft, AWS, Google) and AI-native startups for scarce AI/ML engineering talent in expensive Silicon Valley market.

**Tells and Patterns:**  
- **Microsoft Partnership Dependency:** Deep Microsoft alignment is both strength and constraint—watch for attempts to diversify (AWS, Google, Databricks partnerships) as signal of strategic flexibility or desperation.
- **""AI-First"" Language:** Reveals technology-led (vs. human-centered) orientation—they likely lead with platform capabilities rather than business outcomes or organizational readiness, creating opening for Synozur's empathetic, outcome-focused positioning.
- **Fortune 500 Focus:** Indicates preference for brand-name logos and large contracts; may under-serve mid-market (Synozur's strength) or lack agility for tailored approaches.
- **Industry Vertical Emphasis (Healthcare, Fintech):** Suggests productization strategy—reusable solutions vs. custom transformation. Healthcare focus overlaps with potential Synozur segment (per GTM plan Segment B).

## How to Engage

**Objective:** Establish mutual awareness, define collaboration boundaries, and create deal referral channels before competitive collisions occur.

**Q1 Engagement Plays:**

1. **Outreach to Business Development / Alliances Lead (Synozur CEO initiates)**  
   - **Action:** Introductory Zoom call positioned as ""ecosystem mapping""—acknowledge geographic proximity, shared Fortune 500 target market, and complementary capabilities. Frame as exploratory, no commitments.
   - **Talking Points:** Synozur's strategic transformation work often surfaces need for technical execution partners (AI implementation, data modernization); WinWire's technical implementations may benefit from upstream strategic clarity and change enablement.
   - **Deliverable:** Mutual NDA, agreement to share deal profiles quarterly to identify collaboration opportunities.
   - **Cadence:** Initial call → follow-up with solutions/practice leads (30 days) → quarterly check-ins.

2. **Attend/Monitor Shared Microsoft Ecosystem Events**  
   - **Events:** Microsoft Ignite, Azure conferences, Microsoft Partner Network events (West Coast).
   - **Action:** Attend same sessions, initiate informal hallway conversations, observe WinWire's messaging and client case studies.
   - **Owner:** Synozur CEO or Partnerships Lead.

3. **LinkedIn Social Listening and Selective Engagement**  
   - **Action:** Follow WinWire company page and key executives (CEO, VP Solutions/Delivery). Engage (likes, thoughtful comments) on non-competitive content (AI trends, Microsoft announcements). Avoid engagement on posts that position against strategic consulting.
   - **Owner:** Synozur Marketing.

4. **Explore Shared Professional Networks**  
   - **Action:** Identify mutual connections (LinkedIn, Seattle/Bay Area tech community, women-in-tech networks given Synozur's woman-owned positioning). Request warm introductions where appropriate.
   - **Owner:** Synozur CEO, leveraging personal network.

**Q2-Q4 Engagement:**  
- **Q2:** Co-host or co-sponsor a small ""AI Transformation Roundtable"" webinar for CIOs/COOs—WinWire provides technical perspective, Synozur provides strategic/organizational lens. Test collaboration chemistry in low-risk environment.
- **Q3:** If Q1-Q2 rapport is positive, propose joint client case study (if shared client exists and permits) or co-authored thought leadership (blog/whitepaper on ""Bridging AI Strategy and Execution"").
- **Q4:** Formalize referral arrangement if pattern of successful collaboration emerges; alternatively, clarify competitive boundaries and agree to professional co-existence protocols.

**Who Initiates:** Synozur initiates in Q1 to control narrative and establish leadership position (vs. appearing reactive). Position as peer-to-peer partnership exploration, not vendor solicitation.

**Cadence:**  
- Q1: Bi-weekly (initial relationship building)  
- Q2-Q4: Monthly touchpoints (calls, emails, event co-attendance)  
- Ongoing: Quarterly business reviews if partnership formalizes

## How to Cooperate

**Realistic Cooperation Surfaces:**

1. **Deal Referrals (Highest Probability, Q1-Q2 Setup)**  
   - **Synozur → WinWire:** Refer technical implementation work (AI platform deployment, data migration, cloud infrastructure) when Synozur's strategic engagement defines the North Star and roadmap but client needs execution muscle. Maintain advisory role throughout to ensure strategic integrity.
   - **WinWire → Synozur:** Receive referrals when WinWire wins implementation RFPs but client lacks strategic clarity, operating model alignment, or change management—conditions that jeopardize technical project success. WinWire de-risks their delivery by bringing Synozur upstream.
   - **Structure:** Informal referral agreement (Q2) → formalize with revenue-share or finder's fee structure (Q3) if volume justifies.
   - **Preconditions:** Clear role definitions (Synozur owns strategy/change, WinWire owns technical execution), client permission for collaboration, agreed communication protocols to avoid mixed messages.

2. **Subcontracting / Teaming Arrangements (Q2-Q3 Pilot)**  
   - **Model:** Synozur prime on transformation engagements, subcontract specific technical work-packages to WinWire (e.g., AI platform evaluation, data architecture design, technical roadmap validation). Synozur maintains client relationship and strategic narrative.
   - **Reverse (Lower Probability):** WinWire prime on large technical implementations, subcontract change management, organizational design, or executive alignment to Synozur. Risk: WinWire may prefer cheaper change management vendors or attempt in-house.
   - **Preconditions:** Successful Q1-Q2 referral pilot, compatible contracting terms, insurance/legal clearance, client acceptance of teaming model.

3. **Co-Marketing / Thought Leadership (Q3-Q4)**  
   - **Joint Webinars:** ""AI Strategy + Execution: Avoiding the $10M Implementation Graveyard"" targeting CIOs/COOs. Synozur addresses strategic alignment and change adoption, WinWire addresses technical execution and platform selection.
   - **Co-Authored Content:** Whitepaper or case study (anonymized or with client permission) demonstrating successful collaboration.
   - **Event Co-Sponsorship:** Co-sponsor booth or speaking slot at Microsoft or industry events (healthcare IT, fintech innovation conferences).
   - **Preconditions:** Aligned messaging (see ""How to Speak To Them""), legal review of co-marketing terms, agreement on lead distribution.

4. **Mutual Learning / Best Practices Exchange (Ongoing, Low-Key)**  
   - **Format:** Quarterly ""lunch and learn"" (virtual or in-person if travel permits) where Synozur shares insights on organizational readiness patterns and WinWire shares technical feasibility trends (e.g., ""what we're seeing in Agentic AI adoption""). Builds relationship depth and mutual respect.
   - **Preconditions:** Trust established, willingness to share non-confidential insights.

**What Is Plausible:**  
Referral partnership and selective subcontracting are **highly plausible**—these require minimal investment, low integration complexity, and address real pain points (Synozur needs technical execution capacity, WinWire benefits from de-risked implementations and upstream access). Co-marketing is **plausible if chemistry develops** in Q1-Q2.

**What Is Fantasy:**  
- **Deep Product/Platform Integration:** Synozur's Vega/Orion frameworks are proprietary advisory tools, not software platforms requiring technical integration with WinWire's delivery systems. No technical integration surface exists.
- **Joint Venture or Equity Partnership:** No strategic rationale for shared ownership given complementary (not convergent) capabilities and lack of shared product/market expansion thesis.
- **Exclusive Partnership:** Neither party benefits from exclusivity—Synozur needs flexibility to partner with AWS/Google-focused implementers, WinWire needs multiple strategic advisory referral sources.

**Preconditions Before Formal Partnership Outreach:**  
1. Complete Q1 exploratory conversations and confirm cultural/philosophical alignment (human-centered transformation vs. technology-first approach).
2. Identify at least one concrete near-term opportunity (named prospect or active client) where collaboration would create mutual value—use as pilot to prove model.
3. Conduct conflict check: ensure no active competitive situation in shared target accounts that would poison partnership discussion.
4. Legal/contracts review to confirm compatible teaming structures, insurance, IP ownership, confidentiality requirements.

## How to Sell To Them

**Premise:** WinWire's growth trajectory (500-1,000 employees since 2011, Fortune 500 client focus) suggests they face classic mid-market scaling challenges—operational inconsistency, execution gaps, governance strain, resource allocation conflicts—that Synozur's operating model and transformation services address. They are a legitimate prospect, though sales cycle will be longer (consultants are notoriously difficult clients) and competitive dynamics create complexity.

**Entry Points (Departments / Personas):**

1. **Chief Operating Officer / Head of Delivery Operations (Primary)**  
   - **Pain Points:** Delivery inconsistency across projects, resource utilization gaps, difficulty scaling repeatable methodology, project margin variability, talent retention challenges.
   - **Synozur Wedge:** ""Operating Model & Cadence Build"" (per GTM plan)—design target operating model, decision rights, governance, KPI tree, delivery playbook standardization.

2. **CEO / President (Economic Buyer)**  
   - **Pain Points:** Strategic clarity for next growth phase (scale to 2,000+ employees?), capital efficiency, competitive positioning in crowded AI services market, cultural cohesion during rapid hiring.
   - **Synozur Wedge:** ""Alignment-to-Action Sprint""—strategic roadmap, operating risks assessment, growth scenario modeling.

3. **Chief People Officer / Head of Talent (Influencer)**  
   - **Pain Points:** Engineering talent retention (competing with hyperscalers), onboarding consistency, career pathing, performance management at scale, culture dilution.
   - **Synozur Wedge:** Organizational design and talent framework development integrated with operating model work.

4. **VP of Business Development / Alliances (Indirect Entry)**  
   - **Pain Points:** Partner ecosystem complexity, unclear criteria for when to team vs. compete, deal structuring inefficiency.
   - **Synozur Wedge:** Partnership strategy and governance framework—create clarity on teaming models, partner selection, conflict resolution.

**Discovery Questions:**

- ""As you've scaled from startup to 500-1,000 people, where do you see the biggest gaps between your strategic ambitions and operational execution?"" (Assess self-awareness of operating model strain.)
- ""How consistent is delivery quality and margin performance across your project portfolio? What's driving the variability?"" (Surface process/governance gaps.)
- ""When you win a new Fortune 500 logo, how confident are you that the delivery experience will match the sales promise?"" (Delivery consistency pain point.)
- ""What does success look like for WinWire in 3 years—same market/bigger scale, or new capabilities/markets? What operational capabilities need to be in place to get there?"" (Strategic alignment and roadmap needs.)
- ""How do you currently make build-vs.-buy-vs.-partner decisions for new capabilities—is there a clear framework or more art than science?"" (Governance and decision-rights opportunity.)
- ""What's your biggest competitor for engineering talent, and how do you differentiate employee value proposition?"" (Talent strategy and culture needs.)

**Proof Points That Resonate:**

- **Mid-Market Professional Services Transformations:** Case studies (even anonymized) of similar-scale services firms where Synozur improved delivery consistency, resource utilization, or margin performance. Emphasize quantitative outcomes (e.g., ""reduced project overruns by 30%,"" ""improved billable utilization from 65% to 78%"").
- **Proprietary Frameworks (Vega/Orion):** Demonstrate structured, proven methodology vs. generic consulting—appeals to their engineering mindset and desire for replicability.
- **Empathetic, Tailored Approach:** Position as antidote to ""big consulting firm"" experience they likely resent—""we know you're consultants too, so we won't treat you like a typical client; this is peer-to-peer problem-solving.""
- **Woman-Owned Certification and Values Alignment:** If WinWire has diversity/inclusion goals or supplier diversity initiatives, Synozur's woman-owned status is differentiator.
- **Speed and Pragmatism:** Services firms value fast time-to-impact and ""no BS"" directness—emphasize 2-4 week sprints and bias toward action vs. endless diagnosis.

**Wedge Offer:**  
**""Scaling Operating Model Assessment"" (3-Week Engagement, Fixed Fee)**  
- Diagnostic of current operating model, governance, and delivery consistency.  
- Identify top 3-5 operational constraints to next phase of growth.  
- Deliver actionable recommendations with prioritized 6-12 month roadmap.  
- **Pricing:** $40K-$60K (low-risk pilot, senior Synozur team engagement, builds trust for larger operating model redesign or transformation PMO work).

**Procurement Gotchas to Anticipate:**

- **""Consultant Skepticism"":** WinWire employees are consultants themselves—they will be hyper-critical of methodology rigor, value justification, and avoiding generic platitudes. Expect tough discovery conversations and demands for specificity.
- **Internal ""We Can Do This Ourselves"" Resistance:** Their technical and problem-solving talent may resist external help. Counter: ""You could build this, but is it the highest-value use of your leadership bandwidth when you could be winning clients? We de-risk and accelerate.""
- **Competitive Sensitivity:** They may hesitate to share internal operational details with a potential competitor. Address upfront with NDA, clear boundaries on competitive separation (advisory vs. implementation), and emphasis on confidentiality/trust.
- **Budget Authority Ambiguity:** In services firms, budgets are often project-driven vs. centralized operational investment. Identify who controls ""corporate development"" or ""operational excellence"" budget vs. assuming COO/CEO has discretionary spend authority.
- **Relationship Complexity:** If simultaneously pursuing partnership (cooperate) and sales (sell to), navigate carefully—don't let sales pitch undermine partnership trust. Sequence: establish partnership rapport first (Q1-Q2), then explore advisory engagement as separate conversation (Q3-Q4).

**Timing:**  
Best approach window is **Q3-Q4 2026**, after partnership relationship is established and Synozur has demonstrated value through referrals or collaboration. Approaching too early (Q1) risks appearing opportunistic or predatory.

## How to Compete With Them

**Competitive Context:**  
Direct competition occurs when both Synozur and WinWire are being evaluated for **transformation strategy, operating model design, or organizational change** work—scenarios where WinWire attempts to expand upstream from implementation into advisory. This is **low-frequency today** (WinWire is primarily implementer) but **rising probability** as they seek margin expansion and earlier client access. Synozur must win the strategic framing before clients default to technology-first solutions.

**Win Themes (When Competing Head-to-Head):**

1. **""Strategy Before Solutions—Why Technology-First Transformations Fail""**  
   - **Narrative:** WinWire brings world-class technical execution, but transformation fails when organizations jump to AI implementation before clarifying strategic intent, aligning operating model, and preparing people for change. ""You don't need faster technology deployment—you need the *right* technology deployed in service of a *clear* North Star with an organization *ready* to adopt it.""
   - **Proof Point:** Industry stats on AI/digital transformation failure rates (70%+ fail due to organizational readiness, not technology), and Synozur's frameworks (Vega/Orion) that connect strategy to execution.

2. **""Empathetic Transformation vs. Engineering-Led Change""**  
   - **Narrative:** WinWire's ""AI-first"" and platform engineering DNA is strength for implementation, but transformation is fundamentally about people, culture, and change adoption—not technology architecture. Synozur's human-centered, tailored approach ensures stakeholder buy-in and sustainable change vs. ""deploy the platform and hope employees figure it out.""
   - **Proof Point:** Change adoption metrics from past engagements, testimonials emphasizing empathetic partnership, woman-owned perspective bringing inclusive problem-solving.

3. **""Boutique Expertise vs. Scale-Driven Methodology""**  
   - **Narrative:** WinWire's 500-1,000 employee scale and Fortune 500 factory model means cookie-cutter solutions and junior delivery teams. Synozur delivers Fortune 500 transformation expertise with direct senior-level engagement and custom-tailored approaches—no bait-and-switch.
   - **Proof Point:** Team bios showing Fortune 500 credentials, client testimonials on senior engagement, case studies demonstrating customization.

4. **""Proven Transformation Frameworks (Vega/Orion) vs. Implementation Playbooks""**  
   - **Narrative:** Synozur brings proprietary strategic frameworks (Vega/Orion) that have guided dozens of transformations from vision to measurable outcomes. WinWire brings Microsoft partnership and technical expertise, but lacks strategic IP and transformation methodology depth.
   - **Proof Point:** Framework documentation (Vega/Orion visuals), case studies showing framework application, client retention showing multi-phase strategic partnership.

5. **""Organizational Outcome Accountability vs. Technology Delivery""**  
   - **Narrative:** WinWire will deliver the platform on time and on budget (technical success), but Synozur owns the business outcome—EBITDA improvement, cycle time reduction, customer satisfaction, talent retention. We measure success by organizational transformation, not software deployment milestones.
   - **Proof Point:** Outcome-based pricing models, continuous support and benefits tracking, clear success metrics tied to business KPIs.

**Positioning Contrasts (Message in Sales Conversations, Not Public Marketing):**

| **Dimension**               | **Synozur**                                      | **WinWire**                                   |
|-----------------------------|--------------------------------------------------|-----------------------------------------------|
| **Primary Expertise**       | Strategic transformation, operating model design | AI implementation, platform engineering       |
| **Engagement Starting Point** | North Star, strategic clarity, org alignment   | Technology deployment, cloud modernization    |
| **Success Metric**          | Business outcomes (EBITDA, NPS, retention)       | Technical delivery (on time, on budget)       |
| **Approach**                | Human-centered, empathetic, tailored             | Technology-first, engineering-driven          |
| **Team Model**              | Senior advisors, boutique attention              | Scalable delivery teams, leveraged model      |
| **Methodology**             | Proprietary frameworks (Vega/Orion)              | Microsoft partnership, best-practice playbooks|
| **Change Enablement**       | Integrated from day one                          | Bolt-on or out-of-scope                       |

**Traps to Set (Expose WinWire Weaknesses):**

1. **""What's Your Change Management Approach?""**  
   - Force WinWire to articulate how they ensure organizational adoption, stakeholder alignment, and behavior change—likely weak spot. If they deflect or suggest ""client leads change,"" highlight Synozur's integrated change enablement.

2. **""Walk Us Through Your Strategic Transformation Framework""**  
   - Ask for proprietary methodology or IP—if they reference Microsoft frameworks or generic ""agile delivery,"" contrast with Synozur's Vega/Orion.

3. **""How Do You Tailor Your Approach to Our Unique Culture and Operating Model?""**  
   - Expose scale-driven, templatized approach. If they describe customization as ""configuration"" of standard offerings, highlight Synozur's truly bespoke design.

4. **""What Business Outcomes Can You Guarantee, and How Do You Measure Transformation Success Beyond Technology Deployment?""**  
   - Push them to define success in organizational/business terms vs. technical milestones—likely uncomfortable territory.

**Traps to Avoid (Don't Play to WinWire's Strengths):**

1. **Don't Compete on Technical Implementation Depth**  
   - Synozur is not an AI engineering firm. If client conversation over-rotates to platform selection, data architecture, or Azure vs. AWS, Synozur loses home-field advantage. **Pivot:** ""Those are critical technical decisions, and partners like WinWire are excellent at execution. Our role is ensuring those decisions serve a coherent strategy and an organization ready to adopt them. Let's start with strategic clarity.""

2. **Don't Compete on Price for Implementation Work**  
   - WinWire can deploy larger, more cost-efficient offshore/nearshore engineering teams. Synozur cannot win a price war on technical delivery. **Stay in strategic advisory lane** and refer implementation work (possibly to WinWire if partnership exists) rather than stretching into low-margin technical execution.

3. **Don't Trash WinWire's Microsoft Partnership or Technical Credentials**  
   - Their Microsoft partnership and Fortune 500 technical delivery are legitimate strengths. Disparaging them undermines credibility. **Instead:** Acknowledge their technical excellence, then position Synozur as complementary upstream strategic partner.

4. **Don't Over-Promise AI/Technical Expertise**  
   - Synozur's positioning is AI-augmented (tools to accelerate advisory work), not AI implementation. Don't stretch into claims about deploying Agentic AI systems or building data platforms—client will see through it and WinWire will exploit.

**Pricing Posture:**

- **Premium Positioning:** Synozur prices at advisory/strategy premium (McKinsey/Bain-adjacent rates, adjusted for boutique scale), not implementation/staff-augmentation rates (where WinWire competes). Emphasize value-based pricing tied to outcomes.
- **Avoid Hourly Rate Comparisons:** If client forces rate comparison, WinWire's blended rates (including offshore/junior resources) will appear lower. **Reframe:** ""Our pricing reflects senior strategic expertise and outcome accountability, not time-and-materials staff augmentation. You're buying transformation results, not hours.""
- **Packaged Offers:** Use fixed-fee productized offers (Alignment Sprint, Operating Model Build) to avoid apples-to-apples hourly rate shootouts.

**Which Deals to Walk Away From:**

1. **Pure Technical Implementation RFPs (No Strategic Scope)**  
   - If procurement RFP is for Azure migration, AI platform deployment, data modernization with no strategic/organizational component, **decline and refer to WinWire or similar**. Synozur loses on price and relevance.

2. **Clients Who Have Already Decided on Technology-First Approach**  
   - If client has pre-committed to specific AI platform or technical solution and is seeking execution vendor, strategic advisory window has closed. **Walk away or attempt to reopen strategic conversation at exec level**—otherwise, Synozur is expensive overhead.

3. **Procurement-Driven, Lowest-Bidder Scenarios**  
   - If client treats transformation as commodity procurement exercise (strict RFP format, lowest-price-technically-acceptable evaluation), Synozur's tailored, relationship-driven model doesn't fit. **Politely decline:** ""Our approach requires collaborative partnership and outcome focus; we're not the right fit for a pure procurement process.""

4. **Situations Where WinWire Is Incumbent and Owns Client Relationship**  
   - If WinWire has multi-year implementation relationship and deep client trust, displacing them in strategic role is uphill battle. **Instead:** Pursue partnership model where Synozur complements WinWire's work (if they're receptive), or walk away to avoid protracted, low-probability sales cycle.

5. **Clients Who Won't Invest in Change Management / Organizational Readiness**  
   - If client only wants strategy PowerPoint with no implementation support or change enablement, they'll likely hire WinWire or similar for cheap execution and blame advisors when transformation fails. **Require commitment to integrated change enablement or decline.**

## How to Speak To Them

**Tone and Voice Guidance:**

- **Peer-to-Peer, Not Vendor-to-Client:** WinWire is a fellow professional services firm. Speak to them with the respect and directness you'd use with a colleague, not a sales target. Avoid condescension or over-selling. Use collaborative language: ""we're both solving complex problems for enterprises; let's explore where our capabilities align.""
  
- **Empathetic and Curious:** Consistent with Synozur's brand voice, approach with genuine curiosity about their challenges, goals, and perspective. Ask questions, listen actively, acknowledge their expertise. Avoid positioning as ""we have all the answers.""

- **Confident but Humble:** Assert Synozur's strategic expertise and proprietary frameworks confidently, but acknowledge WinWire's technical strengths. ""You clearly own the AI implementation space; our strength is the upstream strategic and organizational work that sets implementation up for success.""

- **Business-Outcome-Focused, Not Jargon-Heavy:** Use plain language (12th-grade reading level per brand voice). Avoid academic consulting jargon or buzzwords. Focus on measurable outcomes—EBITDA, cycle time, employee retention, customer satisfaction—not abstract ""digital transformation"" or ""synergies.""

- **Transparent About Boundaries:** Be explicit about where Synozur plays vs. where WinWire plays. ""We're not trying to become an AI implementation shop, and we assume you're not trying to become a strategy boutique. Let's define the collaboration boundary clearly.""

**Vocabulary to Embrace:**

- **Synozur's Brand Language (from brand voice doc):** ""Empathetic,"" ""tailored,"" ""human-centered,"" ""North Star,"" ""making the desirable achievable,"" ""strategic clarity,"" ""organizational alignment,"" ""outcome-focused,"" ""partnership,"" ""Vision Made Viable.""
- **Collaboration Language:** ""Complementary,"" ""co-create,"" ""mutual value,"" ""shared success,"" ""ecosystem,"" ""referral partner,"" ""de-risk,"" ""upstream/downstream.""
- **Differentiation Language (when competing):** ""Strategic transformation vs. technical implementation,"" ""people-centered vs. technology-first,"" ""organizational readiness,"" ""change adoption,"" ""tailored vs. templated,"" ""outcome accountability vs. delivery milestones.""

**Vocabulary to Avoid:**

- **""AI-first"" or ""Technology-first"":** This is WinWire's language. Synozur is ""strategy-first, human-centered, AI-augmented."" Don't adopt their framing.
- **""Implementation partner"" (when referring to Synozur):** Positions Synozur as downstream/subordinate. Use ""strategic advisory partner"" or ""transformation partner.""
- **Aggressive Competitive Language:** ""Better than,"" ""unlike WinWire,"" ""WinWire can't do X."" Keep competitive positioning implicit and professional. Only contrast in private sales settings, never in public marketing or social media.
- **Jargon Overload:** ""Synergies,"" ""digital transformation,"" ""disruption,"" ""paradigm shift,"" ""best-of-breed,"" ""thought leadership"" (overused). Use concrete, outcome-oriented language instead.

**Direct vs. Indirect References:**

- **In Private 1:1 Conversations (Sales, Partnership Discussions):** Direct, named references are fine. ""We see WinWire as a strong technical implementation partner; where we differ is the upstream strategic work.""
- **In Marketing Content (Blog Posts, Webinars, Social Media):** Avoid naming WinWire. Use category references: ""AI implementation firms,"" ""platform engineering partners,"" ""Microsoft ecosystem partners."" Position Synozur's differentiation thematically (strategy vs. implementation) without calling out specific competitors.
- **In Public Speaking / Conference Presentations:** Same as marketing—category-level positioning, no direct call-outs. If asked directly ""How do you differ from WinWire?"" in Q&A, give respectful answer: ""WinWire does excellent technical implementation work. Our focus is the strategic and organizational foundation that makes those implementations succeed.""
- **In Analyst Conversations (Gartner, Forrester, etc.):** Acknowledge WinWire as part of the ecosystem (""strong Microsoft implementation partner"") but clearly delineate Synozur's strategic advisory positioning. Analysts appreciate clarity on positioning and partnership vs. competition.
- **Press Inquiries:** If journalist asks about WinWire, offer neutral-to-positive statement: ""WinWire is a capable AI implementation firm focused on Fortune 500 technical delivery. Synozur's work is complementary—we focus on transformation strategy, operating model design, and organizational alignment that precedes and enables successful technology adoption.""

**Social Media Engagement:**

- **LinkedIn (Primary Channel):** Engage with WinWire's non-competitive content (AI industry trends, Microsoft announcements, company milestones) through likes or brief, constructive comments. Demonstrates professionalism and openness to collaboration.
- **Do Not Engage:** On WinWire posts that position against ""traditional consultants"" or claim strategic advisory capabilities—engagement legitimizes the positioning. Ignore and monitor.
- **Tag Protocol:** In partnership scenarios (joint webinar, co-authored content), tag @WinWire appropriately. In competitive scenarios, do not tag or reference—maintain separation.

**Sample Lines (for Different Stakeholders):**

**For Synozur Sales Rep (in competitive deal):**  
> ""WinWire brings deep Microsoft partnership and AI engineering expertise—they're excellent at deploying platforms. Where we're different is the","{""focus"": [], ""posture"": null, ""customGuidance"": """", ""versionHistory"": []}",generated,2026-05-06 16:37:18.061,,d9f6861d-f090-4103-8bb2-a5c8489552b5,d9f6861d-f090-4103-8bb2-a5c8489552b5,2026-05-06 16:27:46.451503,2026-05-06 16:37:18.061,42319cb6-469b-4ac8-b2ed-429651822fb9
424b8da7-61cd-465f-917f-907432ac780b,synozur.com,137db123-4906-4e61-af99-f0d23d86a622,37d74323-ec27-4651-bf69-7bd164c175cf,,Navajo Nation,https://www.navajo-nsn.gov/,Relationship Plan: Navajo Nation,"# 12-Month Relationship Plan: Navajo Nation

## Executive Summary

Navajo Nation represents a **unique sovereign government partnership opportunity** rather than a traditional B2B sales prospect. The recommended posture is **Observe and Selectively Cooperate**, with a long-term view toward mission-aligned public service engagement. The Synozur Alliance should approach this relationship with deep cultural humility, patience, and a focus on listening before proposing. This quarter's most important action is **relationship mapping and education**: identifying existing connections to Navajo Nation leadership, understanding current tribal priorities and sovereignty considerations, and determining whether Synozur has the cultural competency and mission alignment to serve effectively. Any engagement must be human-centered, respectful of tribal sovereignty, and designed for genuine partnership—not transactional consulting.

## Relationship Posture Assessment

**Primary Posture: Observe and Selectively Cooperate (12-18 month horizon)**

Navajo Nation is a sovereign tribal government serving approximately 300,000+ citizens across a 27,000-square-mile territory spanning Arizona, New Mexico, and Utah. This is fundamentally **not a traditional commercial relationship**. The dominant posture must be **observation and selective cooperation** because:

1. **Sovereignty and cultural respect requirements**: Tribal nations operate under unique governmental structures with complex federal/tribal legal frameworks. Synozur has no demonstrated track record in tribal government consulting visible in the provided materials, and entering this space without cultural competency would be reputationally damaging and ethically problematic.

2. **Mission alignment uncertainty**: While Synozur's empathetic, human-centered approach *could* align with tribal values emphasizing community and holistic well-being, we have no evidence that our proprietary frameworks (Vega, Orion) have been tested or adapted for sovereign tribal government contexts.

3. **Procurement and funding complexity**: Tribal government procurement often involves federal grant compliance (BIA, IHS, HUD), tribal council approval processes, and funding structures unfamiliar to typical mid-market commercial engagement models.

**Secondary Postures (conditional):**

- **Engage (pro bono/relationship-building)**: If Synozur identifies existing trusted relationships with Navajo Nation leadership or discovers mission-aligned tribal priorities (e.g., organizational capacity building, economic development infrastructure), initiate listening-focused conversations with zero sales pressure.
  
- **Sell To (12+ months out)**: Only after establishing cultural competency, demonstrating value through smaller pilot projects, and receiving explicit invitation from tribal leadership to propose paid advisory work.

**Posture Change Triggers:**
- Synozur hires advisors with demonstrated tribal government expertise and existing Navajo Nation relationships.
- Navajo Nation publicly announces transformation initiatives (e.g., economic development office reorganization, inter-departmental strategic planning) that explicitly seek outside advisory support.
- A trusted intermediary (existing client, partner organization) provides a warm introduction and cultural guidance.

## Strategic Read on Navajo Nation

**What They Want:**
Based on typical sovereign tribal government priorities (no specific intelligence provided), Navajo Nation likely seeks:

- **Sovereignty reinforcement**: Systems, processes, and organizational structures that strengthen self-governance and reduce dependency on federal bureaucracy.
- **Economic self-sufficiency**: Diversified economic development, improved service delivery efficiency, and infrastructure to support citizen well-being (healthcare, education, public safety, utilities).
- **Cultural preservation within modernization**: Operational improvements that honor Diné values, language, and traditional governance while adopting effective modern management practices.
- **Capacity building for tribal staff**: Sustainable internal capabilities rather than perpetual consultant dependency.

**Where They Are Headed:**
Without access to Navajo Nation strategic plans, we can infer from broad tribal government trends:

- Modernization of government operations (digital transformation, data infrastructure, inter-agency coordination).
- Economic development diversification (beyond energy/resource extraction into tourism, tech, green energy).
- Healthcare and social service delivery improvements (IHS facilities, behavioral health, elder care).
- Infrastructure resilience (water, broadband, housing, renewable energy).

**What They Are Afraid Of:**
- **Loss of sovereignty**: External partners who don't respect tribal authority or impose solutions without community input.
- **Cultural erosion**: Modernization efforts that undermine traditional values, language, or governance structures.
- **Extractive relationships**: Consultants who take tribal resources (knowledge, data, funding) without delivering lasting value or building internal capacity.
- **Failed implementations**: Change initiatives that destabilize services to vulnerable populations or waste limited resources.

**Their Tells (What We Should Watch):**
- **Tribal Council resolutions and meeting minutes** (often public): Signal strategic priorities, new initiatives, or requests for proposals.
- **Leadership transitions**: New executive branch officials (President, Vice President) or departmental directors often bring transformation mandates.
- **Federal funding announcements**: Infrastructure grants, healthcare funding, economic development programs create transformation windows.
- **Public statements emphasizing ""self-determination""** or **""nation-building""**: Indicate readiness for sovereignty-strengthening partnerships.

**Evidence Gap**: We have *no direct intelligence* on current Navajo Nation transformation priorities, recent consulting engagements, or leadership attitudes toward external advisors. All of the above is inference from general tribal government dynamics.

## How to Engage

**Engagement Philosophy: Relationship-First, Multi-Year Horizon, Zero Pressure**

Synozur should engage Navajo Nation only if we can do so with cultural humility, patience, and genuine mission alignment. This is not a 90-day sales cycle.

**Year 1 Engagement Plays:**

1. **Relationship Mapping & Cultural Education (Q1-Q2)**
   - **Who initiates**: CEO/Founder (if personal connection exists) or Director of Partnerships.
   - **Action**: Identify any existing Synozur network ties to Navajo Nation (board members, clients with tribal partnerships, Bothell/Seattle/Southwest professional networks).
   - **Invest in cultural competency**: Team members complete cultural humility training specific to Diné Nation; read ""Navajo Nation Code,"" study tribal governance structures, engage Native American business organizations (e.g., National Center for American Indian Enterprise Development).
   - **Cadence**: Internal learning; no external Navajo Nation contact unless trusted relationship exists.

2. **Community Presence in Native American Business Ecosystems (Q2-Q3)**
   - **Who initiates**: Synozur CEO or Partnerships Lead.
   - **Events/Communities**:
     - *Reservation Economic Summit (RES)* – annual national conference on tribal economic development.
     - *National Congress of American Indians (NCAI)* events.
     - *Native American Finance Officers Association (NAFOA)* conferences.
     - Regional tribal business councils or Southwest tribal government associations.
   - **Posture**: Attend as learner, not seller. Listen to tribal leader panels, understand current challenges, and build genuine relationships without pitching services.
   - **Cadence**: 2-3 events/year; follow-up conversations with tribal leaders only if mutual interest is expressed.

3. **Intermediary and Partner Discovery (Q2-Q4)**
   - **Who initiates**: Synozur Partnerships team.
   - **Action**: Identify non-profits, universities, or consultancies already trusted by Navajo Nation (e.g., Harvard Project on American Indian Economic Development, Native-owned consulting firms, regional universities with tribal partnerships). Explore collaboration or subcontracting opportunities where Synozur could support without being the primary relationship.
   - **Cadence**: Quarterly check-ins; relationship-building over 12-18 months.

4. **Thought Leadership Relevant to Tribal Governments (Q3-Q4)**
   - **Who initiates**: Synozur Marketing/Content team.
   - **Action**: If cultural competency is established, publish thought leadership (blog, white paper) on topics relevant to sovereign government transformation—*with explicit acknowledgment of tribal sovereignty and cultural considerations*. Share in tribal business networks for feedback before broad distribution.
   - **Cadence**: 1-2 pieces in Year 1; gauge reception before scaling.

**Who Should NOT Initiate Cold Outreach:**
- Junior sales reps conducting mass LinkedIn outreach.
- Generic ""government services"" marketing campaigns that lump tribal nations with state/local government.

## How to Cooperate

**Realistic Cooperation Surfaces (12-24 Month Horizon):**

1. **Partnership with Native-Owned Consulting Firms**
   - **Opportunity**: Synozur could provide AI-augmented tools (Vega/Orion frameworks adapted for tribal context), organizational design expertise, or specific capabilities (e.g., change management, experience design) to Native-owned firms already trusted by Navajo Nation.
   - **Plausibility**: HIGH—this respects cultural expertise and existing relationships while allowing Synozur to contribute specific capabilities.
   - **Preconditions**: 
     - Identify and build trust with 2-3 Native-owned or tribal-focused consultancies.
     - Demonstrate value through small pilot (possibly pro bono or co-investment).
     - Formalize partnership agreement with clear role delineation (Synozur as supporting capability, not lead brand).

2. **Academic/University Partnerships Serving Navajo Nation**
   - **Opportunity**: Collaborate with institutions like Diné College, University of New Mexico, Arizona State University, or Northern Arizona University on tribal capacity-building programs, organizational research, or economic development initiatives where Synozur provides practitioner expertise.
   - **Plausibility**: MEDIUM—universities often bridge tribal governments and external expertise; requires faculty relationships and mission-aligned research.
   - **Preconditions**: 
     - Identify university programs focused on tribal administration, economic development, or public policy.
     - Offer guest lectures, curriculum support, or joint research before pitching paid engagements.

3. **Ecosystem Plays via Federal/Foundation Grant Programs**
   - **Opportunity**: Navajo Nation pursues federal grants (e.g., EDA economic development, HHS healthcare transformation, DOT infrastructure) or foundation funding (e.g., Robert Wood Johnson Foundation, Bush Foundation) that allow for technical assistance partners. Synozur could be named as a TA provider in grant applications.
   - **Plausibility**: MEDIUM—requires early visibility into grant planning; Synozur would need to be known to Navajo Nation grant teams.
   - **Preconditions**: 
     - Develop relationships with federal/foundation program officers who work with tribal grantees.
     - Pre-qualify Synozur for technical assistance rosters (some federal programs maintain approved TA provider lists).

4. **Shared Standards/Knowledge Contribution**
   - **Opportunity**: Contribute to open-source tribal government management resources, frameworks, or toolkits (e.g., via NCAI, First Nations Development Institute).
   - **Plausibility**: HIGH—low-risk way to demonstrate value and cultural respect.
   - **Preconditions**: 
     - Synozur commits to making contributions freely available, crediting tribal thought leaders, and seeking Indigenous community feedback before publication.

**What Is Fantasy:**
- Direct co-marketing or logo partnership in Year 1.
- Joint product development without deep relationship foundation.
- Transactional referral arrangements (""you send us clients, we pay you a finder's fee"")—culturally inappropriate and likely legally problematic for government entities.

## How to Sell To Them

**Strategic Framing: This Is Public Service, Not a Sales Cycle**

If Synozur pursues paid advisory work with Navajo Nation, it must be positioned as **mission-aligned partnership for capacity building**, not transactional consulting. The decision to ""sell"" should only occur after 12-18 months of relationship investment.

### Entry Points (Departments/Personas)

**Highest-Potential Entry Points:**

1. **Office of the President and Vice President (Executive Branch)**
   - **Persona**: Chief of Staff, Policy Advisors, Transition Team (post-election).
   - **Trigger Events**: New administration, strategic planning cycles, cross-departmental transformation mandates.
   - **Wedge**: Organizational alignment and strategic roadmap services—helping new leadership translate campaign commitments into executable operating plans.

2. **Division of Economic Development (DED)**
   - **Persona**: Executive Director, Strategic Planning Lead.
   - **Trigger Events**: Economic diversification initiatives, new enterprise launches, tourism/small business development programs.
   - **Wedge**: Operating model design for new economic development entities; performance management frameworks for enterprise accountability.

3. **Department of Justice / Division of Public Safety**
   - **Persona**: Department leadership, reform initiative managers.
   - **Trigger Events**: Public safety reforms, inter-agency coordination challenges, victim services expansion.
   - **Wedge**: Cross-functional operating model improvements, stakeholder experience design (community + first responders).

4. **Health Services (Navajo Area Indian Health Service partnerships or tribal health entities)**
   - **Persona**: Hospital/clinic administrators, Navajo Department of Health leadership.
   - **Trigger Events**: Healthcare modernization, care coordination improvements, behavioral health expansion.
   - **Wedge**: Patient/staff experience design; operational efficiency improvements grounded in cultural context.

5. **Office of Management and Budget / Finance**
   - **Persona**: Budget Director, Performance Management teams.
   - **Trigger Events**: Budget modernization, performance-based budgeting adoption, cross-departmental KPI alignment.
   - **Wedge**: Synozur's Orion framework adapted for tribal government performance management.

### Discovery Questions (Culturally Adapted)

Standard Synozur discovery questions must be adapted to honor tribal sovereignty and cultural context:

- ""What does success look like for the Navajo people in [this initiative], and how will you know you're making progress?"" *(Outcome-focused, community-centered)*
  
- ""How does [this transformation priority] align with Diné values and the priorities articulated by tribal leadership?"" *(Cultural alignment check)*

- ""What internal capabilities do you want to build so that this work is sustained by your team long after we're gone?"" *(Capacity-building focus, not consultant dependency)*

- ""What past experiences—positive or negative—have you had with external advisors, and what did you learn from those engagements?"" *(Respect for history, surface trust barriers)*

- ""How do you navigate the balance between federal compliance requirements and tribal sovereignty in this work?"" *(Shows understanding of dual legal frameworks)*

- ""What decision-making and approval processes should we understand—Tribal Council committees, community input forums, departmental sign-offs—so we can design our support around your governance?"" *(Process respect)*

### Proof Points That Resonate

**(Significant Evidence Gap—Synozur must develop these if pursuing tribal government work)**

1. **Testimonials from other sovereign governments or mission-driven public sector clients** (if any exist—not visible in provided materials).
   
2. **Case studies showing sustained internal capacity building**, not just strategy documents that sit on shelves.

3. **Examples of cultural humility and adaptation**: ""We adapted our frameworks to honor [community values], incorporated [stakeholder group] feedback at every stage, and built [internal team capability] so they could sustain the work.""

4. **Demonstrated patience and relationship investment**: ""We spent six months listening before proposing a solution.""

5. **Transparent pricing and flexible models**: Tribal budgets are constrained and often grant-funded. Proof that Synozur can work within budget realities (phased engagements, outcome-based pricing, pro bono pilots) would be critical.

**Current Proof Gap**: Synozur's provided materials emphasize Fortune 500 and mid-market commercial clients. There is *no visible evidence* of public-sector, tribal government, or mission-driven non-profit work. This must be addressed before credible outreach.

### Procurement Gotchas to Anticipate

1. **Tribal Council Approval**: Major contracts typically require Tribal Council committee review and full Council approval. Plan for 60-90 day procurement cycles *after* initial agreement.

2. **Federal Grant Compliance**: If funding comes from federal sources (BIA, IHS, EDA, HUD), expect Buy Indian Act preferences, federal audit requirements, and restricted indirect cost rates.

3. **Buy Indian Act / Tribal Preference**: Navajo Nation procurement may give preference to Native American-owned businesses. Synozur (woman-owned, but not Native-owned) would need to partner with Native firms or demonstrate unique value not available from Native-owned competitors.

4. **Cultural and Community Input Requirements**: Expect community forums, chapter house meetings, or stakeholder input sessions as part of project approval and design.

5. **Scope Creep and Mission Expansion**: Tribal government challenges are deeply interconnected (economic, health, cultural, infrastructure). Clear scope boundaries and phased engagement models are critical.

6. **Payment Timing**: Government procurement often involves delayed payment cycles; Synozur must have cash flow tolerance.

### The Right ""Wedge"" Service for Navajo Nation

**Recommended Entry Offer (if relationship foundation exists):**

**""Strategic Alignment & Roadmap Sprint"" (adapted for tribal government context)**

- **Duration**: 4-6 weeks (compressed discovery + roadmap; respect for tribal budget constraints).
- **Scope**: Help a specific department or cross-functional initiative (e.g., economic development strategy, inter-agency coordination improvement, new program launch) move from vision to executable roadmap with clear milestones, decision rights, and success metrics.
- **Deliverables**: 
  - Current-state assessment (developed *with* tribal staff, not extractive interviews).
  - Prioritized roadmap co-created with stakeholders.
  - Capacity-building plan so tribal team can execute independently.
  - Cultural alignment check: recommendations reviewed with cultural advisors or elders if appropriate.
- **Pricing**: Transparent, fixed-fee (not day-rate ambiguity); potentially sliding scale or pro bono pilot for first engagement to build trust.
- **Differentiator**: ""We design for your team to own and sustain this work. Our success is measured by your team's capability growth, not our ongoing contract.""

**What NOT to Lead With:**
- ""AI-augmented transformation"" (may sound extractive or culturally disconnected without careful framing).
- Large-scale multi-year transformation programs (build trust first).
- Generic government consulting frameworks (must be culturally adapted).

## How to Compete With Them

**Navajo Nation is not a competitor.** This section is not applicable.

Navajo Nation is a sovereign government providing services to its citizens. There is no competitive dynamic. Any framing of Navajo Nation as a ""competitor"" would reflect a fundamental misunderstanding of tribal sovereignty and would be ethically and strategically inappropriate.

**If the question is ""How does Synozur differentiate from other consultancies pursuing tribal government work?""**, the competitive frame would be:

### Synozur's Differentiation in Tribal Government Advisory (vs. Other Consultancies)

**Competitors in this Space:**
- Large federal contractors (Deloitte, Booz Allen, ICF) with tribal practice areas.
- Native-owned consulting firms (e.g., Keweenaw Bay Ojibwa Community College consulting, First Nations Development Institute, Kauffman & Associates).
- Regional boutique firms with tribal specialization.
- Academic/university technical assistance programs.

**Synozur's Potential Advantages (if cultural competency established):**

1. **Human-Centered, Empathetic Approach vs. Transactional Contractors**
   - **Win Theme**: ""We design transformation *with* your team, not *to* them. Our woman-owned firm values relationship depth, cultural humility, and sustainable capacity-building over billable hour maximization.""
   - **Contrast**: Large federal contractors often deploy junior staff, use cookie-cutter playbooks, and prioritize contract renewals over client independence.

2. **AI-Augmented Efficiency with Cultural Adaptation**
   - **Win Theme**: ""We leverage AI to accelerate insights and planning—freeing up more time for community engagement, cultural consideration, and stakeholder input—not replacing human judgment.""
   - **Contrast**: Traditional consultancies burn budget on manual analysis; Synozur can deliver faster, more affordable sprints while maintaining quality.

3. **Boutique Attention, Not Bureaucracy**
   - **Win Theme**: ""You will work directly with senior strategists throughout the engagement. No bait-and-switch. No layers of account managers between you and the people doing the work.""
   - **Contrast**: Large firms delegate to junior staff after the pitch; Synozur's size allows direct senior engagement.

**Traps to Avoid:**

- **Don't compete on price alone**: Tribal budgets are constrained, but a race-to-the-bottom on price signals low value. Compete on *value per dollar* and creative pricing models.
  
- **Don't over-promise speed**: Tribal governance requires community input and Council approval. Promising ""quick wins"" that bypass cultural process will backfire.

- **Don't position against Native-owned firms**: If a Native-owned consultancy can do the work, they should. Synozur should partner or step aside, not compete.

**Deals to Walk Away From:**

- Any engagement where Synozur is being used to rubber-stamp a predetermined political decision without genuine strategic input.
- Projects that require cultural expertise Synozur does not possess and cannot access through partnership.
- Engagements where the tribal client expects Synozur to navigate federal/tribal legal complexities without tribal legal counsel involvement (scope risk).

## How to Speak To Them

**Voice Guidance: Respectful, Humble, Human-Centered, Sovereignty-Honoring**

Synozur's brand voice—empathetic, people-focused, tailored—aligns well with tribal engagement *if* we add explicit cultural humility and sovereignty awareness.

### Tone Adjustments for Navajo Nation Context

- **Deepen humility**: Move from ""confident but not boastful"" to ""confident in our capabilities, humble about what we don't know, and eager to learn.""
- **Emphasize partnership and co-creation**: Shift from ""we deliver solutions"" to ""we support your vision and build your team's capacity.""
- **Acknowledge sovereignty explicitly**: Never speak as if Navajo Nation is just another ""government client."" Use language that honors tribal self-determination.
- **Use ""listening"" and ""learning"" prominently**: More than in commercial contexts, emphasize Synozur's commitment to understanding before proposing.

### Vocabulary to Embrace

- **""Sovereignty,"" ""self-determination,"" ""nation-building""**: Signal understanding of tribal government unique status.
- **""Capacity-building,"" ""sustainable internal ownership""**: Emphasize long-term empowerment, not dependency.
- **""Co-create,"" ""co-design,"" ""partnership""**: Collaborative framing.
- **""Community,"" ""citizens,"" ""stakeholders""**: People-centered language.
- **""Cultural humility,"" ""honoring Diné values""**: (Only if Synozur has genuinely invested in cultural learning—otherwise this rings hollow.)
- **""Listening tour,"" ""discovery,"" ""learning""**: Before any proposal.

### Vocabulary to Avoid

- **""Vendor,"" ""service provider""**: Transactional framing.
- **""Best practices"" (without qualification)**: Implies one-size-fits-all; better to say ""practices adapted to your context.""
- **""Efficiency,"" ""cost-cutting"" as primary value**: Can sound extractive; frame as ""stewardship of resources for greater community impact.""
- **""Disruption,"" ""rapid transformation""**: May signal disrespect for existing systems and cultural continuity.
- **""Our proprietary frameworks""**: Sounds extractive unless immediately followed by ""which we will adapt with your input and transfer to your team.""
- **Generic ""government"" language**: Don't lump tribal nations with state/local government.
- **Any language suggesting Synozur ""knows better""**: Position as ""experienced partner who brings tools, your team brings context and decision-making authority.""

### Direct vs. Indirect References

**In Marketing Materials:**
- **Avoid** listing ""Navajo Nation"" as a client or case study unless explicit written permission is granted *and* cultural protocol is followed (some tribal nations restrict use of their name/logo).
- **Avoid** generic ""government clients"" language that implies tribal governments are included without permission.
- **If relationship develops**, seek guidance from Navajo Nation communications team on appropriate acknowledgment.

**In Sales Conversations with Other Prospects:**
- **Do not** reference Navajo Nation exploratory conversations as ""proof of tribal government expertise"" unless relationship is formalized and permission granted.
- **Do** say (if true): ""We are investing in understanding how our approach can serve sovereign tribal governments, and we're building relationships with Native-owned consultancies and tribal business organizations to ensure we approach this work with cultural humility.""

**In Public Statements / Thought Leadership:**
- **Do** acknowledge tribal sovereignty and unique governance structures when discussing public-sector transformation broadly.
- **Do** credit Indigenous thought leaders and tribal experts if discussing tribal government topics.
- **Don't** position Synozur as a ""tribal government expert"" without demonstrated track record.

**In Social Media Engagement:**
- **Do** follow and amplify Navajo Nation official accounts, tribal business organizations, and Indigenous thought leaders (listening posture).
- **Don't** tag Navajo Nation or comment on their posts in a sales-y way.
- **Do** engage authentically on topics of mutual interest (e.g., economic development, organizational resilience, community-centered design) without pitching.

### Sample Lines

**For a Synozur CEO in an Exploratory Conversation with Navajo Nation Leadership:**

1. *""We recognize that tribal nations have unique governance structures and cultural contexts that require deep respect and humility. We're here to listen and learn about your priorities first, and only explore how we might support if there's genuine alignment.""*

2. *""Our firm's core value is making the desirable achievable—but we believe 'desirable' is defined by your community and leadership, not by us. Our role would be to bring tools and frameworks that we'd adapt with your team, and then transfer ownership so you sustain the work.""*

3. *""We've worked with [Fortune 500 / mid-market clients], but we know sovereign tribal government is different. We'd want to partner with advisors who have cultural expertise and existing trust in your community, and we'd contribute specific capabilities where we can add value without overstepping.""*

**For a Synozur Partnerships Lead Speaking to a Native-Owned Consultancy:**

4. *""We're exploring how Synozur's organizational design and AI-augmented planning tools could support firms like yours who already have deep tribal relationships. We'd see you as the lead relationship and cultural expert, and we'd provide specific technical capabilities as a sub-partner—if that model is interesting to you.""*

**For a Synozur Marketer Writing Thought Leadership:**

5. *""Tribal nations are leading the way in integrating cultural values with modern governance. Organizations seeking to balance mission, community impact, and operational effectiveness can learn from the sovereignty and self-determination priorities that guide tribal nation-building."" (Acknowledges tribal leadership; positions as learning from, not teaching to.)*

**What a Synozur Sales Rep Should NOT Say:**

❌ *""We've helped dozens of government clients transform operations—we'd love to bring that expertise to Navajo Nation.""* (Lumps tribal government with generic government; assumes transferability without cultural adaptation.)

❌ *""Our AI-powered tools will revolutionize your operations.""* (Sounds extractive and tech-centric, not people-centered.)

❌ *""We're the best in the business at transformation.""* (Boastful; doesn't acknowledge cultural learning needed.)

## When to Steer Clear

Synozur should **steer clear or disengage** in the following situations:

### 1. **If Synozur Cannot Commit to Cultural Competency and Long-Term Relationship Investment**

**Scenario**: Leadership views Navajo Nation as a ""growth opportunity"" or ""new vertical"" without willingness to invest 12-18 months in relationship-building, cultural learning, and potential pro bono / low-margin pilots.

**Risk**: Reputational damage to Synozur (seen as extractive or culturally insensitive); wasted time for Navajo Nation (another consultant who doesn't understand tribal context); potential harm to future opportunities with other tribal nations.

**Right Move**: Do not initiate contact. If inquiries come inbound, politely acknowledge capacity constraints and offer to refer to consultancies with tribal expertise.

### 2. **If Synozur Lacks Cultural Advisors or Native Partnership**

**Scenario**: Synozur attempts to engage Navajo Nation directly without team members who have tribal government experience and without partnership with Native-owned firms or cultural advisors.

**Risk**: Proposing solutions that don't fit cultural context; violating cultural protocols; being perceived as arrogant or extractive.

**Right Move**: Pause external engagement until Synozur has built advisory relationships or hired team members with demonstrated tribal government expertise.

### 3. **If the Engagement Requires Legal/Regulatory Expertise Synozur Does Not Possess**

**Scenario**: Navajo Nation requests support on matters deeply intertwined with federal Indian law, tribal sovereignty litigation, federal grant compliance (beyond Synozur's normal scope), or jurisdictional issues.

**Risk**: Scope creep into legal/regulatory domains where Synozur is not qualified; liability exposure.

**Right Move**: Clearly scope boundaries and refer to specialized tribal law firms or federal compliance consultancies. Partner if appropriate, but don't overreach.

### 4. **If the Project Would Require Synozur to Navigate Internal Tribal Political Dynamics**

**Scenario**: Engagement becomes entangled in Tribal Council political disputes, inter-departmental conflicts rooted in governance structure, or community controversies where Synozur lacks cultural standing to mediate.

**Risk**: Synozur becomes a political tool or scapegoat; reputational damage; project failure.

**Right Move**: Clearly define Synozur's role as technical advisor, not political mediator. If political dynamics make the work untenable, pause or exit respectfully.

### 5. **If Payment Terms or Budget Reality Makes the Engagement Financially Unsustainable**

**Scenario**: Tribal budget constraints, delayed federal funding, or grant restrictions create payment terms that Synozur cannot sustain (e.g., 180-day payment cycles, unacceptably low rates, high scope ambiguity).

**Risk**: Financial strain on Synozur; resentment that undermines relationship; inability to deliver quality work.

**Right Move**: Be transparent about financial viability. Propose phased approach, smaller pilot, or pro bono scope that Synozur can sustain. If no viable model exists, respectfully decline and offer to revisit when funding aligns.

### 6. **If Synozur Is Being Asked to Compete Against a Native-Owned Firm for the Same Scope**

**Scenario**: RFP or selection process where Synozur and a qualified Native-owned consultancy are both competing for the same work.

**Risk**: Ethically problematic (economic sovereignty and tribal preference principles support Native-owned business); reputational risk in tribal business community.

**Right Move**: Withdraw from competition and offer to partner with the Native-owned firm as a sub-consultant if capabilities are complementary. Prioritize relationship and long-term ecosystem trust over individual contract win.

### 7. **If Community Opposition or Cultural Concerns Are Raised About the Project**

**Scenario**: Community members, traditional leaders, or cultural advisors raise concerns about the initiative Synozur is supporting (e.g., ""this project doesn't align with Diné values,"" ""this process didn't include adequate community input"").

**Risk**: Synozur becomes associated with culturally inappropriate or community-opposed initiatives; reputational damage; ethical breach.

**Right Move**: Pause work immediately. Encourage tribal client to address community concerns through appropriate cultural and governance processes. Only resume if community concerns are resolved and Synozur's role is re-validated.

### 8. **Specific Deal Types to Avoid (at least in first 24 months):**

- **Large-scale, multi-year transformation contracts** without proven smaller engagement success first.
- **Technology implementation projects** where Synozur would be responsible for vendor selection or system deployment (outside core competency; high risk in tribal procurement context).
- **Projects with vague success criteria** or no clear measurement framework (risk of scope creep and perception of failure).
- **Engagements without clear tribal staff counterpart / co-ownership** (signals consultant dependency model, not capacity building).

## 12-Month Roadmap (Quarter by Quarter)

---

### Q1 (Months 1-3): **Foundation – Assess, Learn, and Map Relationships**

**Theme**: *Internal readiness and relationship discovery (zero external Navajo Nation contact unless existing relationship exists).*

**Actions**:

1. **[CEO / Leadership Team]** Conduct internal alignment discussion: ""Is serving tribal governments aligned with Synozur's mission and capacity?"" Decide go / no-go on tribal government exploration.
   
2. **[Partnerships Lead]** Map existing network for Navajo Nation connections (clients, advisors, board members, professional associations). Identify any warm introduction paths. Document findings.

3. **[CEO / Senior Team]** Invest in cultural competency education:
   - Read foundational resources (e.g., ""Navajo Nation Code,"" ""Nation Building"" resources from Harvard Project on American Indian Economic Development).
   - If budget allows, engage a cultural advisor or trainer with Diné expertise to educate Synozur leadership.
   
4. **[Partnerships Lead]** Research and join 1-2 Native American business / government organizations (e.g., NCAI, NAFOA, National Center for American Indian Enterprise Development). Attend webinars; listen.

5. **[Marketing / Research]** Audit Synozur's current proof points: Do we have *any* public sector, mission-driven non-profit, or culturally diverse client case studies? Identify gaps; plan to develop proof if pursuing tribal work.

**Decision Gates**:
- **End of Q1**: Go / No-Go decision on continued tribal government exploration. If No-Go, respectfully disengage. If Go, commit to 18-month relationship investment.

**Metrics**:
- Cultural competency training completed (Y/N).
- Warm introduction paths identified (# of potential connections).
- Membership in Native business organizations (Y/N).
- Internal alignment on tribal government mission fit (documented decision).

---

### Q2 (Months 4-6): **Listening – Build Ecosystem Presence, Zero Sales Pressure**

**Theme**: *Learn from tribal government ecosystem; begin relationship-building in Native business communities (still no direct Navajo Nation sales outreach).*

**Actions**:

1. **[CEO or Partnerships Lead]** Attend 1-2 tribal government / economic development conferences (e.g., Reservation Economic Summit, NCAI mid-year, NAFOA). Goal: Listen, learn, network. No pitching.

2. **[Partnerships Lead]**","{""focus"": [], ""posture"": null, ""customGuidance"": """", ""versionHistory"": []}",generated,2026-05-06 17:37:13.039,,d5b93415-3a37-4128-bc4b-40e2a29197a8,d5b93415-3a37-4128-bc4b-40e2a29197a8,2026-05-06 17:28:25.667337,2026-05-06 17:37:13.039,0d752d0d-ebd5-4e25-8efc-1b3d1d8c9862
27164932-001d-4fb8-9518-49cb3cd2ce0d,synozur.com,137db123-4906-4e61-af99-f0d23d86a622,37d74323-ec27-4651-bf69-7bd164c175cf,,Hellman & Friedman (H&F),https://www.hf.com,Relationship Plan: Hellman & Friedman (H&F),"# 12-Month Relationship Plan: Hellman & Friedman (H&F)

## Executive Summary

**Primary Recommended Posture: Strategic Partnership (Cooperate + Sell To)**

Hellman & Friedman represents a high-value strategic partnership opportunity for The Synozur Alliance. As a 40-year PE firm with deep sector expertise and a portfolio of market-leading companies, H&F's portfolio companies are ideal candidates for Synozur's empathetic operating transformation services—particularly during value creation plan execution, post-acquisition integration, and operational excellence initiatives. The recommended strategy is to position Synozur as a trusted operating transformation partner to H&F's deal teams and Operating Partners, securing introductions to portfolio companies (portcos) while demonstrating differentiated value versus mega-consultancies like Thoma Bravo's preferred vendors. The single most important action this quarter is to secure an introductory meeting with H&F's Operating Partner group to present Synozur's value creation acceleration methodology and establish a referral pathway.

## Relationship Posture Assessment

**Dominant Posture: Strategic Partnership (70% Cooperate / 30% Sell To)**

Hellman & Friedman should be treated primarily as a **channel partnership and referral source** rather than a direct competitor or customer. H&F does not provide operating transformation consulting services—they invest capital and provide strategic guidance to portfolio companies. This creates a natural collaboration opportunity: H&F needs trusted operating partners to help their portcos execute value creation plans, and Synozur needs access to high-quality transformation opportunities with committed economic buyers (PE-sponsored companies with clear transformation mandates).

**Secondary Postures in Parallel:**

- **Sell To (30%):** While H&F corporate is not a direct buyer, individual portfolio companies are. The ""sell to"" motion is portfolio-company-facing, not H&F-corporate-facing.
- **Compete (10%):** Indirectly, Synozur competes for H&F portco budgets against other strategy/operations consultancies (Big 4, boutique PE ops firms, Thoma Bravo's preferred vendors). However, this is portco-level competition, not H&F-level.
- **Observe (5%):** Monitor H&F's acquisition activity, sector focus evolution, and Operating Partner team changes as leading indicators for pipeline development.

**Conditions to Change Posture:**

- **Shift to Steer Clear** if H&F acquires or partners with a competing advisory firm, or if early portco engagements produce conflict/friction that damages the relationship.
- **Shift to pure Sell To** if H&F Operating Partners prove unresponsive and direct portco outreach (bypassing H&F) proves more effective—though this risks alienating H&F.
- **Deepen Cooperate** if initial pilot engagements with 1-2 portcos produce measurable results that H&F Operating Partners champion internally, enabling formalized referral agreements or preferred vendor status.

## Strategic Read on Hellman & Friedman (H&F)

**What They Want:**

1. **Portfolio company value creation and exit readiness.** H&F's business model depends on acquiring market-leading companies, improving operational and strategic performance, and exiting at attractive multiples. They need portcos to execute value creation plans on time and deliver EBITDA/growth targets. **Evidence:** H&F's stated focus on ""long-term growth and value creation"" and ""partnering with management teams"" signals a hands-on value-creation orientation (per profile description).

2. **Trusted operating partners who won't disrupt portco cultures or require Operating Partner babysitting.** H&F operates a ""transparent, no-fee culture"" and values long-term relationships. They need advisors who align with their collaborative, management-partnership ethos—not aggressive cost-cutters or cookie-cutter playbook firms. **Implication:** Synozur's empathetic, human-centered transformation approach and woman-owned, relationship-driven culture should resonate strongly.

3. **Differentiation from other PE firms (especially Thoma Bravo).** While H&F focuses on ""select sectors where they have deep domain expertise,"" firms like Thoma Bravo are known for aggressive software/tech roll-up strategies and operational playbook execution. H&F likely wants to differentiate via thoughtful, sector-specific transformation rather than blunt cost-cutting. **Implication:** Positioning Synozur as the anti-Thoma-Bravo operating partner (""empathetic transformation vs. factory playbook"") may appeal.

**Where They Are Headed:**

- **Sector specialization deepening:** H&F's strategy emphasizes ""deep domain expertise"" in select verticals. Expect continued focus on sectors where they have built Operating Partner bench strength and deal flow networks.
- **Larger, more complex deals:** As a 40-year firm with San Francisco, New York, and London offices, H&F is likely pursuing larger platform investments and cross-border opportunities requiring sophisticated operating transformation.
- **Operating Partner model evolution:** PE firms increasingly invest in Operating Partner teams and value-creation infrastructure. H&F is likely building internal capabilities and external partner networks to accelerate portco performance.

**What They Are Afraid Of:**

1. **Portco underperformance and missed exits.** Failed transformations, integration stumbles, and operational execution gaps destroy IRR and damage LP relationships.
2. **Cultural misalignment with advisors who alienate management teams.** H&F's ""partnering with management teams"" value prop requires advisors who earn trust, not consultants who impose solutions and leave.
3. **Commoditization and vendor fatigue.** Operating Partners are inundated with consulting pitches. They fear wasting time on undifferentiated vendors who overpromise and underdeliver.

**Their Tells (What to Watch):**

- **Portfolio company press releases** announcing new CEOs, COOs, or transformation leaders = transformation readiness signal.
- **H&F Operating Partner LinkedIn activity** (new hires, role changes, speaking engagements) = insights into sector focus and value-creation priorities.
- **Sector-specific add-on acquisitions** by H&F portcos = integration and operating model harmonization needs.
- **Exit announcements** = understanding which transformations succeeded (and which advisors were involved) provides proof-point learning.

## How to Engage

**Engagement Strategy: Warm Intros → Proof Builds → Systematic Referrals**

H&F is a relationship-driven PE firm; cold outreach to Operating Partners will fail. The engagement roadmap must leverage warm introductions, build proof via pilot portco engagements, and earn systematic referral rights.

### Concrete Plays (Next 12 Months):

**Q1: Identify and Activate Warm Introduction Paths**

- **Action:** Map Synozur leadership team's professional networks (LinkedIn, prior Fortune 500 colleagues, industry associations) for connections to H&F Operating Partners, Deal Partners, or portco C-suite executives.
  - *Owner:* CEO / Partnerships Lead
  - *Cadence:* Complete network mapping within 2 weeks; activate top 3-5 warm intro paths within 6 weeks.

- **Action:** Leverage **woman-owned business networks and PE diversity initiatives.** Many institutional LPs and PE firms have supplier diversity and ESG commitments. Position Synozur's woman-owned certification as a strategic asset.
  - *Owner:* CEO
  - *Cadence:* Research H&F's LP base and ESG commitments; craft tailored outreach emphasizing alignment.

**Q2-Q3: Industry Events and Thought Leadership Proximity**

- **Action:** Attend **PE operating conference and value-creation summits** where H&F Operating Partners speak or attend (e.g., ACG InterGrowth, PEI Operating Partners Forum, sector-specific PE events).
  - *Owner:* CEO / BD Lead
  - *Cadence:* 2-3 events in Q2-Q3; goal is face-time and follow-up coffee meetings, not stage pitches.

- **Action:** Publish **thought leadership content** targeting PE Operating Partners on platforms they consume (e.g., PEHub, Axial, LinkedIn articles). Topics: ""Why Empathetic Transformation Drives EBITDA in PE Portcos,"" ""Avoiding the Integration Death Spiral,"" ""How to Derisk Value Creation Plans.""
  - *Owner:* Marketing / CEO
  - *Cadence:* 1 high-quality piece per quarter; amplify via H&F network LinkedIn engagement.

**Q3-Q4: Mutual Portfolio Company Pilot Engagements**

- **Action:** If a warm intro to an H&F portco materializes (via network or event), treat it as a **pilot showcase engagement.** Deliver outsized value, document measurable outcomes (EBITDA lift, cycle time reduction, adoption rates), and request H&F Operating Partner debrief/testimonial.
  - *Owner:* Delivery Lead / CEO
  - *Cadence:* 1-2 pilot engagements in Q3-Q4; formalize case study and reference within 30 days of completion.

**Ongoing: Monitor and Engage H&F Portfolio Announcements**

- **Action:** Set up **Google Alerts and LinkedIn Sales Navigator alerts** for H&F acquisition announcements, portco leadership changes, and transformation-related press.
  - *Owner:* BD / Partnerships
  - *Cadence:* Weekly review; timely outreach (within 1 week of signal) to relevant portco contacts or H&F Operating Partners with tailored ""how we can help"" messages.

## How to Cooperate

**Realistic Cooperation Surfaces:**

1. **Preferred / Trusted Advisor Referrals (Most Plausible, Highest Value)**
   - H&F Operating Partners introduce Synozur to portcos during value creation planning, integration, or operating model redesign phases.
   - **Preconditions:** Synozur must first deliver 1-2 successful pilot engagements with measurable outcomes that an H&F Operating Partner observes or sponsors. Trust is earned, not granted.
   - **Structure:** Informal referral initially; could formalize into ""preferred vendor"" status if Synozur demonstrates repeatability across multiple portcos.

2. **Co-Developed Value Creation Playbooks (Medium Plausibility)**
   - Partner with H&F Operating Partners to co-create sector-specific or capability-specific value creation methodologies (e.g., ""Operating Model Transformation Playbook for Healthcare Services Portcos"").
   - **Preconditions:** Synozur must demonstrate deep expertise in a sector H&F cares about and willingness to share IP in exchange for deal flow.
   - **Structure:** Joint workshops, co-branded thought leadership, shared frameworks offered to portcos.

3. **Portco Readiness Assessments (Medium Plausibility)**
   - Offer H&F deal teams **pre-acquisition operating assessments** during diligence: organizational readiness, transformation capacity, integration risk, operating model gaps.
   - **Preconditions:** Requires H&F deal team trust and willingness to bring in third-party advisors during confidential diligence processes. This is a long-game play (12-24 months to earn).
   - **Structure:** Paid diligence work; could evolve into post-close transformation continuity.

4. **Portco Leadership Development and Change Enablement (Low Plausibility in Year 1)**
   - Partner with H&F to deliver **cross-portco leadership development programs** (e.g., cohort-based transformation leadership training, change management capability building).
   - **Preconditions:** Requires formalized relationship and evidence that Synozur's capability-building programs deliver measurable leader effectiveness improvements.
   - **Structure:** Annual or semi-annual cohort programs; could be co-funded by H&F and portcos.

**What Is Fantasy (Avoid Wasting Time):**

- **Joint venture or equity partnership.** H&F invests in market-leading companies, not boutique advisory firms. Do not pitch equity partnership.
- **Exclusive advisory agreements.** PE firms maintain diverse advisor networks and avoid lock-in. Do not expect or request exclusivity.
- **H&F co-marketing or brand partnership.** H&F's brand is built on their portfolio and returns, not advisor partnerships. Do not expect H&F to co-brand marketing materials.

**Cooperation Roadmap:**

- **Q1-Q2:** Build relationship foundation via warm intros and thought leadership. Goal: Operating Partner awareness and initial coffee meetings.
- **Q3:** Secure 1st pilot portco engagement (ideally via Operating Partner intro). Deliver exceptional value and document outcomes.
- **Q4:** Request Operating Partner debrief on pilot engagement. Discuss referral pathway and explore 2nd portco opportunity.
- **Year 2:** Formalize preferred advisor referrals; explore co-developed playbooks if sector alignment is strong.

## How to Sell To Them

**Clarification: Selling to H&F Portfolio Companies, Not H&F Corporate**

H&F itself is not a buyer of transformation services—their portfolio companies are. However, the sales strategy must be H&F-aware and ideally H&F-endorsed to maximize close rates and relationship equity.

### Entry Points (Portfolio Company Personas):

**Economic Buyer:**
- **CEO / President** (portco leadership, accountable to H&F for value creation plan delivery)
- **H&F Operating Partner** (sponsor/influencer who can mandate or strongly recommend Synozur)

**Primary Champion:**
- **COO / Head of Operations / VP Transformation** (portco operating leader responsible for execution)
- **Integration Lead / PMO Director** (if post-acquisition)

**Influencers:**
- **CFO** (margin/EBITDA focus; needs to see ROI business case)
- **CIO/CTO** (technology roadmap alignment; concerned about feasibility)
- **CHRO** (change adoption, culture, retention)

### Wedge Product/Service (First Engagement):

**""Alignment-to-Action Sprint"" (2-4 weeks)** is the ideal wedge:
- **Why it works for PE portcos:** Fast, low-risk, high-clarity output. Aligns leadership around priorities, de-risks value creation plan, and sets execution sequence.
- **Pricing:** ""Starting at"" $40K-$75K (estimate; adjust based on portco size). Low enough to avoid lengthy procurement; high enough to signal seriousness.
- **Output:** Prioritized transformation roadmap, initiative sequencing, value case with EBITDA/growth impact, risk mitigation plan, 90-day action plan.

**Follow-On Services (Expand Engagement):**
- **Operating Model & Cadence Build** (6-10 weeks): Target operating model design, governance, KPIs, OKRs, meeting cadence. Critical for post-acquisition integration or scaling.
- **Execution PMO + Adoption** (3-9 months): Full transformation office, dependency management, change enablement, benefits tracking. High-value, high-trust engagement.

### Discovery Questions (Portco Sales Conversations):

1. **Value Creation Alignment:**
   - ""What are the top 3 priorities in your value creation plan, and where are you seeing friction or delays?""
   - ""How aligned is your leadership team around the transformation roadmap? Where are the gaps?""

2. **Integration and Operating Model:**
   - ""If you've completed acquisitions, how are you harmonizing operating models and decision rights across the portfolio?""
   - ""Do you have a clear target operating model, or are you operating with inherited structures?""

3. **Change and Adoption Risks:**
   - ""What's your biggest concern about stakeholder buy-in—leadership, middle management, or frontline teams?""
   - ""Have past transformation efforts stalled due to change fatigue or execution gaps?""

4. **H&F Relationship and Reporting:**
   - ""How does your Operating Partner / H&F board member engage with transformation planning and tracking?""
   - ""What metrics or milestones is H&F most focused on this year?""

5. **Competitive Landscape:**
   - ""Have you worked with other strategy or operations advisors recently? What worked well, and what didn't?""
   - ""Are you feeling pressure to move fast with a playbook approach, or do you have space for tailored design?""

### Proof Points That Resonate (Portco Buyer Personas):

- **Speed to value:** ""We compress discovery and alignment from months to weeks using AI-augmented frameworks.""
- **Measurable outcomes:** ""Our clients see an average X% improvement in [EBITDA / cycle time / cost-to-serve] within 90 days."" *(Note: Synozur must develop these benchmarks if not yet available.)*
- **Empathetic, culture-preserving approach:** ""We design transformation with your people and culture in mind—no one-size-fits-all playbooks that alienate your team.""
- **Fortune 500 pedigree, boutique attention:** ""Our leadership team has led transformations at [Fortune 500 companies], but you get senior-level engagement throughout—no bait-and-switch with junior staff.""
- **Woman-owned, values-driven:** ""As a woman-owned firm, we bring diverse perspectives and inclusive problem-solving—aligned with H&F's and your LP ESG commitments.""

### Procurement Gotchas to Anticipate:

1. **H&F Operating Partner approval or influence:** Even if portco CEO wants to hire Synozur, H&F Operating Partner may have vendor preferences or approval authority. **Mitigation:** Secure Operating Partner awareness/endorsement early; frame Synozur as complementary to (not replacing) any existing H&F-preferred vendors.

2. **Compressed timelines and urgency:** PE portcos often operate on aggressive 100-day plans and quarterly board cycles. **Mitigation:** Emphasize speed-to-insight and fast-start capabilities; offer phased engagements with quick wins.

3. **Budget constraints and ROI scrutiny:** CFOs and Operating Partners will demand clear ROI business cases. **Mitigation:** Lead with value case and EBITDA impact in discovery; offer success-based fee structures or performance milestones if appropriate.

4. **Vendor fatigue and consulting skepticism:** Portcos may have burned budgets on prior consultants who overpromised. **Mitigation:** Differentiate via proof (case studies, references, pilot sprints); emphasize ""we stay and execute, we don't just deliver PowerPoints.""

5. **Legal / MSA complexity:** Larger portcos may have lengthy vendor onboarding and master services agreement (MSA) processes. **Mitigation:** Develop streamlined MSA template; offer to work under H&F-approved vendor frameworks if available.

### Sales Process (Portco-Facing):

**Stage 1: Awareness & Introduction (Weeks 1-2)**
- Warm intro via H&F Operating Partner (ideal) OR direct outreach to portco C-suite leveraging H&F acquisition announcement.
- Initial discovery call: understand value creation priorities, transformation readiness, stakeholder landscape.

**Stage 2: Alignment & Scoping (Weeks 3-4)**
- Present tailored engagement approach (likely Alignment-to-Action Sprint).
- Share relevant proof points, case studies, and references.
- Conduct stakeholder interviews (CEO, COO, CFO, Operating Partner).

**Stage 3: Proposal & Agreement (Weeks 5-6)**
- Deliver written proposal with clear scope, outcomes, timeline, pricing, and success metrics.
- Address procurement requirements (MSA, insurance, security).
- Secure Operating Partner endorsement or awareness.

**Stage 4: Kickoff & Delivery (Weeks 7+)**
- Fast-start engagement; deliver early wins within first 2 weeks.
- Maintain H&F Operating Partner visibility (monthly updates, outcome sharing).

## How to Compete With Them

**Clarification: Synozur Competes With Other Advisors for H&F Portco Budgets, Not With H&F Directly**

H&F is a PE investor, not a consulting competitor. However, Synozur will compete with other strategy and operations advisors for H&F portco transformation budgets. Key competitors include:

- **Big 4 (Deloitte, EY, PwC, KPMG):** Operations consulting arms often have PE practice groups and existing H&F relationships.
- **Boutique PE ops firms:** Specialized firms focused on PE value creation (e.g., Alacer Group, RevRoad, SDG).
- **Thoma Bravo's preferred vendors / in-house ops teams:** If Thoma Bravo is mentioned as a competitive reference, their operational playbook approach represents a contrasting model.
- **Portco internal teams:** Operating Partners and portco leadership may attempt to execute transformation in-house without external advisors.

### Win Themes (Why Portcos Should Choose Synozur Over Competitors):

**1. Empathetic Transformation vs. Factory Playbook**
- **Positioning:** ""Unlike Big 4 or aggressive PE ops firms that impose one-size-fits-all playbooks, Synozur delivers tailored transformation designed around your culture, people, and unique operating context. We make transformation stick by earning stakeholder trust, not mandating compliance.""
- **Proof point:** Client testimonials emphasizing ""they listened,"" ""customized approach,"" ""preserved our culture while driving results.""

**2. Fortune 500 Expertise Without Bait-and-Switch**
- **Positioning:** ""You get senior strategists with Fortune 500 transformation experience leading your engagement from day one—not junior associates executing a playbook while partners disappear after the pitch.""
- **Proof point:** Team bios, direct senior engagement guarantees in SOWs, client references praising senior-level accessibility.

**3. Speed + AI-Augmented Intelligence**
- **Positioning:** ""Our proprietary Vega and Orion frameworks leverage AI to compress discovery and alignment timelines from months to weeks—giving you faster clarity and execution acceleration without sacrificing depth.""
- **Proof point:** Time-to-insight metrics, AI-augmented deliverable examples, rapid Sprint outcomes.

**4. Strategy-to-Execution Continuity (We Don't Just Recommend—We Deliver)**
- **Positioning:** ""We don't drop a 200-slide deck and disappear. We stay with you through execution, building your team's capability and accountability to sustain transformation beyond our engagement.""
- **Proof point:** Client retention rates, multi-phase engagement examples, change adoption metrics.

**5. Woman-Owned, Values-Driven Partner (Aligned With ESG/Diversity Commitments)**
- **Positioning:** ""As a woman-owned firm, we bring inclusive, diverse thinking to problem-solving—aligned with H&F's and your LP ESG commitments. We're not just checking a box; our empathetic approach is core to how we operate.""
- **Proof point:** Woman-owned certification, values-driven culture narratives, client testimonials on inclusive collaboration.

### Traps to Set (Expose Competitor Weaknesses Without Naming Them):

- **""Have you worked with large consulting firms before? What happened after they delivered the strategy deck—did your team have the capability and buy-in to execute, or did it stall?""** (Exposes Big 4 strategy-without-execution pattern.)

- **""Are you feeling pressure to move fast with a pre-built playbook, or do you have space to design a transformation that fits your specific operating model and culture?""** (Exposes factory-playbook firms' lack of tailoring.)

- **""Who from the consulting team will actually be doing the work—the partners you met in the pitch, or junior teams following a template?""** (Exposes bait-and-switch.)

- **""How confident are you that your people will adopt the transformation, or is there a risk of change fatigue and resistance?""** (Highlights empathy/change-enablement gap in competitors.)

### Traps to Avoid (Don't Let Competitors Frame Synozur Negatively):

- **""You're too small / boutique to handle complex PE transformations.""**
  - **Counter:** ""Our team has led Fortune 500 transformations at scale. The difference is you get our A-team throughout the engagement, not a factory of junior resources. We're purpose-built for complexity, just without the bureaucracy.""

- **""You don't have PE-specific experience / H&F relationships.""**
  - **Counter:** ""Our expertise is operating transformation—the actual work of aligning strategy, redesigning operating models, and driving adoption. That's universal across PE and non-PE contexts. What matters is whether we deliver measurable EBITDA and execution results, and our track record proves we do.""

- **""AI-augmented frameworks sound unproven / risky.""**
  - **Counter:** ""Our AI tools accelerate insight generation and scenario modeling—they don't replace human judgment. You still get experienced strategists applying contextual wisdom. The difference is we compress timelines and surface hidden opportunities faster.""

- **""You're too expensive for a boutique / too cheap to be credible.""**
  - **Counter (if pricing challenged):** ""Our pricing reflects senior-level engagement and measurable outcomes, not junior labor arbitrage. We're happy to structure success-based fees or milestone-based pricing if that aligns incentives better.""

### Pricing Posture (Compete on Value, Not Cost):

- **Do not compete on lowest price.** Synozur's differentiation is quality, empathy, and outcomes—not cost arbitrage.
- **Frame pricing around ROI and EBITDA impact:** ""A $100K investment in our Alignment-to-Action Sprint + Operating Model Build has historically unlocked $2-5M in annualized EBITDA improvements for similar portcos.""
- **Offer flexible deal structures for PE context:** Performance milestones, success fees tied to value creation plan KPIs, phased engagements with option to expand.

### Deals to Walk Away From (Protect Brand and Margins):

- **Portcos that demand rock-bottom pricing and treat advisors as commodity vendors.** If CFO or Operating Partner is grinding on price without valuing differentiation, the engagement will be low-trust and high-friction. Walk away.

- **Engagements where H&F Operating Partner is explicitly sponsoring a competitor.** If Operating Partner has a strong relationship with Big 4 or another advisor and Synozur is only included for ""vendor diversity"" optics, the deal is likely unwinnable. Politely decline and preserve relationship equity for future opportunities.

- **Transformations with unrealistic timelines or scope.** If portco expects a full operating model redesign + integration + change management in 4 weeks for $50K, the setup guarantees failure and reputational damage. Set clear boundaries.

- **Portcos with leadership team dysfunction or Operating Partner misalignment.** If discovery reveals deep CEO-COO conflict, board-management tension, or Operating Partner dissatisfaction with portco leadership, transformation success is unlikely. Flag the risk; if not addressed, disengage.

## How to Speak To Them

**Voice and Channel Guidance: H&F Operating Partners and Portco Executives**

### Tone and Vocabulary:

**Embrace:**
- **Collaborative, partnership-oriented language:** ""We partner with you,"" ""co-create,"" ""tailored to your context,"" ""aligned with your value creation plan.""
- **Empathetic and human-centered terms:** ""We listen and understand before we recommend,"" ""designed around your people and culture,"" ""change that sticks.""
- **Outcomes and accountability:** ""Measurable EBITDA lift,"" ""clear success metrics,"" ""we stay with you through execution,"" ""accountability for results.""
- **Pragmatic, no-BS tone:** PE Operating Partners value directness and pragmatism. Avoid fluff; lead with clarity and proof.
- **Woman-owned and values-driven (when contextually appropriate):** ""As a woman-owned firm, we bring diverse perspectives and inclusive problem-solving.""

**Avoid:**
- **Jargon-heavy consulting-speak:** ""Synergies,"" ""best practices,"" ""paradigm shifts,"" ""strategic imperatives"" (unless grounded in specific context).
- **Overpromising or hype:** ""We guarantee 50% EBITDA improvement"" (unless backed by contractual performance fees and proof).
- **Big 4-style corporate blandness:** Generic ""we deliver value"" statements without specificity.
- **Adversarial or competitive language about H&F or other PE firms:** Never disparage H&F's existing advisors or processes. Frame Synozur as complementary and additive.

### Direct vs. Indirect References in Marketing:

**Do:**
- **Indirect sector and use-case references:** ""We help PE-backed companies accelerate value creation plans and derisk integrations"" (no need to name H&F directly in marketing).
- **Thought leadership targeting PE Operating Partners:** LinkedIn articles, PEHub contributions, conference speaking slots on ""Empathetic Transformation for PE Portcos.""
- **Case studies with anonymized PE portco proof points:** ""We helped a PE-backed healthcare services company achieve 20% EBITDA improvement in 6 months via operating model redesign and change enablement.""

**Don't:**
- **Name H&F in marketing materials without explicit permission.** PE firms are private and protective of portfolio information. Do not claim ""H&F partnership"" or ""H&F client"" unless formally approved.
- **Position Synozur as ""the H&F-preferred advisor"" prematurely.** Earn that status through delivery, don't claim it speculatively.

### Public Statements and Press/Analyst Conversations:

**If asked about H&F relationship:**
- **Early stage (Q1-Q2, pre-engagement):** ""We're building relationships with leading PE firms, including Hellman & Friedman, to support their portfolio companies' operating transformations. We admire H&F's collaborative, long-term value creation approach and see strong alignment with our empathetic transformation methodology.""
  
- **Mid-stage (Q3-Q4, pilot engagement underway):** ""We're privileged to work with portfolio companies backed by top-tier PE firms like Hellman & Friedman, helping them execute value creation plans with speed and stakeholder buy-in. We can't disclose specific client details, but the early results are very promising.""

- **Mature stage (Year 2+, multiple portco engagements delivered):** ""Hellman & Friedman portfolio companies have been wonderful partners. Our empathetic, AI-augmented approach aligns well with H&F's culture of collaboration and long-term value creation. We're honored to support their operating transformation needs.""

**If analyst or press asks about competition with Big 4 or other PE ops firms:**
- ""We don't see ourselves as competing with the Big 4 or large ops consultancies—we complement them. Our differentiation is empathetic, tailored transformation that prioritizes people and culture alongside process and technology. PE-backed companies need that balance to achieve sustainable results, not just short-term cost cuts.""

### Social Engagement (LinkedIn, Twitter):

- **Engage thoughtfully with H&F Operating Partners' posts:** Like, comment with substantive insights (not generic ""great post!"" comments). Build visibility and demonstrate expertise.
- **Tag H&F or Operating Partners only when highly relevant and value-additive** (e.g., sharing a portco success story they publicly celebrated, or commenting on a sector trend they posted about). Avoid spammy tagging.
- **Amplify H&F portfolio company announcements** (acquisitions, leadership hires, milestones) with positive, supportive commentary. Build goodwill.

### Sample Lines (For Sales Reps, Marketers, Executives):

**For a Sales Rep (Portco Conversation):**
1. ""We know H&F holds high standards for portco execution. Our approach is designed to help you hit your value creation milestones without burning out your team—tailored transformation that respects your culture and delivers measurable EBITDA lift.""

2. ""We've worked with several PE-backed companies facing similar integration challenges. What we've learned is that speed matters, but so does stakeholder buy-in. Let me show you how we compress timelines while building adoption—no one-size-fits-all playbooks.""

3. ""If you're feeling pressure to move fast with a Big 4 playbook, I get it. But the risk is that your people resist and the transformation stalls. We offer a third way: fast, AI-augmented insights combined with empathetic change enablement. You get speed and sustainability.""

**For a Marketer (Thought Leadership / LinkedIn Post):**
4. ""PE-backed transformations often fail not because the strategy is wrong, but because change management is treated as an afterthought. At Synozur, we design transformation with people at the center from day one—so value creation plans don't just look good on paper, they actually get executed. #PEOperations #ChangeManagement #ValueCreation""

**For an Executive (H&F Operating Partner Meeting):**
5. ""We admire H&F's reputation for long-term partnership and thoughtful value creation—it's rare in PE. Our firm was built on the same philosophy: we don't impose playbooks, we co-create tailored solutions. We'd love to explore how we can support your portcos' operating transformations and help you de-risk execution. Would you be open to a pilot engagement with one of your companies facing [integration / operating model / change adoption] challenges?""

## When to Steer Clear

**Specific Situations to Disengage or Avoid:**

### 1. **H&F Acquires or Partners With a Competing Advisory Firm**
- **Risk:** If H&F acquires an operations consulting firm or enters a formal partnership with a Big 4 / boutique ops competitor, Synozur becomes a conflict or redundant vendor.
- **Response:** Reassess immediately. If H&F's new partner is a direct competitor, pivot to other PE firms and portcos. If complementary (e.g., H&F acquires tech implementation firm, not strategy/ops advisor), continue cautiously but monitor for scope overlap.

### 2. **Operating Partner Explicitly Prefers or Mandates Another Advisor**
- **Risk:** If H&F Operating Partner has a long-standing relationship with a Big 4 firm or boutique ops partner and mandates their use across portcos, Synozur's chances of winning are near zero.
- **Response:** Do not burn political capital fighting a losing battle. Politely acknowledge the existing relationship and offer to collaborate or support in a complementary capacity. Invest energy elsewhere.

### 3. **Portco Engagement Would Require Compromising Synozur's Values or Methodology**
- **Risk:** If H&F portco leadership demands aggressive cost-cutting without regard for employee impact, or requests a ""slash-and-burn"" transformation that conflicts with Synozur's empathetic, human-centered values, the engagement will create reputational and cultural damage.
- **Response:** Decline respectfully. Frame it as a fit issue: ""We don't","{""focus"": [], ""posture"": null, ""customGuidance"": ""We want to help them set their strategy with portcos and execute against their competition like Thoma Bravo; we want their blessing to be introduced to their portfolio companies"", ""versionHistory"": []}",generated,2026-05-06 18:03:46.029,,116500d0-357e-4ace-a7af-7264ed58e22a,116500d0-357e-4ace-a7af-7264ed58e22a,2026-05-06 17:57:15.973684,2026-05-06 18:03:46.029,356d5712-e253-4725-a54f-e44735dd2173
a76c56e7-c844-4de8-a030-cfccb28ac33f,reveillesoftware.com,5232feeb-8671-489f-ab07-e9d7310f0a3f,ca53d440-f11b-4d17-97f6-05d0c027d2d1,,Ashling,https://ashling.ai,Relationship Plan: Ashling,"# 12-Month Relationship Plan: Ashling

## Executive Summary

Ashling represents a **high-value strategic partnership opportunity** as a global intelligent automation (IA) implementation partner that deploys and manages the exact platforms Reveille monitors—Hyland, OpenText, ABBYY, Tungsten, and other ECM/IDP systems. The recommended posture is **Cooperate-First with opportunistic Sell-To**. Ashling's 250+ certified developers, 500+ prebuilt components, and enterprise client base in banking, financial services, manufacturing, and healthcare directly overlap with Reveille's ICP. The most important Q1 action is to **initiate a structured partnership conversation** positioning Reveille as the observability layer that de-risks Ashling's automation deployments, reduces post-go-live support burden, and creates a recurring revenue attach for their implementation projects.

## Relationship Posture Assessment

**Primary posture: COOPERATE (70% of relationship effort)**

Ashling is a natural **channel and ecosystem partner**, not a competitor. They implement and manage the exact ECM, IDP, and RPA platforms that Reveille monitors. Their 82 NPS score and enterprise client base indicate they deliver successful projects but likely face the same post-deployment operational challenges all integrators encounter: lack of visibility into platform health, reactive incident response, and difficulty proving ROI after go-live. Reveille solves these problems and enables Ashling to differentiate their managed services with proactive observability.

**Secondary postures (coexist in parallel):**

- **SELL TO (20%)**: Ashling's internal operations team managing 500+ prebuilt components and ongoing client automation environments is itself an ideal Reveille customer—they need multi-tenant observability across client platforms.
- **ENGAGE (10%)**: Joint presence at IDP/IA industry events, co-authored thought leadership on ""making automation reliable,"" mutual customer references.
- **OBSERVE**: Monitor for competitive pivots (if Ashling builds or acquires observability tooling) or channel conflict (if they partner with a monitoring vendor incompatible with Reveille).

**Posture should change to Compete IF**: Ashling announces an observability product, acquires a monitoring vendor, or enters an exclusive global partnership with a competing observability platform. **Posture should shift toward Steer Clear IF**: Ashling's business model becomes predominantly staff augmentation with low strategic influence over client technology choices.

---

## Strategic Read on Ashling

### What they want
- **Differentiation in a crowded IA consulting market**: 250+ certified developers and 500+ components suggest scale, but IA implementation is increasingly commoditized. Ashling needs proof of unique value and outcomes beyond ""we deploy bots.""
- **Recurring revenue beyond project fees**: Implementation projects are lumpy; managed services and outcome-based models provide steadier revenue. Observability-as-a-service bundled into managed services agreements is a natural extension.
- **Risk mitigation on large enterprise deployments**: Banking, financial services, healthcare, and manufacturing clients have zero tolerance for automation downtime. Ashling needs tools that validate platform health pre-launch and prevent post-go-live failures that damage their reputation.
- **Faster time-to-value and lower support costs**: The faster clients see ROI, the more reference-able the engagement. Reducing post-deployment support tickets improves margin and NPS.

**Evidence**: 82 NPS score indicates strong delivery execution but also high client expectations. Serving regulated industries (banking, healthcare) signals that compliance, auditability, and uptime are table stakes. The scale of prebuilt components (500+) implies they manage complexity across many client environments—exactly the scenario where centralized observability delivers exponential value.

### Where they are headed
- **AI-powered automation expansion**: The shift from RPA to intelligent automation (IA) and the rise of generative AI (per Reveille's IDP Market Analysis: 63% of Fortune 250 adopted IDP, BFSI at 71%) means Ashling is likely investing heavily in AI/ML-powered document processing, NLP, and agentic workflows.
- **End-to-end managed services**: Moving up the value chain from ""deploy and handoff"" to ""deploy, monitor, optimize, and guarantee outcomes."" This requires observability and SLA management capabilities.
- **Platform-agnostic positioning**: With expertise across multiple ECM/IDP/RPA vendors, Ashling likely wants to remain platform-neutral to maximize deal eligibility, which aligns with Reveille's multi-platform support (Hyland, OpenText, ABBYY, Tungsten, Alfresco).

**Evidence**: Description emphasizes ""end-to-end services from discovery to ongoing management,"" signaling a managed-services trajectory. Market trend (IDP growing 16–28.9% CAGR per Reveille's analysis) creates tailwinds for Ashling's growth and a larger surface area for operational risk.

### What they are afraid of
- **Automation project failures harming reputation**: A single high-profile outage or compliance breach in a banking client's mortgage processing automation can destroy years of trust and NPS gains.
- **Inability to scale support without eroding margins**: Supporting 500+ components across dozens of enterprise clients with reactive monitoring is unsustainable. Firefighting incidents eats into profitability and developer capacity.
- **Losing deals to competitors with better operational guarantees**: If rival integrators can demonstrate superior uptime SLAs or proactive management, Ashling loses competitive advantage.
- **Client lock-in to vendor-native tools**: If clients default to inadequate platform-native monitoring (e.g., Microsoft's M365 admin tools, OpenText's basic logs), Ashling has less ongoing engagement and lower attach rates for managed services.

**Evidence**: The emphasis on ""proven expertise"" and high NPS suggests reputation is a core asset to protect. Serving regulated industries means even minor SLA breaches carry disproportionate risk.

### What their tells are
- **Job postings** for ""managed services leads,"" ""observability engineers,"" or ""SRE for automation platforms"" would signal internal build-vs.-buy evaluation.
- **Case studies emphasizing uptime, MTTR, or SLA guarantees** indicate they recognize observability as a differentiator.
- **Partnerships announced with ITSM platforms** (ServiceNow, Jira Service Management) or observability vendors would reveal their tooling strategy.
- **Executive commentary on ""AI reliability"" or ""trustworthy automation""** in webinars, whitepapers, or analyst briefings signals market positioning alignment with Reveille's value prop.

---

## How to Engage

### Engagement plays (next 12 months)

**Q1 2025: Discovery and relationship building**
- **Action 1**: Reveille CEO or VP Partnerships reaches out to Ashling's Head of Partnerships / Chief Technology Officer via warm intro (check mutual connections via LinkedIn, Microsoft partner network, or Hyland/OpenText user groups).
  - **Message**: ""We're seeing a pattern where IA integrators are embedding observability into managed services to de-risk deployments and improve margins—would love 30 minutes to explore whether there's a fit.""
- **Action 2**: Attend **AIIM Conference** (March 2025, typically Orlando or virtual), **Intelligent Automation Week**, or **UiPath FORWARD / Automation Anywhere Imagine** where Ashling likely exhibits or sponsors. Request booth meeting or sponsor a ""monitoring & reliability"" breakout session to attract integrator partners.
- **Action 3**: Join and participate in **ABBYY Partner Network**, **Hyland Community**, and **OpenText forums** where Ashling practitioners are active. Share thought leadership on ""Five observability gaps that kill IDP ROI"" to establish credibility.

**Q2–Q4: Structured partnership cadence**
- **Monthly partnership syncs** (if deal is progressing) between Reveille Partnerships and Ashling's practice leads for target platforms (Hyland, ABBYY, etc.).
- **Quarterly business reviews** if co-marketing or referral agreement is signed: pipeline review, co-branded case study progress, joint event planning.
- **Ad hoc co-selling**: When Reveille identifies an enterprise prospect already working with Ashling (via mutual customer discovery or LinkedIn Sales Navigator), initiate three-way introduction to explore bundled proposal.

**Who initiates**: Reveille drives first contact (Ashling has no evident awareness of Reveille). After relationship established, default to **joint initiation** for co-sell opportunities (whoever touches the account first brings the other in).

**Cadence guardrails**: Avoid over-contacting. One exploratory conversation in Q1, one follow-up based on outcome, then monthly if partnership advances or quarterly ""stay warm"" touchpoints if timing isn't right.

---

## How to Cooperate

### Realistic cooperation surfaces

**1. Referral partnership (easiest, fastest)**
- **What**: Ashling refers Reveille when enterprise clients ask ""how do we monitor this automation platform post-go-live?"" Reveille pays 15–20% referral fee or reciprocates with referrals for IA implementation work.
- **Plausibility**: HIGH. Low friction, no deep integration, mutual benefit. Ashling improves client outcomes without building monitoring in-house; Reveille gains warm intros to qualified enterprise buyers.
- **Precondition**: Ashling must perceive Reveille as non-competitive (i.e., not trying to own the client relationship or displace Ashling's managed services). Reveille positions as ""the observability layer beneath your automation—we make your work more successful.""

**2. Co-marketing and thought leadership**
- **What**: Co-authored eBook or webinar: *""The Hidden Risk in Intelligent Automation: Why Observability Must Be Built In from Day One.""* Joint case study showcasing a mutual client (if one emerges) demonstrating uptime improvement and cost savings.
- **Plausibility**: MEDIUM-HIGH if referral partnership proves value first. Ashling will want proof Reveille doesn't steal clients before investing marketing resources.
- **Precondition**: At least one successful mutual client reference or closed co-sell deal. Joint messaging framework agreed upon (Reveille does not position as ""Ashling's deployments were unreliable until we fixed them"").

**3. Managed services partnership (highest value, longer timeline)**
- **What**: Reveille becomes the **standard observability layer** bundled into Ashling's managed services packages. Ashling white-labels or resells Reveille Enterprise to clients, reducing their support burden and enabling proactive SLA management. Reveille provides Ashling's MSP team with **multi-tenant dashboards** to monitor all client environments from a single pane of glass.
- **Plausibility**: MEDIUM. Requires Ashling executive buy-in, commercial negotiation (reseller margin structure, revenue share), and operational integration (training Ashling's support team on Reveille, API integration with Ashling's ITSM tools).
- **Precondition**: 
  - Proof-of-concept with one Ashling client demonstrating ROI (e.g., 50% MTTR reduction, 80% fewer escalations).
  - Ashling has not committed to a competing observability vendor.
  - Commercial terms that preserve Ashling's margin while keeping Reveille pricing competitive.

**4. Integration and connector library**
- **What**: Reveille builds pre-certified connectors for Ashling's 500+ prebuilt components (e.g., custom ABBYY FlexiCapture workflows, Hyland OnBase document lifecycle automations). Reveille's platform auto-discovers and monitors Ashling-built components out of the box.
- **Plausibility**: MEDIUM-LOW in year one (engineering effort required). Becomes HIGH if Ashling commits to strategic partnership and provides technical specs.
- **Precondition**: Multi-deal pipeline justifying engineering investment. Ashling provides API documentation and test environments.

**5. Ecosystem / standards collaboration**
- **What**: Co-sponsorship of AIIM standards working groups, participation in OpenText or Hyland partner advisory councils, joint advocacy for ""observability as a best practice in IA deployments.""
- **Plausibility**: LOW short-term, MEDIUM long-term as relationship matures. Useful for market positioning but not revenue-generating.

### Fantasy vs. reality check
- **Fantasy**: ""Ashling white-labels Reveille and resells $5M ARR in year one."" Reality: Partnership revenue scales slowly; expect $200K–$500K in Y1 if successful, growing to $1M+ in Y2–Y3 as model proves out.
- **Plausible**: Ashling refers 3–5 enterprise opportunities per quarter once they see Reveille improve a mutual client's outcomes. Close rate on referred deals: 40–60% (higher than cold outbound because of Ashling's endorsement).

---

## How to Sell To Them

Ashling's internal operations—managing automation for dozens of enterprise clients, maintaining 500+ prebuilt components, and delivering managed services—make them a **legitimate direct buyer** of Reveille Enterprise.

### Entry points (departments / personas)

**Primary buyer persona**:
- **VP of Delivery / Head of Managed Services Operations** (owns P&L for ongoing client management, accountable for SLA adherence and support costs)
- **Chief Technology Officer / Head of Engineering** (responsible for tooling strategy, platform reliability, operational efficiency)

**Influencer / champion**:
- **Platform Engineering Lead / Internal DevOps team** (boots on the ground managing multi-tenant automation infrastructure for clients)
- **Client Success / Account Management** (pressured by clients asking ""why didn't you catch this before it broke?"")

**Economic buyer**:
- **CEO / COO** (if operational costs or client churn from reliability issues become a board-level concern)

### Wedge product or service

**Reveille Enterprise** (launching March 31, 2025):
- **Positioning**: ""The multi-tenant observability control plane for MSPs managing intelligent automation at scale.""
- **Key features that resonate with Ashling**:
  - **Multi-tenant dashboards**: Monitor all client Hyland, OpenText, ABBYY, Alfresco, Tungsten environments from one interface.
  - **AI suite with MCP services**: Aligns with Ashling's AI-powered automation focus; demonstrates Reveille's forward-compatibility with agentic workflows.
  - **24×7 premium support**: Ashling's clients expect follow-the-sun coverage; Reveille provides it for the observability layer.
  - **Full connector and integration library**: Plugs into Ashling's existing ITSM (likely ServiceNow, Jira, or similar) for automated ticketing and escalation.
  - **SLA reporting and executive dashboards**: Ashling can show clients (and their own board) quantifiable uptime improvements and cost savings.

### Discovery questions (first call)

1. **""How do you currently monitor the health and performance of the automation platforms you manage for clients—Hyland, OpenText, ABBYY, etc.?""**  
   *(Expect: patchwork of platform-native tools, manual checks, reliance on client complaints. This is the pain point.)*

2. **""When a client's document processing workflow slows down or fails, how long does it typically take your team to identify the root cause?""**  
   *(Quantify MTTR; Reveille's proof point is 60% reduction.)*

3. **""What percentage of your support team's time is spent firefighting reactive incidents versus proactive optimization?""**  
   *(Reveal the cost of poor observability: wasted developer capacity, after-hours escalations.)*

4. **""Do you currently offer SLA guarantees to clients on automation platform uptime? If not, what's preventing you from doing so?""**  
   *(Uncover whether lack of observability is limiting their commercial model—managed services with SLAs command premium pricing.)*

5. **""Have you ever lost a managed services renewal or had a client escalate concerns about reliability or visibility into their automation infrastructure?""**  
   *(Surface reputational risk and churn drivers.)*

6. **""If you could monitor all your clients' ECM and IDP platforms from a single dashboard, with proactive alerts and root-cause analytics, what would that be worth in terms of reduced support costs and improved client retention?""**  
   *(Anchor ROI conversation: even a 20% reduction in support tickets across dozens of clients justifies Reveille Enterprise investment.)*

### Proof points that resonate

- **""MSPs using Reveille see 80% reduction in trouble tickets and ~$200K in annual cost savings.""** (From Reveille's IDP Market Analysis success stories.)
- **""95% SLA achievement rate for Reveille customers—turn observability into a competitive differentiator for your managed services.""** (Messaging Framework proof point.)
- **""Customers detect issues 85% faster and reduce MTTR by 60%.""** (Messaging Framework proof point—directly addresses Ashling's support efficiency pain.)
- **""Multi-tenant monitoring consolidates visibility across all client environments—your team stops logging into 50 different admin consoles.""**
- **""Pre-certified connectors for Hyland, OpenText, ABBYY, Tungsten, Alfresco mean deployment in days, not months.""** (Addresses ""we don't have time for a complex tool implementation"" objection.)

### Procurement gotchas to anticipate

- **""We already use [Datadog / New Relic / Dynatrace / Splunk].""**  
  **Response**: ""Generic APM tools monitor web apps and infrastructure but lack platform-specific intelligence for ECM workflows—Reveille provides the document-centric observability layer those tools miss. Many customers run both: use your existing APM for infrastructure, Reveille for ECM/IDP application health."" (Per Messaging Framework Pillar 1.)

- **""Our clients each have their own monitoring tools.""**  
  **Response**: ""Exactly the problem—fragmented visibility means you're always reactive. Reveille gives *you* centralized control so you can proactively manage client SLAs without relying on their tools or waiting for them to complain.""

- **""What's your MSP/reseller pricing model?""**  
  **Procurement consideration**: Ashling will want per-client or per-platform-instance pricing with volume discounts. Reveille should prepare a **multi-tenant Enterprise licensing proposal** (e.g., flat fee for Ashling's control plane + per-client-environment add-on, or revenue share if Ashling resells to clients).

- **""We need a 30–60 day proof-of-concept before committing.""**  
  **Response**: ""Absolutely. We can deploy Reveille in one of your highest-value or highest-pain client environments within 48 hours. Typical POCs show measurable MTTR reduction and proactive issue detection within two weeks."" (Aligns with Messaging Framework time-to-value proof point.)

- **Budget cycle timing**: If Ashling is venture-backed or PE-owned, operational tooling budgets may be approved annually (likely Q4 for Jan 1 start). If bootstrapped/profitable, decision cycle may be faster but require clear ROI justification.

### Likely deal size and timeline

- **ARR**: $50K–$150K depending on number of client environments monitored and feature tier.
- **Sales cycle**: 60–90 days (faster than typical enterprise if champion is Head of Delivery frustrated by current reactive monitoring).
- **Close triggers**: Client escalation, upcoming managed services renewal with SLA requirement, or board pressure to improve operational margins.

---

## How to Compete With Them

**Default posture: Do not compete.** Ashling is a services firm, not a software vendor. They implement and manage automation platforms; Reveille monitors them. There is **no product overlap**.

However, three scenarios could create competitive friction:

### Scenario 1: Ashling positions their managed services as ""including monitoring""

**If**: Ashling bundles basic platform-native monitoring (e.g., OpenText admin console dashboards, Hyland health checks) into managed services and claims ""we already provide full visibility—no third-party tools needed.""

**Response**:
- **Competitive positioning**: ""Platform-native tools are designed for break-fix troubleshooting, not proactive operations. They lack cross-platform correlation, predictive alerting, and business-process context. Reveille complements your managed services by providing the observability layer that prevents incidents before they reach your support team.""
- **Trap to set**: In competitive bake-offs, ask the client: *""Can your current monitoring predict when a Hyland storage tier is approaching capacity before it causes workflow failures? Can it correlate ABBYY FlexiCapture performance degradation with downstream RPA bot delays?""* (Reveille can; native tools cannot.)
- **Trap to avoid**: Do not claim Ashling's services are inadequate or unreliable—this damages partnership potential. Instead, position as ""Ashling delivers great implementations; Reveille makes those implementations **measurably more reliable** with specialized observability.""

### Scenario 2: Ashling builds or acquires observability tooling

**If**: Ashling announces a proprietary ""Automation Command Center"" or acquires a monitoring vendor to vertically integrate their stack.

**Response**:
- **Pivot to Compete**: Emphasize Reveille's **platform specialization, depth of ECM/IDP intelligence, and vendor-neutrality**. ""We've spent years building platform-specific monitoring for Hyland, OpenText, ABBYY, etc.—capabilities that take years and deep domain expertise to replicate. Ashling's focus is implementation and process optimization; monitoring is our sole focus.""
- **Win themes**:
  - **Depth vs. breadth**: Reveille's platform-specific intelligence (e.g., document workflow tracing, storage tier health, API performance) vs. Ashling's general-purpose monitoring.
  - **Neutrality**: Reveille works with any IA integrator and any platform vendor; Ashling's tool may be optimized only for their implementations.
  - **Maturity**: Reveille's proven track record (95% SLA achievement, 60% MTTR reduction) vs. Ashling's v1.0 tool.
- **Pricing posture**: Remain competitive but do not race to the bottom. If Ashling bundles monitoring ""free"" into managed services, quantify the hidden cost: ""Free monitoring that doesn't prevent outages costs you in downtime, not in subscription fees.""

### Scenario 3: Deal where Ashling is the incumbent MSP and resists third-party observability

**If**: Reveille is selling directly to an enterprise client, and Ashling (as the incumbent IA managed service provider) perceives Reveille as threatening their relationship or exposing service gaps.

**Response**:
- **De-escalation first**: Position Reveille as **enabling Ashling's success**, not replacing them. Offer to brief Ashling on how Reveille will improve the client's experience and reduce escalations to Ashling's support team.
- **If Ashling still resists**: Work directly with the client's IT Operations or Platform Owner (Reveille's primary buyer persona) who has authority over monitoring tooling independent of the MSP contract.
- **Political navigation**: Emphasize to the client that observability is an **enterprise capability**—just as they wouldn't let an MSP dictate their ITSM or SIEM platform, they shouldn't outsource observability decisions to a services vendor.
- **Which deals to walk away from**: If the client is unwilling to override Ashling's objections and Ashling is immovable, **walk away**. Fighting a protracted political battle burns resources and damages partnership potential elsewhere. Note the account for follow-up when Ashling's contract is up for renewal or if a service failure shifts internal dynamics.

---

## How to Speak To Them

### Voice and tone

**With Ashling directly (partnership conversations):**
- **Tone**: Respectful, collaborative, peer-to-peer. Position as ""fellow specialists in making intelligent automation work reliably.""
- **Avoid**: Condescension, implying Ashling's implementations are flawed, or claiming Reveille ""completes"" their offering (suggests they're incomplete).
- **Embrace**: ""De-risking,"" ""proactive,"" ""operational excellence,"" ""client success,"" ""margin improvement,"" ""SLA confidence,"" ""shared outcome.""

**In public (marketing, press, social):**
- **Direct references**: Safe to mention Ashling as an **ecosystem partner** or **example integrator** once a partnership or mutual customer exists (e.g., ""Leading IA integrators like Ashling are embedding observability into managed services to guarantee uptime."").
- **Before partnership is formalized**: **Indirect references only**. Do not name Ashling in competitive comparisons or case studies. Use category language: ""Many intelligent automation service providers are discovering that…""
- **Avoid**: ""Ashling's clients need Reveille because…"" (implies deficiency). 
- **Embrace**: ""IA integrators and MSPs are increasingly recognizing that purpose-built observability for ECM and IDP platforms is essential to scaling managed services profitably.""

**In analyst / press conversations that mention Ashling:**
- **If asked ""Do you work with Ashling?""**: 
  - *Before partnership*: ""We're in conversations with several leading IA integrators, including Ashling. The market is recognizing that observability must be a first-class concern in intelligent automation.""
  - *After partnership*: ""Yes, Ashling is a strategic partner. They bring world-class implementation expertise; we provide the observability foundation that ensures those implementations deliver continuous value.""
- **If asked ""Do you compete with Ashling?""**: ""No. Ashling implements and manages automation platforms; Reveille monitors and ensures reliability. We're complementary. In fact, we see integrators like Ashling as ideal partners because our success is tied to the success of the platforms they deploy.""

### Sample lines (by role)

**For a sales rep (initial outreach to Ashling):**
1. *""We're seeing a pattern where top-tier IA integrators are embedding observability into managed services to differentiate on outcomes, not just implementation speed. I'd love to explore whether Reveille could help Ashling reduce support costs and improve client SLAs.""*
2. *""Reveille provides the multi-tenant observability control plane for MSPs managing Hyland, OpenText, ABBYY, and other ECM platforms—so your team can proactively manage dozens of client environments without logging into 50 different admin consoles.""*

**For a marketer (blog post or webinar mentioning IA integrators):**
3. *""The best intelligent automation integrators recognize that deployment is only the beginning—ongoing reliability and observability determine long-term ROI. That's why forward-thinking partners are embedding purpose-built ECM monitoring into every engagement.""*

**For an executive (analyst briefing or conference panel):**
4. *""We view IA service providers as force multipliers. Reveille doesn't compete with integrators like Ashling—we enable them to offer proactive managed services with quantifiable SLAs, which is a win for the integrator, the platform vendor, and the end customer.""*
5. *""The market has matured past 'deploy and pray.' Clients now expect automation integrators to guarantee uptime and performance. Observability isn't optional anymore—it's the foundation of trustworthy intelligent automation.""*

---

## When to Steer Clear

### Specific situations to disengage or decline

**1. Deals where Ashling has an exclusive monitoring clause in their MSP contract**
- **Risk**: Legal and commercial conflict. If Ashling's contract prohibits third-party observability tools, Reveille's sale could breach the client's agreement or put the client in a difficult position with Ashling.
- **Action**: During discovery, ask the prospect: *""Do you have any existing managed services agreements that restrict third-party monitoring tools?""* If yes, explore whether the client can amend the contract or wait until renewal. If the client is unwilling to navigate this, **walk away** and revisit post-renewal.

**2. Accounts where Ashling is a strategic partner and the client relationship is highly sensitive**
- **Risk**: Selling around or ""over"" Ashling in an account where they're a trusted advisor damages partnership trust and could result in Ashling refusing future referrals or collaboration.
- **Action**: **Always disclose** to Ashling if Reveille is pursuing a mutual client. Offer a **joint sale** rather than competing. If Ashling objects and the client insists on Reveille, proceed transparently but expect partnership friction.

**3. RFPs where ""observability"" is bundled into a much larger IA implementation contract**
- **Risk**: Reveille becomes a loss-leader checkbox in a $5M+ services deal where the buyer's primary focus is implementation, not monitoring. Ashling (or a competitor integrator) may offer ""free monitoring"" to win the implementation contract, making Reveille's standalone bid noncompetitive.
- **Action**: **Decline to bid** unless Reveille can negotiate a **carve-out** where observability is procured separately with its own budget and decision criteria. Alternatively, **partner with Ashling** to include Reveille in their implementation bid as the observability component.

**4. Geographies or industries where Ashling has regulatory or relationship advantages Reveille cannot match**
- **Example**: If Ashling has exclusive banking certifications, in-country data residency, or a long-standing relationship with a client's C-suite in a market Reveille doesn't serve well (e.g., APAC, EMEA), competing head-to-head is futile.
- **Action**: **Refer the client to Ashling** and negotiate a referral fee or explore a **subcontractor relationship** where Reveille provides the software and Ashling delivers the managed service.

**5. Partnerships with Ashling's direct competitors**
- **Risk**: If Reveille signs an exclusive or highly visible partnership with another IA integrator (e.g., a Big 4 consultancy's automation practice, a competing boutique MSP), Ashling may view Reveille as aligned with a rival and cut off cooperation.
- **Action**: Maintain **channel neutrality**—partner with multiple integrators in a non-exclusive model. Be transparent with Ashling: *""We work with several IA partners because our clients benefit from choice. You're differentiated by [X], and we see you as a strong fit for [Y segment].""*

**6. Public positioning that undercuts Ashling's reputation**
- **Risk**: If Reveille's marketing implies ""IA implementations fail without Reveille"" or case studies highlight poor outcomes before Reveille was deployed, Ashling (and other integrators) will perceive Reveille as throwing them under the bus.
- **Action**: **Never** attribute client problems to a named integrator in public content. Use anonymized case studies or focus messaging on ""even well-designed automation environments need observability"" (positions monitoring as best practice, not remediation).

---

## 12-Month Roadmap (Quarter by Quarter)

### Q1 2025 (Jan–Mar): **Explore & Validate Partnership Fit**

**Theme**: Establish first contact, validate mutual value, and secure initial meeting or pilot discussion.

**Actions**:
1. **Partnerships (Owner: VP Partnerships or CEO)**  
   - Identify warm intro path to Ashling's Head of Partnerships, CTO, or VP of Delivery (via LinkedIn, Microsoft partner network, Hyland/OpenText user groups). Send personalized outreach email by **Jan 31**.
   - Schedule exploratory 30-minute call by **Feb 15**. Agenda: Understand Ashling's current monitoring approach, pain points in managed services delivery, and openness to referral or co-marketing partnership.

2. **Product Marketing (Owner: Product Marketing Manager)**  
   - Develop **one-page ""MSP/Integrator Partner Brief""** tailored to Ashling (and reusable for similar IA partners). Include: Reveille's multi-tenant capabilities, MSP ROI proof points (80% ticket reduction, $200K savings), and suggested partnership models (referral, reseller, co-marketing). Deliver by **Feb 1** for use in outreach.

3. **Sales (Owner: VP Sales)**  
   - Research **5–10 known Ashling client accounts** (via LinkedIn, Ashling case studies, or mutual connections). Cross-reference with Reveille's target account list. Flag any overlap for potential co-sell or direct-sell strategic planning by **Feb 28**.

4. **CEO (Owner: CEO)**  
   - Attend **AIIM Conference (March 2025)** or **Intelligent Automation Week**. If Ashling is exhibiting, request booth meeting. If not, use event to network with other IA integrators and validate partnership model assumptions. Report back findings by **March 31**.

5. **Product (Owner: Head of Product)**  
   - Audit Reveille Enterprise's **multi-tenant dashboard and MSP features** (launching March 31). Ensure readiness to demo for Ashling or similar MSPs by **March 15**. Prepare FAQ on ""How Reveille enables MSP/integrator business models.""

**Decision gates / triggers**:
- **If Ashling responds positively to first contact**: Advance to Q2 partnership structuring.
- **If Ashling is unresponsive or declines**: Shift focus to other IA integrators (UiPath partners, Automation Anywhere partners, Big 4 RPA practices) and revisit Ashling in **Q3** after gathering proof points elsewhere.
- **If Ashling reveals they've committed to a competing observability vendor**: Move to **Observe posture**; monitor contract term length and renewal timing for future re-engagement.

**Metrics**:
- First contact made: **Yes/No by Jan 31**.
- Initial meeting scheduled: **Yes/No by Feb 15**.
- Mutual client accounts identified: **Target 3–5 overlaps by Feb 28**.
- Partnership interest level: **Score 1–5** (1 = no interest, 5 = eager to pilot/partner).

---

### Q2 2025 (Apr–Jun): **Pilot Partnership or Early Co-Sell**

**Theme**: Convert exploratory interest into a concrete pilot, referral agreement, or first co-sell opportunity.

**Actions**:
1. **Partnerships (Owner: VP Partnerships)**  
   - If Q1 meeting was positive: Draft and propose **referral partnership agreement** (simple one-pager: Ashling refers Reveille for observability needs, Reveille pays 15% referral fee or reciprocates IA implementation referrals). Target signed agreement by **April 30**.
   - If Ashling expresses interest in reselling or managed services partnership: Scope **pilot deployment** with one","{""focus"": [], ""posture"": null, ""customGuidance"": """", ""versionHistory"": []}",generated,2026-05-08 22:07:59.159,,116500d0-357e-4ace-a7af-7264ed58e22a,116500d0-357e-4ace-a7af-7264ed58e22a,2026-05-08 22:04:05.93853,2026-05-08 22:07:59.159,bc891e84-e258-4b39-b877-94906bf164ec
60ac2173-cf40-49e9-997e-d9898411ab98,synozur.com,137db123-4906-4e61-af99-f0d23d86a622,37d74323-ec27-4651-bf69-7bd164c175cf,,Takeda Pharmaceuticals,https://www.takeda.com/,Relationship Plan: Takeda Pharmaceuticals,"# 12-Month Relationship Plan: Takeda Pharmaceuticals

## Executive Summary

**Recommended Posture: Sell To (Primary) + Observe (Secondary)**

Takeda Pharmaceuticals represents a high-value enterprise client opportunity for The Synozur Alliance's transformation advisory services. As a 240+ year-old global pharmaceutical company ($30B+ revenue, 45,000+ employees) operating across complex therapeutic areas and facing industry-wide pressures around digital transformation, operational excellence, and patient-centricity, Takeda fits squarely within Synozur's ICP of Fortune 500 enterprises seeking strategic transformation. The immediate action for Q1 is to conduct targeted research into Takeda's recent transformation initiatives, technology modernization efforts, and organizational structure to identify 2-3 high-probability entry points (likely in operations, digital transformation, or portfolio integration) and develop warm introductions through existing pharmaceutical/life sciences networks.

## Relationship Posture Assessment

**Dominant Posture: Sell To (70% of effort)**

Takeda should be approached primarily as a high-value prospective client. The rationale is straightforward: Takeda embodies Synozur's core target profile—a large enterprise navigating complex transformation in a regulated, mission-critical industry where empathetic, tailored approaches and execution accountability are scarce. Pharmaceutical companies face unique transformation challenges including R&D portfolio optimization, commercial model evolution, supply chain resilience, digital therapeutics integration, and M&A integration (particularly relevant given pharma's active consolidation). Takeda's patient-centered value proposition and values-driven culture align well with Synozur's empathetic, human-centric advisory approach.

**Secondary Posture: Observe (30% of effort)**

Given limited current intelligence about Takeda's active transformation initiatives, vendor relationships, and decision-making processes, a significant observation component is warranted. Monitor their public statements on transformation, leadership changes, organizational announcements, and partnerships to identify trigger events and refine targeting.

**Conditions for Posture Change:**
- **Shift to Steer Clear:** If research reveals Takeda is locked into multi-year exclusive transformation partnerships with Big 4 firms or has recent negative experiences with boutique advisories
- **Elevate to Cooperate:** If Synozur successfully lands an initial engagement and proves value; could explore referral partnerships or co-development of proprietary frameworks for pharma transformation
- **Reduce to Passive Observe:** If outreach efforts over two quarters yield no response or clear ""not now"" signals

## Strategic Read on Takeda Pharmaceuticals

### What They Want
Based on Takeda's public positioning and industry context:

1. **Patient-centered innovation at scale**: Takeda's value proposition centers on ""truly transformative treatments"" and ""patient-centered approach""—they want operational models that accelerate time-to-patient while maintaining quality and regulatory compliance.

2. **Portfolio optimization across diverse therapeutic areas**: Operating in GI, rare diseases, oncology, neuroscience, vaccines, and plasma-derived therapies creates complexity; they likely need strategic clarity on resource allocation, R&D prioritization, and commercial model differentiation across franchises.

3. **Global operational excellence**: With Tokyo headquarters and 45,000+ employees globally, Takeda faces the classic enterprise challenge of balancing global standardization with regional responsiveness—a core Synozur strength.

4. **Digital transformation and data modernization**: Like all pharma companies, Takeda is under pressure to leverage AI/ML for drug discovery, real-world evidence, personalized medicine, and commercial effectiveness—but in ways that align with their values-driven culture.

### Where They Are Headed
- **Consolidating market position**: At $30B+ revenue, Takeda is a top-tier global pharma player focused on defending and growing leadership in their core therapeutic areas
- **Values-driven differentiation**: Their emphasis on ""enduring values"" and 240-year heritage suggests they're positioning against commoditization through culture and purpose
- **Stakeholder complexity**: Their explicit audience of patients, HCPs, investors, employees, and shareholders signals recognition that transformation must serve multiple masters simultaneously

### What They Are Afraid Of
- **Innovation velocity loss**: In an industry where a single blockbuster can drive billions in value, they fear organizational complexity slowing R&D and commercialization
- **Cultural dilution**: With such a long history and emphasis on values, they likely fear transformation initiatives that feel mechanistic or imported from incompatible industries
- **Regulatory/compliance risk**: Any transformation initiative in pharma carries heightened risk; failed execution can mean patient harm, regulatory action, and reputational damage
- **Talent retention**: Specialized scientific talent is scarce; transformation fatigue or mismanaged change could trigger attrition in critical roles

### Observable Tells (Evidence Gaps)
**Current intelligence gap**: We lack specific signals on Takeda's active transformation initiatives, recent consulting relationships, or organizational pain points. To fill this gap, we need:
- Recent earnings call transcripts mentioning operational initiatives, digital transformation, or organizational changes
- LinkedIn analysis of transformation-related hires (Chief Digital Officer, Head of Enterprise Transformation, etc.)
- Press releases on technology partnerships, system implementations, or operating model changes
- Industry conference presentations by Takeda executives on transformation topics

## How to Engage

### Q1-Q2: Research and Warm Network Development
**Objective**: Build intelligence and identify warm introduction paths before any direct outreach.

1. **Industry Events & Conferences (Attend + Observe)**
   - **BIO International Convention** (June, San Diego): Largest biopharma partnering event—monitor for Takeda executive presentations on innovation, digital transformation, or operational topics
   - **DIA Global Annual Meeting**: Drug Information Association—focus on regulatory affairs and quality; Synozur CEO or partnerships lead should attend if Takeda has visible presence
   - **Pharm Exec Conference**: Trade publication events where Takeda commercial/ops leaders often present
   - *Who initiates*: Synozur partnerships/BD lead; *Cadence*: 2-3 key events annually, attendance conditional on confirmed Takeda executive participation

2. **LinkedIn Network Mapping (Immediate - Q1)**
   - Identify Synozur team/advisor connections to Takeda employees, particularly in:
     - Operations/COO office
     - Chief Digital/Technology Officer org
     - Strategy/Corporate Development
     - Portfolio/business unit presidents
   - *Who initiates*: Synozur CEO + all senior advisors run searches; *Cadence*: One-time mapping in Q1, refresh quarterly

3. **Pharmaceutical Trade Publication Monitoring (Ongoing)**
   - Track **Pharmaceutical Executive**, **FiercePharma**, **Endpoints News** for Takeda transformation announcements
   - Set Google Alerts: ""Takeda transformation"", ""Takeda digital"", ""Takeda operating model"", ""Takeda organizational""
   - *Who initiates*: Marketing/BD support role; *Cadence*: Weekly digest to deal team

4. **Analyst/Consultant Network Outreach (Q2)**
   - Connect with pharmaceutical industry analysts (IQVIA, Evaluate, Citeline) and ask about Takeda's transformation priorities and vendor landscape
   - Engage Synozur's existing enterprise transformation network to identify anyone with Takeda relationships
   - *Who initiates*: Synozur CEO; *Cadence*: 3-5 conversations in Q2

5. **Mutual Connection Development (Q2-Q3)**
   - Identify technology/implementation partners who work with Takeda (ERP, CRM, data platforms)—potential referral sources
   - Engage PE firms or corporate development advisors who've worked on pharma deals—Takeda as reference point for broader pharmaceutical GTM
   - *Who initiates*: Partnerships lead; *Cadence*: 1-2 exploratory conversations monthly

### Q3-Q4: Thoughtful Direct Engagement
**Only after building intelligence and warm paths:**

6. **Thought Leadership Seeding (Q3)**
   - Publish/present on ""Operating Model Transformation in Pharmaceutical R&D"" or ""Human-Centered Change in Regulated Industries""—send to identified Takeda contacts with personalized note
   - *Who initiates*: Marketing + CEO; *Cadence*: 1-2 high-quality pieces in H2

7. **Warm Introduction Outreach (Q4)**
   - If warm path identified, request introduction with specific, tailored hypothesis about how Synozur could help with an observable Takeda priority
   - *Who initiates*: CEO or relevant senior advisor; *Cadence*: Only when high-quality path exists

**Anti-Pattern to Avoid**: Cold, generic outreach to Takeda in Q1-Q2 would be off-brand (not tailored/empathetic) and low-probability given company size.

## How to Cooperate

**Realistic Assessment**: Near-term cooperation (partnerships, co-marketing, formal alliances) with Takeda is **implausible** and should not be pursued. Takeda is a potential client, not a peer organization or ecosystem partner.

### Fantasy Scenarios to Avoid
- Co-developing intellectual property or frameworks
- Joint go-to-market partnerships
- Technology integrations (Synozur's tools support advisory delivery, not Takeda operations)
- Referral partnerships (flow would be one-way: Takeda would be unlikely to refer advisory work to Synozur)

### Plausible Future Cooperation (Post-Engagement Only)
**Precondition**: Synozur must first successfully deliver a transformation engagement that produces measurable outcomes for Takeda.

1. **Case Study/Proof Point Partnership (12-18+ months out)**
   - After proven success, collaborate on anonymized or attributed case study showcasing Synozur's pharmaceutical transformation approach
   - Mutual benefit: Takeda demonstrates innovation/thought leadership; Synozur gains pharmaceutical credibility
   - *Preconditions*: Completed engagement, documented outcomes, strong executive sponsor relationship, legal/compliance approval

2. **Advisory Board/Subject Matter Input (18+ months out)**
   - Invite Takeda transformation/operations leader to serve on informal Synozur pharmaceutical advisory council (if Synozur develops pharma vertical focus)
   - Mutual benefit: Synozur gains industry insight; Takeda executive gains peer network and visibility
   - *Preconditions*: Deep relationship, mutual respect, clear value exchange

3. **Ecosystem Introduction Facilitation (12+ months out)**
   - After establishing trust, Synozur could facilitate warm introductions between Takeda and technology/implementation partners in Synozur's network
   - Mutual benefit: Takeda gains curated vendor access; Synozur deepens advisory relationship and partnership ecosystem
   - *Preconditions*: Strong engagement relationship, clear Takeda need, vetted partner ecosystem

**Bottom Line**: Cooperation is a post-sales outcome, not an entry strategy. Any cooperation exploration before landing an engagement would be premature and potentially confusing to market positioning.

## How to Sell To Them

### Entry Points (Prioritized by Probability)

**Tier 1 Entry Points (Highest Fit)**

1. **Chief Operating Officer / Head of Global Operations**
   - *Why*: Synozur's core strength in operating model transformation, cross-functional execution, and operational excellence maps directly to COO mandate
   - *Likely pain points*: Portfolio complexity, global/regional tension, functional silos, execution velocity, transformation program proliferation
   - *Wedge offer*: Operating model diagnostic + transformation blueprint ($150K-$400K range)

2. **Head of Business Transformation / Chief Transformation Officer**
   - *Why*: If this role exists, they're accountable for enterprise-wide change and likely frustrated with execution gaps
   - *Likely pain points*: Change fatigue, initiative overload, lack of outcome accountability, cross-functional coordination
   - *Wedge offer*: Transformation portfolio rationalization + value realization framework ($200K-$500K range)

3. **Chief Digital Officer / Chief Information Officer**
   - *Why*: Digital transformation in pharma requires business-led strategy, not just technology implementation—Synozur's empathetic, outcome-focused approach fills the gap between IT and business
   - *Likely pain points*: Business-IT misalignment, ""digital theater"" vs. outcomes, data modernization complexity, AI/ML enablement
   - *Wedge offer*: Digital operating model design + business capability roadmap ($150K-$400K range)

**Tier 2 Entry Points (Opportunistic)**

4. **Business Unit Presidents / Therapeutic Area Leads**
   - *Why*: P&L accountability creates urgency; BU leaders often have budget autonomy and feel underserved by corporate transformation programs
   - *Likely pain points*: Commercial model evolution, launch excellence, patient services integration, portfolio prioritization
   - *Wedge offer*: Commercial operating model transformation or launch readiness program ($150K-$300K range)

5. **Head of Strategy / Corporate Development**
   - *Why*: M&A integration, portfolio strategy, and strategic planning are Synozur strengths
   - *Likely pain points*: Post-merger integration, strategic initiative execution, resource allocation across portfolio
   - *Wedge offer*: Integration operating model or strategic initiative execution support ($150K-$500K range)

### Discovery Questions (Tailored to Pharmaceutical Context)

**Opening/Diagnostic Questions:**
1. ""Takeda has a uniquely diverse portfolio across GI, rare diseases, oncology, and other areas—how does your organization balance global scale with the specialized capabilities each therapeutic area requires?""
2. ""With the industry's focus on patient-centricity, what's your biggest organizational or operational barrier to accelerating time-to-patient?""
3. ""Many pharmaceutical companies we work with struggle with the gap between digital ambition and business adoption—what does that tension look like at Takeda?""
4. ""When you look at your current portfolio of transformation initiatives, which ones are delivering measurable outcomes, and which feel stuck?""

**Pain Amplification Questions:**
5. ""What would it mean for Takeda if you could reduce your time-to-market for new therapies by 20% without compromising quality or compliance?""
6. ""How much value is trapped in transformation initiatives that have strong executive support but inconsistent execution?""
7. ""Where do you see the biggest gap between your strategic ambitions and your organization's ability to execute?""

**Positioning/Differentiation Questions:**
8. ""When you've worked with strategy consultants in the past, what happened after they delivered their recommendations?"" (Surfaces implementation gap)
9. ""How important is it that your transformation partner understands the human and cultural dimensions of change, not just the process redesign?"" (Surfaces empathy value)
10. ""Would it be valuable to have an advisor who stays accountable through implementation, not just strategy design?"" (Surfaces accountability differentiation)

### Proof Points That Resonate (Pharmaceutical Context)

**Gap**: Synozur's baseline materials don't include pharmaceutical-specific case studies or proof points. This is a critical gap to address before serious Takeda pursuit.

**What Would Resonate (Priority order):**
1. **Regulated industry transformation success**: If Synozur has healthcare, financial services, or other regulated industry cases showing successful navigation of compliance constraints, risk management, and stakeholder complexity—lead with these
2. **Cross-functional operating model transformations**: Any case showing successful coordination across R&D, commercial, operations, and corporate functions in complex enterprises
3. **Implementation accountability outcomes**: Specific before/after metrics on transformation initiatives that were struggling before Synozur engagement, with measured business outcomes post-engagement
4. **Change adoption/cultural transformation**: Cases demonstrating human-centered change management in science-driven or mission-driven cultures
5. **Speed and agility**: Examples of accelerating decision velocity, reducing time-to-value, or improving execution cadence in large enterprises

**If None Exist (Likely Gap):**
- Lead with **Fortune 500 operational transformation** proof points from baseline materials
- Emphasize **transferable patterns** from other complex, regulated, or mission-critical industries
- Invest in developing 1-2 pharmaceutical case studies (even if smaller/mid-market pharma) before pursuing Takeda at scale
- Consider pro-bono or reduced-fee diagnostic engagement with smaller pharmaceutical company to build credibility

### Sales Process Guidance

**Buying Process Assumptions (Enterprise Pharmaceutical):**
- **Typical sales cycle**: 6-12 months for strategic transformation engagements at this scale
- **Decision-making unit**: 5-10 stakeholders including executive sponsor, procurement, finance, legal, IT/data privacy, affected business unit leaders
- **Budget cycles**: Likely annual planning (Q4/Q1); best to engage Q2-Q3 for next-year budget inclusion or identify discretionary/strategic initiative budgets
- **Vendor management**: Takeda likely has preferred vendor lists, MSAs with Big 4 firms, and procurement processes requiring multiple bids

**Synozur Sales Motion (Consultative, Account-Based):**

1. **Research & Warm Introduction (Month 1-2)**: Build specific hypothesis about Takeda pain point; secure warm introduction from mutual connection
2. **Discovery/Diagnostic Conversation (Month 2-3)**: 60-90 minute exploratory discussion with target stakeholder; focus on listening, understanding context, surfacing gaps
3. **Tailored Hypothesis Presentation (Month 3-4)**: Develop customized point-of-view on Takeda's specific transformation opportunity; present lightweight hypothesis deck (NOT generic capabilities)
4. **Scoping Workshop (Month 4-5)**: If interest confirmed, run collaborative scoping session with stakeholder group to co-design engagement outcomes, approach, success metrics
5. **Proposal & Negotiation (Month 5-6)**: Formal proposal with clear outcomes, deliverables, timeline, team, pricing; expect procurement involvement
6. **Contracting & Mobilization (Month 6-8)**: Legal/MSA negotiation, security/compliance review, team onboarding

**Sales Roles:**
- **Lead seller**: Synozur CEO (given seniority required for pharmaceutical C-suite access)
- **Subject matter support**: Senior advisors with relevant domain expertise
- **Deal support**: Partnerships/BD for research, proposal development, contracting

### Procurement Gotchas to Anticipate

1. **Preferred Vendor Status**: Takeda may require Synozur to compete against or partner with existing Big 4 relationships; strategy could be to position as ""specialized implementation partner"" complementing strategy work
2. **Insurance/Compliance Requirements**: Pharmaceutical clients often have heightened professional liability, D&O insurance, and compliance (SOX, FDA, data privacy) requirements—verify Synozur's coverage is adequate
3. **Conflict of Interest Screening**: Takeda will ask about other pharmaceutical client relationships; be prepared to explain firewall protocols
4. **Rate Benchmarking**: Procurement will compare Synozur's rates to Big 4 and other consultancies; position on value (senior talent, outcomes) not just rate arbitrage
5. **MSA Complexity**: First engagement may require 3-6 month MSA negotiation; consider offering pilot/diagnostic engagement under simpler SOW to prove value
6. **Multi-Round Bidding**: Large pharma often runs formal RFP processes; decide early whether to participate or pursue sole-source positioning
7. **Payment Terms**: Enterprise pharma may impose Net-60 or Net-90 payment terms; ensure Synozur cash flow can support

### Recommended Wedge Offer: ""Operating Model Diagnostic + Transformation Blueprint""

**Positioning**: ""A rapid, outcome-focused assessment of your current operating model gaps and a tailored transformation roadmap aligned to your strategic priorities—designed for pharmaceutical complexity, patient impact urgency, and cultural fit.""

**Structure**:
- **Phase 1 (4-6 weeks)**: Current state diagnostic through stakeholder interviews, process analysis, data review, cultural assessment
- **Phase 2 (4-6 weeks)**: Future state design, transformation roadmap, value case, governance model, change approach
- **Deliverables**: Executive presentation, detailed operating model blueprint, prioritized initiative roadmap, value quantification, implementation plan
- **Investment**: $150K-$300K (positioned as ""pilot to prove value before broader transformation partnership"")

**Why This Works**:
- Low-risk entry point (diagnostic vs. full implementation commitment)
- Demonstrates Synozur's empathetic, tailored approach through discovery process
- Creates natural expansion path to implementation support
- Sized appropriately for discretionary budgets or strategic initiative funding
- Aligns with Synozur's ""strategy-to-execution"" positioning without requiring full transformation commitment upfront

## How to Compete With Them

**Assessment: Not Applicable (Direct Competition)**

Takeda Pharmaceuticals is a drug manufacturer, not a professional services firm or advisory competitor. There is **no direct competition** between Synozur's strategic advisory services and Takeda's pharmaceutical products and therapies.

**Indirect Competitive Considerations: NONE IDENTIFIED**

Even examining potential indirect competition scenarios:
- **Talent competition**: Unlikely—Synozur hires strategy/transformation advisors; Takeda hires scientists, clinical professionals, and commercial talent. Minimal overlap.
- **Client competition**: Synozur's clients are enterprises seeking transformation advisory; Takeda's clients are patients, HCPs, and healthcare systems seeking therapeutics. No overlap.
- **Ecosystem competition**: No shared ecosystem where Synozur and Takeda would compete for partnerships, channel relationships, or market positioning.

**Implication for Relationship Plan**: 
The ""compete with them"" posture is not relevant to Takeda. This strengthens the ""Sell To"" recommendation—there are no competitive conflicts to navigate, no concerns about enabling a competitor, and no need for competitive positioning.

**If This Changes**:
The only scenario where competitive dynamics would emerge: If Takeda were to acquire or partner with a professional services/transformation consultancy (highly unlikely), this plan should be immediately revisited.

## How to Speak To Them

### Voice & Tone Principles (Takeda-Specific Application)

When communicating with or about Takeda, Synozur should amplify specific elements of its brand voice to align with pharmaceutical culture and Takeda's values:

**Emphasize:**
- **Empathy and patient impact**: Mirror Takeda's patient-centered language; connect transformation outcomes to patient benefit (e.g., ""accelerating time-to-patient,"" ""enabling life-changing therapies"")
- **Respect for heritage and values**: Acknowledge Takeda's 240-year history and values-driven culture; position Synozur's approach as honoring/enabling their culture, not disrupting it
- **Precision and evidence**: Pharmaceutical culture values scientific rigor; use specific metrics, frameworks, and evidence-based approaches in all communications
- **Partnership and collaboration**: Stress ""partnering through transformation"" language heavily; pharma is skeptical of consultants who ""drop recommendations and leave""
- **Regulatory/compliance awareness**: Demonstrate understanding of pharmaceutical complexity, regulated environment, and risk sensitivity

**Moderate:**
- **Pace/urgency language**: While Synozur emphasizes rapid evolution, pharma moves deliberately due to compliance; balance ""agility"" messaging with ""thoughtful, sustainable change""
- **Technology enthusiasm**: Don't lead with AI/digital excitement; lead with business outcomes enabled by technology

**Avoid:**
- **Jargon from other industries**: Don't import tech startup, retail, or financial services terminology without translation
- **Dismissiveness of incumbents**: Many Takeda employees have worked at Takeda or similar pharma companies for decades; honor their expertise
- **Oversimplification**: Pharmaceutical transformation is genuinely complex; don't pretend otherwise
- **Generic consulting speak**: ""Synergies,"" ""best practices,"" ""world-class""—pharma executives have heard it all

### Vocabulary Guidance

**Embrace (Pharmaceutical Resonance):**
- Patient-centered, patient impact, patient outcomes
- Therapeutic area, portfolio, pipeline
- Regulatory compliance, quality systems, validation
- Clinical development, commercialization, medical affairs
- R&D productivity, launch excellence
- Scientific rigor, evidence-based
- Values-driven, mission-critical
- Cross-functional orchestration, matrix navigation
- Time-to-patient, time-to-market

**Avoid (Pharmaceutical Dissonance):**
- ""Disruption"" (prefer ""evolution,"" ""transformation"")
- ""Move fast and break things"" (antithetical to pharma)
- ""Fail fast"" (pharma failure has patient safety implications)
- ""Pivot"" (suggests lack of strategic conviction)
- Generic tech terms without context (digital transformation → digital-enabled R&D productivity)

### Channel-Specific Guidance

**Direct Outreach (Email/LinkedIn to Takeda Executives):**
- **Tone**: Respectful, research-informed, hypothesis-driven
- **Structure**: Acknowledge their specific context → articulate tailored hypothesis → request conversation to learn more
- **Length**: 150-200 words maximum; pharmaceutical executives are time-constrained
- **Example opening**: ""Takeda's unique portfolio across GI, rare diseases, and oncology creates both strategic advantage and organizational complexity. We work with pharmaceutical companies navigating the tension between therapeutic area specialization and global operational scale—and we've observed that the companies who excel build operating models intentionally designed for portfolio diversity, not generic enterprise structures.""

**Thought Leadership (Articles/Presentations Referencing Pharmaceutical Industry):**
- **Tone**: Informed peer, not external expert talking down
- **Approach**: Share frameworks and provocative questions, not prescriptive answers
- **Example framing**: ""The pharmaceutical industry's transformation imperative is unique: deliver faster innovation while maintaining uncompromising quality, safety, and compliance. We've learned from pharmaceutical leaders that...""

**Social Media (LinkedIn Posts/Comments):**
- **Approach**: Engage thoughtfully with Takeda content; don't use them as marketing fodder
- **If commenting on Takeda posts**: Celebrate their achievements (drug approvals, patient impact stories) authentically; avoid using their posts as segue to Synozur pitch
- **If mentioning Takeda in original content**: Only in context of industry trends or public news, never implying relationship or insider knowledge

**Sales Conversations:**
- **Tone**: Consultative peer, not vendor
- **Approach**: Ask more than tell; listen for 70% of initial meetings
- **Avoid**: Leading with Synozur's capabilities; instead, lead with curiosity about Takeda's context

**Press/Analyst Conversations:**
- **Direct references**: Never reference Takeda by name as client, prospect, or partner unless explicitly authorized in writing
- **Industry references**: Appropriate to say ""We work with pharmaceutical and life sciences companies facing [X challenge]"" without naming Takeda
- **If asked directly**: ""We don't discuss specific client or prospect relationships, but we're actively engaged in the pharmaceutical sector""

### Sample Lines for Common Scenarios

**1. Sales Discovery Call Opening (Synozur CEO to Takeda COO):**
> ""Thank you for taking the time. I've been following Takeda's focus on patient-centered innovation across such a diverse therapeutic portfolio, and I'm curious: as you think about your operating model, what's working well in enabling speed and focus for each therapeutic area, and where do you feel organizational complexity getting in the way?""

**2. Email Outreach After Warm Introduction (Synozur Senior Advisor to Takeda Head of Transformation):**
> ""Sarah mentioned you're leading [specific transformation initiative]. In our work with pharmaceutical companies, we've seen transformation programs struggle not from lack of strategic clarity, but from the gap between enterprise-wide ambition and therapeutic area realities on the ground. I'd welcome a conversation to learn how you're thinking about this—and if it's useful, share what we've seen work (and not work) in similar contexts.""

**3. Networking Event Introduction (Synozur Partnerships Lead to Takeda Executive):**
> ""I'm with Synozur Alliance—we're a strategic advisory firm focused on helping enterprises navigate complex transformation. I know Takeda is doing remarkable work in rare diseases and oncology. What brings you to [this event]?""
[Listen, build rapport, exchange cards—no immediate pitch]

**4. Thought Leadership Article Reference:**
> ""Leading pharmaceutical companies like Takeda are pioneering patient-centered business models that require fundamentally different operating capabilities than the traditional blockbuster paradigm. The companies who excel don't just reorganize—they redesign how decisions are made, how resources are allocated, and how cross-functional teams collaborate.""

**5. Handling ""Who are your pharmaceutical clients?"" (Sales Conversation):**
> ""We work with pharmaceutical and life sciences companies ranging from emerging biotech to top-20 global pharma on operating model transformation, digital enablement, and post-merger integration. What I can share is the patterns we see: [relevant insight]. What we've learned is every company's culture and portfolio is unique, which is why our approach starts with deep understanding of your specific context before proposing solutions.""

**6. Internal Team Communication (Slack/Email About Takeda Pursuit):**
> ""Takeda update: We've identified a potential warm path through [connection name]. Before reaching out, we need to build our POV on their digital transformation priorities. [Team member], can you pull their last two earnings call transcripts and flag any mentions of digital, data, or operational transformation? Keeping this relationship-first—no outreach until we have something genuinely valuable to offer.""

## When to Steer Clear

### Situations Requiring Disengagement or Non-Pursuit

**1. Existing Big 4 Transformation Relationship with Exclusivity**
- **Scenario**: Discovery reveals Takeda has multi-year, enterprise-wide transformation engagement with McKinsey, BCG, Deloitte, or similar with exclusivity provisions or deep organizational integration
- **Risk**: Wasting pursuit resources; positioning Synozur as ""challenger"" to entrenched incumbent rarely works in pharmaceutical sector
- **Action**: Pivot to observation mode; monitor for contract expiration or program dissatisfaction signals; potentially position for specialized work outside scope of Big 4 engagement

**2. RFP Process That Violates Synozur's Partnership Values**
- **Scenario**: Takeda issues generic, check-the-box RFP requiring extensive unpaid custom work, emphasizing lowest cost, or treating advisory as commodity procurement
- **Risk**: Diluting Synozur's brand as ""empathetic, tailored partner""; low win probability; poor client fit even if won
- **Action**: Politely decline or submit lightweight response; offer alternative: ""Our approach is to start with a collaborative diagnostic conversation to understand your unique context before proposing solutions. If that's of interest, we'd welcome a discussion outside the RFP process.""
- **Exception**: If RFP comes with warm executive sponsor and is procurement requirement only, consider participating with sponsor's advocacy

**3. Engagement Scope That Compromises Quality or Outcomes**
- **Scenario**: Takeda requests accelerated timeline, reduced scope, or budget constraints that would prevent Synozur from delivering quality work aligned to its ""outcome-focused"" brand promise
- **Risk**: Reputational damage from mediocre work; pharmaceutical reference matters more than revenue from one project
- **Action**: Respectfully decline or propose rescoped engagement; explain: ""We've learned that transformation work done quickly but superficially rarely produces sustainable outcomes. We'd rather start smaller with work we can do well than take on a scope that sets both of us up for disappointment.""

**4. Conflict of Interest or Competitive Sensitivity**
- **Scenario**: Synozur has existing or recent engagement with Takeda competitor (e.g., Novartis, Roche, AbbVie, Amgen) in same therapeutic area with access to confidential competitive intelligence
- **Risk**: Ethical violation, legal liability, reputational catastrophe, client termination
- **Action**: Full disclosure to both clients; establish firewall protocols; if effective firewall not possible, decline one engagement
- **Prevention**: Maintain rigorous conflict-checking process before any pharmaceutical pursuit

**5. Cultural Misalignment Red Flags**
- **Scenario**: Discovery reveals Takeda stakeholder group wants ""slide deck strategy"" not implementation partnership, values speed over thoughtfulness in ways incompatible with pharma reality, or shows disrespect for patient safety/compliance
- **Risk**: Failed engagement, scope creep, misaligned expectations, brand damage
- **Action**: Politely disengage early; better to walk away during discovery than fail during delivery

**6. Over-Extension Beyond Synozur's Capabilities**
- **Scenario**: Takeda requests work requiring deep pharmaceutical R&D technical expertise (CMC, clinical operations, regulatory strategy), medical/scientific credentials, or implementation scale beyond Synozur's capacity
- **Risk**: Delivering substandard work; reputation damage in pharmaceutical sector
- **Action**: Acknowledge limitation honestly; offer to partner with specialist firm if relationship warrants; alternative: refer to specialist and build relationship for future reciprocal referrals
- **Example response**: ""The clinical operations transformation you're describing requires deep CMC and regulatory expertise that's outside our core. We could partner with [specialist firm], or I'm happy to introduce you directly if you'd prefer.""

**7. Geographic/Regulatory Complexity Beyond Capacity**
- **Scenario**: Engagement requires extensive work in Japan (Takeda HQ) or other regions where Synozur lacks presence, language capabilities, or regulatory understanding
- **Risk**: Delivery failure, cultural miscommunication, compliance gaps
- **Action**: Decline or partner with regional specialist; be explicit about limitations

**8. Reputational Risk Scenarios**
- **Scenario**: Takeda is involved in major controversy (product safety crisis, regulatory enforcement action, ethics investigation) where association could damage Synozur brand
- **Risk**: Guilt-by-association, client attrition, team morale impact
- **Action**: Pause active pursuit; monitor situation; engage crisis communications counsel if already in active sales process
- **Note**: As of baseline intelligence, no such issues identified with Takeda; include in ongoing monitoring

### Decision Framework: When to Walk Away

**Walk away if ANY of these conditions are met:**
- Engagement violates Synozur's core values (empathy, integrity, partnership)
- Success probability is low AND reputational risk is high
- Client expectations are incompatible with Synozur's delivery model
- Conflict of interest cannot be effectively managed
- Engagement would require capabilities Synozur doesn't possess and cannot partner for

**Stay engaged if:**
- Strong cultural alignment with values-driven, patient-centered mission
- Clear executive sponsor with budget authority and transformation mandate
- Realistic scope, timeline, and expectations
- Opportunity to deliver measurable outcomes and build pharmaceutical credibility
- Mutual respect and collaborative dynamic in early conversations

## 12-Month Roadmap (Quarter by Quarter)

### Q1 2024 (Jan-Mar): **Intelligence Gathering & Foundation Building**

**Theme**: ""Assess fit and build knowledge before any outreach""

**Actions**:
1. **[Partnerships Lead]** Conduct comprehensive LinkedIn network analysis to identify Synozur team/advisor connections to Takeda employees; map to target roles (COO, CDO, Head of Transformation, BU Presidents); document warm path opportunities
   
2.","{""focus"": [], ""posture"": null, ""customGuidance"": """", ""versionHistory"": []}",generated,2026-06-05 14:00:55.807,2026-06-05 11:00:43.617,116500d0-357e-4ace-a7af-7264ed58e22a,116500d0-357e-4ace-a7af-7264ed58e22a,2026-06-05 13:57:13.535385,2026-06-05 14:00:55.807,7efbab27-c75b-40e1-9111-19dcaaa1d904
7115a6ff-bf8f-4cfb-ad1a-73d97d523784,synozur.com,137db123-4906-4e61-af99-f0d23d86a622,37d74323-ec27-4651-bf69-7bd164c175cf,,Vail Rubber Works,https://www.vailrubber.com/,Relationship Plan: Vail Rubber Works,"# 12-Month Relationship Plan: Vail Rubber Works

## Executive Summary

Vail Rubber Works is a 130+ year-old industrial roll services company with deep technical expertise in a fragmented, operations-intensive sector. They are a **Sell To** opportunity: their operations leaders and maintenance teams face exactly the pain points Synozur solves (fragmented processes, downtime-driven cost bleed, unclear ROI on capital), but their decision-making is slow, risk-averse, and tied to production schedules. The dominant play is a **consultative advisory entry through the COO or Operations VP** — positioning transformation as risk *reduction* (uptime assurance, predictable maintenance budgets, workforce capability) rather than disruption. **This quarter: research their current operating model (maintenance scheduling, workforce capability, capex allocation) and identify one peer manufacturing customer who trusts them; use that peer as a credibility anchor for a Q2 diagnostic conversation.**

---

## Posture & Strategic Read

**Dominant posture: Sell To** (advisory engagement on operational excellence and workforce effectiveness in their maintenance and manufacturing operations).

**Rationale:** Vail is a pure-play operations company serving manufacturing customers under tight margin and uptime pressure. Their own operations—maintenance scheduling, technician training, capital deployment, supply chain—mirror the pain they solve for others. Synozur's transformation methodology (North Star clarity, operating model design, KPI instrumentation, change adoption) maps directly to their cost and reliability challenges.

---

### Secondary Postures & Flip Conditions

- **Cooperate (low probability initially):** If Vail invests in digital-first maintenance or predictive analytics, they could become a channel or co-delivery partner for manufacturing customers. Precondition: they must prove ROI on their own operations first (strong case study). Conversation opener: ""We see predictive uptime as a wedge for your customers' transformation; let's pilot together.""
  
- **Compete:** Only if we directly target their manufacturing end-customers (steel, aluminum, paper mills) with an operating model offering that bypasses Vail's maintenance services. Avoid this—it poisons the Sell To posture and our strategic credibility.

- **Steer Clear:** Walk away from deals where Vail is a subcontractor or delivery partner to a customer transformation we're leading. We cannot be both their client and their buyer—conflicts of interest kill both relationships.

---

### Strategic Read on Vail Rubber Works

- **What they are:** A capital-intensive, people-dependent roll services business operating in a commodity-ish market. They win on technical depth, uptime reliability, and trusted relationships with plant managers. Their real defensibility is not products—it's institutional knowledge and ""we know your mill.""

- **What they want (likely):** Margin recovery, labor cost control, faster technician deployment, fewer emergency calls, predictable revenue (retainer models). They probably feel competitive pressure from larger conglomerates (Illinois Tool Works, SKF, etc.) squeezing margins and from customer cost-cutting post-recession.

- **Where they're headed:** Likely investing in predictive maintenance, digital work order systems, and remote diagnostics—but probably doing it ad hoc, not as a unified operating model. They may be struggling to attract and retain skilled technicians in tight labor markets.

- **What they fear:** Losing key long-term customer relationships (mill closures, consolidation); losing technical talent to attrition; inability to scale service delivery without proportional cost increase; commoditization by larger competitors.

- **Their tells:** Website emphasizes heritage (1891 founding), technical capabilities, and customer testimonials—not innovation. No visible AI/digital narrative. Service offering is highly granular (custom compounds, thermal spray, grinding, maintenance). Small regional footprint suggests limited capital for national expansion.

---

## Engagement Playbook

### Engage

- **Peer research + warm intro:** Identify 2–3 of Vail's long-term manufacturing customers (likely in steel, aluminum, or paper) and reach out to their COO/Operations VP. Ask: ""How does Vail impact your uptime and maintenance costs?"" Use peer testimonial to establish credibility before outreach to Vail leadership.
  
- **Industry association / events:** Attend one manufacturing or predictive maintenance conference (e.g., SMRB, predictive maintenance/Industry 4.0 tracks) where Vail or their peer companies exhibit. No booth needed—coffee conversations with their competitors' customers about operating model pain.

- **Initiation cadence:** Warm intro (peer reference) first; cold outreach second. Plan one quarterly touchpoint if there's early traction; scale to bi-weekly only after discovery conversation confirms fit.

---

### Cooperate

- **Joint value proposition (future state, not now):** If Vail invests in predictive maintenance or uptime analytics as part of their own transformation, they become a potential referral/channel partner to their manufacturing customer base. We handle operating model + change; they handle technical implementation.

- **Precondition:** Vail must first show ROI on their own operations (reduced maintenance costs, higher technician utilization, improved uptime internally) before we risk credibility by aligning on joint customer work.

- **No co-marketing or integrations now.** Do not propose these until after a paid engagement and clear proof of mutual value.

---

### Sell To Them

**Entry point:** COO or VP of Operations (if Vail's size supports this role); alternatively, VP of Maintenance or Plant Manager if the company is smaller. Secondary buyer: CFO (cost/ROI story).

**The wedge:** ""Your customers are obsessed with uptime and maintenance cost predictability. You have the technical expertise to deliver that. But your own operations—technician scheduling, training, capital deployment, maintenance budgeting—aren't transparently connected to customer ROI. That gap costs you margin and customer loyalty. We help you build that operating model.""

**Key discovery questions:**
- How is technician capacity planned vs. actual demand? (Reveals scheduling chaos, overtime waste.)
- What is the cost of an unplanned emergency call vs. a scheduled maintenance visit? (Reveals margin bleed.)
- How do you measure and communicate uptime impact to customers? (Reveals lack of instrumentation.)
- What is your technician turnover and training cost per year? (Reveals labor/capability risk.)
- How is capex (new equipment, tools, facility investment) justified internally? (Reveals no strategic capital allocation process.)

**Proof points to lead with:**
- ""We've helped manufacturing operations reduce unplanned maintenance by 25–35% and cut emergency call response time by 40% through operating model redesign and workforce scheduling optimization.""
- ""One industrial services company we worked with captured $1.2M in annual labor productivity by clarifying technician roles and training workflows.""
- (Note: these are from Synozur's GTM framework; verify Vail fit in first call—if they don't resonate, pivot to risk-reduction narrative.)

**Proof points to emphasize over price:**
- Process clarity and adoption (they know how to execute operationally; they need *what* to execute).
- Workforce capability and retention (labor is their margin lever and their biggest vulnerability).
- Customer ROI transparency (let them *show* customers the uptime/cost link).

**Engagement scope:** Start with a $50K–$150K diagnostic (maturity assessment of operations, maintenance, and workforce planning) + 6-week roadmap. If data shows >$250K benefit case, move to $200K–$400K operating model redesign phase.

**Procurement gotchas:**
- Vail is likely PE-owned or owned by a holding company—approval chain may be longer than it appears. Ask directly in first call: ""Who besides you needs to sign off on advisory spend, and what is their ROI bar?""
- They may require competitive bids (RFP process). We do not bid against generic Big 4 or implementation bodies; if they ask, offer to share one peer reference and skip the RFP if they agree on scope + timeline first.
- Approval cycles may tie to annual planning (budget freeze in Q4). Plan outreach for Q1–Q2 when budgets are open.

---

### Compete With Them

**Do not compete directly.** Vail's manufacturing customers are not Synozur's target—we target the *operations* and *technology* transformation of mid-market enterprises, not the ""reduce roll maintenance cost"" problem.

**If a customer asks us vs. Vail:** Position Synozur as operating model + change enabler; Vail as technical service provider. They are complements, not substitutes. (Do not say this to Vail.)

**If Vail pitches their own ""digital transformation"" to a customer we're advising:** Recommend *they* engage Vail for technical implementation after we design the uptime/maintenance KPIs and operating model. This positions us as strategy partner and Vail as execution vendor—and keeps the relationship clean.

**Traps to avoid:**
- Do not position Vail as ""behind on digital"" or ""old-school."" They are a capital-efficient, relationship-driven business—that is *their* strategy, not a liability.
- Do not undercut their labor or service rates to win an engagement. We are not a cost-reduction play for them; we are a margin-expansion and risk-mitigation play.

---

### Speak To Them

**Tone:** Respectful of their 130-year heritage and technical depth. Urgent about labor and margin trends, but not condescending. Peer-to-peer (operations leader to operations leader), not consultant-to-client.

**Vocabulary to embrace:**
- ""Uptime,"" ""predictability,"" ""reliability,"" ""operational excellence,"" ""workforce capability,"" ""labor utilization,"" ""margin,"" ""customer ROI transparency.""
- Reference their *own* operating challenges (scheduling, technician retention, emergency call cost) before pitching ours.

**Vocabulary to avoid:**
- ""Digital transformation,"" ""AI,"" ""cloud,"" ""tech stack."" (They do not think in these terms; it signals we do not understand their business.)
- ""Best practices,"" ""industry benchmarks."" (They are experts; they know what's good.)
- ""Legacy,"" ""outdated,"" ""inefficient."" (Invites defensiveness.)

**Indirect references to use:**
- ""We've worked with [peer manufacturing company] on uptime predictability—similar problem to what you're solving for your customers, but in their internal operations.""
- ""Your customers' biggest constraint isn't the roll quality; it's the predictability of when the roll will need service and what it will cost.""

**Sample opening lines:**
1. *""Your customers depend on you for reliability. The companies that win on reliability also win on margin—because they know *when* maintenance happens, not *if*. We help operations teams get there.""*
2. *""You've built 130 years of technical trust. The next lever is operational trust—your customers need to know their maintenance cost and uptime in advance, not after an emergency call. That's where we come in.""*
3. *""Your technician team is your competitive moat. But if you're losing people to burnout or can't justify training investment in hard numbers, that moat erodes. Let's fix that.""*

---

### Steer Clear

- **Do not** accept Vail as a *subcontractor* on any of our manufacturing customer engagements. If a customer we're advising needs roll services, recommend Vail—but do not put them on *our* team. Conflicts of interest will poison both relationships and our credibility.

- **Do not** build a ""Vail diagnostic"" or embed at their facility for more than 4 weeks without a clear scope and decision gate. Long discovery without commitment signals low priority to them and wastes our time.

- **Do not** pitch them on ""AI uptime prediction"" or ""digital twins for rolls"" without first understanding their current capital plan and data maturity. If they're not instrumenting uptime/cost today, fancy prediction tech will fail.

- **Do not** compete on price. If a customer asks, ""Why not just hire Vail to fix our processes?"" answer: ""Vail fixes roll quality and maintenance. We fix how you *decide* and *operate* — they're partners on execution, not a replacement."" (Again, do not say this to Vail.)

- **Risk if we don't steer clear:** We could become entangled in margin-sensitive, low-decision-authority service contracts that distract us from our core advisory positioning.

---

## 12-Month Roadmap

### Q1 — Research & Peer Anchor
- **Actions:** (1) Identify 2–3 Vail manufacturing customers from public data or LinkedIn; (2) warm intro from mutual contact or direct outreach to their COO/Plant Manager; (3) ask about Vail's impact on uptime and cost; (4) synthesize one peer testimonial.
- **Owner:** VP of Business Development (or designated account lead).
- **Decision gate:** Do we have credible peer validation that Vail's customers care about the operating model pain Synozur solves? (If no, reassess fit.)
- **Metric:** 1 peer conversation completed; credibility anchor scored (yes/no).

### Q2 — Discovery & Wedge
- **Actions:** (1) Warm intro to Vail COO/VP Ops using peer insight; (2) discovery call covering technician scheduling, maintenance cost visibility, and workforce capability gaps; (3) send one-page ""Synozur fit hypothesis"" summarizing diagnostic approach and proof point.
- **Owner:** Same account lead + engagement manager.
- **Decision gate:** Does Vail acknowledge the pain? Do they have budget authority or a clear approver? Is scope <$200K (diagnostic phase)?
- **Metric:** 1 discovery call completed; informal budget signal (yes/no/tbd).

### Q3 — Proposal & Pilot
- **Actions:** (1) Refine diagnostic scope based on Q2 conversation; (2) submit formal proposal ($50K–$150K, 6-week engagement); (3) schedule kickoff if approved.
- **Owner:** Engagement manager + delivery lead.
- **Decision gate:** Signed contract and kickoff date confirmed.
- **Metric:** Contract value; engagement start date.

### Q4 — Delivery & Expansion Signal
- **Actions:** (1) Deliver diagnostic report with operating model findings and roadmap; (2) present findings to Vail leadership + CFO; (3) identify Phase 2 scope (operating model redesign, $200K–$400K).
- **Owner:** Delivery lead + account lead.
- **Decision gate:** Does Vail want to expand to Phase 2? If yes, advance to Q1 2026 scoping. If no, document learnings and plan low-touch relationship maintenance (annual check-in).
- **Metric:** Phase 2 decision (yes/no); customer NPS or recommendation likelihood.

---

## Watch List & Risks

### Signals to Watch

- **PE ownership change or acquisition:** If Vail is acquired by or sold to a larger industrial conglomerate (SKF, ITW, Graco, etc.), decision-making and appetite for advisory work may shift. **Response:** Reach out to new owner's operations leadership within 60 days; reframe as ""post-acquisition operating model integration.""

- **Executive hire (COO, VP Ops, Chief Digital Officer):** New leadership often brings fresh urgency around operations transformation. **Response:** Warm intro via LinkedIn or mutual contact within 30 days of announcement; position as ""board-level operating model partner.""

- **Public announcement of new digital/predictive maintenance initiative:** If Vail publicly claims digital transformation or uptime prediction, they may be on a self-directed path. **Response:** Reach out with ""We see you're investing in uptime; let's talk about operating model alignment—many companies fail on tech because processes aren't designed for it.""

- **Job postings (software engineers, data analysts, digital transformation lead):** Signals internal investment in tech/transformation. **Response:** Same as above.

- **Earnings or analyst report mentioning margin pressure or labor challenges:** If Vail is PE-backed and faces margin scrutiny, urgency rises sharply. **Response:** Pitch immediately on labor productivity and cost control as value creators.

- **Customer exit or consolidation (mill closure, customer switching):** Manufacturing consolidation may force Vail to rethink operating model and geographic footprint. **Response:** Position as ""post-consolidation efficiency and workforce redeployment partner.""

---

### Risks & Open Questions

**What we don't know (gather in first 30 days):**

1. **Ownership structure:** Is Vail PE-backed? If so, which sponsor and what is their value creation focus? (Affects decision velocity and ROI bar.)
   - *Action:* Ask directly in discovery call or research via Pitchbook/Crunchbase.

2. **Organizational structure:** Does Vail have a COO or Chief Operations Officer, or does a Plant Manager or VP Maintenance report directly to the CEO? (Affects buyer persona and decision authority.)
   - *Action:* Request org chart or LinkedIn research in Q1.

3. **Current operating model maturity:** Are technician schedules, training, and capital budgeting already instrumented (data exists) or are they managed informally? (Affects engagement scope and quick-win likelihood.)
   - *Action:* Ask in discovery: ""Walk me through your technician scheduling process and how you measure utilization.""

4. **Budget precedent:** Has Vail hired external advisory firms before (Big 4, boutique ops shops)? What was the outcome and ROI?
   - *Action:* Ask: ""Have you worked with external advisors on","{""focus"": [], ""posture"": ""sell_to"", ""customGuidance"": """", ""versionHistory"": []}",generated,2026-07-09 16:22:04.58,2026-07-04 01:09:43.409,116500d0-357e-4ace-a7af-7264ed58e22a,116500d0-357e-4ace-a7af-7264ed58e22a,2026-07-09 16:21:07.256023,2026-07-09 16:22:04.58,7a58fa62-16c7-4ddc-80d8-2318d180e12a
