First Name,Last Name,Title,Company Name,Company Name for Emails,Email,Email Status,Primary Email Source,Primary Email Verification Source,Email Confidence,Primary Email Catch-all Status,Primary Email Last Verified At,Seniority,Departments,Sub Departments,Contact Owner,Work Direct Phone,Home Phone,Mobile Phone,Corporate Phone,Other Phone,Do Not Call,Stage,Lists,Last Contacted,Account Owner,# Employees,Industry,Keywords,Person Linkedin Url,Website,Company Linkedin Url,Facebook Url,Twitter Url,City,State,Country,Company Address,Company City,Company State,Company Country,Company Phone,Technologies,Annual Revenue,Total Funding,Latest Funding,Latest Funding Amount,Last Raised At,Subsidiary of,Subsidiary of (Organization ID),Email Sent,Email Open,Email Bounced,Replied,Demoed,Number of Retail Locations,SIC Codes,NAICS Codes,Apollo Contact Id,Apollo Account Id,Apollo Record Id,Secondary Email,Secondary Email Source,Secondary Email Status,Secondary Email Verification Source,Tertiary Email,Tertiary Email Source,Tertiary Email Status,Tertiary Email Verification Source,Primary Intent Topic,Primary Intent Score,Secondary Intent Topic,Secondary Intent Score,LinkedIn Profile 1612,Qualify Contact
Michael,Wood,Vice President of Sales,Inatech,Inatech,"",Unavailable,"","","","","",Vp,Sales,Sales,chris.mcnulty@synozur.com,"","","",'+44 20 3609 8617,"",false,Cold,"Profile A - ISV Revenue & Marketing Leaders, Profile B - SI Revenue & Marketing Leaders","",chris.mcnulty@synozur.com,300,information technology & services,"hedging, energy trading & risk management, ctrm, fuel management software, commodity trading, cloud etrm, credit risk management, analytics, cloud integration, supply chain management, cloud based technology, marine software, etrm software, expertise oil & gas, gold microsoft partner, ipaas solution, eca regulation, oil trading software, marine, software development, market volatility management, integrated trading platform, energy & utilities, risk management, operational efficiency, financial services, decision support, cloud-based energy trading software, regulatory compliance, trade automation, trade reconciliation, energy trading risk management, inventory management, automation, advanced analytics, customizable workflows, distribution, multi-geography support, erp integration, b2b, fleet bunker management, marine fuel management, computer systems design and related services, trade execution, bunker procurement software, business intelligence, renewables trading, market data integration, supply chain optimization, digital transformation, emissions credits trading, automated invoicing, energy transition support, consulting, credit instruments, risk assessment, energy analytics, etrm, disaster recovery, real-time analytics, fuel trading software, multi-asset trading, market intelligence tools, cloud-native architecture, retail, hedging tools, fuel management solutions, fleet management, market compliance, services, ngls trading platform, biofuel trading system, finance, information technology & services, logistics & supply chain",http://www.linkedin.com/in/michael-wood-mba-63865a101,https://inatech.com,http://www.linkedin.com/company/inatech,https://facebook.com/Inatech.ETRM/,https://twitter.com/inatech,Naples,Florida,United States,"3 Shortlands, England, United Kingdom, W6 8DA","",England,United Kingdom,'+44 20 3609 8617,"Salesforce, Cloudflare DNS, Outlook, Pardot, Microsoft Office 365, Slack, Active Campaign, Wordpress, Elementor, WordPress.org, reCAPTCHA, Google Font API, Mobile Friendly, Shutterstock, Viewport Meta, Cloudflare Rocket Loader, Google Tag Manager, Leadfeeder, Gravatar, Bootstrap Framework, AI",35600000,"",Merger / Acquisition,0,2022-06-01T00:00:00+00:00,Valsoft Corporation (valsoftcorp.com),Valsoft Corporation (valsoftcorp.com),"",false,false,false,false,"","7375, 7372","54151, 51321",6a3ae4ca0744f90001577a37,6a3ae4cb0744f90001577ace,6a3ae4ca0744f90001577a37,"","","","","","","","","","","","",http://www.linkedin.com/in/michael-wood-mba-63865a101,""
Brian,Sutter,Director of Marketing,Solution Source,Solution Source,brians@solution-source.net,Verified,Apollo,Apollo,"",Not Catch-all,2026-06-01T19:58:47+00:00,Director,Marketing,Marketing,chris.mcnulty@synozur.com,"","","",'+1 574-533-2659,"",false,Cold,Profile A - ISV Revenue & Marketing Leaders,"",chris.mcnulty@synozur.com,60,information technology & services,"industrial gas industry, saas program design & development, management consulting, netsuite solution provider, recreational vehicle industry, crm & erp, enterprise accounting software, manufacturers, ecommerse, microsoft partner, wholesale distributors, software development, services, production management, e-commerce, industry focus, d2c, warranty processing, dealer communication portal, customer portal, consulting, rv industry erp, scalable platform, business automation, b2c, manufacturing, netsuite erp, manufacturing industry, asset tracking, bom revision control, automated vin generation, long-term support, order configuration, b2b, unit-centric tracking, work truck configuration, digital transformation, erp implementation, cloud-based solutions, scalable cloud software, all other general purpose machinery manufacturing, inventory management, netsuite customization, welding gas supply, dealer portal, bom management, trailer manufacturing, custom vehicle builds, manufacturing solutions, industry-specific erp, lease & rental management, welding gas inventory, vehicle upfitters, industry-specific workflows, erp for complex boms, distribution, cloud erp, software support, real-time inventory, production scheduling, ecommerce integration, information technology & services, consumer internet, consumers, internet, mechanical or industrial engineering",http://www.linkedin.com/in/brian-sutter,https://solution-source.net,http://www.linkedin.com/company/solution-source,https://www.facebook.com/SolutionSource,https://twitter.com/solution_source,Goshen,Indiana,United States,"1769 Stafford Court, Goshen, Indiana, United States, 46526",Goshen,Indiana,United States,'+1 574-533-2659,"NetSuite, GoDaddy Domains, Microsoft Exchange Online, Outlook, Microsoft 365, Microsoft 365 Apps & Services, Microsoft Exchange, Office365, GoDaddy Hosting, Hubspot, Active Campaign, WordPress.org, Mobile Friendly, Google Tag Manager, Remote, QuickBooks",9118000,"","","","","","","",false,false,false,false,"",3571,33399,6a3ae4ca0744f90001577a4f,6a3ae4cb0744f90001577af2,6a3ae4ca0744f90001577a4f,"","","","","","","","","","","","",http://www.linkedin.com/in/brian-sutter,""
Kristi,Betts,Director of Sales and Marketing,Level Data,Level Data,"",Unavailable,"","","","","",Director,"Marketing, Sales","Marketing, Sales",chris.mcnulty@synozur.com,"","","",'+1 269-488-2050,"",false,Cold,Profile A - ISV Revenue & Marketing Leaders,"",chris.mcnulty@synozur.com,96,education management,"realtime reporting, return on investment, address verification, multifactor authentication, special education compliance tracking, account provisioning, iep alignment, single signon, teacher coaching, state data validation, active directory student sync, powerschool premiere isv partner, k12 data analytics, education, workflow automation, funding maximization, analytics, professional development tools, district resource management, operational efficiency, classroom observation platform, services, data synchronization, talent management, sis data validation, data standardization, data quality improvement, government, teacher coaching platform, real-time error detection, data accuracy, student demographic validation, district-wide data unification, error trend reporting, special education compliance tools, teacher effectiveness analytics, data analytics, teacher professional growth tracking, data validation, return on instruction (roi), educational support services, student information system (sis), b2b, data-driven decision making, data integration, error correction automation, resource allocation analysis, educational analytics, district data management, compliance reporting, system integration, special education management, address validation, risk management, real-time validation, credential and licensing management, data security, compliance monitoring, data management, automated data correction, state reporting compliance, information technology & services, enterprise software, enterprises, computer software, computer & network security",http://www.linkedin.com/in/kristi-betts-7544a720,https://leveldata.com,http://www.linkedin.com/company/leveldata,https://facebook.com/leveldata,https://twitter.com/level_data,Kalamazoo,Michigan,United States,"6850 Stadium Dr, Kalamazoo, Michigan, United States, 49009",Kalamazoo,Michigan,United States,'+1 269-488-2050,"Google Search Console, Apple Business Manager, Apple School Manager, Amazon SES, Amazon Simple Email Service (Amazon SES), Sendgrid, Twilio SendGrid Email API, Microsoft Exchange Online, Mimecast, Outlook, Microsoft 365, Microsoft 365 Apps & Services, Microsoft Exchange, Office365, Microsoft Office 365, Zendesk, SMTP.com, Microsoft Email Providers, Amazon AWS, Google Workspace, Amazon Route 53, Amazon Route 53, Gmail, Amazon AWS, Google Apps, Sage Intacct, Hubspot, Slack, Salesforce, Mobile Friendly, WordPress.org, Viewport Meta, Google Font API, HubSpot Marketing Hub, Cloudflare Rocket Loader, Wordpress, Visual Composer, Hotjar, Wistia, Yoast, DoubleClick, Google Tag Manager, Google Analytics, Gong, Remote, Circle, IoT, AI, Android, Node.js, Chili Piper, Pendo., Terminus",12500000,"",Merger / Acquisition,0,2024-11-01T00:00:00+00:00,"","","",false,false,false,false,"",7375,"611710, 513210",6a3ae4cb0744f90001577a6a,6a3ae364352e20000c572cc2,6a3ae4cb0744f90001577a6a,"","","","","","","","","","","","",http://www.linkedin.com/in/kristi-betts-7544a720,""
Rachael,Black,Marketing Manager,Ascend Technologies,Ascend,rblack@teamascend.com,Verified,Apollo,Apollo,"","",2026-05-29T06:23:30+00:00,Manager,Marketing,Marketing,chris.mcnulty@synozur.com,"","","",'+1 773-241-3007,"",false,Cold,"Profile A - ISV Revenue & Marketing Leaders, Profile B - SI Revenue & Marketing Leaders","",chris.mcnulty@synozur.com,300,information technology & services,"content filtering, ethical hacking, service desk, incident response, data management, o365, manufacturing industry, vpns, managed services, cloud infrastructure management, penetration testing, firewalls, risk assessment, managed security services, social engineering, cybersecurity, azure, intrusion prevention, hubspot partner, fortinet, salesforce management, aws, healthcare industry, salesforce consulting, microsoft security, pci, financial industry, security awareness training, security bundles, vulnerability assessments, application management, private equity industry, mdr, xdr, microsoft partner, salesforce partner, private cloud, project management, small & medium businesses, it services & it consulting, cloud deployment, vulnerability management, mfa solutions, ransomware protection, threat intelligence feeds, cloud security architecture, it consulting, threat hunting, compliance, security monitoring, client success, certifications, cloud solutions, healthcare, security analytics, risk management, cloud migration, security incident management, security compliance frameworks, it support, it solutions, legal, mfa, vciso, partnerships, cloud support, security monitoring tools, security compliance, it optimization, it management, data protection, security policy development, security frameworks, cloud migration services, cybersecurity tools, it strategy, process optimization, enterprise security, vciso services, operational efficiency, phishing prevention, security training, hybrid cloud, zero trust security, cloud computing, cyber threat hunting, digital transformation, salesforce solutions, business continuity, security information and event management, cyber threat detection, managed private data center, compliance audits, enterprise it, consulting, it infrastructure, managed it services, dark web monitoring, application development, identity and access management, network security, it governance, identity management, vcio, security awareness, manufacturing, identity protection, security orchestration, cybersecurity maturity model, security operations center, security automation tools, security policy, information technology, cybersecurity services, security reporting, threat intelligence, security incident response, security operations, threat detection, enterprise software, security risk assessment, managed detection response, technology consulting, it assessment, salesforce services, cloud assessment, compliance management, cloud infrastructure, security assessments, security operations automation, industry awards, cloud security, financial services, endpoint detection and response, it support services, cloud security assessment, endpoint security, incident response planning, computer systems design and related services, it infrastructure management, cybersecurity solutions, b2b, cloud security posture management, cyber resilience, security automation, digital workplace, services, healthcare consulting, microsoft 365 management, 24/7 support desk, compliance solutions, security awareness programs, remote it support, assessment services, managed detection and response, multi-factor authentication, data backup and recovery, infrastructure assessment, it strategy planning, emr support, practice workflow analysis, information blocking assessment, email security, phishing protection, cybersecurity assessments, business continuity planning, privacy compliance, hipaa services, cloud access security broker, data loss prevention, technical support services, client relationship management, strategic it partnership, finance, computer & network security, information technology & services, productivity, management consulting, enterprises, computer software, health care, health, wellness & fitness, hospital & health care, app development, apps, software development, privacy, mechanical or industrial engineering, internet infrastructure, internet",http://www.linkedin.com/in/rachael-el-black,https://teamascend.com,http://www.linkedin.com/company/teamascend,https://facebook.com/Switchfast,https://twitter.com/switchfast,Boston,Massachusetts,United States,"200 W Adams St, Chicago, Illinois, United States, 60606-0001",Chicago,Illinois,United States,'+1 773-241-3007,"Salesforce, Cloudflare DNS, Sendgrid, ExactTarget, Outlook, Microsoft Office 365, CloudFlare Hosting, Sage Intacct, Sophos, Hubspot, Slack, WP Engine, Google Tag Manager, Facebook for Business, Astra WordPress Theme, YouTube, HubSpot Marketing Hub, Facebook Widget, Adobe Fonts, Meta Ads, Wordpress, Facebook Pixel, Meta Ads Manager, WordPress.org, Viewport Meta, Facebook Custom Audiences, Mobile Friendly, Facebook Meta, Cloudflare Rocket Loader, Typekit, Yoast, Facebook Login (Connect), CookieYes, Google Analytics, Google Font API, Nginx, Google Maps, Bootstrap Framework, Remote, IoT, AI, QuickBooks",35000000,"","","","","","","",false,false,false,false,"","7371, 7373, 7379","541512, 541513",6a3ae4ca0744f90001577a2c,6a3ae4cb0744f90001577ad9,6a3ae4ca0744f90001577a2c,"","","","","","","","","","","","",http://www.linkedin.com/in/rachael-el-black,""
Alen,Justin,Chief Revenue Officer,"Solunus, Inc.",Solunus,"",Unavailable,"","","","","",C suite,"C-Suite, Sales","Sales Leader, Revenue Operations",chris.mcnulty@synozur.com,"","","",'+1 214-200-4800,"",false,Cold,Profile A - ISV Revenue & Marketing Leaders,"",chris.mcnulty@synozur.com,180,information technology & services,"crm, manufacturing, digital transformation, salesforce cpq, servicemax, hubspot sales hub services, agentforce solutions, salesforce consulting services, community cloud, field service lightning, sales cloud, lightning, data audit, commerce cloud, experience cloud, bfsi, data archiving, business, management, codeless test automation, agentic ai solutions, healthcare, salesforce crm, datamanagement, salesforce community cloud, salesforce testing, salesforce devops, salesforce managed services, advisory services, agentforce, agentforce partner, mobile cloud, salesforce, cloud technology, revenue cloud, dell boomi integration, salesforce gold partner, heroku, salesforce registered isv partners, cloud computing, certinia erp services, data migration & management, crm solutions, vlocity cloud, social technologies, consulting services, marketing cloud, service cloud, hubspot marketing hub services, salesforce fsl, certinia psa services, tableau crm, data cloud, salesforce silver consulting partners, salesforce implementation, salesforce integration, change management, custom development & optimization, mulesoft integration, it services & it consulting, workflow automation, performance testing, cpqlite product configuration, salesforce lightning, salesforce consulting, consulting, business intelligence, cybersecurity, multi-cloud management, industry-specific salesforce apps, certified professionals, salesforce advisory, salesforce automation, certinia psa erp integration, experience cloud portals, salesforce cloud solutions, multi-language support, system optimization, business growth, devops, services, integration services, testing, business process automation, financial services, salesforce customization, crm implementation, next-gen test automation, telecom, computer systems design and related services, healthcare and lifesciences, hybrid cloud solutions, enterprise software, salesforce partner, salesforce support, revenue cloud management, risk management, ai-powered solutions, advertising, industry-specific solutions, customer journey mapping, custom api development, telecommunications, media and advertising, retail, media, customer relationship management, security protocols, managed services, real-time customer insights, multi-cloud deployment, managed support, salesforce products, global delivery, security and compliance, performance optimization, custom software development, customer success, api integration, mobile crm, erp, cloud services, innovation, commerce cloud customization, cloud deployment, user training, information technology and services, tableau crm analytics, data analytics, b2b, salesforce industry solutions, customer data platform, real-time analytics, automation, private equity, ai in crm, customer experience, client-centric approach, business process reengineering, salesforce analytics, compliance, software development, workflow automation tools, salesforce cybersecurity, data migration, e-commerce, finance, distribution, consumer_products_retail, transportation_logistics, sales, enterprises, computer software, information technology & services, mechanical or industrial engineering, health care, health, wellness & fitness, hospital & health care, management consulting, analytics, consumer internet, consumers, internet",http://www.linkedin.com/in/alenjustin,https://solunus.com,http://www.linkedin.com/company/solunus,https://www.facebook.com/SolunusInc,https://twitter.com/solunusinc,Irving,Texas,United States,"1400 Corporate Dr, Irving, Texas, United States, 75038-2412",Irving,Texas,United States,'+1 214-200-4800,"Outlook, Microsoft Office 365, GoDaddy Hosting, Amazon AWS, Gmail, Google Apps, Leadfeeder, Slack, Salesforce, Google Tag Manager, WordPress.org, Google Font API, Mobile Friendly, Apache, AI, Salesforce Sales Cloud, Salesforce Service Cloud, Salesforce Einstein Analytics, Apex, Salesforce Lightning Web Components, AWS SDK for JavaScript, OpenTable for Restaurants, Oracle Analytics Cloud, Salesforce VisualForce, SOQL, MySQL, Teradata, DotNetNuke, Hubspot, Microsoft Office",37500000,"","","","","","","",false,false,false,false,"","7375, 7371, 8742","541512, 541611",6a3ae4ca0744f90001577a40,6a3ae4cb0744f90001577ae7,6a3ae4ca0744f90001577a40,"","","","","","","","","","","","",http://www.linkedin.com/in/alenjustin,""
Carson,Scheinkoenig,Sales & Marketing,Choice Solutions,Choice Solutions,cscheinkoenig@choicesolutions.com,Verified,Apollo,Apollo,"",Not Catch-all,2026-06-07T12:32:26+00:00,Entry,"Marketing, Sales","Marketing, Sales",chris.mcnulty@synozur.com,"","","",'+1 463-202-7662,"",false,Cold,Profile A - ISV Revenue & Marketing Leaders,"",chris.mcnulty@synozur.com,170,information technology & services,"business process automation, managed security services, managed citrix services, hybrid cloud architectures, nutanix partner, private cloud, enterprise cloud, always on architecture, digital platforms, outsourced monitoring amp support, automated it services & service architecture, microsoft partner, cloud strategy solutions, digital workspace, desktop as a service, hybrid cloud solutions, security, citrix support, managed it services, end user computing, managed cloud services, wireless network, outsourced monitoring support, risk security, citrix services, next generation infrastucture, managed services, human capital management ecosystems, adaptive security architecture, mobile workspace, digital workplace management, professional services, outsourced monitoring & support, cloud computing, advisory services, citrix, business continuity disaster recovery, risk & security, virtualization, enterprise mobility, business continuity storage, security compliance, predictive analytics, automated it services service architecture, digital workplace, microsoft infrastructure, risk amp security, web scale, citrix service provider, automated it services amp service architecture, it services & it consulting, professional training & coaching, enterprise software, enterprises, computer software, information technology & services, b2b",http://www.linkedin.com/in/carson-scheinkoenig,https://choicesolutions.com,http://www.linkedin.com/company/choice-solutions,https://facebook.com/choicesolutions,https://twitter.com/choicesolutions,Overland Park,Kansas,United States,"7015 College Boulevard, Leawood, Kansas, United States, 66211",Leawood,Kansas,United States,'+1 463-202-7662,"Google Search Console, GoDaddy Domains, Microsoft Exchange Online, Outlook, Microsoft 365, Microsoft 365 Apps & Services, Microsoft Exchange, Office365, Microsoft Office 365, Proofpoint, Proofpoint Email Security and Protection, Flywheel, Citrix, Hubspot, Slack, ZoomInfo DaaS, HubSpot Marketing Hub, Mobile Friendly, WordPress.org, Akismet, Gravity Forms, Google Tag Manager, YouTube, reCAPTCHA, Viewport Meta, Google Ads, Google Ads Conversion, ZoomInfo Sales, AIOSEO, ZoomInfo, Wordpress, AI, AWS VPN, Route, Onit, UPS, Amazon Linux 2, Nutanix, Gem",35000000,"","","","","","","",false,false,false,false,"","7373, 7379","541512, 541519",6a3ae4ca0744f90001577a52,6a3ae4cb0744f90001577ad0,6a3ae4ca0744f90001577a52,"","","","","","","","","","","","",http://www.linkedin.com/in/carson-scheinkoenig,""
Chelsea,Woodland,Marketing Manager,JourneyTeam,JourneyTeam,chelsea.woodland@journeyteam.com,Verified,Apollo,Apollo,"","",2026-06-16T12:17:49+00:00,Manager,Marketing,Marketing,chris.mcnulty@synozur.com,"","","",'+1 800-439-6456,"",false,Cold,Profile A - ISV Revenue & Marketing Leaders,"",chris.mcnulty@synozur.com,170,information technology & services,"sql reporting services, rights management, power bi, sharepoint, dynamics 365 customer engagement, okta, cloud strategy, microsoft dynamics sl, azure, microsoft office 365, cybersecurity, dynamics 365 field service, microsoft dynamics 365, identity management, dynamics 365 business central, microsoft dynamics gp, dynamics 365 supply chain management, amazon web services, microsoft 365, microsoft dynamics crm, dynamics 365 sales, power platform, microsoft power bi, mobile device management, saas, microsoft sharepoint, copilot, dynamics 365 customer service, microsoft fabric, it services & it consulting, impact-driven business solutions, analytics, impact-focused microsoft partner, migration & integration, operational efficiency, microsoft partner, cloud solutions, consulting, services, information technology and services, ai-driven insights, business intelligence, technology consulting, erp & crm implementation, cloud migration, training, data analytics, azure cloud, customer relationship management, dynamics 365 crm, distribution, dynamics 365 erp, b2b, computer systems design and related services, azure copilot, security sherpa program, security & compliance, license management, manufacturing, application development, analytics & reporting, microsoft solutions, ai & copilot, adoption & change management, ai & agi integration, financial services, customer engagement, business process automation, automation, custom software development, business transformation, cloud services, security & threat protection, finance, privacy, computer software, information technology & services, cloud computing, enterprise software, enterprises, management consulting, crm, sales, mechanical or industrial engineering, app development, apps, software development",http://www.linkedin.com/in/chelsea-woodland-98778a46,https://journeyteam.com,http://www.linkedin.com/company/journeyteam,"","",North Newton,Kansas,United States,"121 W Election Rd, Draper, Utah, United States, 84020-7706",Draper,Utah,United States,'+1 800-439-6456,"Google Search Central, Google Search Console, Apple Business Manager, CloudFlare CDN, Cloudflare DNS, Apple School Manager, ElasticEmail, Mailgun, Rackspace MailGun, Microsoft Email Providers, Microsoft Exchange Online, Outlook, Microsoft 365, Microsoft 365 Apps & Services, Microsoft Exchange, Office365, CloudFlare Hosting, Act-On, Microsoft Office 365, CloudFlare, DigitalOcean, Teachable, React, Slack, Wordpress, Vimeo, Gravity Forms, reCAPTCHA, Google Tag Manager, Viewport Meta, webpack, WordPress.org, Yoast, Wistia, YouTube, Mobile Friendly, Data Analytics, Remote, , Microsoft Azure Monitor, Copilot, Microsoft Entra ID, TUNE, Azure Analysis Services, Microsoft Dynamics 365 Customer Engagement, Microsoft Power Platform, Microsoft Fabric, PowerBI Tiles, Microsoft SQL Server Reporting Services, Tor, SS&C, Microsoft Intune Enterprise Application Management, Azure Sentinel, Microsoft Defender for Cloud, Azure Virtual Machines, Azure Files, Azure Virtual Network, .NET, Azure VPN Gateway, Express, Azure AI Search, Microsoft PowerShell, Security, Azure Service Fabric, Power BI Documenter, Azure AI Studio, Dynamics 365 Customer Insights, Azure Devops, Microsoft Project, Act!, CAT, Microsoft Teams, Azure Data Factory, Databricks, Azure Synapse Analytics, MySQL, Python, Apache Spark, Azure Data Lake Storage, Azure SQL Database, Azure Event Hubs, Azure Stream Analytics, Azure Logic Apps, Azure ExpressRoute, Microsoft Power Apps, Microsoft Power Automate, GitHub Pages",12200000,"","","","","","","",false,false,false,false,"","7375, 7373, 8742","541512, 541611",6a3ae4ca0744f90001577a55,6a3ae4cb0744f90001577af6,6a3ae4ca0744f90001577a55,"","","","","","","","","","","","",http://www.linkedin.com/in/chelsea-woodland-98778a46,""
Jordan,Lehman,Marketing Design Manager,"US Alliance Group, Inc",US Alliance Group,jordan.lehman@usag-inc.com,Verified,Apollo,Apollo,"","",2026-05-29T05:57:26+00:00,Manager,"Design, Marketing","All Design, Marketing",chris.mcnulty@synozur.com,"","","",'+1 949-888-4408,"",false,Cold,Profile A - ISV Revenue & Marketing Leaders,"",chris.mcnulty@synozur.com,62,consumer services,"sales, processing payments, intigration, technology, lending, financial technology, growth strategies, reseller programs, merchant services, b2b, fintech, data security, pci security standards council, api integration, digital payments, merchant relationships, pci compliance, financial services, merchant support, access control, bill pay, gift cards, customer service, payment processing solutions, cost-effective solutions, industry awards, financial transactions processing, reserve, and clearinghouse activities, mobile payments, payment security, security partnerships, complex business solutions, services, multi-channel payments, omni-channel, merchant onboarding support, payment technology, growth and innovation, bill payment, api sdks, low to medium-risk merchants, retail, isv partnerships, payment solutions, ach processing, reseller partnerships, merchant onboarding, data analytics, card security, merchant lending, merchant lending opportunities, omni-channel payments, customer support, sdks, industry recognition, secure tokenization, atm solutions, electronic checks, payment processing, business solutions, e-commerce, security and compliance, transaction monitoring, risk management, atm services, online payments, payment infrastructure, payment gateway, tokenization, finance, consumer products & retail, finance technology, information technology & services, computer & network security, internet, consumer internet, consumers",http://www.linkedin.com/in/jordan-lehman-83865732,https://usag-inc.com,http://www.linkedin.com/company/us-alliance-group-inc,https://facebook.com/usalliancegroup/,https://twitter.com/usalliancegroup,Rancho Santa Margarita,California,United States,"29883 Santa Margarita Pkwy, Rancho Santa Margarita, California, United States, 92688",Rancho Santa Margarita,California,United States,'+1 949-888-4408,"Google Search Console, Apple Business Manager, Apple School Manager, Microsoft Exchange Online, Outlook, Microsoft 365, Microsoft 365 Apps & Services, Microsoft Exchange, Office365, KnowBe4, Circle, Remote, Salesforce CRM Analytics, Postpresso",8751000,"","","","","","","",false,false,false,false,"",7389,"522320, 541512",6a3ae4cb0744f90001577a69,6a3ae364352e20000c572cb9,6a3ae4cb0744f90001577a69,jlehman66@gmail.com,Apollo,Verified,Apollo,"","","","","","","","",http://www.linkedin.com/in/jordan-lehman-83865732,""
Jim,Kerr,Chief Revenue Officer,eimagine,eimagine,jkerr@eimagine.com,Verified,Apollo,Apollo,"",Catch-all,2026-06-05T09:15:01+00:00,C suite,"C-Suite, Sales","Sales Leader, Revenue Operations",chris.mcnulty@synozur.com,"","","",'+1 317-577-9958,"",false,Cold,Profile A - ISV Revenue & Marketing Leaders,"",chris.mcnulty@synozur.com,140,information technology & services,"agile, salesforce, low code no code, dynamics, sharepoint, oracle, data analytics, organizational change management, microsoft gold partner, sql server, business analytics, crm, mulesoft, net, tableau, mobile development, data engineering, powerbi, dynamics 365, dotnet, data migration, team performance, dashboards, artificial intelligence, it services & it consulting, kanban, api development, api integrations, content management systems, data lake architecture, api security, business intelligence, devops, solution architecture, teams, mulesoft certification, application integration, agile methodology, healthcare, devops automation, enterprise solutions, government sector, machine learning models, microsoft power platform, real-time data processing, continuous integration, business process automation, innovation, hybrid cloud, services, business consulting, custom application design, sharepoint solutions, commercial enterprise, client collaboration, knowledge management platforms, operational efficiency, microsoft 365, healthcare compliance, business process reengineering, viva, b2b, container orchestration, software development, enterprise content management, azure devops, information technology and services, microsoft partner, data migration services, custom software development, digital transformation, data security, it consulting, mulesoft api design, data analytics for government, predictive analytics, containerization, custom application architecture, crm customization, government, operational analytics, consulting, project management, commercial, computer systems design and related services, knowledge harnessing platforms, cloud architecture, healthcare technology, mobile app development, government compliance, microservices, risk management, continuous delivery, it solutions, technology consulting, cloud security, salesforce integration, custom software, ai-powered analytics, multi-cloud, data-driven decision making, data governance, api management, sharepoint intranet, healthcare data solutions, data visualization, kubernetes, cloud-native development, data pattern recognition, system integration, api gateways, cloud migration, knowledge harnessing, crm implementation, ai and machine learning, hybrid cloud solutions, agile delivery, salesforce partner, business transformation, data compliance, microsoft azure, cloud services, application development, big data integration, scrum, mobile enterprise apps, content management, data warehousing, quality assurance, salesforce solutions, agile methodologies, vendor management, change management, business process improvement, client engagement, data strategy, user adoption, performance metrics, independent verification, co-creation, training and development, project rescue, center of excellence, cloud adoption, employee training programs, quality control processes, proven success, government it solutions, commercial it consulting, continuous learning, market value creation, strategic resource allocation, client-specific solutions, it governance, user-centric design, technical competency, innovation management, custom software architecture, capacity building, stakeholder communication, technical staff augmentation, certified expertise, employee engagement, nonprofit consulting, non-profit, information technology & services, sales, enterprise software, enterprises, computer software, analytics, health care, health, wellness & fitness, hospital & health care, management consulting, computer & network security, productivity, cloud computing, app development, apps, training & development, nonprofit organization management",http://www.linkedin.com/in/jimkerr92,https://eimagine.com,http://www.linkedin.com/company/eimagine,https://facebook.com/thinketg,https://twitter.com/eimagine,Indianapolis,Indiana,United States,"8925 North Meridian Street, Indianapolis, Indiana, United States, 46260",Indianapolis,Indiana,United States,'+1 317-577-9958,"NetSuite, Cloudflare DNS, Sendgrid, Outlook, CloudFlare Hosting, WP Engine, Barracuda Networks, ExactTarget, Slack, Salesforce, Remote, Microsoft Dynamics CRM Consulting, Git, Azure Devops, Jira, Salesforce CRM Analytics, Microsoft Teams, Zoomdata, LinkedIn Ads, Linkedin Marketing Solutions, Azure Analysis Services, Amazon AWS, Google Cloud",23300000,"","","","","","","",false,false,false,false,"","7375, 7371, 8742","541512, 541511",6a3ae364352e20000c572c95,6a3ae364352e20000c572cc0,6a3ae364352e20000c572c95,"","","","","","","","","","","","",http://www.linkedin.com/in/jimkerr92,""
Brad,Smock,VP of North American Sales,MagicFuse (by TechMagic),MagicFuse,brad@magicfuse.co,Verified,Apollo,Apollo,"",Not Catch-all,2026-06-04T12:32:27+00:00,Vp,Sales,Sales,chris.mcnulty@synozur.com,"","","",'+44 20 3290 1270,"",false,Cold,Profile A - ISV Revenue & Marketing Leaders,"",chris.mcnulty@synozur.com,68,information technology & services,"salesforce integration, salesforce custom development, salesforce isv development, service cloud consulting, salesforce managed service, sales cloud consulting, mulesoft development, salesforce consultant, salesforce managed serviced, salesforce implementation, salesforce support, it services & it consulting, distribution, salesforce custom apps, industry-specific salesforce apps, salesforce security review, consumer goods, salesforce consulting, data synchronization, technology, energy, data migration, salesforce managed services, salesforce customization, lightning web components, b2c, services, performance tuning, lightning web components development, d2c, rest api, api development, retail, salesforce development, travel & hospitality, media, appexchange publishing, education, enterprise salesforce solutions, custom salesforce dashboards, consulting, appexchange apps, apex programming, security compliance, salesforce integration services, security standards, salesforce security review prep, data security, managed services, crm customization, salesforce app development, salesforce data migration, financial, automotive, appexchange managed packages, business process automation, e-commerce, finance, real-time data sync, government, soap api, crm system integration, apex development, salesforce cloud services, industry-specific salesforce customization, data management, manufacturing, multi-system integration, scalability solutions, security review, healthcare, computer systems design and related services, salesforce certifications, workflow automation, performance optimization, b2b, scalable salesforce architecture, salesforce security, cloud integration, custom salesforce solutions, salesforce project delivery, user experience design, ai-powered salesforce solutions, non-profit, consumer_products_retail, transportation_logistics, energy_utilities, construction_real_estate, information technology & services, consumers, computer & network security, consumer internet, internet, financial services, mechanical or industrial engineering, health care, health, wellness & fitness, hospital & health care, nonprofit organization management",http://www.linkedin.com/in/brad-smock-55480975,https://magicfuse.co,http://www.linkedin.com/company/magicfuse,"","",Round Rock,Texas,United States,"10 Great Russell Street, London, England, United Kingdom, WC1B 3BQ",London,England,United Kingdom,'+44 20 3290 1270,"Salesforce, Amazon Route 53, Gmail, Google Apps, Pipedrive, Leadfeeder, Active Campaign, AI, Salesforce Flow, Salesforce Journey Builder, AMP, HTML Pro, CSS, Litmus, Salesforce Lightning Web Components, Apex, Salesforce VisualForce, Ning, Mulesoft, Flow, Scrum Do","","","","","","","","",false,false,false,false,"",7375,54151,6a3ae4ca0744f90001577a3a,6a3ae4cb0744f90001577ae2,6a3ae4ca0744f90001577a3a,"","","","","","","","","","","","",http://www.linkedin.com/in/brad-smock-55480975,""
Paige,Vesuvio,Head of Global Marketing,Enavate,Enavate,paige.vesuvio@enavate.com,Verified,Apollo,Apollo,"",Not Catch-all,2026-06-03T08:44:05+00:00,Head,Marketing,Marketing,chris.mcnulty@synozur.com,"","","",'+1 303-469-2346,"",false,Cold,Profile A - ISV Revenue & Marketing Leaders,"",chris.mcnulty@synozur.com,280,information technology & services,"microsoft dynamics ax, maintenance, cloud, isv, managed services, microsoft dynamics for sales, microsoft dynamics 365 for finance & operations, microsoft dynamics 365 supply chain management, microsoft gold partner, netsuite, wholesale distribution, microsoft dynamics 365 business central, implementation, support, microsoft crm, migration, erp support, microsoft dynamics for finance & operations, microsoft dynamics 365, software development, distributors, global services, distribution software, erp migration, it services & it consulting, workflow automation, aircraft maintenance erp, food & beverage erp, system support, operational efficiency, remote support, wineries management, consulting, services, ai-driven insights, distribution erp, professional services erp, business intelligence, analytics and automation, cloud hosting, cloud migration, healthcare erp, inventory management, food & beverage, batch control and traceability, data analytics, erp implementation, crm integration, erp solutions, distribution, microsoft azure, power bi, b2b, aviation maintenance, custom erp solutions, computer systems design and related services, scalability, manufacturing, regulatory compliance tools, industry-specific erp, support and maintenance, supply chain optimization, power platform, system integration, healthcare, business central, business process automation, customer success, data security, supply chain management, digital transformation, manufacturing erp, ai integration, migration to cloud, saas, finance, transportation & logistics, information technology & services, analytics, cloud computing, enterprise software, enterprises, computer software, consumer goods, consumers, mechanical or industrial engineering, health care, health, wellness & fitness, hospital & health care, computer & network security, logistics & supply chain, financial services",http://www.linkedin.com/in/paigevesuvio,https://enavate.com,http://www.linkedin.com/company/enavate,https://www.facebook.com/Enavate/,https://twitter.com/enavate,"",Florida,United States,"1511 N West Shore Blvd, Tampa, Florida, United States, 33607-4502",Tampa,Florida,United States,'+1 303-469-2346,"Dyn Managed DNS, Microsoft Office 365, GoDaddy Domains, Amazon AWS, React, iCIMS, ServiceNow, Slack, Hubspot, Facebook Widget, Google Tag Manager, Linkedin Widget, Facebook Login (Connect), Typekit, Linkedin Login, Mobile Friendly, Remote, Acumatica, Android, Node.js, Microsoft Dynamics, , Microsoft Azure Monitor, SS&C, Microsoft Power Platform, Azure Analysis Services, Copilot, Microsoft Dynamics 365 Customer Engagement, Google AdWords Conversion, Microsoft Dynamics GP, Dynamics 365 Sales, Dynamics 365 Field Service, Microsoft Dynamics 365 Customer Service, Dynamics 365 Customer Insights, Microsoft Power Apps, Microsoft Power Automate, Remote Desktop Services, Microsoft-IIS, Microsoft Active Directory Federation Services, .NET, Azure Virtual Desktop, Microsoft PowerShell, Azure Site Recovery, Microsoft Windows Server 2012, Mode, Microsoft 365, Salesforce CRM Analytics, AppDynamics, Microsoft Dynamics 365",52000000,9500000,Private Equity,"",2025-10-01T00:00:00+00:00,"","","",false,false,false,false,"",7372,54151,6a3ae4cb0744f90001577a67,6a3ae4cb0744f90001577aff,6a3ae4cb0744f90001577a67,"","","","","","","","","","","","","",""
Vinita,Kumar,Head - Marketing and Communications,Total eBiz Solutions,Total eBiz Solutions,vinita.k@totalebizsolutions.com,Verified,Apollo,Apollo,"",Not Catch-all,2026-06-12T00:48:39+00:00,Head,Marketing,"Marketing, Marketing Communications, Strategic Communications",chris.mcnulty@synozur.com,"","","",'+65 6290 0230,"",false,Cold,"Profile A - ISV Revenue & Marketing Leaders, Profile B - SI Revenue & Marketing Leaders","",chris.mcnulty@synozur.com,240,information technology & services,"intelligent automation, digital experience platforms, digital workplace, enterprise mobility, microsoft cloud erp, portals, azure, business apps, artificial intelligence, logistics, rapid application development platform, cloud services, predictive analysis, internet of things, cloud computing, rpa, business applications, security, mobile apps, business process management, data analytics & ai services, real estate, insurance, relationship management, business process automation, microsoft security solutions, governement, business insights, robotic process automation, conversational ai, collaborative portals, application development services, agile devsecops services, digital transformation, education, enterprise integration, lowcodenocode automation, customer relationship management, application managed services, hyperautomation, it services & it consulting, azure ai, application management, ai in education technology, ai solutions, knowledge discovery, application performance optimization, ai innovation strategy, ai & data governance, microsoft partner, power automate, azure cloud security, enterprise application support, hybrid cloud solutions, ai in product development, machine learning, automation solutions, ai-powered application modernization, data analytics, ai & digital experience platform, application modernization, ai model deployment, azure security, azure data platform, ai-driven decision support, azure monitoring & management, ai strategy, ai-powered chatbots for support, ai for real-time data processing, application development, ai for fraud detection, data engineering, devsecops services, computer systems design and related services, digital workplace tools, ai for retail analytics, information technology and services, customer engagement solutions, ai for data discovery, b2b, partnerships, automation, ai for government digital services, business continuity planning, cloud & security solutions, ai strategy & consulting, azure hybrid cloud, project delivery, power platform, azure security & compliance, ai for transportation logistics, project management, ai in iot applications, business applications support, azure security center, ai-driven workflow automation, ai governance, customer engagement, ai governance frameworks, software development, enterprise system integration, real-time analytics, power bi, azure identity & access management, ai for personalized marketing, data-driven decision making, data visualization, ai in enterprise mobility, ai for risk management, ai for predictive maintenance, application support services, azure devops pipelines, azure data engineering, ai for supply chain optimization, ai in media and entertainment, ai governance & ethics, customer journey, ai in knowledge management, ai for operational efficiency, ai for personalized customer journeys, azure data visualization, ai in energy management, power apps, application testing & qa, azure cognitive services, government, azure backup & recovery, application lifecycle management, security solutions, cloud security, digital experience platform, ai in cybersecurity threat detection, ai in compliance automation, unified omnichannel, ai-powered virtual assistants, ai in manufacturing, application engineering, microsoft azure, ui/ux consulting, innovation culture, microsoft dynamics 365, ai in cybersecurity, ai for document processing, application support, ai & ml solutions, employee engagement, azure data analytics, azure cost management, azure machine learning, azure automation, generative ai, azure support services, ai in healthcare applications, custom software development, ai in compliance management, workflow automation, azure cloud migration, ai-powered chatbots, ai in financial services, ai in hr onboarding, data management, innovation, cloud native development, ai-enabled enterprise support, cloud migration, operational efficiency, azure devops, cybersecurity, customer experience, application security, azure data factory, data & analytics services, security & compliance, ai for predictive analytics, application development & modernization, ai in legal tech, ai for smart cities, services, low-code/no-code applications, automation & rpa, azure security best practices, azure compliance & governance, azure application development, ai for customer engagement, azure data lake, consulting, azure microservices, advisory services, mobile applications development, low code development, no code applications, agile methodologies, devsecops, enterprise integration solutions, cloud migration services, cloud managed services, cybersecurity solutions, identity and access management, document management systems, record management solutions, advanced ai solutions, generative ai services, conversational ai solutions, customer experience optimization, enterprise knowledge management, agile coaching, integration services, application development modernization, customer journey strategy, omnichannel customer experiences, scalable application development, business growth acceleration, streamlined workflows, technological innovation, industry-specific solutions, change management, continuous integration/continuous deployment, ethical ai implementation, customer satisfaction enhancement, healthcare, finance, legal, non-profit, information technology & services, enterprise software, enterprises, computer software, crm, sales, app development, apps, productivity, health care, health, wellness & fitness, hospital & health care, financial services, nonprofit organization management",http://www.linkedin.com/in/vinita-kumar-25a1854,https://totalebizsolutions.com,http://www.linkedin.com/company/total-ebiz-solutions-pte-ltd,https://www.facebook.com/totalebiz/,https://twitter.com/Total_ebiz,New York,New York,United States,"31 Ubi Rd 1, Singapore, Singapore, 408694",Singapore,"",Singapore,'+65 6290 0230,"Cloudflare DNS, Outlook, CloudFlare Hosting, Leadfeeder, Slack, Salesforce, Google Tag Manager, Bootstrap Framework, YouTube, Google Font API, reCAPTCHA, WordPress.org, Mobile Friendly, AI, Databricks, Apache Spark, Microsoft Dynamics 365 Customer Service, Dynamics 365 Customer Insights, Microsoft Power Platform, Microsoft Power Apps, Microsoft Power Automate, CAT, Azure Logic Apps, Azure Functions, Microsoft Power Platform AI Builder, OpenAI, Copilot, DATAVERSE LTD, ServiceNow, Microsoft Sharepoint, Nintex, Lytics, Intel Cloud Services, Flow, Workday, SAP, Coupa, Ivalua, Oracle Analytics Cloud, Kubernetes, Azure Analysis Services, AWS Analytics, IBM Sterling File Gateway, GFI, Oracle FLEXCUBE, ACL, PL/SQL, AWS SDK for JavaScript, Soap Media, IXL, Quest Toad, Microsoft Dynamics 365 Customer Engagement, Dynamics 365 Field Service, Dynamics 365 Sales, Azure OpenAI Service, Genesys, Five9, Micro",217000,"",Merger / Acquisition,0,2025-09-01T00:00:00+00:00,Avanade (avanade.com),Avanade (avanade.com),"",false,false,false,false,"",7375,54151,6a3ae4ca0744f90001577a25,6a3ae4cb0744f90001577ad5,6a3ae4ca0744f90001577a25,kumarvinita08@yahoo.com,Apollo,Verified,Apollo,"","","","","","","","",http://www.linkedin.com/in/vinita-kumar-25a1854,""
Kaz,Schellekens,Marketing Manager,Betabit,Betabit,k.schellekens@betabit.nl,Verified,Apollo,Apollo,"",Catch-all,2026-06-02T17:41:57+00:00,Manager,Marketing,Marketing,chris.mcnulty@synozur.com,"","","",'+31 10 414 6171,"",false,Cold,Profile A - ISV Revenue & Marketing Leaders,"",chris.mcnulty@synozur.com,250,information technology & services,"paas, realisatie, digitalisering, devops, advies, managed software, modernisering, certificering, beheer, nearshoring, azure, internet of things, software development, bedrijfsparticipatie, transitie, applicatie development, onderhoud, microsoft azure, cloud migratie, frontend, training, testen, opleiding, security, migratie, artificial intelligence, backend, technisch testen, cloud, ai, quality assurance, mobile, integratie, it services & it consulting, azure devops, azure iot solutions, azure cloud scalability, azure certificering, azure security, azure cloud deployment, azure cloud security best practices, services, azure cloud performance, ai in azure, cloud computing, maatwerk software, azure projecten, azure development, azure management tools, azure management, azure cloud infrastructure, computer systems design and related services, azure cloud data analytics, internet of things platform, software testing, iot platform, azure ai training, azure ai model deployment, enterprise software, azure talentship, azure ai, azure cloud solutions, azure iot, azure ai in retail, azure ai data pipelines, azure ai project management, data analytics, azure cloud deployment pipelines, azure ai chatbot development, azure cloud training, azure machine learning studio, custom software, azure cloud architecture, azure cloud security solutions, it training and education, azure solutions, azure cloud development, azure services, azure cloud automation, azure machine learning, devops ervaring, azure cloud monitoring, vector databases with embeddings, azure cloud security, azure iot security, azure cloud automation tools, machine learning, azure ai in finance, azure cloud governance, information technology and services, azure cloud platform development, azure iot edge computing, azure iot device management, azure ai for enterprise, azure ai in healthcare, custom software development, software testen, azure projects, azure ai for predictive maintenance, azure ai in manufacturing, azure ai demos, azure iot platform development, b2b, azure data solutions, azure expertise, ai intent understanding, azure cloud optimization, azure logic apps, azure cloud management, azure security best practices, azure cloud ai solutions, azure cloud cost management, azure ai best practices, azure training, azure cloud, azure cloud monitoring tools, azure cloud platform, azure cloud integration, azure security in ai, consulting, azure certification, azure cloud compliance, ai and azure, azure cloud migration, cloud native development, bedrijfskritische software, azure cloud services, azure iot analytics, azure logic apps automation, azure cloud native ai, healthcare, finance, education, manufacturing, enterprises, computer software, information technology & services, advice, maintenance, internet, health care, health, wellness & fitness, hospital & health care, financial services, mechanical or industrial engineering",http://www.linkedin.com/in/kazschellekens,https://betabit.nl,http://www.linkedin.com/company/betabit,"","",Brigantine,New Jersey,United States,"60 K.P. van der Mandelelaan, Rotterdam, South Holland, Netherlands, 3062 MB",Rotterdam,South Holland,Netherlands,'+31 10 414 6171,"Sendgrid, Microsoft Exchange Online, Outlook, Atlassian, Microsoft 365, Microsoft 365 Apps & Services, Microsoft Exchange, Office365, ExactOnline, MailChimp SPF, Microsoft Office 365, Google Search Console, Gmail, Google Apps, Mobile Friendly, reCAPTCHA, Google Tag Manager, Nginx, WordPress.org, Viewport Meta, HREF Lang, Google Font API, AI, Remote, C#, .NET, ASP.NET, HTML5 Maker, TypeScript, Microsoft Azure Monitor, Azure Devops, Visual Studio, Visual Studio Code, FlipHTML5, Azure Analysis Services, Vscode, DotNetNuke, Playwright, Selenium, Microsoft Hololens","","",Merger / Acquisition,0,2025-02-01T00:00:00+00:00,"","","",false,false,false,false,"",7375,54151,6a3ae4ca0744f90001577a2e,6a3ae4cb0744f90001577ada,6a3ae4ca0744f90001577a2e,"","","","","","","","","","","","",http://www.linkedin.com/in/kazschellekens,""
Mariano,Burgos,Chief Revenue Officer (CRO),Your IT Corp,Your IT,marianobc@youritcorp.mx,Verified,Apollo,Apollo,"",Not Catch-all,2026-05-29T22:21:38+00:00,C suite,"C-Suite, Sales","Sales Leader, Revenue Operations",chris.mcnulty@synozur.com,"","","",'+52 81 5351 0316,"",false,Cold,Profile A - ISV Revenue & Marketing Leaders,"",chris.mcnulty@synozur.com,77,information technology & services,"sharepoint, software para educacion, staffing, atraccion y retencion escolar, crm, automatizacion de procesos, powerplatform, desarrollo de aplicaciones, gestion estudiantil, gestion de contratos, bpa, atencion ciudadana, atraccion estudiantil, contract management, office 365, optimizacion de licenciamiento microsoft, retencion estudiantil, technology consulting, education project consulting, consulting, it project support, it project management, it infrastructure, it services, microsoft partner, education technology solutions, client collaboration, information technology and services, it consulting, artificial intelligence, education, education management, microsoft gold partner, customer support, digital innovation, talent acquisition, technology services, customer collaboration, digital learning tools, productivity tools, ai-driven education solutions, organizational digitalization, data analytics, cloud solutions, it strategy, talent services, computer systems design and related services, data security, ai integration, student needs anticipation, b2b, intelligent solutions, organizational consulting, business intelligence, business automation, productivity automation, customer relationship management, it solutions, ai copilot adoption, education technology, organizational innovation, software development, cloud services, education response systems, digital transformation solutions, workflow automation, services, it talent acquisition, organizational development, enterprise software, cloud computing, digital transformation, project management, education project solutions, sales, enterprises, computer software, information technology & services, management consulting, computer & network security, analytics, e-learning, internet, productivity",http://www.linkedin.com/in/mariano-burgos,https://youritcorp.mx,http://www.linkedin.com/company/youritcorpmx,https://www.facebook.com/youritcorpmx,https://twitter.com/youritcorpmx,"",Mexico City,Mexico,"Monterrey, Mexico City, Mexico City, Mexico",Mexico City,Mexico City,Mexico,'+52 81 5351 0316,"Azure DNS Zones, Azure DNS, Microsoft Email Providers, Microsoft Exchange Online, Outlook, Microsoft 365, Microsoft 365 Apps & Services, Microsoft Exchange, Office365, Microsoft Office 365, Google Cloud Hosting, Mobile Friendly, Wix, Varnish, Gusto, Circle, Android, AI","","","","","","","","",false,false,false,false,"",7375,54151,6a3ae4ca0744f90001577a2f,6a3ae4cb0744f90001577adb,6a3ae4ca0744f90001577a2f,mm_burgos@hotmail.com,Apollo,Verified,Apollo,"","","","","","","","",http://www.linkedin.com/in/mariano-burgos,""
Sarah,Fisher,Sales & Marketing Manager,Aerie,Aerie,sfisher@aerieconsulting.com,Verified,Apollo,Apollo,"","",2026-06-10T11:56:45+00:00,Manager,"Marketing, Sales","Marketing, Sales",chris.mcnulty@synozur.com,"","","",'+1 802-552-8825,"",false,Cold,Profile A - ISV Revenue & Marketing Leaders,"",chris.mcnulty@synozur.com,66,information technology & services,"sharepoint, office 365, microsoft web solutions, technical support, azure, intranet design, power bi, dynamics 365, cloud computing, cloud migration, customizable it solutions, document management, microsoft teams, enterprise mobility & security, artificial intelligence, business analytics, application integration, mobile applications, custom apps, microsoft cloud solution provider, microsoft partner, it services & it consulting, government & public, teams, microsoft 365, low-code development, computer systems design and related services, ai integration, power virtual agents, retail, system integration, security solutions, power apps development, custom business applications, healthcare & insurance, scalable applications, collaboration tools, viva, sharepoint migrations, business process automation, construction, enterprise cloud, custom webparts, visitor sign-in webpart, microsoft cloud optimization, data insights, application development, power bi reports, process automation, power platform, azure security, business applications, manufacturing, education, teams setup, cloud management, licensing optimization, power automate workflows, knowledge search center, cloud services, power pages, banking & finance, data-driven decision making, b2b, healthcare, finance, consulting, services, enterprise software, enterprises, computer software, information technology & services, mobile apps, app development, apps, software development, mechanical or industrial engineering, health care, health, wellness & fitness, hospital & health care, financial services",http://www.linkedin.com/in/sarahfish11,https://aerieconsulting.com,http://www.linkedin.com/company/goaerie,https://www.facebook.com/goaerie,https://twitter.com/aerieconsulting,Denver,Colorado,United States,"110 W Canal St, Winooski, Vermont, United States, 05404",Winooski,Vermont,United States,'+1 802-552-8825,"Google Search Console, GoDaddy Domains, Microsoft Email Providers, Microsoft Exchange Online, Outlook, Microsoft 365, Microsoft 365 Apps & Services, Microsoft Exchange, Office365, GoDaddy Hosting, Microsoft Office 365, Autotask, Amazon AWS, Hubspot, Google Tag Manager, Mobile Friendly","","","","","","","","",false,false,false,false,"","7375, 7371","541511, 541512",6a3ae4ca0744f90001577a48,6a3ae4cb0744f90001577aee,6a3ae4ca0744f90001577a48,"","","","","","","","","","","","",http://www.linkedin.com/in/sarahfish11,""
Nickey,Clark,VP of Marketing,Dynamic Consultants Group (DCG),Dynamic Consultants Group,nclark@dynamicconsultantsgroup.com,Verified,Apollo,Apollo,"",Not Catch-all,2026-06-01T06:10:15+00:00,Vp,Marketing,Marketing,chris.mcnulty@synozur.com,"","","",'+1 844-567-2590,"",false,Cold,Profile A - ISV Revenue & Marketing Leaders,"",chris.mcnulty@synozur.com,55,management consulting,"programming, artificial intelligence, dynamics 365, dynamics ax, ai ml, dynamics gp, crm, machine learning, dynamics 365 business central, erp implementation, office migrations, microsoft cosell, dynamics crm, microsoft partner to partner, powerapps, data migration, software engineering, salesforce, office 365, dynamics 365 finance operations, microsoft dynamics, azure, cloud storage, software implementation, dynamic financials, white label consulting, var, dynamics 365 finance amp operations, ai amp ml, crm implementation, software consulting, erp consulting, business consulting & services, microsoft solutions partner, support sla, data-first business transformation, microsoft support alternative, azure ai + machine learning, azure internet of things, tenant to tenant migration, azure security & compliance, services, legacy application modernization, digital strategy, power automate, azure cloud, azure data storage optimization, management consulting, spear methodology, azure logic apps, azure stack hci deployment, microsoft consulting, digital transformation, office 365 migration, vmware to azure migration, compliance support, microsoft licensing advisory, security assessment, project management, sharepoint migration, azure cloud data services, support services, power bi consulting, power bi, enterprise support, power apps, power platform for business, digital transformation roadmap, power apps development, consulting, microsoft licensing, project success management, power platform, computer software, azure cognitive services, migration services, azure ai + machine learning solutions, computer systems design and related services, azure iot, azure virtual desktop, cloud computing, licensing advisory, azure stack hci, risk management, b2b, azure bot services, information technology and services, support ticket system, power platform development, cloud migration, azure cloud services, microsoft 365 support, azure data storage, cybersecurity assessment for office 365, azure data science, support support services, support and maintenance, vmware to microsoft, information technology & services, sales, enterprise software, enterprises, marketing, marketing & advertising, productivity",http://www.linkedin.com/in/nickey-clark,https://dynamicconsultantsgroup.com,http://www.linkedin.com/company/dynamic-consultants-group,https://facebook.com/DynamicConsultantsGRP,https://twitter.com/dynamiccg,Austin,Texas,United States,"5901 NW 64th Ter, Kansas City, Missouri, United States, 64151",Kansas City,Missouri,United States,'+1 844-567-2590,"Google Search Console, Cloudflare DNS, Microsoft Exchange Online, Outlook, Microsoft 365, Microsoft 365 Apps & Services, Microsoft Exchange, Office365, CloudFlare Hosting, Viewport Meta, Google Tag Manager, Webflow Hosting, reCAPTCHA, YouTube, Bootstrap Framework, Hubspot, Mobile Friendly, Google Font API, Cloudflare Rocket Loader, Adobe Illustrator, Cloudflare Insights, Webflow","","","","","","","","",false,false,false,false,"","7375, 7373, 8742, 8299","541512, 541611, 611430",6a3ae364352e20000c572c9a,6a3ae364352e20000c572cc4,6a3ae364352e20000c572c9a,"","","","","","","","","","","","",http://www.linkedin.com/in/nickey-clark,""
James,Britton,Vice President of Sales,Stax Payments,Stax Payments,james.britton@staxpayments.com,Verified,Apollo,Apollo,"","",2026-05-27T04:34:51+00:00,Vp,Sales,Sales,chris.mcnulty@synozur.com,"","","",'+1 800-635-3545,"",false,Cold,Profile A - ISV Revenue & Marketing Leaders,"",chris.mcnulty@synozur.com,280,financial services,"payment technology, merchant services, recurring billing, enterprise, surcharging, saas, technology, payments, small business growth, payment processor, billing, integrated payments, large business, paymentprocessor, financial, isv, vertical saas, small & medium businesses, surcharging solutions, payment gateway automation, white-label payments, e-commerce payments, retail, payment gateway api, api integration, payment gateway security, operational efficiency, payment gateway, payment gateway management, financial services, embedded payments, payment innovation, surcharging compliance, payment gateway compliance, payment infrastructure, software development, payment ecosystem, payment processing software, payment risk controls, payment integration, pci compliance, payment gateway reporting, risk management, merchant onboarding, financial reporting, services, payment industry, fintech, payment reporting, payment gateway scalability, payment automation, payment data analytics, payment lifecycle management, payment support, payment reconciliation tools, payment security, payment scalability, data analytics, e-commerce, d2c, saas payments, payment compliance, transaction management, fraud prevention, financial transactions processing, reserve, and clearinghouse activities, payment processing, payment reconciliation, payment gateway analytics, b2b, payment analytics, payment gateway support, payment gateway customization, payment platform, payment apis, subscription billing, mobile payments, customer service, merchant accounts, omnichannel payments, multi-channel payments, payment gateway integration, information technology, payment fraud detection, payment solutions, payment orchestration, automated billing, payment gateways, multi-channel payment solutions, saas payment solutions, saas platforms, invoicing solutions, in-person payments, payment optimization, card processing, surcharging programs, transparent pricing, payment integrations, customizable invoices, business management platform, api documentation, compliance solutions, payment history tracking, customer management, smart terminals, payment links and buttons, credit card processing, saas partner programs, risk mitigation, billing automation, customer success, sales support, white label payment solutions, full-service partnerships, payment attach rates, reconciliation tools, financial health monitoring, b2c, healthcare, finance, education, legal, non-profit, consumer products & retail, computer software, information technology & services, finance technology, consumer internet, consumers, internet, mobile, health care, health, wellness & fitness, hospital & health care, nonprofit organization management",http://www.linkedin.com/in/james-britton-251475b3,https://staxpayments.com,http://www.linkedin.com/company/staxpayments,https://www.facebook.com/fattmerchant/,https://twitter.com/fattmerchant?ref_src=twsrc%5Egoogle%7Ctwcamp%5Eserp%7Ctwgr%5Eauthor,Huntington Beach,California,United States,"618 E South St, Orlando, Florida, United States, 32801-2842",Orlando,Florida,United States,'+1 800-635-3545,"Google Search Console, Apple Business Manager, CloudFlare CDN, Cloudflare DNS, Apple School Manager, Amazon SES, Amazon Simple Email Service (Amazon SES), Mailchimp Mandrill, Mailchimp Transactional Email (formerly Mandrill), Microsoft Email Providers, Microsoft Exchange Online, Mimecast, Outlook, Microsoft 365, Microsoft 365 Apps & Services, Microsoft Exchange, Office365, CloudFlare Hosting, Microsoft Office 365, KnowBe4, CloudFlare, Amazon Route 53, React Redux, StackAdapt, Stax, Hubspot, Zendesk, Slack, WP Engine, Atlassian Cloud, Barracuda Networks, DoubleClick, Bing Ads, Linkedin Widget, Wistia, Facebook Login (Connect), Hotjar, Google AdSense, Google Tag Manager, ShareThis, Visual Website Optimizer, Mobile Friendly, Quantcast, Vimeo, AddThis, BuySellAds, Disqus, WordPress.org, Remote, Circle, AI, IoT, Toast, Amazon DynamoDB, Amazon EC2, Amazon GuardDuty, Amazon Kinesis, Amazon QuickSight, Amazon S3, Athena, Aurora, AWS Control Tower, AWS Glue Data Catalog, AWS IAM Identity Center, AWS Security Hub, AWS Transit Gateway, Atlassian Bitbucket, CDK, ConnectWise Control, ECS, GitHub Actions, Google AdWords Conversion, Lambda Cloud, Splunk, Terraform, Tor, Verizon WAF, Cypress, Playwright, Gemini, GitHub Copilot, Anthropic Claude, Datadog, AWS Trusted Advisor, Amazon Simple Queue Service (SQS), Capterra, ZoomInfo, , Kotlin, SWIFT, Kiosked, Android, LEAP, , Netskope, Zscaler, Okta, GitHub Enterprise, Snyk, SonarQube, Security, Jamf, Microsoft Intune, AWS WAF, AWS Shield, Tenable.sc, Qualys Penetration Testing, Anaplan, NetSuite, Vtiger for G Suite",9400000,263150000,Merger / Acquisition,0,2023-10-01T00:00:00+00:00,Stax (fattmerchant.com),Stax (fattmerchant.com),"",false,false,false,false,1,"7389, 7372","522320, 513210",6a3ae364352e20000c572ca0,6a3ae364352e20000c572cbc,6a3ae364352e20000c572ca0,jamesbritton99@yahoo.com,Apollo,Verified,Apollo,"","","","","","","","",http://www.linkedin.com/in/james-britton-251475b3,""
Robert,Lanier,Chief Revenue Officer,"FSi Strategies, Inc.",FSi Strategies,rlanier@fsistrategies.com,Verified,Apollo,Apollo,"",Not Catch-all,2026-06-08T21:02:48+00:00,C suite,"C-Suite, Sales","Sales Leader, Revenue Operations",chris.mcnulty@synozur.com,"","","",'+1 202-730-9701,"",false,Cold,Profile A - ISV Revenue & Marketing Leaders,"",chris.mcnulty@synozur.com,62,information technology & services,"it maintenance & support, it management consulting, 247 monitoring, it service provider, it management amp consulting, it services & it consulting, device management, network monitoring, application modernization, windows 365, microsoft teams management, security incident response, it strategy, azure autopilot, copilot for d365, cybersecurity monitoring, server management, threat detection, phishing simulation & training, security workshops, healthcare, threat response, workplace modernization, azure power platform, it support, modern work accelerator, azure virtual desktop, power platform, business process automation, threat disruption, services, microsoft solutions partner, security awareness training, cloud computing, data analytics, security and compliance strategy, b2b, cloud infrastructure, hybrid cloud migration, phishing training, microsoft partner, it consulting, viva employee engagement, computer software, viva and copilot, consulting, remote workforce enablement, computer systems design and related services, d365 application modernization, copilot for m365, microsoft 365 readiness, phishing simulations, security incident management, managed it services, data management, sharepoint management, azure ai, managed it, workforce enablement, azure data accelerator, workplace collaboration, remote work enablement, it infrastructure, construction, workforce productivity tools, azure cloud migration, application modernization strategy, financial & professional services, security posture, security solutions, nonprofits & associations, microsoft azure, application development, cloud solutions, managed services, remote work support, cybersecurity, identity and data security, fabric for m365, vendor management, business continuity, microsoft 365 management, security automation, network management, business process automation with azure, finance, non-profit, information technology & services, health care, health, wellness & fitness, hospital & health care, enterprise software, enterprises, internet infrastructure, internet, management consulting, app development, apps, software development, financial services, nonprofit organization management",http://www.linkedin.com/in/roberthlanier,https://fsistrategies.com,http://www.linkedin.com/company/fsistrategies,https://facebook.com/FSiStrategies,https://twitter.com/FSiStrategies,Baltimore,Maryland,United States,"1595 Spring Hill Rd, Vienna, Virginia, United States, 22182-2216",Vienna,Virginia,United States,'+1 202-730-9701,"Cloudflare DNS, Rackspace MailGun, Outlook, Microsoft Office 365, Google Cloud Hosting, Android, Data Analytics, Remote","","","","","","","","",false,false,false,false,"",7375,54151,6a3ae4ca0744f90001577a1f,6a3ae4cb0744f90001577ad1,6a3ae4ca0744f90001577a1f,"","","","","","","","","","","","",http://www.linkedin.com/in/roberthlanier,""
Sai,D,Marketing Manager,Halcyon Technologies,Halcyon,"",Unavailable,"","","","","",Manager,Marketing,Marketing,chris.mcnulty@synozur.com,"","","","","",false,Cold,Profile A - ISV Revenue & Marketing Leaders,"",chris.mcnulty@synozur.com,160,information technology & services,"crm, scm erp, web application development, angularjs, digital marketing, mobile application development, java application development, nodejs, recruitment services, ios apps development, net, big data solutions, android apps development, progressive web apps, outsourcing, php, mobile solutions, cloud computing, reactjs, python, healthcare it, custom software development, affiliate marketing, retail, b2b, utilities, microsoft partner, erp, computer systems design and related services, automotive retail solutions, application development, enterprise application integration, automation, erp solutions, device-agnostic applications, business intelligence, energy management, social media marketing, supply chain management, sap, software as a service, technology consulting, crm solutions, google cloud partner, secure cloud infrastructure, quality assurance, utilities energy efficiency, data analytics, healthcare, healthcare it solutions, search engine optimization, hipaa compliance, business consulting, aws, information technology and services, platform-agnostic frameworks, data analytics services, software development, healthcare technology, digital marketing services, industry-specific solutions, services, consulting, it consulting, big data, cmmi level 3, regulatory compliance, email marketing, automotive, consumer_products_retail, energy_utilities, sales, enterprise software, enterprises, computer software, information technology & services, web development, marketing & advertising, mobile app development, app development, apps, analytics, oil & energy, consumer internet, consumers, internet, logistics & supply chain, saas, management consulting, health care, health, wellness & fitness, hospital & health care, seo, search marketing, marketing",http://www.linkedin.com/in/sai-krishna-d-b2b3181a0,https://halcyontek.com,http://www.linkedin.com/company/halcyon-technologies,https://facebook.com/pages/Halcyon-Technologies/521967071184061,https://twitter.com/ceo_9729539262,Columbia,Maryland,United States,"8600 Freeport Pkwy S, Irving, Texas, United States, 75063-2575",Irving,Texas,United States,"","Cloudflare DNS, Gmail, Google Apps, CloudFlare Hosting, JQuery 2.1.1, Zoho SalesIQ, Slack, Google Tag Manager, Mobile Friendly, jQuery, OpenStreetMap, Viewport Meta, Cloudflare Rocket Loader, Google Analytics 4 (GA4), Cloudflare Insights, Bootstrap, reCAPTCHA, Three.js, Bootstrap Framework, Leaflet, Google Analytics, Three.js, Android",5277000,"","","","","","","",false,false,false,false,"",7375,54151,6a3ae4ca0744f90001577a24,6a3ae4cb0744f90001577ad4,6a3ae4ca0744f90001577a24,"","","","","","","","","","","","",http://www.linkedin.com/in/sai-krishna-d-b2b3181a0,""
Joseph,Gomez,Marketing Manager,TSG,TSG,joe@tsgcabinets.com,Verified,Apollo,Apollo,"","",2026-06-06T13:17:42+00:00,Manager,Marketing,Marketing,chris.mcnulty@synozur.com,"","","",'+44 333 220 0777,"",false,Cold,"Profile A - ISV Revenue & Marketing Leaders, Profile B - SI Revenue & Marketing Leaders","",chris.mcnulty@synozur.com,280,information technology & services,"sage & pegasus business software, telecoms, it network configuration, virtualisation, sage, erp, telephony, hardware provider, cloud computing, it support, cyber security, business software, automation, office 365, crm, microsoft, it systems deployment, digital transformation, it & business software support, it services, pegasus, server support & security, data cabling, it services & it consulting, security incident response, azure, managed cloud services, meta data filtering, cloud services, computer systems design and related services, software publishing, data analytics, business process automation, managed it, cybersecurity, security operations center, document management, microsoft partner, consulting, data migration services, brand strategy, security advisory, business automation, edrm solutions, business support services, security compliance, microsoft dynamics 365, customer success, data security, microsoft dynamics 365 business central, real-time collaboration, information technology and services, it consulting, customer relationship management, information governance, sage partner, sage intacct, it infrastructure support, security monitoring, automated document tagging, pegasus opera 3, cloud solutions, cloud migration, government, operational efficiency, sharepoint integration, data governance, crm solutions, incident response planning, power platform, b2b, microsoft 365, document classification, power bi, services, gdpr compliance, cloud provisioning, tsg mosaic, cyber threat detection, managed it services, innovation, data retention policies, azure virtual desktop, cloud security, scalable storage, microsoft fabric, workflow automation, business growth support, access control, azure cloud services, erp implementation, support and training, business intelligence, sharepoint, incident response, system integration, on-premises infrastructure support, business process optimization, cybersecurity services, remote document access, workflow automation tools, managed security services, compliance management, managed services, azure cloud, business applications, application support, data & analytics, cybersecurity advisory, enterprise resource planning, application migration, electronic document management, automated workflows, virtual desktop infrastructure, data compliance, security operations centre, disaster recovery, iot integration, user training, custom integration, remote work support, it consultation, scalable solutions, cloud storage, networking solutions, business intelligence tools, team collaboration tools, technical support, client success management, performance optimization, it strategy, cloud adoption, virtualization, telecommunications, enterprise software, enterprises, computer software, information technology & services, computer & network security, sales, management consulting, analytics",http://www.linkedin.com/in/joseph-gomez-246a7921,https://tsg.com,http://www.linkedin.com/company/tsg,"",https://twitter.com/TSGltd,Edison,New Jersey,United States,"Gateshead, England, United Kingdom",Gateshead,England,United Kingdom,'+44 333 220 0777,"Google Search Console, Apple Business Manager, Apple School Manager, Postmark, Sendgrid, Twilio SendGrid Email API, Mimecast, Microsoft Office 365, Atlassian Cloud, Hubspot, Drupal, Slack, Salesforce, Viewport Meta, HubSpot Content Hub, Mobile Friendly, Google Tag Manager, Remote, .NET, C#, Microsoft SQL Server Reporting Services, Acronis True Image, ISO+™, Azure Analysis Services, Microsoft 365, Microsoft PowerPoint, Camtasia, Microsoft Teams, Dynamics 365 Customer Insights, Cisco WebEx Teams, Salesforce CRM Analytics, Dynamics 365 CRM, Microsoft Power Platform, Microsoft Power Apps, Microsoft Power Automate, PowerBI Tiles, Azure Logic Apps, Azure Functions, Azure Devops, Git, Visual Studio, Box, Copilot, Javascript, HTML Pro, CSS, MySQL, Microsoft Dynamics 365 CE, Microsoft Azure Monitor, Sage, SS&C, Microsoft Dynamics NAV, Microsoft Exchange Server 2003, Office365, , Microsoft Sharepoint, HaloITSM, Azure AI Studio, Dell EMC Navisphere, Power BI Documenter, Gem, Act!, Star, Sage 200, Micro, Horizon, Cisco Unified Intelligence Center, Sophos MDR, McAfee Total Protection for Data Loss (DLP)",42159000,"",Merger / Acquisition,0,2024-07-01T00:00:00+00:00,Pictet Group (pictet.com),Pictet Group (pictet.com),"",false,false,false,false,"","7375, 7373, 7379","541512, 541513",6a3ae4ca0744f90001577a31,6a3ae4cb0744f90001577adc,6a3ae4ca0744f90001577a31,"","","","","","","","","","","","",http://www.linkedin.com/in/joseph-gomez-246a7921,""
J,H,VP Marketing,Egenera,Egenera,"",Unavailable,"","","","","",Vp,Marketing,Marketing,chris.mcnulty@synozur.com,"","","",'+1 978-206-6300,"",false,Cold,Profile A - ISV Revenue & Marketing Leaders,"",chris.mcnulty@synozur.com,79,information technology & services,"msps, cloud management & protection, saas, draas disaster recovery as a service, iaas infrastructure as a service, gxp compliant cloud, iaas internet as a service, cloud services, baas backup as a service, cloud management services, cloud migration, it services & it consulting, isv saas transition, msp support, cloud computing, msp cloud solutions, operational efficiency, cloud automation, high availability, data protection, cloud stability, cloud reseller, channel protection, customer engagement, cloud backup and dr, cloud management console, cloud solutions, cloud support channels, b2b, managed service providers, cloud support, microsoft technology, computer systems design and related services, cost-effective cloud, reseller support, cloud platform, government, cloud reselling platform, iaas, cloud performance, software as a service, vmware virtualization, private cloud, cloud infrastructure, cloud security, microsoft, backup as a service, multi-cloud support, cost efficiency, wholesale cloud services, cloud migration services, virtualization technology, virtualization, managed services, cloud support automation, cisco networking, isv cloud platform, enterprise cloud, vmware, margin control, multi-os support, cisco, cloud scalability, disaster recovery, cloud backup, cloud cost control, multi-tenant cloud, information technology and services, cloud deployment, cloud management, services, support services, computer software, information technology & services, enterprise software, enterprises, internet infrastructure, internet",http://www.linkedin.com/in/j-h-10355440,https://egenera.com,http://www.linkedin.com/company/egenera,https://facebook.com/pages/Egenera/74312707811,http://www.twitter.com/egenera,Boxborough,Massachusetts,United States,"80 Central Street, Boxborough, Massachusetts, United States, 01719",Boxborough,Massachusetts,United States,'+1 978-206-6300,"Outlook, Microsoft Office 365, Google Cloud Hosting, Cloudflare DNS, Gmail, Google Apps, CloudFlare Hosting, Amplitude, React, Slack, Viewport Meta, Akismet, Varnish, Amazon API Gateway, WordPress.org, Google Search Console, Wordpress, Gravity Forms, Wix, YouTube, Apache, Mobile Friendly, Remote, IoT, Viewpoint, AI",21000000,187000000,Venture (Round not Specified),16000000,2014-06-01T00:00:00+00:00,"","","",false,false,false,false,"","7375, 7374","54151, 51821",6a3ae4ca0744f90001577a35,6a3ae4cb0744f90001577ade,6a3ae4ca0744f90001577a35,"","","","","","","","","","","","",http://www.linkedin.com/in/j-h-10355440,""
Shaundalee,Carvalho,Sales Operations and Marketing,Computer Talk Technology Inc.,Computer Talk Technology,scarvalho@computer-talk.com,Verified,Apollo,Apollo,"","",2026-06-03T02:26:47+00:00,Entry,"Marketing, Operations, Sales","Marketing, Operations, Sales, Sales Operations",chris.mcnulty@synozur.com,"","","",'+1 905-882-5000,"",false,Cold,Profile A - ISV Revenue & Marketing Leaders,"",chris.mcnulty@synozur.com,110,information technology & services,"speech ivr, wfm integration, microsoft teams, unified communications, pci cloud, pbx agnostic, dynamics 365, microsoft teams native, cloud contact center, social media, skype, microsoft lync, crm integrations, customer experience, integrated interaction viewer, voice calls, enterprise, multimodal recording, speech analytics, call center, enterpriselevel security, salesforce, omnichannel, automated notification system, office 365, interaction viewer, lync isv qualified, contact center, computer software, cloud & onpremises, historical reporting, contiguous communication, contact center for lync, web chat, mobile chat, pcicompliant, teams, customer service, multichannel elevations, realtime reporting, microsoft gold communications specialist, servicenow, ucma, team native, chatbots, video calls, lync native, lync applications, skype for business, crm, call center software, skype for business native, software development, analytics, voice biometrics, pci payment processing, technology, call routing, ai sentiment analysis, distribution, agent productivity, customer satisfaction, agent productivity tools, artificial intelligence, healthcare, tethr, workforce management, customer surveys, self-service options, payment processing, integrations with salesforce, manufacturing, workflow automation, services, pci-dss compliant cloud, custom application design, healthcare contact center, real-time monitoring, education, operational efficiency, compliance, customer insights, agent toolbar, crm integration, b2b, alerts, custom applications, outbound campaigns, digital transformation, agent assist tools, customer engagement, industry-specific solutions, ai, ai-powered chatbots, microsoft teams certified, government, consulting, ai contact center, security standards, self-service ivr, cloud-based contact center, computer systems design and related services, financial services, agent performance dashboards, ivr, adaptive workflows, multichannel support, social media integration, microsoft teams integration, reporting, notifications, multi-language support, ai in education, security compliance, ivr automation, real-time analytics, agent monitoring, utilities and home services, insurance, agent assist, omnichannel communication, ai conversation intelligence, pci payment, transcript and recording viewer, automation, workflow designer, customizable workflows, retail, b2c, e-commerce, finance, non-profit, consumer products & retail, transportation & logistics, energy & utilities, construction & real estate, saas, consumer internet, consumers, internet, information technology & services, sales, enterprise software, enterprises, health care, health, wellness & fitness, hospital & health care, mechanical or industrial engineering, nonprofit organization management",http://www.linkedin.com/in/shaundalee-carvalho,https://computer-talk.com,http://www.linkedin.com/company/computer-talk-technology-inc,https://facebook.com/icecomputertalk/,https://twitter.com/iceComputerTalk,Toronto,Ontario,Canada,"150 Commerce Valley Dr W, Markham, Ontario, Canada, L3T 7Z3",Markham,Ontario,Canada,'+1 905-882-5000,"Akamai DNS, Cloudflare DNS, Outlook, MailChimp SPF, Microsoft Office 365, Microsoft Dynamics 365 Marketing, VueJS, Slack, reCAPTCHA, Bootstrap Framework, Google Tag Manager, AngularJS, Mobile Friendly, MailChimp, ASP.NET, Microsoft-IIS, Linkedin Marketing Solutions, Avaya, AI, Synology Office Suite, Microsoft SQL Server Reporting Services, Azure Analysis Services",28000000,"","","","","","","",false,false,false,false,"",7375,"51321, 541511",6a3ae4ca0744f90001577a36,6a3ae4cb0744f90001577adf,6a3ae4ca0744f90001577a36,"","","","","","","","","","","","",http://www.linkedin.com/in/shaundalee-carvalho,""
Grant,Drager,"Head of Sales, US",TimeXtender,TimeXtender,gdrager@timextender.com,Verified,Apollo,Apollo,"","",2026-06-06T08:59:12+00:00,Head,Sales,Sales,chris.mcnulty@synozur.com,"","","",'+45 80 82 09 74,"",false,Cold,Profile A - ISV Revenue & Marketing Leaders,"",chris.mcnulty@synozur.com,91,information technology & services,"data discovery, analytics, agile dimensional modeling etl, data orchestration, data governance, data warehouse automation, datadriven, data modeling, microsoft fabric, microsoft platform, corporate performance management automation, agile dimensional modeling amp etl, agile data modeling, data automation, business intelligence, microsoft partner, unified metadata framework, data security, microsoft azure, aws, democratization to corporate data, data quality, cloud, automated documentation, semantic layer, data observability, etl, data integration, data ops, snowflake, master data management, software development, b2b, information technology and services, data pipeline automation, data security standards, data connectivity, data transformation tools, data security & compliance, low-code data platform, data enrichment tools, data quality assurance, regulatory compliance, data process automation, data enrichment, data lineage, data compliance tools, data lifecycle, data infrastructure automation, metadata-driven data management, data cost efficiency, data lifecycle management, data workflow automation, data quality management, data reusability, metadata framework, data process orchestration, data source integration, data modeling & transformation, data delivery, hybrid cloud data solutions, data governance automation, data scalability, data version control, data cost optimization, ai data pipeline automation, data products, data transformation, ai data automation, cloud computing, data management platform, hybrid data solutions, data delivery optimization, data lineage visualization, data versioning, services, data migration automation, data governance tools, computer systems design and related services, data compliance management, data quality monitoring, data governance framework, data enrichment automation, ai-powered data automation, data management, metadata-driven processes, low-code data integration, data reusability & versioning, data workflow orchestration, cloud deployment, data source support, metadata-driven automation, data lineage auditing, data lineage tracking, data source connectivity, data migration tools, data platform independence, data compliance, cloud data platforms, data migration, ai-powered workflows, low-code solutions, metadata management, real-time data monitoring, cloud data solutions, microsoft azure integration, snowflake integration, aws integration, sql server integration, data preparation, data ingestion, data visualization, custom data connectors, user-friendly interface, data cleansing, data accuracy enforcement, robust data governance, gdpr compliance, hipaa compliance, self-service data access, integrated workflows, real-time alerts, performance optimization, data quality controls, exception management, data mart creation, incremental data loading, scalable data management, cross-platform compatibility, data processing efficiency, automated code generation, version control, advanced analytics, data-driven insights, business-ready data, holistic data solutions, information technology & services, computer & network security, enterprise software, enterprises, computer software",http://www.linkedin.com/in/grant-drager-47532b143,https://timextender.com,http://www.linkedin.com/company/timextender,https://facebook.com/timextender,https://twitter.com/timextender,Tampa,Florida,United States,"4B Mariane Thomsens Gade, Aarhus, Central Denmark Region, Denmark, 8000",Aarhus,Central Denmark Region,Denmark,'+45 80 82 09 74,"Google Search Console, Apple Business Manager, GoDaddy Domains, Apple School Manager, Microsoft Exchange Online, Outlook, Microsoft 365, Microsoft 365 Apps & Services, Microsoft Exchange, Office365, Zendesk, Zendesk for Service, Microsoft Email Providers, Microsoft Office 365, Zendesk Support Suite, DigitalOcean, Azure DNS Zones, Azure DNS, VueJS, WP Engine, Leadfeeder, Teachable, Slack, Hubspot, Segment.io, Mobile Friendly, Google Tag Manager, Data Analytics, Circle, AI, Sisense, Domo, Android, C#, .NET, Blazor, Tor, Instantly, MySQL, DotNetNuke, Excel4Apps, Microsoft PowerPoint, Extend",5300000,560000,Merger / Acquisition,0,2023-12-01T00:00:00+00:00,Monterro (monterro.com),Monterro (monterro.com),"",false,false,false,false,"",7375,54151,6a3ae4cb0744f90001577a61,6a3ae4cb0744f90001577afb,6a3ae4cb0744f90001577a61,"","","","","","","","","","","","",http://www.linkedin.com/in/grant-drager-47532b143,""
Matt,Weldon,Vice President of Global Sales,Avnet Integrated Solutions,Avnet Integrated Solutions,"",Unavailable,"","","","","",Vp,Sales,Sales,chris.mcnulty@synozur.com,"","","","","",false,Cold,Profile A - ISV Revenue & Marketing Leaders,"",chris.mcnulty@synozur.com,180,information technology & services,"internet of things, micro data centers, global, systems integration, electronics consulting, integration, hpc, and, systems design, electronic components, emerging technology, product design, edgeai, var, electronics design, data center solutions, servers, it, micro data computing, ai, embedded technology, displays, electronics manufacturing, global supply chain management, design engineering, oem, wireless, aerospace, computer hardware, supply chain, value added distribution, integration solutions, product development, high performance computing, immersion cooling, embedded systems, liquid cooling servers, defense, warranty services, systems manufacturing, liquid cooling, digital signage, iot, military, value added reseller, embedded computer, healthcare, support services, technology selection, isv, it services & it consulting, telecommunications, embedded hardware & software, hardware, health care, health, wellness & fitness, hospital & health care, information technology & services",http://www.linkedin.com/in/mattweldon,"",http://www.linkedin.com/company/avnet-integrated,"","","",North Carolina,United States,"6700 W Morelos Pl, Chandler, Arizona, United States, 85226-4215",Chandler,Arizona,United States,"","","","","","","","","","",false,false,false,false,"","7373, 5045","541512, 423430",6a3ae4ca0744f90001577a45,6a3ae4cb0744f90001577aeb,6a3ae4ca0744f90001577a45,"","","","","","","","","","","","",http://www.linkedin.com/in/mattweldon,""
Kevin,Phillips,Director of Sales and Marketing,Davyn,Davyn,kevin@davyntt.com,Verified,Apollo,Apollo,"",Not Catch-all,2026-06-12T02:19:53+00:00,Director,"Marketing, Sales","Marketing, Sales",chris.mcnulty@synozur.com,"","","",'+1 868-674-9788,"",false,Cold,Profile A - ISV Revenue & Marketing Leaders,"",chris.mcnulty@synozur.com,83,information technology & services,"tableau, microsoft office 365, public sector, ls retail, salespad, microsoft dynamics gp, field service management, sme, azure, davyn payroll solution, microsoft dynamics crm, contract lifecycle management, microsoft dynamics sl, davyn student relationship management, it services & it consulting, microsoft dynamics 365 business central, business consulting, cloud computing, office 365, regional microsoft partner, power platform, dynamics mobile, inventory management, power apps, microsoft fabric, customer engagement, cloud migration, retail solutions, business automation, cloud solutions, b2b, ai-driven workflows, computer systems design and related services, customer relationship management, system integration, business intelligence, microsoft azure, social security platform, software development, data analytics, erp solutions, digital transformation, client support, consulting services, custom software development, mobile erp access, training courses, enterprise resource planning, consulting, ls retail integration, microsoft partner, data governance, azure security, data analytics training, microsoft copilot, business automation tools, azure security tools, workflow automation, crm, retail, microsoft fabric analytics, caribbean erp, information technology and services, licensing solutions, factorial hr software, enterprise software, services, regional support, education, non-profit, distribution, transportation & logistics, information technology & services, management consulting, enterprises, computer software, sales, analytics, nonprofit organization management",http://www.linkedin.com/in/kevin-phillips-5b437929,https://davyntt.com,http://www.linkedin.com/company/davyntt,"",https://twitter.com/DavynTT,"","",Trinidad and Tobago,"52 Nanan Street, San Juan, San Juan-Laventille Regional Corporation, Trinidad and Tobago",San Juan,San Juan-Laventille Regional Corporation,Trinidad and Tobago,'+1 868-674-9788,"Outlook, MailChimp SPF, GoDaddy Hosting, Microsoft Application Insights, Slack, Gravity Forms, Wordpress, WordPress.org, Shutterstock, reCAPTCHA, Varnish, Google Font API, Divi, Google Tag Manager, Mobile Friendly, Facebook Custom Audiences, Facebook Login (Connect), Viewport Meta, Facebook Widget, YouTube, Yoast, Coupa","","","","","","","","",false,false,false,false,"",7375,541512,6a3ae4ca0744f90001577a4e,6a3ae4cb0744f90001577af1,6a3ae4ca0744f90001577a4e,kevinphillips29@hotmail.com,Apollo,Verified,Apollo,"","","","","","","","",http://www.linkedin.com/in/kevin-phillips-5b437929,""
Ryan,McVeigh,Vice President of Sales,Webscale Networks,Webscale,ryan.mcveigh@webscale.com,Verified,Apollo,Apollo,"",Not Catch-all,2026-05-26T08:05:29+00:00,Vp,Sales,Sales,chris.mcnulty@synozur.com,"","","",'+1 720-599-0651,"",false,Cold,Profile A - ISV Revenue & Marketing Leaders,"",chris.mcnulty@synozur.com,71,information technology & services,"cloud hosting, ecommerce, magento, cdn, website performance, microsoft azure, cloud cost optimization, enterprisegrade security, digital experience, ecommerce business, woocommerce, cloud application delivery controller, web hosting, managed hosting, wordpress, online business, cloud automation, google cloud platform, amazon web services, ecommerce site performance, isv, cloud delivery, 100 uptime, ibm websphere public cloud, cloud management, ecommerce cloud hosting, application performance, multicloud, web application firewall, image management, ecommerce security, ecommerce analytics, sap hybris public cloud, application acceleration for ecommerce, bot management, headless commerce infrastructure, pwa delivery, cloud observability, supercloud, ecommerce cloud, website optimization, multicloud operations, composable edge cloud, ai, devsecops support, ecommerce cdn, online store, ecommerce hosting, container orchestration, zeroops, workload scheduling, kubernetes management, enterprise software, software, information technology, software development, secure ecommerce hosting, security threat detection, real-time traffic insights, ai-powered search optimization, aws cloud services, cloud cdn, security, content personalization, computer systems design and related services, api-first platform, multi-platform support, digital transformation, ai-powered commerce platform, real-time session tracking, b2b ecommerce solutions, performance monitoring, ai-based personalization, multi-cloud deployment, agentic commerce ai, ddos protection, content management, ai personalization agents, headless commerce, real-time data processing, dynamic landing pages, api orchestration, ecommerce security compliance, real-time shopper behavior, session tracking, security automation, security threat mitigation, cloud solutions, funnel leak detection, performance monitoring tools, business intelligence, real-time session analysis, commerce platform integration, aws integration, cloud security, ai-powered chatbots, ai-powered recommendations engine, data security, performance optimization, headless ecommerce support, scalable ecommerce hosting, ai-powered recommendations, security compliance, auto-scaling infrastructure, dynamic content personalization, enterprise ecommerce security, low-latency api orchestration, multi-zone elastic hosting, ai-driven product discovery, ecommerce platform support, b2b, multi-region deployment, e-commerce, ai personalization, ai recommendations, funnel leak analysis, b2c ecommerce, enterprise-grade security, multi-cloud support, auto-scaling cloud hosting, autonomous infrastructure scaling, enterprise ecommerce, session management, automated infrastructure management, ai-based customer journey personalization, predictive auto-scaling, b2c, multi-region support, cloud scalability, compliant infrastructure for regulated merchants, information technology and services, ddos mitigation, services, ai-driven security threat mitigation, performance analytics, commerce growth tools, d2c, automation, distributed architecture, customer experience, content-driven shopping experiences, platform integration, content-driven shopping, traffic insights, cybersecurity, commerce security, predictive traffic management, managed services, cloud infrastructure automation, ai agents for conversion, traffic routing, real-time analytics, cloud-native architecture, retail, compliance, ai-driven commerce infrastructure, digital storefront management, analytics, customer experience optimization, cloudflow, supercloud platform, ai-enhanced automation, ecommerce solutions, multi-cloud orchestration, intelligent cloudops, security suite, traffic monitoring, user experience insights, ci/cd automation, progressive web applications, web application security, cloud migration, edge computing, advanced bot management, application performance monitoring, data-driven decision making, ecommerce infrastructure, automatic scaling, load balancing, api security, website speed optimization, customizable reporting, incident response automation, cloud cost control, site reliability, revenue optimization, customer engagement tools, user behavior analysis, observability tools, cloud-native applications, continuous delivery, it infrastructure management, transaction monitoring, consumer products & retail, cloud computing, enterprises, computer software, information technology & services, consumer internet, consumers, internet, computer & network security",http://www.linkedin.com/in/rmcveigh,https://webscale.com,http://www.linkedin.com/company/webscalenetworks,https://facebook.com/sectionio,https://twitter.com/WebscaleNet,Broomfield,Colorado,United States,"5201 Great America Pkwy, Santa Clara, California, United States, 95054-1121",Santa Clara,California,United States,'+1 720-599-0651,"Google Workspace, DNS Made Easy, Mailchimp Mandrill, Mailchimp Transactional Email (formerly Mandrill), Gmail, Google Apps, Amazon AWS, Amazon CloudFront, Amazon Route 53, MailChimp SPF, Zendesk, Google Search Console, Amazon AWS, Apple Business Manager, Amazon Route 53, Apple School Manager, Sendgrid, Twilio SendGrid Email API, Microsoft Office 365, MailJet, GoDaddy Domains, GoDaddy Hosting, Proofpoint, Proofpoint Email Security and Protection, NSOne, Drift, Pardot, Slack, Salesforce, JQuery 2.1.1, Thinkific, Kubernetes, VueJS, Atlassian Cloud, Viewport Meta, WordPress.org, Google Analytics 4 (GA4), Google Tag Manager, Mobile Friendly, Wordpress, Nginx, Google Analytics, Remote, Android, AI, Circle, AWS Analytics, Google Cloud, Azure Analysis Services, LangGraph, Dell EMC PowerScale, ACL, Hugging Face, Vector, PyTorch",12400000,82460000,Merger / Acquisition,0,2023-10-01T00:00:00+00:00,"Webscale Networks, Inc. (webscalenetworks.com)","Webscale Networks, Inc. (webscalenetworks.com)","",false,false,false,false,"",7375,54151,6a3ae3326b65610018076cc0,6a3ae3336b65610018076cc6,6a3ae3326b65610018076cc0,rmcveigh@gmail.com,Apollo,Verified,Apollo,"","","","","","","","",http://www.linkedin.com/in/rmcveigh,""
Mary,Miller,Marketing Director,PayTrace,PayTrace,marmiller@paytrace.com,Verified,Apollo,Apollo,"",Catch-all,2026-06-23T07:59:51+00:00,Director,Marketing,Marketing,chris.mcnulty@synozur.com,"","","",'+1 888-806-6545,"",false,Cold,Profile A - ISV Revenue & Marketing Leaders,"",chris.mcnulty@synozur.com,86,financial services,"merchant portfolio, payment gateway, level iii data, software, payment processing, interchange savings, level ii data, cloud computing, interchange, developers, data security, api, integrations, power30, interchange optimization, data management, customer vault, b2b, isv, government procurement payments, b2b payments, surcharging, level ii and iii rates, api access, e-invoicing, b2g payments acceptance, financial services, virtual terminal, web payments, ach payments, financial transactions processing, reserve, and clearinghouse activities, ach acceptance, recurring billing, digital invoicing, business intelligence, accounts receivable automation, payment automation, b2b payment solutions, erp systems, recurring payments, cost reduction, e-commerce, surcharging for cost recovery, manufacturing, government, payment platform, pci dss compliance, erp integration, payment security, mobile payments, payment optimization, pci compliance, distribution, business services, in-store solutions, customer portal, real-time payment tracking, api documentation, risk management, fraud prevention, online payments, embedded payments, sandbox access, payment links, custom api solutions, level ii and iii processing, transaction reporting, embedded erp payments, payment reconciliation, pci vault storage, merchant services, automated invoice payment links, payment vault, api integration, services, client management, recurring subscription payments, finance, information technology & services, enterprise software, enterprises, computer software, computer & network security, analytics, consumer internet, consumers, internet, mechanical or industrial engineering",http://www.linkedin.com/in/marynmiller,https://paytrace.net,http://www.linkedin.com/company/paytrace,"",https://twitter.com/paytrace/,Chandler,Arizona,United States,"12709 E Mirabeau Pkwy, Spokane Valley, Washington, United States, 99216",Spokane Valley,Washington,United States,'+1 888-806-6545,"Amazon AWS, Amazon Route 53, Amazon Route 53, Amazon AWS, Amazon CloudFront, Salesforce, Postmark, Gmail, Amazon Elastic Load Balancer, Google Apps, Microsoft Office 365, Cloudways, Typeform, Workday, Hubspot, Figma, Freshdesk, HubSpot Content Hub, Google Search Console, Mobile Friendly, Google Tag Manager, Workday Recruit, Viewport Meta, Cloudflare Bot Management, Ubuntu, Apache, reCAPTCHA, Remote",11500000,"",Merger / Acquisition,0,2022-03-01T00:00:00+00:00,North (north.com),North (north.com),"",false,false,false,false,"","7389, 7372","52232, 51321",6a3ae364352e20000c572c9d,6a3ae364352e20000c572cc5,6a3ae364352e20000c572c9d,"","","","","","","","","","","","",http://www.linkedin.com/in/marynmiller,""
Naman,Jain,Chief Growth & Marketing Officer,CloudKeeper,CloudKeeper,njain@cloudkeeper.com,Verified,Apollo,Apollo,"",Not Catch-all,2026-06-08T22:06:29+00:00,C suite,Marketing,"Demand Generation, Marketing",chris.mcnulty@synozur.com,"","","","","",false,Cold,Profile A - ISV Revenue & Marketing Leaders,"",chris.mcnulty@synozur.com,250,information technology & services,"cloud optimization, cloud cost analytics, ai based cloud optimization, certified cloud experts, finops support services, guaranteed savings on aws, cloud consulting, google cloud, save cloud costs, cloudconsulting, cloudmanagement, aws enterprise discount program, google cloud experts, aws, azure, aws well architected reviews, aws migration, cloud, cloud cost optimization, aws experts, gcp well architected framework reviews, cloud usage optimization, cloudspendmanagement, cloud cost management, devops consulting, gcp migration, 24x7 cloud support, technology, information & internet, cloud cost governance, cloud cost management platform, cloud cost visibility platform, multi-cloud management, cloud spend visibility, cloud cost recommendations, cloud cost solutions, multi-cloud cost management, cloud spend forecasting, cloud spend analytics, cloud resource tagging and chargeback, cloud cost analytics platform, cloud resource tagging, aws cost savings, cloud spend analysis, cloud cost anomaly detection, computer systems design and related services, cloud resource utilization, information technology and services, cloud cost visibility, b2b, cloud resource utilization optimization, cloud cost control solutions, cloud migration planning, cloud modernization strategies, cloud cost control, cloud financial governance, cost anomaly detection, reserved instance management, ai-powered cloud cost optimization, cloud cost transparency, cloud cost management for retail, cloud migration support, cloud cost management for education, cloud cost control tools, cloud cost intelligence platform, cloud cost savings automation, cloud resource right-sizing, cloud support services, finops, automated resource scheduling, cloud cost reduction automation, cloud cost optimization tools, cloud cost management for saas, cloud computing, cloud cost monitoring, cloud savings, cloud cost reduction strategies, cloud cost intelligence, cloud spend optimization, cloud resource optimization, cloud cost efficiency, cloud cost management solutions, cloud cost platform, cloud cost management for enterprise, cloud cost management for fintech, cloud cost reporting tools, cloud cost automation, software as a service, cloud visibility, cloud modernization, cloud cost tools, cloud migration cost optimization, cloud cost automation tools, cloud cost management for media, cloud cost recommendations platform, cloud spend analytics dashboard, cloud spend management, cloud cost reduction, cloud cost management for healthcare, cloud cost reporting, cloud cost monitoring tools, cloud cost management services, services, cloud financial management, consulting, cloud cost strategies, ai-driven optimization, retail, cloud cost visibility tools, finops consulting, cloud management, ai-based reservation management, cloud migration services, devops expertise, resource optimization, custom pricing models, aws edp enhancements, cost allocation solutions, expert cloud guidance, multi-cloud strategies, cloud performance monitoring, savings plans management, aws ri management, usage optimization recommendations, tagging and chargeback, cloud cost forecasting, data transfer optimization, continuous cost auditing, tailored cloud solutions, optimized usage policies, comprehensive cloud analytics, saas and isv support, 24/7 personalized support, cloud visibility tools, well-architected reviews, seamless cloud migration, technology-savvy leadership, automated cost recommendations, group buying benefits, budget monitoring and alerts, cloud resource governance, integrated cost management, predictive cost analysis, automated reporting dashboards, cloud billing partner support, client-centric cost strategies, dynamic resource allocation, cost effective architecture planning, cloud partnership alliances, expert consulting services, e-commerce, healthcare, finance, education, information technology & services, enterprise software, enterprises, computer software, saas, consumer internet, consumers, internet, health care, health, wellness & fitness, hospital & health care, financial services",http://www.linkedin.com/in/namanjain2,https://cloudkeeper.com,http://www.linkedin.com/company/cloudkeeper,"","",Houston,Texas,United States,"3 Shenton Way, Singapore, Singapore, Singapore, 068805",Singapore,Singapore,Singapore,"","Amazon CloudFront, Amazon Route 53, Amazon SES, Gmail, Google Apps, Microsoft Office 365, Zendesk, Amazon AWS, Google Search Console, Google Workspace, GoDaddy Domains, GoDaddy Hosting, Amazon Simple Email Service (Amazon SES), SendInBlue, Hubspot, Slack, Salesforce, React Redux, Microsoft Advertising, HREF Lang, HubSpot Marketing Hub, Viewport Meta, Nginx, Ubuntu, Mobile Friendly, Google Tag Manager, Taboola, Bing Ads, YouTube, AI, AWS Analytics, IBM ILOG CPLEX Optimization Studio, Azure Analysis Services, Google Cloud, ebs, Angular Material, REST, Backblaze Computer Backup, Microsoft Entra ID, Microsoft Azure Monitor, Azure Log Analytics, Act!, Azure Cost Management, Azure Key Vault, Python, Terraform, Bicep, Microsoft Azure Hosting, LangGraph, Langchain, React, Angular, ember.js, MySQL, MongoDB, Snowflake, Redis, Drools, AWS Trusted Advisor, TypeScript, AWS SDK for JavaScript, Spring Boot, Kubernetes, Amazon EKS Anywhere, IBM Storage Suite for IBM Cloud Paks, Google Kubernetes Engine (GKE), Google, LinkedIn Ads, ZoomInfo, Google Compute Engine, Google Cloud BigQuery, Google Cloud Functions, Google Cloud Run, Google Cloud Deployment Manager, TrakSYS, AWS Fargate, Autopilot, HELM, .NET, SAP, ClickHouse, Apache, NATS, GRPC, Buffer, Amazon EC2, Amazon S3, Amazon CloudWatch, Sage, Microsoft Azure Monitor, BILL, Prometheus, AWS CloudFormation, Frame, Docker, Google Kubernetes Engine (GKE), Oracle Cloud Infrastructure Identity and Access Management, Hibernate, Google Cloud, HTML5 Maker, CSS, Javascript, ADP Applicant Tracking System, Azure Linux Virtual Machines, Azure Virtual Machine Scale Sets, Azure App Service, Azure Virtual Network, AWS Application Load Balancer, Azure Application Gateway, Azure Blob Storage, Azure Files, Azure SQL Database, Azure Active Directory",200000000,"","","","","","","",false,false,false,false,"","7375, 7372, 7371","51321, 541512",6a3ae4ca0744f90001577a43,6a3ae4cb0744f90001577aea,6a3ae4ca0744f90001577a43,"","","","","","","","","","","","",http://www.linkedin.com/in/namanjain2,""
Daniel,Escobar,Marketing Lead,Your IT Corp,Your IT,danieleq@youritcorp.mx,Verified,Apollo,Apollo,"",Not Catch-all,2026-06-10T19:17:26+00:00,Manager,Marketing,Marketing,chris.mcnulty@synozur.com,"","","",'+52 81 5351 0316,"",false,Cold,Profile A - ISV Revenue & Marketing Leaders,"",chris.mcnulty@synozur.com,77,information technology & services,"sharepoint, software para educacion, staffing, atraccion y retencion escolar, crm, automatizacion de procesos, powerplatform, desarrollo de aplicaciones, gestion estudiantil, gestion de contratos, bpa, atencion ciudadana, atraccion estudiantil, contract management, office 365, optimizacion de licenciamiento microsoft, retencion estudiantil, technology consulting, education project consulting, consulting, it project support, it project management, it infrastructure, it services, microsoft partner, education technology solutions, client collaboration, information technology and services, it consulting, artificial intelligence, education, education management, microsoft gold partner, customer support, digital innovation, talent acquisition, technology services, customer collaboration, digital learning tools, productivity tools, ai-driven education solutions, organizational digitalization, data analytics, cloud solutions, it strategy, talent services, computer systems design and related services, data security, ai integration, student needs anticipation, b2b, intelligent solutions, organizational consulting, business intelligence, business automation, productivity automation, customer relationship management, it solutions, ai copilot adoption, education technology, organizational innovation, software development, cloud services, education response systems, digital transformation solutions, workflow automation, services, it talent acquisition, organizational development, enterprise software, cloud computing, digital transformation, project management, education project solutions, sales, enterprises, computer software, information technology & services, management consulting, computer & network security, analytics, e-learning, internet, productivity",http://www.linkedin.com/in/danyelescobar,https://youritcorp.mx,http://www.linkedin.com/company/youritcorpmx,https://www.facebook.com/youritcorpmx,https://twitter.com/youritcorpmx,San Nicolas de los Garza,Nuevo Leon,Mexico,"Monterrey, Mexico City, Mexico City, Mexico",Mexico City,Mexico City,Mexico,'+52 81 5351 0316,"Azure DNS Zones, Azure DNS, Microsoft Email Providers, Microsoft Exchange Online, Outlook, Microsoft 365, Microsoft 365 Apps & Services, Microsoft Exchange, Office365, Microsoft Office 365, Google Cloud Hosting, Mobile Friendly, Wix, Varnish, Gusto, Circle, Android, AI","","","","","","","","",false,false,false,false,"",7375,54151,6a3ae4ca0744f90001577a4c,6a3ae4cb0744f90001577adb,6a3ae4ca0744f90001577a4c,daniel.escq@gmail.com,Apollo,Verified,Apollo,"","","","","","","","",http://www.linkedin.com/in/danyelescobar,""
Claudia,Rossi,Marketing Director,V Group Inc.,V Group,"",Unavailable,"","","","","",Director,Marketing,Marketing,chris.mcnulty@synozur.com,"","","",'+1 609-371-5400,"",false,Cold,"Profile A - ISV Revenue & Marketing Leaders, Profile B - SI Revenue & Marketing Leaders","",chris.mcnulty@synozur.com,200,information technology & services,"it consulting, mobility solutions, it staffing, wordpress development, magento extensions, application development, shopify apps, ecommerce, quality assurance services, web development, application development ecommerce it consulting it staffing mobility solutions, it services & it consulting, project management, esports tournament platform, identity management, infrastructure management, esports event management, client-focused solutions, public-private partnerships, digital experience, software engineering, scan n gen project management, federal contracts, data warehouse, shopify, consulting, business intelligence, cybersecurity, carts ecommerce integration, progressive discount algorithms, lean tv for meetings, professional services, patented products, cmmi appraisal, technology services, software testing, sfv notes for gaming, disaster recovery, sap with ai, click-to-call voip integration, devops, e-commerce plugins, e-commerce integration, services, enterprise it services, it infrastructure, digital transformation, proof of concept development, public sector it support, financial services, utility plugins for ecommerce, esports innovation hub, artificial intelligence, lean tv app, cyber security, innovative it solutions, cyber threat detection, computer systems design and related services, analytics dashboards, digital marketing, cloud computing, enterprise software, reviewcaddy plugin, public sector, product development, esports platform development, government it support, federal government contracts, public sector cloud, remote support, ai and machine learning, scalable it solutions, network support, custom ecommerce extensions, cloud solutions, social responsibility, healthcare, platform integration, oracle solutions, custom software, client success, automation tools, cloud security, retail, mkx notes for gaming, it compliance, esports community platform, federally compliant solutions, proof of concept for gaming, state government solutions, it project management, technology consulting, microsoft partner, managed it services, government, analytics, mobile app development, innovative technology, public sector it, gaming analytics tools, custom gaming plugins, federally compliant it, public sector digitalization, logistics, wordpress, magento review tools, e-commerce platform, discount management plugins, d2c, fastreq requisition system, r&d innovation, microsoft center of excellence, cloud services, innovation, security solutions, enterprise it solutions, ai saas, information technology and services, ai solutions, data analytics, e-commerce, b2b, cmmi certified, it support, help desk services, customer experience, bi/analytics, transportation, government it services, hyperautomation, digital strategy, software development, virtualization, it solutions, microsoft stack, it support services, smtu review system, web application development, quality assurance, e-commerce solutions, website development, custom website design, data integration, erp solutions, accessibility compliance a11y, shopify development, magento services, bigcommerce solutions, drupal solutions, hybrid app development, e-sports event management, iot solutions, data center management, cybersecurity services, devops consulting, global delivery model, healthcare software, financial services solutions, legal tech solutions, education technology, transportation software, corporate partnerships, talent management, flex team model, innovation center, agile practices, saas products, microsoft partnership, oracle integration, custom software development, business process automation, patented technologies, user experience design, analytics and data visualization, cloud devops, finance, education, legal, non-profit, consumer products & retail, transportation & logistics, information technology & services, management consulting, staffing & recruiting, app development, apps, consumer internet, consumers, internet, productivity, privacy, professional training & coaching, computer & network security, marketing & advertising, enterprises, computer software, health care, health, wellness & fitness, hospital & health care, marketing, e-learning, education management, design, nonprofit organization management",http://www.linkedin.com/in/claudia-rossi-67356b8,https://vgroupinc.com,http://www.linkedin.com/company/v-group,https://www.facebook.com/VGroupIT,https://twitter.com/VGroupITService,Lawrenceville,Georgia,United States,"379 Princeton Hightstown Road, East Windsor, New Jersey, United States, 08512",East Windsor,New Jersey,United States,'+1 609-371-5400,"GoDaddy Domains, Mailgun, Rackspace MailGun, Microsoft Exchange Online, Outlook, Microsoft 365, Microsoft 365 Apps & Services, Microsoft Exchange, Office365, Microsoft Office 365, GoDaddy Hosting, Bluekai, Drupal, Angular JS v1, Slack, Apache, jQuery, Google Font API, Google Analytics, Viewport Meta, Mobile Friendly, Google Analytics 4 (GA4), Google Tag Manager, Remote, Olo, Google AdWords Conversion, Microsoft Excel, OpenProject, Visio, Palo Alto Networks, NTENT, Cisco VPN, McAfee Total Protection for Data Loss (DLP), Cisco Unified Intelligence Center, .NET, Tenable Nessus, Nmap, Wireshark, LoopNet, Riverbed SteelCentral, Palo Alto Networks Panorama, SolarWinds, Microsoft Windows Server 2012, Unix, Azure Linux Virtual Machines, accessiBe, EMC, Docker, Drone, IBM Workload Scheduler, Gem, Foxit PDF SDK, Adobe Creative Suite, Microsoft Office, Microsoft PowerPoint, Git, Microsoft Teams Rooms, Microsoft OneDrive for Business, Scholarselect, REDCap, Alteryx Designer, Mode, Salesforce, Azure Devops, SailPoint, Saviynt, IDC, BeyondTrust, CyberArk, ManageEngine, Microsoft Entra ID, Duo, Okta, Ping Identity, SAM, Microsoft Active Directory Federation Services, Microsoft PowerShell, Perl, Python, Anthropic Claude, Cursor, Selenium, Applitools, ConnectWise Control, Excel4Apps, COBOL, IBM z/OS Operating System, Broadcom IDMS, Oracle Analytics Cloud, PL/SQL, ServiceNow, Splunk, CrowdStrike Falcon, Trellix, Epom, VMware, IBM Cognos Analytics, PeopleSoft CRM, Oracle WebLogic Server, Oracle Tuxedo, Elasticsearch, Oracle Database, Spectrum, Microsoft Sharepoint, PeopleSoft Sales, MITRE ATT&CK, LinkedIn Ads, Cypress, Javascript, MEDITECH EHR, Cisco Integrated Services Routers, Copilot, Azure AI Studio, Microsoft Power Platform, Gemini, Figma, Strato, Microsoft System Center, Informatica PowerCenter, AWS SDK for JavaScript, AWS Trusted Advisor, Control-M, Red Hat JBoss Enterprise SOA Platform, LoopFuse, CAT, Oracle Passlogix, Symantec PGP, Jenkins, Jira Service Desk, Epic, IBM RACF, Juniper Networks SRX-Series Gateways, Webtraxs, JAWS Inspect, Adobe Acrobat, Cerner, Beeline, Tor, SAP Fieldglass Services Procurement, Microsoft Project, Microsoft SQL Server Reporting Services, Azure Active Directory B2C, Azure Active Directory",4100000,"","","","","","","",false,false,false,false,"","7375, 7371, 7373, 7361","541511, 541512, 561311",6a3ae4cb0744f90001577a6b,6a3ae4cb0744f90001577b00,6a3ae4cb0744f90001577a6b,"","","","","","","","","","","","",http://www.linkedin.com/in/claudia-rossi-67356b8,""
Margie,Grace,Partner Marketing Manager,Binary Stream Software - Microsoft ERP Solutions,Binary Stream,margie@binarystream.com,Verified,Apollo,Apollo,"","",2026-06-04T13:46:54+00:00,Partner,Marketing,Marketing,chris.mcnulty@synozur.com,"","","",'+1 604-522-6300,"",false,Cold,Profile A - ISV Revenue & Marketing Leaders,"",chris.mcnulty@synozur.com,140,information technology & services,"subscription management, software microsoft dynamics gp dynamics ax, accounting compliance, dynamics nav dynamics 365, intercompany transactions, microsoft dynamics 365 business central, enterprise resource planning, microsoft gold competency as independent software vendor, microsoft gold competency in enterprise resource planning, microsoft dynamics 365 for finance & operations, subscription billing, erp, accounting software, lease administration, purchasing & requisitions, dynamics nav amp dynamics 365, materials management, consolidation accounting, software microsoft dynamics gp, microsoft dynamics gp, recurring revenue management, dynamics ax, software development, workflow automation, operational efficiency, entity consolidation, consulting, erp extension, services, multi-entity financial reporting, deferred revenue accounting, financial consolidation, automated collections, microsoft erp solutions, complex lease management, customer engagement automation, inventory management, healthcare materials management, financial analytics, compliance automation, real estate portfolio management, automated tax calculation, project financial management, real-time reporting, distribution, project management, healthcare & longterm care, b2b, regulatory financial reporting, computer systems design and related services, finance & insurance, cost savings, software & it, manufacturing, advanced lease accounting, cloud erp, lease management, subscription revenue management, telecom, microsoft dynamics 365, lease lifecycle management, multi-entity management, revenue recognition, real estate, dynamics gp, on-premise erp, business process automation, tax compliance automation, payment processing, document capture integration, energy & utilities, financial automation, supply chain management, industry-specific solutions, digital transformation, order-to-cash automation, healthcare supply chain, healthcare inventory, healthcare, finance, non-profit, construction_&_real_estate, enterprise software, enterprises, computer software, information technology & services, productivity, mechanical or industrial engineering, logistics & supply chain, health care, health, wellness & fitness, hospital & health care, financial services, nonprofit organization management",http://www.linkedin.com/in/margie-grace,https://binarystream.com,http://www.linkedin.com/company/binary-stream-software,https://www.facebook.com/BinaryStream,https://twitter.com/binarystream,Calgary,Alberta,Canada,"7300 Edmonds St, Burnaby, British Columbia, Canada, V3N 0G8",Burnaby,British Columbia,Canada,'+1 604-522-6300,"Google Search Central, Google Search Console, Amazon SES, Amazon Simple Email Service (Amazon SES), Brevo, SendInBlue, Microsoft Email Providers, Microsoft Exchange Online, Outlook, Microsoft 365, Microsoft 365 Apps & Services, Microsoft Exchange, Office365, Microsoft Office 365, CloudFlare Hosting, Google Cloud, Gmail, Google Apps, Google Cloud Hosting, Jira, Atlassian Confluence, Leadfeeder, BambooHR, Slack, Hubspot, Wistia, Google Tag Manager, HubSpot Marketing Hub, Viewport Meta, Google Analytics 4 (GA4), Ahrefs, Mobile Friendly, WordPress.org, Microsoft Clarity, Wordpress, Gravatar, HubSpot Content Hub, Microsoft Dynamics CRM Consulting, SS&C, Copilot, Microsoft Dynamics, Dell EMC Navisphere, .NET, Microsoft SQL Server Reporting Services, Visual Studio Code, Git, MySQL",25300000,2150000,Other,2150000,2023-03-01T00:00:00+00:00,"","","",false,false,false,false,"","7375, 7372, 7371","513210, 541512",6a3ae4ca0744f90001577a46,6a3ae4cb0744f90001577aec,6a3ae4ca0744f90001577a46,"","","","","","","","","","","","",http://www.linkedin.com/in/margie-grace,""
Diana,Samayoa,CMO en Agile Technologies,Agile Technologies,Agile,diana@agiletech.org,Extrapolated,Apollo,Apollo,0.6,Not Catch-all,"",C suite,"C-Suite, Marketing","Marketing Executive, Marketing",chris.mcnulty@synozur.com,"","","",'+1 949-454-8030,"",false,Cold,Profile A - ISV Revenue & Marketing Leaders,"",chris.mcnulty@synozur.com,55,information technology & services,"devops, microsoft partner, technology solutions, business intelligence, azure services, deloitte partner, alm consulting, crm dynamics, big data, technology consulting, outsystems partner, data analytics, it services & it consulting, analytics, information technology & services, enterprise software, enterprises, computer software, b2b, management consulting",http://www.linkedin.com/in/diana-samayoa-13736a24,https://agiletech.org,http://www.linkedin.com/company/aconff,"","",Guatemala City,Guatemala,Guatemala,"Cairo Governorate, Egypt","",Cairo Governorate,Egypt,'+1 949-454-8030,"Google Workspace, ZoneEdit, Gmail, Google Apps, Google Search Console, ASP.NET, Microsoft-IIS",27431000,"","","","","","","",false,false,false,false,"",3537,"",6a3ae4ca0744f90001577a4a,6a3ae4cb0744f90001577ad7,6a3ae4ca0744f90001577a4a,"","","","","","","","","","","","",http://www.linkedin.com/in/diana-samayoa-13736a24,""
Jess,Anderson,Marketing Director,Ascend Technologies,Ascend,janderson@teamascend.com,Verified,Apollo,Apollo,"","",2026-06-22T02:19:58+00:00,Director,Marketing,Marketing,chris.mcnulty@synozur.com,"","","",'+1 773-241-3007,"",false,Cold,"Profile A - ISV Revenue & Marketing Leaders, Profile B - SI Revenue & Marketing Leaders","",chris.mcnulty@synozur.com,300,information technology & services,"content filtering, ethical hacking, service desk, incident response, data management, o365, manufacturing industry, vpns, managed services, cloud infrastructure management, penetration testing, firewalls, risk assessment, managed security services, social engineering, cybersecurity, azure, intrusion prevention, hubspot partner, fortinet, salesforce management, aws, healthcare industry, salesforce consulting, microsoft security, pci, financial industry, security awareness training, security bundles, vulnerability assessments, application management, private equity industry, mdr, xdr, microsoft partner, salesforce partner, private cloud, project management, small & medium businesses, it services & it consulting, cloud deployment, vulnerability management, mfa solutions, ransomware protection, threat intelligence feeds, cloud security architecture, it consulting, threat hunting, compliance, security monitoring, client success, certifications, cloud solutions, healthcare, security analytics, risk management, cloud migration, security incident management, security compliance frameworks, it support, it solutions, legal, mfa, vciso, partnerships, cloud support, security monitoring tools, security compliance, it optimization, it management, data protection, security policy development, security frameworks, cloud migration services, cybersecurity tools, it strategy, process optimization, enterprise security, vciso services, operational efficiency, phishing prevention, security training, hybrid cloud, zero trust security, cloud computing, cyber threat hunting, digital transformation, salesforce solutions, business continuity, security information and event management, cyber threat detection, managed private data center, compliance audits, enterprise it, consulting, it infrastructure, managed it services, dark web monitoring, application development, identity and access management, network security, it governance, identity management, vcio, security awareness, manufacturing, identity protection, security orchestration, cybersecurity maturity model, security operations center, security automation tools, security policy, information technology, cybersecurity services, security reporting, threat intelligence, security incident response, security operations, threat detection, enterprise software, security risk assessment, managed detection response, technology consulting, it assessment, salesforce services, cloud assessment, compliance management, cloud infrastructure, security assessments, security operations automation, industry awards, cloud security, financial services, endpoint detection and response, it support services, cloud security assessment, endpoint security, incident response planning, computer systems design and related services, it infrastructure management, cybersecurity solutions, b2b, cloud security posture management, cyber resilience, security automation, digital workplace, services, healthcare consulting, microsoft 365 management, 24/7 support desk, compliance solutions, security awareness programs, remote it support, assessment services, managed detection and response, multi-factor authentication, data backup and recovery, infrastructure assessment, it strategy planning, emr support, practice workflow analysis, information blocking assessment, email security, phishing protection, cybersecurity assessments, business continuity planning, privacy compliance, hipaa services, cloud access security broker, data loss prevention, technical support services, client relationship management, strategic it partnership, finance, computer & network security, information technology & services, productivity, management consulting, enterprises, computer software, health care, health, wellness & fitness, hospital & health care, app development, apps, software development, privacy, mechanical or industrial engineering, internet infrastructure, internet",http://www.linkedin.com/in/jessjanderson,https://teamascend.com,http://www.linkedin.com/company/teamascend,https://facebook.com/Switchfast,https://twitter.com/switchfast,Omaha,Nebraska,United States,"200 W Adams St, Chicago, Illinois, United States, 60606-0001",Chicago,Illinois,United States,'+1 773-241-3007,"Salesforce, Cloudflare DNS, Sendgrid, ExactTarget, Outlook, Microsoft Office 365, CloudFlare Hosting, Sage Intacct, Sophos, Hubspot, Slack, WP Engine, Google Tag Manager, Facebook for Business, Astra WordPress Theme, YouTube, HubSpot Marketing Hub, Facebook Widget, Adobe Fonts, Meta Ads, Wordpress, Facebook Pixel, Meta Ads Manager, WordPress.org, Viewport Meta, Facebook Custom Audiences, Mobile Friendly, Facebook Meta, Cloudflare Rocket Loader, Typekit, Yoast, Facebook Login (Connect), CookieYes, Google Analytics, Google Font API, Nginx, Google Maps, Bootstrap Framework, Remote, IoT, AI, QuickBooks",35000000,"","","","","","","",false,false,false,false,"","7371, 7373, 7379","541512, 541513",6a3ae4ca0744f90001577a59,6a3ae4cb0744f90001577ad9,6a3ae4ca0744f90001577a59,"","","","","","","","","","","","",http://www.linkedin.com/in/jessjanderson,""
Fred,Nelson,"Vice President, Sales Enablement",Stax Payments,Stax Payments,fred.nelson@staxpayments.com,Verified,Apollo,Apollo,"","",2026-06-16T18:13:49+00:00,Vp,Sales,"Sales, Sales Enablement",chris.mcnulty@synozur.com,"","","",'+1 800-635-3545,"",false,Cold,Profile A - ISV Revenue & Marketing Leaders,"",chris.mcnulty@synozur.com,280,financial services,"payment technology, merchant services, recurring billing, enterprise, surcharging, saas, technology, payments, small business growth, payment processor, billing, integrated payments, large business, paymentprocessor, financial, isv, vertical saas, small & medium businesses, surcharging solutions, payment gateway automation, white-label payments, e-commerce payments, retail, payment gateway api, api integration, payment gateway security, operational efficiency, payment gateway, payment gateway management, financial services, embedded payments, payment innovation, surcharging compliance, payment gateway compliance, payment infrastructure, software development, payment ecosystem, payment processing software, payment risk controls, payment integration, pci compliance, payment gateway reporting, risk management, merchant onboarding, financial reporting, services, payment industry, fintech, payment reporting, payment gateway scalability, payment automation, payment data analytics, payment lifecycle management, payment support, payment reconciliation tools, payment security, payment scalability, data analytics, e-commerce, d2c, saas payments, payment compliance, transaction management, fraud prevention, financial transactions processing, reserve, and clearinghouse activities, payment processing, payment reconciliation, payment gateway analytics, b2b, payment analytics, payment gateway support, payment gateway customization, payment platform, payment apis, subscription billing, mobile payments, customer service, merchant accounts, omnichannel payments, multi-channel payments, payment gateway integration, information technology, payment fraud detection, payment solutions, payment orchestration, automated billing, payment gateways, multi-channel payment solutions, saas payment solutions, saas platforms, invoicing solutions, in-person payments, payment optimization, card processing, surcharging programs, transparent pricing, payment integrations, customizable invoices, business management platform, api documentation, compliance solutions, payment history tracking, customer management, smart terminals, payment links and buttons, credit card processing, saas partner programs, risk mitigation, billing automation, customer success, sales support, white label payment solutions, full-service partnerships, payment attach rates, reconciliation tools, financial health monitoring, b2c, healthcare, finance, education, legal, non-profit, consumer products & retail, computer software, information technology & services, finance technology, consumer internet, consumers, internet, mobile, health care, health, wellness & fitness, hospital & health care, nonprofit organization management",http://www.linkedin.com/in/frednelson,https://staxpayments.com,http://www.linkedin.com/company/staxpayments,https://www.facebook.com/fattmerchant/,https://twitter.com/fattmerchant?ref_src=twsrc%5Egoogle%7Ctwcamp%5Eserp%7Ctwgr%5Eauthor,Boston,Massachusetts,United States,"618 E South St, Orlando, Florida, United States, 32801-2842",Orlando,Florida,United States,'+1 800-635-3545,"Google Search Console, Apple Business Manager, CloudFlare CDN, Cloudflare DNS, Apple School Manager, Amazon SES, Amazon Simple Email Service (Amazon SES), Mailchimp Mandrill, Mailchimp Transactional Email (formerly Mandrill), Microsoft Email Providers, Microsoft Exchange Online, Mimecast, Outlook, Microsoft 365, Microsoft 365 Apps & Services, Microsoft Exchange, Office365, CloudFlare Hosting, Microsoft Office 365, KnowBe4, CloudFlare, Amazon Route 53, React Redux, StackAdapt, Stax, Hubspot, Zendesk, Slack, WP Engine, Atlassian Cloud, Barracuda Networks, DoubleClick, Bing Ads, Linkedin Widget, Wistia, Facebook Login (Connect), Hotjar, Google AdSense, Google Tag Manager, ShareThis, Visual Website Optimizer, Mobile Friendly, Quantcast, Vimeo, AddThis, BuySellAds, Disqus, WordPress.org, Remote, Circle, AI, IoT, Toast, Amazon DynamoDB, Amazon EC2, Amazon GuardDuty, Amazon Kinesis, Amazon QuickSight, Amazon S3, Athena, Aurora, AWS Control Tower, AWS Glue Data Catalog, AWS IAM Identity Center, AWS Security Hub, AWS Transit Gateway, Atlassian Bitbucket, CDK, ConnectWise Control, ECS, GitHub Actions, Google AdWords Conversion, Lambda Cloud, Splunk, Terraform, Tor, Verizon WAF, Cypress, Playwright, Gemini, GitHub Copilot, Anthropic Claude, Datadog, AWS Trusted Advisor, Amazon Simple Queue Service (SQS), Capterra, ZoomInfo, , Kotlin, SWIFT, Kiosked, Android, LEAP, , Netskope, Zscaler, Okta, GitHub Enterprise, Snyk, SonarQube, Security, Jamf, Microsoft Intune, AWS WAF, AWS Shield, Tenable.sc, Qualys Penetration Testing, Anaplan, NetSuite, Vtiger for G Suite",9400000,263150000,Merger / Acquisition,0,2023-10-01T00:00:00+00:00,Stax (fattmerchant.com),Stax (fattmerchant.com),"",false,false,false,false,1,"7389, 7372","522320, 513210",6a3ae4ca0744f90001577a1e,6a3ae364352e20000c572cbc,6a3ae4ca0744f90001577a1e,"","","","","","","","","","","","",http://www.linkedin.com/in/frednelson,""
Eva,Jackson,Director of Marketing,Mesh Systems,Mesh,eva.jackson@meshsystems.com,Verified,Apollo,Apollo,"","",2026-06-04T23:55:37+00:00,Director,Marketing,Marketing,chris.mcnulty@synozur.com,"","","",'+1 317-661-4800,"",false,Cold,Profile A - ISV Revenue & Marketing Leaders,"",chris.mcnulty@synozur.com,70,information technology & services,"wireless hardware design & manufacturing, embedded software applications, solutions integrator, wireless sensor networks, isv, connected products, iot internet of things, si, software, information technology, software development, iot security, iot device prototyping, iot consulting, device firmware, enterprise iot security, iot lifecycle management, device engineering, iot partner ecosystem, iot management, energy efficiency, predictive maintenance, regulatory compliance, transportation & logistics, iot integration, iot innovation, iot data visualization, iot partner, product development, iot platform, enterprise iot, iot cloud services, customer experience, industrial iot, cloud data management, iot solution support, iot device firmware updates, remote monitoring, predictive maintenance solutions, cloud infrastructure, iot security solutions, application development, iot solution scalability, iot lifecycle, iot software, connected product lifecycle management, iot device scaling manufacturing, iot cloud platform integration, consumer products & retail, enterprise iot solutions, iot in industrial automation, machine learning, business intelligence, data security, energy & utilities, security protocols, sensor integration, wireless communications, iot deployment, services, connected device firmware, manufacturing, iot platform migration, iot analytics, digital transformation, iot hardware, data analytics, distribution, consulting, device management, iot solutions, scalable iot, iot device scaling, smart device over-the-air updates, iot data standardization, remote asset management, firmware development, b2b, cloud services, market research, iot hardware design, data ingestion, iot data management, cloud connectivity, iot api integration, iot security best practices, platform migration, computer systems design and related services, iot prototyping, iot data insights, edge computing, consumer_products_retail, transportation_logistics, energy_utilities, saas, information technology & services, environmental services, renewables & environment, enterprise software, enterprises, computer software, internet infrastructure, internet, app development, apps, artificial intelligence, analytics, computer & network security, mechanical or industrial engineering, cloud computing",http://www.linkedin.com/in/eva-jackson-marketing,https://meshsystems.com,http://www.linkedin.com/company/meshsystems,http://www.facebook.com/pages/Mesh-Systems/125534064186988,http://www.twitter.com/mesh_systems,Indianapolis,Indiana,United States,"801 Congressional Blvd, Carmel, Indiana, United States, 46032-5646",Carmel,Indiana,United States,'+1 317-661-4800,"Outlook, Workable, Slack, Hubspot, IoT, Remote, Circle, Azure Devops, Azure IoT Hub, Visio, Azure Event Hubs, C#, Microsoft Azure Monitor, .NET, Xamarin, MAUI, Azure Event Grid, C/C++, React, TypeScript, Azure Container Apps, Docker, Azure Pipelines, LinkedIn Ads, Google Ads, Bevywise MQTT Broker, REST, AppDynamics, Azure Service Bus, Azure SQL, Azure Cosmos DB, Azure Key Vault",8500000,2700000,Series B,2500000,2011-05-27T00:00:00+00:00,"","","",false,false,false,false,"","3661, 7371, 7372, 3679","541512, 511210, 334418",6a3ae364352e20000c572ca1,6a3ae364352e20000c572cc8,6a3ae364352e20000c572ca1,"","","","","","","","","","","","",http://www.linkedin.com/in/eva-jackson-marketing,""
Rebecca,Robinson,Marketing Manager,MagTek,MagTek,rebeccar@magtek.com,Verified,Apollo,Apollo,"","",2026-06-01T12:40:50+00:00,Manager,Marketing,Marketing,chris.mcnulty@synozur.com,"","","",'+1 562-546-6400,"",false,Cold,Profile A - ISV Revenue & Marketing Leaders,"",chris.mcnulty@synozur.com,230,mechanical or industrial engineering,"esignature application, mobile card readers, magnetic stripe card readers, software, unattended, credential authentication, pos peripherals, secure card readers, payment gateway, card personalization, contactless payments, emv payments, mpos, mobile payments, ios card readers, magnesafe pos, point of sale, ecommerce, android card readers, check scanners, magneprint, emv card readers, tokenization, pin selection, esignature & pay application, data security, counterfeit detection, selfservice, isv, manufacturing, b2b, ecommerce security, payment processing, retail, fraud detection, government, access control solutions, mobile pos devices, private messaging security, device integration, magnesafe security architecture, customer engagement, access control, tokenization services, oem components and customization, computer and peripheral equipment manufacturing, custom oem solutions, banking, e-commerce, payments, d2c, secure card issuance, hardware manufacturing, secure transaction solutions, card readers and check scanners, emv and nfc technology, oem/manufacturing, payment security, encryption and tokenization, transportation, services, unattended kiosk hardware, healthcare, data encryption, secure payment hardware, oem, payment, security, encryption, pci dss, emv, nfc, contactless, information technology & services, internet, financial services, pos, enterprise software, enterprises, computer software, consumer internet, consumers, computer & network security, mechanical or industrial engineering, health care, health, wellness & fitness, hospital & health care, semiconductors, hardware",http://www.linkedin.com/in/rebeccarobinson4marketing,https://magtek.com,http://www.linkedin.com/company/magtek,https://facebook.com/magtekcorp/,https://twitter.com/magtek,Boston,Massachusetts,United States,"1710 Apollo Court, Seal Beach, California, United States, 90740",Seal Beach,California,United States,'+1 562-546-6400,"DNS Made Easy, Mimecast, Microsoft Office 365, Brightcove, Hubspot, Slack, Google Analytics, Mobile Friendly, YouTube, reCAPTCHA, Google Analytics 4 (GA4), Google Search Console, Viewport Meta, D3js, Google Tag Manager, HubSpot Marketing Hub, Remote, C#, OrCAD Capture",16600000,"","","","","","","",false,false,false,false,"",3671,"334118, 518210",6a3ae4ca0744f90001577a17,6a3ae4cb0744f90001577acd,6a3ae4ca0744f90001577a17,"","","","","","","","","","","","",http://www.linkedin.com/in/rebeccarobinson4marketing,""
Dan,Doherty,V-P Sales,Inatech,Inatech,dan.doherty@inatech.com,Verified,Apollo,Apollo,"",Catch-all,2026-06-03T01:09:23+00:00,Vp,Sales,Sales,chris.mcnulty@synozur.com,"","","",'+44 20 3609 8617,"",false,Cold,"Profile A - ISV Revenue & Marketing Leaders, Profile B - SI Revenue & Marketing Leaders","",chris.mcnulty@synozur.com,300,information technology & services,"hedging, energy trading & risk management, ctrm, fuel management software, commodity trading, cloud etrm, credit risk management, analytics, cloud integration, supply chain management, cloud based technology, marine software, etrm software, expertise oil & gas, gold microsoft partner, ipaas solution, eca regulation, oil trading software, marine, software development, market volatility management, integrated trading platform, energy & utilities, risk management, operational efficiency, financial services, decision support, cloud-based energy trading software, regulatory compliance, trade automation, trade reconciliation, energy trading risk management, inventory management, automation, advanced analytics, customizable workflows, distribution, multi-geography support, erp integration, b2b, fleet bunker management, marine fuel management, computer systems design and related services, trade execution, bunker procurement software, business intelligence, renewables trading, market data integration, supply chain optimization, digital transformation, emissions credits trading, automated invoicing, energy transition support, consulting, credit instruments, risk assessment, energy analytics, etrm, disaster recovery, real-time analytics, fuel trading software, multi-asset trading, market intelligence tools, cloud-native architecture, retail, hedging tools, fuel management solutions, fleet management, market compliance, services, ngls trading platform, biofuel trading system, finance, information technology & services, logistics & supply chain",http://www.linkedin.com/in/dan-doherty-683519b4,https://inatech.com,http://www.linkedin.com/company/inatech,https://facebook.com/Inatech.ETRM/,https://twitter.com/inatech,Los Angeles,California,United States,"3 Shortlands, England, United Kingdom, W6 8DA","",England,United Kingdom,'+44 20 3609 8617,"Salesforce, Cloudflare DNS, Outlook, Pardot, Microsoft Office 365, Slack, Active Campaign, Wordpress, Elementor, WordPress.org, reCAPTCHA, Google Font API, Mobile Friendly, Shutterstock, Viewport Meta, Cloudflare Rocket Loader, Google Tag Manager, Leadfeeder, Gravatar, Bootstrap Framework, AI",35600000,"",Merger / Acquisition,0,2022-06-01T00:00:00+00:00,Valsoft Corporation (valsoftcorp.com),Valsoft Corporation (valsoftcorp.com),"",false,false,false,false,"","7375, 7372","54151, 51321",6a3ae4ca0744f90001577a18,6a3ae4cb0744f90001577ace,6a3ae4ca0744f90001577a18,"","","","","","","","","","","","",http://www.linkedin.com/in/dan-doherty-683519b4,""
Florian,Devitis,Vice President of Sales,"US Alliance Group, Inc",US Alliance Group,florian.devitis@usag-inc.com,Verified,Apollo,Apollo,"","",2026-05-28T16:59:36+00:00,Vp,Sales,Sales,chris.mcnulty@synozur.com,"","","",'+1 949-888-4408,"",false,Cold,Profile A - ISV Revenue & Marketing Leaders,"",chris.mcnulty@synozur.com,62,consumer services,"sales, processing payments, intigration, technology, lending, financial technology, growth strategies, reseller programs, merchant services, b2b, fintech, data security, pci security standards council, api integration, digital payments, merchant relationships, pci compliance, financial services, merchant support, access control, bill pay, gift cards, customer service, payment processing solutions, cost-effective solutions, industry awards, financial transactions processing, reserve, and clearinghouse activities, mobile payments, payment security, security partnerships, complex business solutions, services, multi-channel payments, omni-channel, merchant onboarding support, payment technology, growth and innovation, bill payment, api sdks, low to medium-risk merchants, retail, isv partnerships, payment solutions, ach processing, reseller partnerships, merchant onboarding, data analytics, card security, merchant lending, merchant lending opportunities, omni-channel payments, customer support, sdks, industry recognition, secure tokenization, atm solutions, electronic checks, payment processing, business solutions, e-commerce, security and compliance, transaction monitoring, risk management, atm services, online payments, payment infrastructure, payment gateway, tokenization, finance, consumer products & retail, finance technology, information technology & services, computer & network security, internet, consumer internet, consumers",http://www.linkedin.com/in/florian-devitis-80167a187,https://usag-inc.com,http://www.linkedin.com/company/us-alliance-group-inc,https://facebook.com/usalliancegroup/,https://twitter.com/usalliancegroup,Rancho Santa Margarita,California,United States,"29883 Santa Margarita Pkwy, Rancho Santa Margarita, California, United States, 92688",Rancho Santa Margarita,California,United States,'+1 949-888-4408,"Google Search Console, Apple Business Manager, Apple School Manager, Microsoft Exchange Online, Outlook, Microsoft 365, Microsoft 365 Apps & Services, Microsoft Exchange, Office365, KnowBe4, Circle, Remote, Salesforce CRM Analytics, Postpresso",8751000,"","","","","","","",false,false,false,false,"",7389,"522320, 541512",6a3ae364352e20000c572c8d,6a3ae364352e20000c572cb9,6a3ae364352e20000c572c8d,"","","","","","","","","","","","",http://www.linkedin.com/in/florian-devitis-80167a187,""
Ray,Lau,VP of Marketing,Stax Payments,Stax Payments,ray.lau@staxpayments.com,Verified,Apollo,Apollo,"","",2026-06-11T11:52:02+00:00,Vp,Marketing,Marketing,chris.mcnulty@synozur.com,"","","",'+1 800-635-3545,"",false,Cold,Profile A - ISV Revenue & Marketing Leaders,"",chris.mcnulty@synozur.com,280,financial services,"payment technology, merchant services, recurring billing, enterprise, surcharging, saas, technology, payments, small business growth, payment processor, billing, integrated payments, large business, paymentprocessor, financial, isv, vertical saas, small & medium businesses, surcharging solutions, payment gateway automation, white-label payments, e-commerce payments, retail, payment gateway api, api integration, payment gateway security, operational efficiency, payment gateway, payment gateway management, financial services, embedded payments, payment innovation, surcharging compliance, payment gateway compliance, payment infrastructure, software development, payment ecosystem, payment processing software, payment risk controls, payment integration, pci compliance, payment gateway reporting, risk management, merchant onboarding, financial reporting, services, payment industry, fintech, payment reporting, payment gateway scalability, payment automation, payment data analytics, payment lifecycle management, payment support, payment reconciliation tools, payment security, payment scalability, data analytics, e-commerce, d2c, saas payments, payment compliance, transaction management, fraud prevention, financial transactions processing, reserve, and clearinghouse activities, payment processing, payment reconciliation, payment gateway analytics, b2b, payment analytics, payment gateway support, payment gateway customization, payment platform, payment apis, subscription billing, mobile payments, customer service, merchant accounts, omnichannel payments, multi-channel payments, payment gateway integration, information technology, payment fraud detection, payment solutions, payment orchestration, automated billing, payment gateways, multi-channel payment solutions, saas payment solutions, saas platforms, invoicing solutions, in-person payments, payment optimization, card processing, surcharging programs, transparent pricing, payment integrations, customizable invoices, business management platform, api documentation, compliance solutions, payment history tracking, customer management, smart terminals, payment links and buttons, credit card processing, saas partner programs, risk mitigation, billing automation, customer success, sales support, white label payment solutions, full-service partnerships, payment attach rates, reconciliation tools, financial health monitoring, b2c, healthcare, finance, education, legal, non-profit, consumer products & retail, computer software, information technology & services, finance technology, consumer internet, consumers, internet, mobile, health care, health, wellness & fitness, hospital & health care, nonprofit organization management",http://www.linkedin.com/in/mrraylau,https://staxpayments.com,http://www.linkedin.com/company/staxpayments,https://www.facebook.com/fattmerchant/,https://twitter.com/fattmerchant?ref_src=twsrc%5Egoogle%7Ctwcamp%5Eserp%7Ctwgr%5Eauthor,Clermont,Florida,United States,"618 E South St, Orlando, Florida, United States, 32801-2842",Orlando,Florida,United States,'+1 800-635-3545,"Google Search Console, Apple Business Manager, CloudFlare CDN, Cloudflare DNS, Apple School Manager, Amazon SES, Amazon Simple Email Service (Amazon SES), Mailchimp Mandrill, Mailchimp Transactional Email (formerly Mandrill), Microsoft Email Providers, Microsoft Exchange Online, Mimecast, Outlook, Microsoft 365, Microsoft 365 Apps & Services, Microsoft Exchange, Office365, CloudFlare Hosting, Microsoft Office 365, KnowBe4, CloudFlare, Amazon Route 53, React Redux, StackAdapt, Stax, Hubspot, Zendesk, Slack, WP Engine, Atlassian Cloud, Barracuda Networks, DoubleClick, Bing Ads, Linkedin Widget, Wistia, Facebook Login (Connect), Hotjar, Google AdSense, Google Tag Manager, ShareThis, Visual Website Optimizer, Mobile Friendly, Quantcast, Vimeo, AddThis, BuySellAds, Disqus, WordPress.org, Remote, Circle, AI, IoT, Toast, Amazon DynamoDB, Amazon EC2, Amazon GuardDuty, Amazon Kinesis, Amazon QuickSight, Amazon S3, Athena, Aurora, AWS Control Tower, AWS Glue Data Catalog, AWS IAM Identity Center, AWS Security Hub, AWS Transit Gateway, Atlassian Bitbucket, CDK, ConnectWise Control, ECS, GitHub Actions, Google AdWords Conversion, Lambda Cloud, Splunk, Terraform, Tor, Verizon WAF, Cypress, Playwright, Gemini, GitHub Copilot, Anthropic Claude, Datadog, AWS Trusted Advisor, Amazon Simple Queue Service (SQS), Capterra, ZoomInfo, , Kotlin, SWIFT, Kiosked, Android, LEAP, , Netskope, Zscaler, Okta, GitHub Enterprise, Snyk, SonarQube, Security, Jamf, Microsoft Intune, AWS WAF, AWS Shield, Tenable.sc, Qualys Penetration Testing, Anaplan, NetSuite, Vtiger for G Suite",9400000,263150000,Merger / Acquisition,0,2023-10-01T00:00:00+00:00,Stax (fattmerchant.com),Stax (fattmerchant.com),"",false,false,false,false,1,"7389, 7372","522320, 513210",6a3ae364352e20000c572ca2,6a3ae364352e20000c572cbc,6a3ae364352e20000c572ca2,"","","","","","","","","","","","",http://www.linkedin.com/in/mrraylau,""
James,Rafferty,Vice President of Sales,"FSi Strategies, Inc.",FSi Strategies,jrafferty@fsistrategies.com,Verified,Apollo,Apollo,"",Not Catch-all,2026-05-27T23:14:21+00:00,Vp,Sales,Sales,chris.mcnulty@synozur.com,"","","",'+1 202-730-9701,"",false,Cold,Profile A - ISV Revenue & Marketing Leaders,"",chris.mcnulty@synozur.com,62,information technology & services,"it maintenance & support, it management consulting, 247 monitoring, it service provider, it management amp consulting, it services & it consulting, device management, network monitoring, application modernization, windows 365, microsoft teams management, security incident response, it strategy, azure autopilot, copilot for d365, cybersecurity monitoring, server management, threat detection, phishing simulation & training, security workshops, healthcare, threat response, workplace modernization, azure power platform, it support, modern work accelerator, azure virtual desktop, power platform, business process automation, threat disruption, services, microsoft solutions partner, security awareness training, cloud computing, data analytics, security and compliance strategy, b2b, cloud infrastructure, hybrid cloud migration, phishing training, microsoft partner, it consulting, viva employee engagement, computer software, viva and copilot, consulting, remote workforce enablement, computer systems design and related services, d365 application modernization, copilot for m365, microsoft 365 readiness, phishing simulations, security incident management, managed it services, data management, sharepoint management, azure ai, managed it, workforce enablement, azure data accelerator, workplace collaboration, remote work enablement, it infrastructure, construction, workforce productivity tools, azure cloud migration, application modernization strategy, financial & professional services, security posture, security solutions, nonprofits & associations, microsoft azure, application development, cloud solutions, managed services, remote work support, cybersecurity, identity and data security, fabric for m365, vendor management, business continuity, microsoft 365 management, security automation, network management, business process automation with azure, finance, non-profit, information technology & services, health care, health, wellness & fitness, hospital & health care, enterprise software, enterprises, internet infrastructure, internet, management consulting, app development, apps, software development, financial services, nonprofit organization management",http://www.linkedin.com/in/jamesjrafferty,https://fsistrategies.com,http://www.linkedin.com/company/fsistrategies,https://facebook.com/FSiStrategies,https://twitter.com/FSiStrategies,Ashburn,Virginia,United States,"1595 Spring Hill Rd, Vienna, Virginia, United States, 22182-2216",Vienna,Virginia,United States,'+1 202-730-9701,"Cloudflare DNS, Rackspace MailGun, Outlook, Microsoft Office 365, Google Cloud Hosting, Android, Data Analytics, Remote","","","","","","","","",false,false,false,false,"",7375,54151,6a3ae4ca0744f90001577a44,6a3ae4cb0744f90001577ad1,6a3ae4ca0744f90001577a44,"","","","","","","","","","","","",http://www.linkedin.com/in/jamesjrafferty,""
Dianne,Rivera,Marketing Manager,Queue Associates,Queue Associates,drivera@queueassoc.com,Verified,Apollo,Apollo,"",Not Catch-all,2026-06-08T08:35:00+00:00,Manager,Marketing,Marketing,chris.mcnulty@synozur.com,"","","",'+1 212-269-1313,"",false,Cold,Profile A - ISV Revenue & Marketing Leaders,"",chris.mcnulty@synozur.com,82,management consulting,"sales & marketing, business intelligence & reporting, procurement & sourcing, manufacturing, financial management, apparel, government contractors, public sector, distribution, supply chain management, countryspecific capabilities, environmental sustainability, global risk & compliance, retail, project management & accounting, human capital management, business consulting & services, global offices, customer engagement, consulting, industry-specific customization, cloud-based business solutions, operational efficiency, industry-specific solutions, compliance and security, business productivity, industry vertical expertise, dynamics 365, order management, industry-specific dynamics 365 modules, crm solutions, erp solutions, support and training, custom software development, financial planning automation, management consulting, global microsoft partner network, industry verticals, retail digital transformation, computer software, project management tools, project management, supply chain ai optimization, data-driven decision making, public sector cloud solutions, global microsoft partner, microsoft dynamics 365, data integration, support and consulting, enterprise software, microsoft ecosystem integration, global presence, business process optimization, automation tools, digital transformation, ai-enabled dynamics 365, healthcare, security and compliance, healthcare digital solutions, government, ai-enabled enterprise software, digital transformation services, customer success, ai-enabled cloud solutions, azure cloud security, b2b, cloud security, customer relationship management, custom erp solutions for smbs, microsoft azure, customer insights, business intelligence, computer systems design and related services, business analytics, global support network, power platform, business process automation, government sector solutions, business analytics with ai, data analytics, ai-powered customer insights, project management automation, microsoft solutions partner, azure platform, information technology and services, services, seamless microsoft ecosystem integration, cloud migration, cloud security solutions, supply chain and finance management, financial services, automation and ai, technology consulting, finance, transportation & logistics, mechanical or industrial engineering, logistics & supply chain, enterprises, information technology & services, productivity, health care, health, wellness & fitness, hospital & health care, crm, sales, analytics",http://www.linkedin.com/in/dianne-rivera-ab86a98,https://queueassoc.com,http://www.linkedin.com/company/queue-associates,https://facebook.com/pages/Queue-Associates-Inc-US/125321424176757,https://twitter.com/queueassociates,New York,New York,United States,"420 Lexington Ave, New York, New York, United States, 10170-0002",New York,New York,United States,'+1 212-269-1313,"Sendgrid, MessageGears, Outlook, Google Cloud Hosting, OneTrust, Microsoft Azure Hosting, Slack, Google Font API, WhatsApp, Yoast, Mobile Friendly, OpenStreetMap, Viewport Meta, TrustArc, YouTube, Facebook Widget, reCAPTCHA, Facebook SDK, accessiBe, WordPress.org, WPML, Facebook Login (Connect), Google Tag Manager, Wordpress, Google Analytics, Google Analytics 4 (GA4), Microsoft Clarity, FlexSlider, Microsoft Dynamics, Leaflet, Micro, Remote, Microsoft Dynamics GP, Microsoft Dynamics 365 Customer Service, Microsoft Dynamics 365",20296000,"","","","","","","",false,false,false,false,"","7375, 7373",541512,6a3ae4ca0744f90001577a58,6a3ae364352e20000c572cbb,6a3ae4ca0744f90001577a58,"","","","","","","","","","","","",http://www.linkedin.com/in/dianne-rivera-ab86a98,""
Amy,Collins,Marketing,Aktion Associates,Aktion Associates,acollins@aktion.com,Verified,Apollo,Apollo,"",Not Catch-all,2026-06-08T16:23:01+00:00,Entry,Marketing,Marketing,chris.mcnulty@synozur.com,"","","",'+1 888-865-9425,"",false,Cold,Profile A - ISV Revenue & Marketing Leaders,"",chris.mcnulty@synozur.com,220,information technology & services,"sage construction amp real estate applications, sage 300cre erp, cybersecurity, security, it advisor, networkapplication engineering, infor distribution erp, viewpoint vista amp spectrum for construction, acumatica construction edition erp, infor distribution a, erp cloud hosting services, acumatica distribution edition erp, infor cloudsuite distribution, application consulting, it infrastructure provider for ibmhplenovociscovmwaremicrosoft, website designdevelopmenthosting, distribution amp manufacturing industries, industry consulting, managed services, infor distribution sxe, deltek vision erp, software engineering, disaster recoverybackup, application amp network engineering, it services, cloud amp managed services, cloud amp managed services for construction, cloud managed services for construction, sage estimating, cloud hosting, network operations center, web site designdevelopment, systemsstoragesecurity, it modernization, acumatica manufacturing edition erp, sage construction real estate applications, application network engineering, it adviser amp system integrator, sage intacct erp, application hosting, viewpoint vista spectrum for construction, it adviser system integrator, distribution manufacturing industries, infor distribution facts, sage intacct, industry applications, projectcentric solutions, cloud managed services, network engineering, acumatica cloud erp, disaster recoverybackup services in aktionowned data centers, sage 100 contractor erp, independent software vendor solutions, deltek vantagepoint erp, industryapplication consulting, it services & it consulting, industry-specific application support, cybersecurity risk management, it infrastructure, predictive analytics, industry-specific erp solutions, cloud solutions, consulting, services, erp software reseller, it security, acumatica, business intelligence, construction, end-to-end digital transformation, sage, cloud & managed services, cloud migration, software support, deltek var, construction management, data analytics, disaster recovery, hybrid cloud infrastructure, construction industry software, network design, distribution, software support for aec, b2b, computer systems design and related services, it solutions, it infrastructure provider, manufacturing, it support, industry-specific software, architectural engineering erp, manufacturing erp systems, distribution erp solutions, erp software, real estate, industry verticals, it strategy, business process consulting, lean implementation process, cloud services, data security, supply chain management, digital transformation, architectural engineering & construction, information technology & services, cloud computing, enterprise software, enterprises, computer software, computer & network security, analytics, mechanical or industrial engineering, logistics & supply chain",http://www.linkedin.com/in/amy-collins-bb49141,https://aktion.com,http://www.linkedin.com/company/aktion-associates-inc-,"",https://twitter.com/AktionFigures,Holden,Massachusetts,United States,"1687 Woodlands Drive, Maumee, Ohio, United States, 43537",Maumee,Ohio,United States,'+1 888-865-9425,"Outlook, Microsoft Office 365, Sage Intacct, Workable, Hubspot, Slack, Nginx, Gravity Forms, Google Tag Manager, Cloudflare Rocket Loader, Mobile Friendly, Wistia, Typekit, Akismet, Yoast, Viewport Meta, HubSpot Marketing Hub, Google Font API, WPML, Bing Webmaster Tools, Google Search Console, Webex, Elementor, Wordpress, Bootstrap Framework, YouTube, HREF Lang, WordPress.org, Remote, Acumatica","","","","","","","","",false,false,false,false,"",7372,54151,6a3ae4cb0744f90001577a6c,6a3ae4cb0744f90001577b01,6a3ae4cb0744f90001577a6c,amyhcollins@gmail.com,Apollo,Verified,Apollo,"","","","","","","","",http://www.linkedin.com/in/amy-collins-bb49141,""
Cailin,Yates,Chief Marketing Officer,DataXstream,DataXstream,cyates@dataxstream.com,Verified,Apollo,Apollo,"",Not Catch-all,2026-06-16T12:12:09+00:00,C suite,"C-Suite, Marketing","Marketing Executive, Marketing",chris.mcnulty@synozur.com,"","","",'+1 757-345-3437,"",false,Cold,Profile A - ISV Revenue & Marketing Leaders,"",chris.mcnulty@synozur.com,120,information technology & services,"sap project management, independent software vendor enablement, process automation, b2b portal, document automation, basis administration, rental management, sap integration, sap omnichannel sales, artificial intelligence, employee experience, customer experience, sap technical consulting, specialty retail solutions, sap solutions, sap functional consulting, sap product development, sap order management, cx, sap endorsed app, sap sales distribution, sap point of sale, sap store applications, wholesale & distribution sales in sap, sales automation, intelligent automation, software development, rental asset management, sap customer self-service portal, sap btp, automation, sap s/4hana cloud public edition, customer engagement, sap private cloud, sap certified, sap no-integration required, digital commerce, digital order capture, inventory management, system integration, e-commerce, real-time sap transactions, user interface design, computer systems design and related services, supply chain management, sap sales automation, b2c, b2b self-service, enterprise software, sap s/4hana on-premise, oms+ platform, b2b, order management automation, point of sale, rental management solutions, consulting, real-time data, cloud solutions, customer portal, order processing, cloud sap solutions, digital transformation, sap s/4hana integration, order management, services, unified commerce, point of sale platform, intelligent sales execution, information technology and services, machine learning, d2c, ai automation, sap s/4hana cloud private edition, cloud-enabled sap solutions, multi-channel sales, retail, sap cloud editions, ai-driven order processing, distribution, information technology & services, saas, computer software, enterprises, consumer internet, consumers, internet, logistics & supply chain, pos, payments, financial services, cloud computing",http://www.linkedin.com/in/cailinyates,https://dataxstream.com,http://www.linkedin.com/company/dataxstream,https://facebook.com/dataxstream,https://twitter.com/dataxstream,Williamsburg,Virginia,United States,"434 McLaws Cir, Williamsburg, Virginia, United States, 23185",Williamsburg,Virginia,United States,'+1 757-345-3437,"Google Search Console, Apple Business Manager, DNS Made Easy, Apple School Manager, Microsoft Email Providers, Microsoft Exchange Online, Outlook, Microsoft 365, Microsoft 365 Apps & Services, Microsoft Exchange, Office365, Microsoft Office 365, VueJS, UptimeRobot, Easy Digital Downloads, Jira, Atlassian Confluence, React Redux, BambooHR, Hubspot, Slack, Elementor, DoubleClick, Yoast, Apache, Google Font API, WordPress.org, Hotjar, LinkedIn Ads, Microsoft Clarity, Visual Composer, WPML, Linkedin Marketing Solutions, Mobile Friendly, HubSpot Marketing Hub, Google Analytics, Amazon Simple Storage Service (S3), Google Tag Manager, ZoomInfo, Wordpress, Viewport Meta, HREF Lang, reCAPTCHA, Wistia, Google Analytics 4 (GA4), AI, QuickBooks, comScore, SAP, Azure Key Vault, vSphere, VMware vCenter, Veeam Backup & Replication, SUSE Manager, Addigy, Apple macOS, SAP SD, Cloud Foundry, Temporal Cloud, SAP ERP, Microsoft SharePoint Online, Cisco WebEx Teams, Microsoft OneDrive, TUNE, Veeam, ABAP",14800000,"","","","","","","",false,false,false,false,"",7375,"51321, 541512",6a3ae364352e20000c572c8f,6a3ae364352e20000c572cba,6a3ae364352e20000c572c8f,"","","","","","","","","","","","",http://www.linkedin.com/in/cailinyates,""
Eric,Simmons,"Vice President, Growth Marketing",Stax Payments,Stax Payments,eric.simmons@staxpayments.com,Verified,Apollo,Apollo,"","",2026-06-08T10:26:12+00:00,Vp,Marketing,"Demand Generation, Marketing",chris.mcnulty@synozur.com,"","","",'+1 800-635-3545,"",false,Cold,Profile A - ISV Revenue & Marketing Leaders,"",chris.mcnulty@synozur.com,280,financial services,"payment technology, merchant services, recurring billing, enterprise, surcharging, saas, technology, payments, small business growth, payment processor, billing, integrated payments, large business, paymentprocessor, financial, isv, vertical saas, small & medium businesses, surcharging solutions, payment gateway automation, white-label payments, e-commerce payments, retail, payment gateway api, api integration, payment gateway security, operational efficiency, payment gateway, payment gateway management, financial services, embedded payments, payment innovation, surcharging compliance, payment gateway compliance, payment infrastructure, software development, payment ecosystem, payment processing software, payment risk controls, payment integration, pci compliance, payment gateway reporting, risk management, merchant onboarding, financial reporting, services, payment industry, fintech, payment reporting, payment gateway scalability, payment automation, payment data analytics, payment lifecycle management, payment support, payment reconciliation tools, payment security, payment scalability, data analytics, e-commerce, d2c, saas payments, payment compliance, transaction management, fraud prevention, financial transactions processing, reserve, and clearinghouse activities, payment processing, payment reconciliation, payment gateway analytics, b2b, payment analytics, payment gateway support, payment gateway customization, payment platform, payment apis, subscription billing, mobile payments, customer service, merchant accounts, omnichannel payments, multi-channel payments, payment gateway integration, information technology, payment fraud detection, payment solutions, payment orchestration, automated billing, payment gateways, multi-channel payment solutions, saas payment solutions, saas platforms, invoicing solutions, in-person payments, payment optimization, card processing, surcharging programs, transparent pricing, payment integrations, customizable invoices, business management platform, api documentation, compliance solutions, payment history tracking, customer management, smart terminals, payment links and buttons, credit card processing, saas partner programs, risk mitigation, billing automation, customer success, sales support, white label payment solutions, full-service partnerships, payment attach rates, reconciliation tools, financial health monitoring, b2c, healthcare, finance, education, legal, non-profit, consumer products & retail, computer software, information technology & services, finance technology, consumer internet, consumers, internet, mobile, health care, health, wellness & fitness, hospital & health care, nonprofit organization management",http://www.linkedin.com/in/ericmattsimmons,https://staxpayments.com,http://www.linkedin.com/company/staxpayments,https://www.facebook.com/fattmerchant/,https://twitter.com/fattmerchant?ref_src=twsrc%5Egoogle%7Ctwcamp%5Eserp%7Ctwgr%5Eauthor,Orlando,Florida,United States,"618 E South St, Orlando, Florida, United States, 32801-2842",Orlando,Florida,United States,'+1 800-635-3545,"Google Search Console, Apple Business Manager, CloudFlare CDN, Cloudflare DNS, Apple School Manager, Amazon SES, Amazon Simple Email Service (Amazon SES), Mailchimp Mandrill, Mailchimp Transactional Email (formerly Mandrill), Microsoft Email Providers, Microsoft Exchange Online, Mimecast, Outlook, Microsoft 365, Microsoft 365 Apps & Services, Microsoft Exchange, Office365, CloudFlare Hosting, Microsoft Office 365, KnowBe4, CloudFlare, Amazon Route 53, React Redux, StackAdapt, Stax, Hubspot, Zendesk, Slack, WP Engine, Atlassian Cloud, Barracuda Networks, DoubleClick, Bing Ads, Linkedin Widget, Wistia, Facebook Login (Connect), Hotjar, Google AdSense, Google Tag Manager, ShareThis, Visual Website Optimizer, Mobile Friendly, Quantcast, Vimeo, AddThis, BuySellAds, Disqus, WordPress.org, Remote, Circle, AI, IoT, Toast, Amazon DynamoDB, Amazon EC2, Amazon GuardDuty, Amazon Kinesis, Amazon QuickSight, Amazon S3, Athena, Aurora, AWS Control Tower, AWS Glue Data Catalog, AWS IAM Identity Center, AWS Security Hub, AWS Transit Gateway, Atlassian Bitbucket, CDK, ConnectWise Control, ECS, GitHub Actions, Google AdWords Conversion, Lambda Cloud, Splunk, Terraform, Tor, Verizon WAF, Cypress, Playwright, Gemini, GitHub Copilot, Anthropic Claude, Datadog, AWS Trusted Advisor, Amazon Simple Queue Service (SQS), Capterra, ZoomInfo, , Kotlin, SWIFT, Kiosked, Android, LEAP, , Netskope, Zscaler, Okta, GitHub Enterprise, Snyk, SonarQube, Security, Jamf, Microsoft Intune, AWS WAF, AWS Shield, Tenable.sc, Qualys Penetration Testing, Anaplan, NetSuite, Vtiger for G Suite",9400000,263150000,Merger / Acquisition,0,2023-10-01T00:00:00+00:00,Stax (fattmerchant.com),Stax (fattmerchant.com),"",false,false,false,false,1,"7389, 7372","522320, 513210",6a3ae4ca0744f90001577a1d,6a3ae364352e20000c572cbc,6a3ae4ca0744f90001577a1d,"","","","","","","","","","","","",http://www.linkedin.com/in/ericmattsimmons,""
Michelle,Work,Marketing Manager,Covenant Technology Partners,Covenant Technology,mwork@covenanttechnologypartners.com,Verified,Apollo,Apollo,"",Not Catch-all,2026-06-12T22:45:50+00:00,Manager,Marketing,Marketing,chris.mcnulty@synozur.com,"","","",'+1 314-391-4844,"",false,Cold,Profile A - ISV Revenue & Marketing Leaders,"",chris.mcnulty@synozur.com,68,information technology & services,"training, single signon, net development, corporate communication technology, csp, data center migration, data migration, proof of concept, application development, mobile, multifactor authentication, manufacturing, crm, dynamics 365, azure, managed services, ai, it strategy amp planning, teams, software, finance & operations, dark to cloud, cloud, data visualization, office 365, sharepoint, digital transformation, intranet, sql, business analytics, saas, healthcare, microsoft licensing, copilot, dynamics business central, it roadmapping, security, modern workplace, 247 support, microsoft 365, data analytics, portals, proactive services, power bi, it strategy, dynamics crm, it strategy planning, it planning, agents, it services & it consulting, healthcare it, b2b, microsoft licensing management, saas solutions, hybrid cloud, microsoft csp program, manufacturing it, sustainable growth support, cloud scalability, cloud licensing, services, retail it, data and device security, computer systems design and related services, it project management, identity management, microsoft support access, hybrid cloud solutions, it infrastructure, it support services, technology planning, security and compliance, microsoft gold partner, it strategy consulting, business intelligence, business growth support, hybrid environments, project management, government, supply chain management, data security, azure cloud, customer engagement, microsoft technologies, microsoft 365 security, business continuity planning, it infrastructure support, retail, security solutions, consulting, microsoft support, cloud migration services, microsoft ecosystem integration, cloud services, financial services it, microsoft azure, microsoft dynamics 365, cloud solutions, cost-effective it, financial services, client-specific solutions, data protection, it project delivery, industry-specific it, business process optimization, microsoft product support, it consulting, scalable solutions, technology investments, industry-specific it solutions, construction, business process automation, operational cost reduction, custom it solutions, identity protection, analytics, information technology, dynamics 365 implementation, microsoft partner, business central, data & ai, ai-powered solutions, power platform, hr onboarding application, security & infrastructure, supply chain optimization, financial management, inventory management, vendor collaboration, procurement processes, real-time insights, data governance, custom workflows, employee engagement, azure solutions, csp program, financial consolidation, budget planning, data-driven decision making, manufacturing solutions, resource management, real-time analytics, scalability solutions, customer experience, operational efficiency, software implementation, technology integration, continuous improvement, market insights, innovative software, client support, automation solutions, industry-specific solutions, finance, consumer_products_retail, app development, apps, software development, information technology & services, internet, mechanical or industrial engineering, sales, enterprise software, enterprises, computer software, health care, health, wellness & fitness, hospital & health care, privacy, productivity, logistics & supply chain, computer & network security, cloud computing, management consulting",http://www.linkedin.com/in/michelle-work-931b9919,https://covenanttechnologypartners.com,http://www.linkedin.com/company/covenant-technology-partners,https://facebook.com/pages/Covenant-Technology-Partners/204406369599913,https://twitter.com/CovTechPartner,Chesterfield,Missouri,United States,"9621 Olive Blvd, St. Louis, Missouri, United States, 63132-3016",St. Louis,Missouri,United States,'+1 314-391-4844,"Outlook, Microsoft Office 365, Flywheel, Viewport Meta, Linkedin Marketing Solutions, Google Tag Manager, WordPress.org, Google Font API, Bing Ads, reCAPTCHA, Mobile Friendly, Visual Visitor",4283000,"","","","","","","",false,false,false,false,"",7375,54151,6a3ae4ca0744f90001577a26,6a3ae4cb0744f90001577ad6,6a3ae4ca0744f90001577a26,"","","","","","","","","","","","",http://www.linkedin.com/in/michelle-work-931b9919,""
Shana,Abner,Marketing Manager,Level Data,Level Data,shana.abner@leveldata.com,Verified,Apollo,Apollo,"","",2026-05-25T08:24:15+00:00,Manager,Marketing,Marketing,chris.mcnulty@synozur.com,"","","",'+1 269-488-2050,"",false,Cold,Profile A - ISV Revenue & Marketing Leaders,"",chris.mcnulty@synozur.com,96,education management,"realtime reporting, return on investment, address verification, multifactor authentication, special education compliance tracking, account provisioning, iep alignment, single signon, teacher coaching, state data validation, active directory student sync, powerschool premiere isv partner, k12 data analytics, education, workflow automation, funding maximization, analytics, professional development tools, district resource management, operational efficiency, classroom observation platform, services, data synchronization, talent management, sis data validation, data standardization, data quality improvement, government, teacher coaching platform, real-time error detection, data accuracy, student demographic validation, district-wide data unification, error trend reporting, special education compliance tools, teacher effectiveness analytics, data analytics, teacher professional growth tracking, data validation, return on instruction (roi), educational support services, student information system (sis), b2b, data-driven decision making, data integration, error correction automation, resource allocation analysis, educational analytics, district data management, compliance reporting, system integration, special education management, address validation, risk management, real-time validation, credential and licensing management, data security, compliance monitoring, data management, automated data correction, state reporting compliance, information technology & services, enterprise software, enterprises, computer software, computer & network security",http://www.linkedin.com/in/shana-abner,https://leveldata.com,http://www.linkedin.com/company/leveldata,https://facebook.com/leveldata,https://twitter.com/level_data,Seattle,Washington,United States,"6850 Stadium Dr, Kalamazoo, Michigan, United States, 49009",Kalamazoo,Michigan,United States,'+1 269-488-2050,"Google Search Console, Apple Business Manager, Apple School Manager, Amazon SES, Amazon Simple Email Service (Amazon SES), Sendgrid, Twilio SendGrid Email API, Microsoft Exchange Online, Mimecast, Outlook, Microsoft 365, Microsoft 365 Apps & Services, Microsoft Exchange, Office365, Microsoft Office 365, Zendesk, SMTP.com, Microsoft Email Providers, Amazon AWS, Google Workspace, Amazon Route 53, Amazon Route 53, Gmail, Amazon AWS, Google Apps, Sage Intacct, Hubspot, Slack, Salesforce, Mobile Friendly, WordPress.org, Viewport Meta, Google Font API, HubSpot Marketing Hub, Cloudflare Rocket Loader, Wordpress, Visual Composer, Hotjar, Wistia, Yoast, DoubleClick, Google Tag Manager, Google Analytics, Gong, Remote, Circle, IoT, AI, Android, Node.js, Chili Piper, Pendo., Terminus",12500000,"",Merger / Acquisition,0,2024-11-01T00:00:00+00:00,"","","",false,false,false,false,"",7375,"611710, 513210",6a3ae4ca0744f90001577a30,6a3ae364352e20000c572cc2,6a3ae4ca0744f90001577a30,"","","","","","","","","","","","",http://www.linkedin.com/in/shana-abner,""
Sarah,Fuller,Marketing Director,Nexigen,Nexigen,sfuller@nexigen.com,Verified,Apollo,Apollo,"",Not Catch-all,2026-06-10T06:57:02+00:00,Director,Marketing,Marketing,chris.mcnulty@synozur.com,"","","",'+1 859-491-6601,"",false,Cold,Profile A - ISV Revenue & Marketing Leaders,"",chris.mcnulty@synozur.com,65,information technology & services,"managed services consulting, email migrations, network monitoring, phishing training & testing, microsoft partner, cloud hosting, server upgrades, ransomware remediation, workstation upgrades, fortinet partner, dell partner, data migrations, forensic investigations, cyber security, managed services amp consulting, business computer services, managed services consulting & business computer services, it services & it consulting, client documentation, cloud solutions, ai security solutions, cyber threat protection, hybrid cloud architecture, security testing, non-profit, cybersecurity center, b2b, data protection, artificial intelligence solutions, it support, healthcare, finance, next gen sase, cybersecurity services, ai red teaming, zero-trust network, 24/7 support, community involvement, migration services, managed ai, manufacturing, endpoint security, consulting, education, proactive monitoring, data security, network security, vulnerability testing, in-house forensics lab, security incident response, ai marketplace, cybersecurity, cloud computing, microsoft 365, managed it services, incident response, cloud services, disaster recovery, computer systems design and related services, information technology and services, ai research lab, services, secure sd-wan, compliance, azure cloud, ai cybersecurity, security assessments, private cloud, custom dashboards, network management, enterprise software, enterprises, computer software, information technology & services, computer & network security, nonprofit organization management, health care, health, wellness & fitness, hospital & health care, financial services, mechanical or industrial engineering",http://www.linkedin.com/in/sarah-e-fuller,https://nexigen.com,http://www.linkedin.com/company/nexigen,https://facebook.com/nexigenco/,https://twitter.com/nexigen,Cincinnati,Ohio,United States,"16 East 11th Street, Newport, Kentucky, United States, 41071",Newport,Kentucky,United States,'+1 859-491-6601,"Cloudflare DNS, Amazon SES, Sendgrid, Outlook, SharpSpring, Slack, Google Font API, Viewport Meta, Gravity Forms, jQuery, ConnectWise, Mobile Friendly, reCAPTCHA, Nginx, Squarespace, WordPress.org, Google Maps, Gauges, Google Maps (Non Paid Users), Squarespace ECommerce, Perfect Audience, Google Tag Manager, Magento 2",4900000,"","","","","","","",false,false,false,false,"","7375, 7371, 7373","541512, 518210",6a3ae4ca0744f90001577a3b,6a3ae4cb0744f90001577ae3,6a3ae4ca0744f90001577a3b,"","","","","","","","","","","","",http://www.linkedin.com/in/sarah-e-fuller,""
Liz,Whaley,Marketing Design Manager,Saratech,Saratech,lwhaley@saratech.com,Verified,Apollo,Apollo,"",Catch-all,2026-06-14T10:13:18+00:00,Manager,"Design, Marketing","All Design, Marketing",chris.mcnulty@synozur.com,"","","",'+1 949-481-3267,"",false,Cold,Profile A - ISV Revenue & Marketing Leaders,"",chris.mcnulty@synozur.com,180,machinery,"structural analysis, engineering consulting, 3d printing solutions, engineering data management, plm software, cfd analysis, product development, technical training, cad data conversion, engineering project management, consulting, engineering services, industrial machinery manufacturing, engineering data conversion, data management, cnc programming, process improvement, manufacturing process improvement, simulation process assessment, transportation & logistics, process optimization, bigrep 3d printers, project management, industrial equipment, design analysis, product development services, automotive, siemens nx cad, siemens teamcenter, system integration, siemens solution center, workflow automation, manufacturing, b2b, product configuration management, energy & utilities, defense, cfd & fea services, digital twin enablement, product development process assessment, fibersim plm, additive manufacturing, markforged 3d printers, datalift data migration, product lifecycle management, distribution, cad and cam software, startup services for product development, data migration, services, plm support, workflow automation tools, product data management, change management in plm, nx cam software, cae consulting, teamcenter on the cloud, consumer goods & retail, manufacturing solutions, aerospace, bom management, simcenter simulation tools, environmental compliance in plm, model-based systems engineering (mbse), cnc isv kits, cae services, consumer products & retail, information technology & services, productivity, mechanical or industrial engineering",http://www.linkedin.com/in/lizwhaley,https://saratech.com,http://www.linkedin.com/company/saratech-inc,https://facebook.com/Saratech/,https://twitter.com/Saratech/,Deer Park,Washington,United States,"26054 Acero, Mission Viejo, California, United States, 92691",Mission Viejo,California,United States,'+1 949-481-3267,"Salesforce, Outlook, Marketo, Pardot, MailChimp SPF, GoDaddy Domains, Microsoft Exchange Online, Microsoft 365, Microsoft 365 Apps & Services, Microsoft Exchange, Office365, Amazon AWS, Google Search Console, Barracuda Spam Firewall, Barracuda Email Security Service, Microsoft Office 365, GoDaddy Hosting, Leadfeeder, Barracuda Networks, Slack, Brightcove, Wordpress, Bing Webmaster Tools, Viewport Meta, Yoast, YouTube, HREF Lang, Mobile Friendly, Visual Website Optimizer, Woo Commerce, Google Tag Manager, WordPress.org, Remote, AI, Android, Sigma, Brocade Switches, SessionCam, CAESAR II, Siemens PLM, Teamcenter, FreeCAD, Elementor, Simcenter STAR-CCM+, Astra, EFI",15800000,"","","","","","","",false,false,false,false,"","8711, 7373","541330, 541512",6a3ae4cb0744f90001577a68,6a3ae3336b65610018076cc4,6a3ae4cb0744f90001577a68,"","","","","","","","","","","","",http://www.linkedin.com/in/lizwhaley,""
John,Hope,Chief Revenue Officer (CRO),Level Data,Level Data,john.hope@leveldata.com,Verified,Apollo,Apollo,"","",2026-05-30T16:25:18+00:00,C suite,"C-Suite, Sales","Sales Leader, Revenue Operations",chris.mcnulty@synozur.com,"","","",'+1 269-488-2050,"",false,Cold,Profile A - ISV Revenue & Marketing Leaders,"",chris.mcnulty@synozur.com,96,education management,"realtime reporting, return on investment, address verification, multifactor authentication, special education compliance tracking, account provisioning, iep alignment, single signon, teacher coaching, state data validation, active directory student sync, powerschool premiere isv partner, k12 data analytics, education, workflow automation, funding maximization, analytics, professional development tools, district resource management, operational efficiency, classroom observation platform, services, data synchronization, talent management, sis data validation, data standardization, data quality improvement, government, teacher coaching platform, real-time error detection, data accuracy, student demographic validation, district-wide data unification, error trend reporting, special education compliance tools, teacher effectiveness analytics, data analytics, teacher professional growth tracking, data validation, return on instruction (roi), educational support services, student information system (sis), b2b, data-driven decision making, data integration, error correction automation, resource allocation analysis, educational analytics, district data management, compliance reporting, system integration, special education management, address validation, risk management, real-time validation, credential and licensing management, data security, compliance monitoring, data management, automated data correction, state reporting compliance, information technology & services, enterprise software, enterprises, computer software, computer & network security",http://www.linkedin.com/in/johnahope,https://leveldata.com,http://www.linkedin.com/company/leveldata,https://facebook.com/leveldata,https://twitter.com/level_data,Boston,Massachusetts,United States,"6850 Stadium Dr, Kalamazoo, Michigan, United States, 49009",Kalamazoo,Michigan,United States,'+1 269-488-2050,"Google Search Console, Apple Business Manager, Apple School Manager, Amazon SES, Amazon Simple Email Service (Amazon SES), Sendgrid, Twilio SendGrid Email API, Microsoft Exchange Online, Mimecast, Outlook, Microsoft 365, Microsoft 365 Apps & Services, Microsoft Exchange, Office365, Microsoft Office 365, Zendesk, SMTP.com, Microsoft Email Providers, Amazon AWS, Google Workspace, Amazon Route 53, Amazon Route 53, Gmail, Amazon AWS, Google Apps, Sage Intacct, Hubspot, Slack, Salesforce, Mobile Friendly, WordPress.org, Viewport Meta, Google Font API, HubSpot Marketing Hub, Cloudflare Rocket Loader, Wordpress, Visual Composer, Hotjar, Wistia, Yoast, DoubleClick, Google Tag Manager, Google Analytics, Gong, Remote, Circle, IoT, AI, Android, Node.js, Chili Piper, Pendo., Terminus",12500000,"",Merger / Acquisition,0,2024-11-01T00:00:00+00:00,"","","",false,false,false,false,"",7375,"611710, 513210",6a3ae4cb0744f90001577a70,6a3ae364352e20000c572cc2,6a3ae4cb0744f90001577a70,"","","","","","","","","","","","",http://www.linkedin.com/in/johnahope,""
Al,Quadros,Vice President of Professional Services and Pre-Sales,Quadbridge Inc.,Quadbridge,al.quadros@quadbridge.com,Verified,Apollo,Apollo,"",Not Catch-all,2026-06-22T03:20:18+00:00,Vp,Sales,Sales,chris.mcnulty@synozur.com,"","","",'+1 800-501-6172,"",false,Cold,Profile A - ISV Revenue & Marketing Leaders,"",chris.mcnulty@synozur.com,140,information technology & services,"solutions provider, virtualization, value added reseller, managed service solutions provider, data protection, it assets disposal, data center management, cloud services provider, network security management, networking, data center, it services & it consulting, cloud computing, professional services, it support, managed it services, risk management, cloud services, hyper-converged infrastructure, it project management, data migration, client device management, inventory management, computer hardware and software, data center services, event management, cloud migration, b2b, e-commerce, managed it, it hardware supply, data center design, enterprise storage, computer systems design and related services, system integration, it solutions, it software supply, network infrastructure, vendor partnerships, hyper-converged hardware, cybersecurity, it procurement, cloud infrastructure, shadow it detection, client devices, it infrastructure, consulting, cloud monitoring, microsoft o365, microsoft partner, it asset management, cloud and data center solutions, multi-vendor procurement, it consulting, hardware & software, enterprise storage solutions, it lifecycle management, license management, remote work solutions, cybersecurity solutions, information technology and services, qbzero touch deployment, qbx portal license management, gdpr compliance tools, services, it cost optimization, it support services, non-profit, distribution, internet service providers, information technology & services, enterprise software, enterprises, computer software, professional training & coaching, events services, consumer internet, consumers, internet, computer & network security, internet infrastructure, management consulting, nonprofit organization management",http://www.linkedin.com/in/alquadros,https://quadbridge.com,http://www.linkedin.com/company/quadbridge,https://www.facebook.com/Quadbridge/,https://twitter.com/quadbridgeit,Burlington,Ontario,Canada,"5532 Rue St-Patrick, Montreal, Quebec, Canada, H4E 1A8",Montreal,Quebec,Canada,'+1 800-501-6172,"Google Search Console, NetSuite, Apple Business Manager, Cloudflare DNS, Apple School Manager, Microsoft Exchange Online, Outlook, Microsoft 365, Microsoft 365 Apps & Services, Microsoft Exchange, Office365, Sophos Email, Microsoft Azure Hosting, TikTok, Webflow, Sophos, Hubspot, Slack, Active Campaign, Facebook Login (Connect), Google Tag Manager, Linkedin Marketing Solutions, Bootstrap Framework, Facebook Widget, Facebook Custom Audiences, Google Font API, YouTube, Mobile Friendly, AI, Lytics, Amazon CloudWatch, HubSpot Sales Hub, ZoomInfo, LinkedIn Sales Navigator, Microsoft Azure Monitor, Microsoft Teams Rooms, Microsoft Intune Enterprise Application Management, Copilot, Microsoft Defender for Cloud, Microsoft Entra ID, Micro, Securonix Security Operations and Analytics Platform, Salesforce CRM Analytics, Azure Analysis Services, TUNE, Microsoft Exchange Server 2003, Microsoft Sharepoint, Microsoft OneDrive, Cisco WebEx Teams, Azure Migrate, .NET, Azure ExpressRoute, AWS VPN, Azure Purview, Azure Files, Greenhouse, LinkedIn Recruiter, Indeed, Veeam, NetSuite SuiteScript, NetSuite SuiteFlow, Microsoft Fabric, Databricks, Delta Lake, Databricks Unity Catalog, Azure Data Factory, Power BI Documenter, MySQL, PySpark, Gem",20000000,"","","","","","","",false,false,false,false,"",7375,54151,6a3ae4ca0744f90001577a32,6a3ae4cb0744f90001577ad2,6a3ae4ca0744f90001577a32,"","","","","","","","","","","","",http://www.linkedin.com/in/alquadros,""
Shawn,Willson,"Senior Vice President, Sales",Crossfuze,Crossfuze,shawn.willson@crossfuze.com,Verified,Apollo,Apollo,"","",2026-06-10T22:31:35+00:00,Vp,Sales,Sales,chris.mcnulty@synozur.com,"","","",'+1 612-254-9023,"",false,Cold,"Profile A - ISV Revenue & Marketing Leaders, Profile B - SI Revenue & Marketing Leaders","",chris.mcnulty@synozur.com,240,information technology & services,"turnkeys, servicenow licensing, device lifecycle management, microsoft partner, itsmitil training, servicenow admin support, integration, contact center management, service management consulting, it service desk, servicenow implementation, servicenow project portfolio management, servicenow roadmap assessment, servicenow business case, it managed services, servicenow integration, smart launch for servicenow itsm & csm, servicenow vision, support, call center support, it services & it consulting, telecommunications, rapid implementation, workflow optimization, enterprise service management, client success, services, customer success, customer service management, government it modernization, platform governance, client success metrics, process reengineering, cost efficiency, change management strategies, business value dashboards, transportation, ai solutions, data normalization, platform compliance, platform integration tools, custom application design, workflow design, servicenow platform, platform support, itom, client-centric approach, process improvement, financial services automation, platform compliance standards, healthcare workflow automation, automation frameworks, platform performance, healthcare it, platform integration, global professional services, it service delivery, workflow automation tools, education, business process consulting, risk management, cloud solutions, strategic roadmapping, legal industry workflows, platform customization tools, legacy system migration, roi optimization, business process automation, servicenow elite partner, it operations, client-specific workflows, application customization, automation, healthcare, legacy migration, implementation services, platform strategy workshops, b2b, custom workflows, telecom service management, servicenow accelerators, digital transformation, training and enablement, organizational adoption, roi measurement tools, third-party integrations, project management, platform customization, business outcomes, customer engagement, industry compliance, customer experience, industry-specific solutions, platform security, legal industry solutions, public sector expertise, support services, operational efficiency, platform governance frameworks, kpi measurement, platform optimization, industry-specific servicenow solutions, platform strategy, operational analytics, platform analytics, business process optimization, platform scalability, award-winning partner, platform upgrades, legal, servicenow, rapid deployment, customer satisfaction, it asset management, business process reengineering, platform upgrade strategies, financial services, servicenow modules, value realization, agile deployment, servicenow training programs, change management, itsm, platform health checks, servicenow best practices, process automation, consulting, public sector solutions, project delivery, client-specific solutions, cost savings, servicenow certifications, it services, managed services, business value realization, professional services, workflow scripting, support and managed services, technology consulting, organizational change management, custom application development, custom workflow development, government, public sector digital solutions, management consulting services, platform security enhancements, platform health, education sector, data management, higher education it solutions, workflow automation, platform scalability solutions, third-party app integrations, platform health monitoring, ai-driven process automation, kpi tracking, platform roadmap, itam, ham, sam, spm, csm, hrsd, irm, secops, appengine, implementation, advisory services, managed service, service management, cloud management, software asset management, hardware asset management, business strategy, kpi definition, client engagement, real-time visibility, incident management, problem management, configuration management, performance analytics, ai readiness, staff augmentation, cloud optimization, service catalog, service operations, strategic roadmap, custom app development, stakeholder collaboration, client portal, digital workflow, saas, finance, transportation & logistics, information technology & services, cloud computing, enterprise software, enterprises, computer software, health care, health, wellness & fitness, hospital & health care, productivity, professional training & coaching, management consulting, software development",http://www.linkedin.com/in/sdwillson,https://crossfuze.com,http://www.linkedin.com/company/crossfuze,https://facebook.com/crossfuze/,https://twitter.com/crossfuze,Buffalo,New York,United States,"6110 Golden Hills Dr, Minneapolis, Minnesota, United States, 55416",Minneapolis,Minnesota,United States,'+1 612-254-9023,"Google Search Console, Apple Business Manager, Cloudflare DNS, GoDaddy Domains, Apple School Manager, Microsoft Exchange Online, Outlook, Microsoft 365, Microsoft 365 Apps & Services, Microsoft Exchange, Office365, Microsoft Office 365, WP Engine, React, ServiceNow, Slack, Salesforce, Hubspot, Amazon CloudFront, YouTube, Wistia, Google Tag Manager, Webflow Hosting, Viewport Meta, Mobile Friendly, Webflow, ServiceNow Flow Designer, Microsoft SQL Server Reporting Services, Amazon WorkSpaces, ServiceNow IT Service Management (ITSM), Cisco UCS Manager, ServiceNow IT Operations Management, Flexera IT Asset Management (ITAM), Unisys DevSecOps, NetScout AirMagnet, OpenLDAP, Amazon Associates, Microsoft Sharepoint, Microsoft Teams Rooms, Microsoft OneDrive for Business, Microsoft Power Automate, Microsoft Power Apps, Copilot",26600000,"",Merger / Acquisition,0,2018-10-01T00:00:00+00:00,RLJ Equity Partners (rljequitypartners.com),RLJ Equity Partners (rljequitypartners.com),"",false,false,false,false,"",7375,"541512, 541611",6a3ae4ca0744f90001577a41,6a3ae4cb0744f90001577ae8,6a3ae4ca0744f90001577a41,"","","","","","","","","","","","",http://www.linkedin.com/in/sdwillson,""
Channing,Allen,VP of Sales and Development,"Shaw Technology, LLC",Shaw Technology,callen@shawtechnology.com,Verified,Apollo,Apollo,"",Not Catch-all,2026-06-02T05:32:21+00:00,Vp,Sales,"Inside Sales, Sales",chris.mcnulty@synozur.com,"","","",'+1 334-356-3461,"",false,Cold,Profile A - ISV Revenue & Marketing Leaders,"",chris.mcnulty@synozur.com,54,computer & network security,"cisco partner, cloud services, network design support, desktop mobility operating system, intuit partner, hardware software monitoring, carrier services, desktop amp mobility operating system, hardware amp software monitoring, it security, microsoft partner, data center consulting, network design amp support, server managment, business continuity, network security, cloud optimization, cybersecurity, consulting, business growth support, services, information technology and services, vendor comparisons, cyber threat prevention, dedicated technicians, data protection, managed services, compliance management, network design, b2b, telecom expense management, server management, computer systems design and related services, dark web monitoring, it support, phishing training, website design, support for microsoft, linux, apple, telecommunications, it infrastructure design, network assessments, microsoft cloud, managed it services, email security, 24/7 monitoring, non-profit, cloud computing, enterprise software, enterprises, computer software, information technology & services, computer & network security, web design, nonprofit organization management",http://www.linkedin.com/in/channing-allen-a0498084,https://shawtechnology.com,http://www.linkedin.com/company/wilson-shaw-it,https://facebook.com/ShawTechnology/,https://twitter.com/ShawTechnology,Montgomery,Alabama,United States,"3305 Malcolm Dr, Montgomery, Alabama, United States, 36116",Montgomery,Alabama,United States,'+1 334-356-3461,"Google Search Console, Apple Business Manager, Apple School Manager, Mailchimp Mandrill, Mailchimp Transactional Email (formerly Mandrill), Sendgrid, SocketLabs, Twilio SendGrid Email API, Microsoft Email Providers, Microsoft Exchange Online, Outlook, Microsoft 365, Microsoft 365 Apps & Services, Microsoft Exchange, Office365, MailChimp SPF, Microsoft Office 365, Autotask, DigitalOcean, Microsoft Azure Hosting, Slack, Wordpress, WordPress.org, Google Analytics 4 (GA4), Yoast, Mobile Friendly, Gravity Forms, Google Tag Manager, Shutterstock, Microsoft Entra ID, Google Maps, reCAPTCHA, Nginx, Ubuntu, Google Font API, Viewport Meta, Divi, Remote, AI",3600000,"","","","","","","",false,false,false,false,"","7371, 7376, 7373","541513, 541512",6a3ae4ca0744f90001577a47,6a3ae4cb0744f90001577aed,6a3ae4ca0744f90001577a47,"","","","","","","","","","","","",http://www.linkedin.com/in/channing-allen-a0498084,""
Brian,Barnes,Chief Technology Officer / Chief Marketing Officer (CTO / CMO),Coretek,Coretek,brian.barnes@coretek.com,Verified,Apollo,Apollo,"",Not Catch-all,2026-06-22T09:37:11+00:00,C suite,"C-Suite, Engineering & Technical, Marketing","Information Technology Executive, Marketing Executive, Engineering & Technical, Technology Operations, Marketing",chris.mcnulty@synozur.com,"","","",'+1 248-684-9400,"",false,Cold,"Profile A - ISV Revenue & Marketing Leaders, Profile B - SI Revenue & Marketing Leaders","",chris.mcnulty@synozur.com,240,information technology & services,"enterprise architecture, virtualization solutions, win10 deployment, virtual clinical workstation, managed services, microsoft solutions, o365, it project management, data center solutions, exchange, infrastructure consulting, managed infrastructure, sccm, cloud migrations, vdi, microsoft cloud solution provider, ad migrations, staff augmentation, net, complex migrations, strategic staffing, microsoft azure, mssp, xdr, cmmc, cybersecurity, soc, artificial intelligence, ai, it services & it consulting, azure openai, saas security solutions, virtualization, cloud security & compliance automation, cloud optimization, healthcare data security solutions, ai cloud solutions, services, cloud security for critical infrastructure, security threat detection ai, security automation, unified security, azure openai services, security infrastructure, security threat detection & response, data analytics, cloud security compliance for cmmc, b2b, computer systems design and related services, security & identity, extended detection and response, ai security for enterprise, cloud security strategy, ai document intelligence, information technology, cloud desktop, manufacturing data security, application modernization, security automation platforms, identity management, data & analytics platforms, security operations center, data protection with rubrik, threat detection, cloud security for government, secure cloud workspace management, ai managed services, security threat response, managed desktop, cloud migration, cloud security, grc management, workspace solutions, financial data analytics & security, compliance management, cmmc compliance, cloud security solutions, application performance monitoring with dynatrace, ai-driven security analytics, cloud computing, security & compliance, security incident response, it consulting, security incident management, ai & data analytics, grc automation solutions, enterprise cloud, security threat prevention ai, security monitoring tools, risk assessment, devops automation, microsoft partner, consulting, security services, cloud infrastructure, ai transformation for business, workload management, cloud strategy, security monitoring, compliance, security program management, security operations, azure openai integration, devops & automation, power platform integration, security operations automation, security policy automation, application performance monitoring, identity & m&a, managed security services, power platform, ai transformation, microsoft copilot, azure expert msp, data security, digital transformation, cloud migration & iac, cloud security compliance, operational efficiency, ai adoption, security policy enforcement, cloud security monitoring, it security, cloud security & risk management, government, managed services automation, data protection, custom cart connector software, security threat prevention, cloud platform management, healthcare technology, innovation, security data analytics, cloud management, managed security with microsoft technologies, security threat detection, cloud security architecture, risk management, security threat intelligence, security risk management, managed cloud, endpoint security with igel, data & business intelligence, azure managed services, microsoft cloud solutions, soc/xdr, workspace security, managed desktop services, enterprise ai solutions, saas security, cloud app modernization, cloud compliance, virtual desktops, proactive monitoring, compliance solutions, incident response, cloud adoption, managed network services, advanced endpoint protection, cloud operations, business continuity, data governance, vulnerability management, governance framework, ai-driven insights, multi-cloud solutions, hybrid cloud services, digital workplace solutions, health data security, financial services technology, manufacturing it solutions, government it security, customer data protection, enterprise risk solutions, cloud performance optimization, healthcare, finance, non-profit, manufacturing, information technology & services, privacy, enterprise software, enterprises, computer software, management consulting, internet infrastructure, internet, computer & network security, health care, health, wellness & fitness, hospital & health care, financial services, nonprofit organization management, mechanical or industrial engineering",http://www.linkedin.com/in/brianpatrickbarnes,https://coretek.com,http://www.linkedin.com/company/coretekservices,"",https://twitter.com/Coretek,Franklin,Tennessee,United States,"34900 Grand River Ave, Farmington Hills, Michigan, United States, 48335-3318",Farmington Hills,Michigan,United States,'+1 248-684-9400,"Salesforce, ExactTarget, Outlook, Pardot, Akamai Connected Cloud (formerly Linode), Apple Business Manager, Apple School Manager, Microsoft Exchange Online, Microsoft 365, Microsoft 365 Apps & Services, Microsoft Exchange, Office365, Microsoft Office 365, Amazon AWS, Amazon Route 53, Amazon Route 53, DigitalOcean, Hubspot, Slack, Google Tag Manager, Adobe Fonts, Viewport Meta, YouTube, Google Analytics, Typekit, LinkedIn Ads, Google Analytics 4 (GA4), HubSpot Content Hub, Mobile Friendly, Linkedin Marketing Solutions, jQuery, Nginx, reCAPTCHA, WordPress.org, Microsoft Sql Server, AI, Ansible, Azure Virtual Desktop, CAT, Citrix, Citrix Director, Hashicorp Packer, Nerdio Manager, Citrix NetScaler, Terraform, UPS, Microsoft Windows Server 2012, Unix, Microsoft Azure Monitor, Azure Functions, Azure OpenAI Service, Azure Blob Storage, Microsoft Power Automate, PowerBI Tiles, Python, Microsoft OneDrive for Business, AWS Transfer for SFTP, Symitar, Microsoft Active Directory Federation Services, Microsoft Exchange Server 2003, Microsoft Defender for Cloud, Sentinel, Microsoft Intune Enterprise Application Management, Autopilot, Azure Purview, Siemens PROFIBUS, Splunk SOAR, Barracuda Spam Firewall, Cisco WebEx Teams, Microsoft Sharepoint, TUNE, Microsoft Entra ID, NEC, Azure Analysis Services, VMware, Azure VMware Solution, Google Hybrid Cloud, Microsoft Project, Smartsheet, Azure Devops, Frame, Palo Alto PA-5000 Series, Nutanix, IGEL, Specops Authentication for O365, Secured MVC Forum on Windows 2012 R2, Amazon Linux 2, Amazon CloudWatch, Azure Active Directory B2C, Microsoft SharePoint Online, Microsoft Purview eDiscovery, Azure Active Directory, Microsoft Fabric, Azure Synapse Analytics, Databricks, Azure SQL, Azure Cosmos DB, PostgreSQL, Azure Machine Learning, Azure Cognitive Services, ServiceNow, Microsoft OneDrive, Power BI Documenter, Microsoft Advanced Group Policy Management, Avalara, Google AlloyDB for PostgreSQL, GitHub Actions, Bicep, Citrix Gateway, Microsoft PowerShell, Amazon SES, ServiceNow Knowledge Management, NetScout AirMagnet, Unisys DevSecOps, Gem, Cisco UCS Manager, Ansys LS-DYNA, AWS Data Lake Storage, Uipath, VMware vRealize Orchestrator, Foursquare Studio, Microsoft Customer Care Framework, DATAVERSE LTD, Azure Logic Apps, Microsoft Graph, Microsoft Azure Hosting",37500000,"",Merger / Acquisition,0,2025-07-01T00:00:00+00:00,"","","",false,false,false,false,"",7375,"541512, 541513",6a3ae4ca0744f90001577a5a,6a3ae364352e20000c572cc3,6a3ae4ca0744f90001577a5a,"","","","","","","","","","","","",http://www.linkedin.com/in/brianpatrickbarnes,""
Stacy,Jutras,Marketing Director,"KTL Solutions, Inc.",KTL Solutions,sjutras@ktlsolutions.com,Verified,Apollo,Apollo,"","",2026-06-23T19:55:58+00:00,Director,Marketing,Marketing,chris.mcnulty@synozur.com,"","","",'+1 301-360-0001,"",false,Cold,Profile A - ISV Revenue & Marketing Leaders,"",chris.mcnulty@synozur.com,62,information technology & services,"custom software development, crm system implementation, sharepoint, application development, accounting system implementation, acumatica, microsoft dynamics sl, microsoft dynamics gp, business central, gcc, net development, m365, business intelligence, dynamics bc, cmmc compliance, gcchigh, microsoft dynamics crm, managed services, technology management, o365, nist compliance, it services & it consulting, data security, hipaa compliance, ssp updates, patch management, security and compliance, remote assessment support, regulatory reporting, custom development, erp implementation, audit readiness, government contracting, business automation, risk management, third-party application updates, professional services, cyber threat monitoring, it support, it infrastructure, microsoft solutions, b2b, dynamics 365, industry-specific solutions, cmmc readiness, dfars compliance, poa&m management, cybersecurity, operational efficiency, microsoft partner, it consulting, cloud solutions, cloud migration, system monitoring, power platform, manufacturing & distribution, healthcare, vulnerability management, compliance-as-a-service, digital transformation, business continuity, remote support, services, consulting, apis & integrations, state, local and education (sled), regulatory compliance, azure cloud, vulnerability monitoring, computer systems design and related services, government, education, manufacturing, distribution, information technology & services, app development, apps, software development, analytics, computer & network security, professional training & coaching, management consulting, cloud computing, enterprise software, enterprises, computer software, health care, health, wellness & fitness, hospital & health care, mechanical or industrial engineering",http://www.linkedin.com/in/stacyjutras,https://ktlsolutions.com,http://www.linkedin.com/company/ktl-solutions-inc-,https://www.facebook.com/KTL-Solutions-Inc-161400960648205/,https://twitter.com/ktlsolutionsinc,Baltimore,Maryland,United States,"7101 Guilford Dr, Frederick, Maryland, United States, 21704-5193",Frederick,Maryland,United States,'+1 301-360-0001,"Salesforce, Outlook, Microsoft Azure Hosting, SignalR, ConnectWise, Slack, ClickDimensions, Nginx, reCAPTCHA, Linkedin Marketing Solutions, Shutterstock, Apache, Google Font API, Ubuntu, Mobile Friendly, Google Analytics, WordPress.org, Google Tag Manager, Remote, AI",15488000,"","","","","","","",false,false,false,false,"","7371, 7373, 7379","541512, 541513",6a3ae4ca0744f90001577a5b,6a3ae4cb0744f90001577af7,6a3ae4ca0744f90001577a5b,stacyjutras@gmail.com,Apollo,Verified,Apollo,"","","","","","","","",http://www.linkedin.com/in/stacyjutras,""
Keith,Connolly,Vice President of Sales,"Helient Technologies, LLC",Helient,kconnolly@helient.com,Verified,Apollo,Apollo,"","",2026-06-08T19:31:56+00:00,Vp,Sales,Sales,chris.mcnulty@synozur.com,"","","",'+1 215-298-9400,"",false,Cold,Profile A - ISV Revenue & Marketing Leaders,"",chris.mcnulty@synozur.com,53,information technology & services,"windows 365, vdi, enterprise storage, integration, project management, legal technology, microsoft 365, citrix, virtualization, azure virtual desktop, nerdio, nutanix, telecommunications, legal it, document management, netapp, fortinet, systems engineering, network infrastructure, microsoft azure, cisco, healthcare cloud security, hybrid cloud, data protection, helix desktop management, microsoft licensing, healthcare data analytics, managed services, intune autopilot, legal industry cloud migration strategy, financial services, application lifecycle management, azure cloud services, azure virtual desktop for law firms, 24x7 support, cybersecurity, saas, network security, healthcare, hybrid cloud solutions, services, communication solutions, azure, financial services it, csp reseller, healthcare ai solutions, legal industry cloud solutions, legal tech virtual desktop, networking: on-prem & cloud, healthcare digital pathology, cloud licensing, nutanix infrastructure, microsoft cloud solutions, azure infrastructure, legal industry cloud adoption, consulting, legal tech cloud migration, networking solutions, modern desktop, legal industry security solutions, microsoft 365 licensing, cloud infrastructure, security and compliance, azure infrastructure migration, hybrid infrastructure, legal services, zero trust security, system engineering, security best practices, b2b, legal cloud security best practices, managed security services, imanage cloud, cloud support services, information technology, cloud network design, desktop virtualization, document management migration, cloud security best practices, government, security and identity solutions, security and compliance solutions, security automation, legal and healthcare hybrid cloud, azure migration, network design and implementation, healthcare data compliance, it infrastructure, healthcare data management in azure, healthcare data transfer and storage, ai-powered healthcare solutions, it solutions, security solutions, healthcare cloud solutions, cloud security, microsoft partner, it consulting, digital pathology infrastructure, user experience, virtual desktop infrastructure, digital transformation, custom software development, cloud licensing management, legal document management in azure, legal industry cloud security, computer systems design and related services, healthcare cloud infrastructure, cloud adoption, finance, legal, productivity, information technology & services, computer & network security, computer software, health care, health, wellness & fitness, hospital & health care, enterprise software, enterprises, internet infrastructure, internet, management consulting, ux",http://www.linkedin.com/in/keith-connolly,https://helient.com,http://www.linkedin.com/company/helient,https://facebook.com/Helient,https://twitter.com/Helient,Okatie,South Carolina,United States,"56 N Haddon Ave, Haddonfield, New Jersey, United States, 08033-2438",Haddonfield,New Jersey,United States,'+1 215-298-9400,"Azure DNS Zones, Azure DNS, Microsoft Exchange Online, Outlook, Microsoft 365, Microsoft 365 Apps & Services, Microsoft Exchange, Office365, Microsoft Office 365, Autotask, Sophos, Hubspot, Slack, Facebook Widget, Facebook Login (Connect), Google Tag Manager, Mobile Friendly, Linkedin Login, Linkedin Widget, Android, Remote, Citrix NetScaler, VLAN, Infoblox DHCP, Akamai CDN Solutions, Azure Digital Twins, TCP TimeClock Plus, Google Cloud Pub/Sub, Azure Active Directory B2C, Microsoft Advanced Group Policy Management, Microsoft Windows Server 2019, Microsoft Windows Server 2016, Microsoft Windows Server 2008, Microsoft Windows Server 2003, Windows 10 IoT Core Services, Windows 7, Conversant, Amazon Associates, vSphere, Citrix Hypervisor, VMware, Citrix XenClient, Citrix, Microsoft App-V, Remote Desktop Services, VMware Horizon, INAP, Nutanix, NetApp, Dell EqualLogic, Pure Storage, EMC, NetApp iSCSI SAN Storage System, NetApp Common Internet File System (CIFS), SAS Analytics Pro, Opt-Intelligence, Broadcom, LogIC, Microsoft Exchange Server 2003, Microsoft SQL Server Reporting Services, Microsoft-IIS, Azure Analysis Services, Amazon EC2, LogicMonitor, Auvik, Datto RMM",1000000,"",Merger / Acquisition,0,2025-04-01T00:00:00+00:00,Princeton Technologies (getphs.com),Princeton Technologies (getphs.com),"",false,false,false,false,"","7375, 7373",541512,6a3ae364352e20000c572c96,6a3ae364352e20000c572cc1,6a3ae364352e20000c572c96,"","","","","","","","","","","","",http://www.linkedin.com/in/keith-connolly,""
Matt,Scudder,VP of Sales,Coretek,Coretek,matt.scudder@coretek.com,Verified,Apollo,Apollo,"",Not Catch-all,2026-06-21T10:02:46+00:00,Vp,Sales,Sales,chris.mcnulty@synozur.com,"","","",'+1 248-684-9400,"",false,Cold,"Profile A - ISV Revenue & Marketing Leaders, Profile B - SI Revenue & Marketing Leaders","",chris.mcnulty@synozur.com,240,information technology & services,"enterprise architecture, virtualization solutions, win10 deployment, virtual clinical workstation, managed services, microsoft solutions, o365, it project management, data center solutions, exchange, infrastructure consulting, managed infrastructure, sccm, cloud migrations, vdi, microsoft cloud solution provider, ad migrations, staff augmentation, net, complex migrations, strategic staffing, microsoft azure, mssp, xdr, cmmc, cybersecurity, soc, artificial intelligence, ai, it services & it consulting, azure openai, saas security solutions, virtualization, cloud security & compliance automation, cloud optimization, healthcare data security solutions, ai cloud solutions, services, cloud security for critical infrastructure, security threat detection ai, security automation, unified security, azure openai services, security infrastructure, security threat detection & response, data analytics, cloud security compliance for cmmc, b2b, computer systems design and related services, security & identity, extended detection and response, ai security for enterprise, cloud security strategy, ai document intelligence, information technology, cloud desktop, manufacturing data security, application modernization, security automation platforms, identity management, data & analytics platforms, security operations center, data protection with rubrik, threat detection, cloud security for government, secure cloud workspace management, ai managed services, security threat response, managed desktop, cloud migration, cloud security, grc management, workspace solutions, financial data analytics & security, compliance management, cmmc compliance, cloud security solutions, application performance monitoring with dynatrace, ai-driven security analytics, cloud computing, security & compliance, security incident response, it consulting, security incident management, ai & data analytics, grc automation solutions, enterprise cloud, security threat prevention ai, security monitoring tools, risk assessment, devops automation, microsoft partner, consulting, security services, cloud infrastructure, ai transformation for business, workload management, cloud strategy, security monitoring, compliance, security program management, security operations, azure openai integration, devops & automation, power platform integration, security operations automation, security policy automation, application performance monitoring, identity & m&a, managed security services, power platform, ai transformation, microsoft copilot, azure expert msp, data security, digital transformation, cloud migration & iac, cloud security compliance, operational efficiency, ai adoption, security policy enforcement, cloud security monitoring, it security, cloud security & risk management, government, managed services automation, data protection, custom cart connector software, security threat prevention, cloud platform management, healthcare technology, innovation, security data analytics, cloud management, managed security with microsoft technologies, security threat detection, cloud security architecture, risk management, security threat intelligence, security risk management, managed cloud, endpoint security with igel, data & business intelligence, azure managed services, microsoft cloud solutions, soc/xdr, workspace security, managed desktop services, enterprise ai solutions, saas security, cloud app modernization, cloud compliance, virtual desktops, proactive monitoring, compliance solutions, incident response, cloud adoption, managed network services, advanced endpoint protection, cloud operations, business continuity, data governance, vulnerability management, governance framework, ai-driven insights, multi-cloud solutions, hybrid cloud services, digital workplace solutions, health data security, financial services technology, manufacturing it solutions, government it security, customer data protection, enterprise risk solutions, cloud performance optimization, healthcare, finance, non-profit, manufacturing, information technology & services, privacy, enterprise software, enterprises, computer software, management consulting, internet infrastructure, internet, computer & network security, health care, health, wellness & fitness, hospital & health care, financial services, nonprofit organization management, mechanical or industrial engineering",http://www.linkedin.com/in/matt-scudder-a9483344,https://coretek.com,http://www.linkedin.com/company/coretekservices,"",https://twitter.com/Coretek,Nashville,Tennessee,United States,"34900 Grand River Ave, Farmington Hills, Michigan, United States, 48335-3318",Farmington Hills,Michigan,United States,'+1 248-684-9400,"Salesforce, ExactTarget, Outlook, Pardot, Akamai Connected Cloud (formerly Linode), Apple Business Manager, Apple School Manager, Microsoft Exchange Online, Microsoft 365, Microsoft 365 Apps & Services, Microsoft Exchange, Office365, Microsoft Office 365, Amazon AWS, Amazon Route 53, Amazon Route 53, DigitalOcean, Hubspot, Slack, Google Tag Manager, Adobe Fonts, Viewport Meta, YouTube, Google Analytics, Typekit, LinkedIn Ads, Google Analytics 4 (GA4), HubSpot Content Hub, Mobile Friendly, Linkedin Marketing Solutions, jQuery, Nginx, reCAPTCHA, WordPress.org, Microsoft Sql Server, AI, Ansible, Azure Virtual Desktop, CAT, Citrix, Citrix Director, Hashicorp Packer, Nerdio Manager, Citrix NetScaler, Terraform, UPS, Microsoft Windows Server 2012, Unix, Microsoft Azure Monitor, Azure Functions, Azure OpenAI Service, Azure Blob Storage, Microsoft Power Automate, PowerBI Tiles, Python, Microsoft OneDrive for Business, AWS Transfer for SFTP, Symitar, Microsoft Active Directory Federation Services, Microsoft Exchange Server 2003, Microsoft Defender for Cloud, Sentinel, Microsoft Intune Enterprise Application Management, Autopilot, Azure Purview, Siemens PROFIBUS, Splunk SOAR, Barracuda Spam Firewall, Cisco WebEx Teams, Microsoft Sharepoint, TUNE, Microsoft Entra ID, NEC, Azure Analysis Services, VMware, Azure VMware Solution, Google Hybrid Cloud, Microsoft Project, Smartsheet, Azure Devops, Frame, Palo Alto PA-5000 Series, Nutanix, IGEL, Specops Authentication for O365, Secured MVC Forum on Windows 2012 R2, Amazon Linux 2, Amazon CloudWatch, Azure Active Directory B2C, Microsoft SharePoint Online, Microsoft Purview eDiscovery, Azure Active Directory, Microsoft Fabric, Azure Synapse Analytics, Databricks, Azure SQL, Azure Cosmos DB, PostgreSQL, Azure Machine Learning, Azure Cognitive Services, ServiceNow, Microsoft OneDrive, Power BI Documenter, Microsoft Advanced Group Policy Management, Avalara, Google AlloyDB for PostgreSQL, GitHub Actions, Bicep, Citrix Gateway, Microsoft PowerShell, Amazon SES, ServiceNow Knowledge Management, NetScout AirMagnet, Unisys DevSecOps, Gem, Cisco UCS Manager, Ansys LS-DYNA, AWS Data Lake Storage, Uipath, VMware vRealize Orchestrator, Foursquare Studio, Microsoft Customer Care Framework, DATAVERSE LTD, Azure Logic Apps, Microsoft Graph, Microsoft Azure Hosting",37500000,"",Merger / Acquisition,0,2025-07-01T00:00:00+00:00,"","","",false,false,false,false,"",7375,"541512, 541513",6a3ae364352e20000c572c98,6a3ae364352e20000c572cc3,6a3ae364352e20000c572c98,"","","","","","","","","","","","",http://www.linkedin.com/in/matt-scudder-a9483344,""
Amanda,Venturin,Partner Marketing Manager,"Sylogist, Ltd.",Sylogist,amanda.venturin@sylogist.com,Verified,Apollo,Apollo,"","",2026-06-23T15:20:18+00:00,Partner,Marketing,Marketing,chris.mcnulty@synozur.com,"","","",'+1 403-266-4808,"",false,Cold,"Profile A - ISV Revenue & Marketing Leaders, Profile B - SI Revenue & Marketing Leaders","",chris.mcnulty@synozur.com,200,information technology & services,"online fundraising, accounting software, crm software, fund accounting, government software, microsoft gold partner, microsoft partner, npo software, nonprofit software, fundraising software, software development, management consulting services, nonprofit financial health, data analytics, research institute management, volunteer management, fund accounting automation, multi-entity support, automated notifications, data & intelligence solutions, ai-driven insights, microsoft dynamics 365, event management, grant tracking, ai and data analytics, ngo donor engagement, government erp, mission-driven technology, grant compliance automation, online donation processing, payroll automation, microsoft power platform, faith-based organization solutions, nonprofits, volunteer deployment system, association management, mobile access, higher education advancement, erp solutions, b2b, customizable dashboards, municipal erp, stakeholder management, multi-organization data sharing, community outreach tools, automated compliance, cloud security, data security and privacy, financial transparency tools, grant management, diocese management software, research project management, automated financial reporting, fundraising automation, member engagement, fundraising management, donor management, public sector saas, cloud-based software, stakeholder engagement, victim services software, research institutes, multi-currency support, crm for nonprofits, real-time reporting, automated workflows, data integration, fundraising analytics, government, event management software, business intelligence, student information systems, school erp, education, saas, nonprofit, healthcare, fundraising, donor_management, public_sector, cloud, microsoft_dynamics, automated_reporting, multi_entity_support, data_security, automations, ai, consulting, services, information technology & services, events services, nonprofit organization management, enterprise software, enterprises, computer software, analytics, health care, health, wellness & fitness, hospital & health care, fund-raising",http://www.linkedin.com/in/amanda-venturin-0b495783,https://sylogist.com,http://www.linkedin.com/company/sylogist-ltd,https://www.facebook.com/profile.php,https://twitter.com/SylogistLtd,Vancouver,British Columbia,Canada,"5 Richard Way Southwest, Calgary, Alberta, Canada, T3E 7M8",Calgary,Alberta,Canada,'+1 403-266-4808,"DNS Made Easy, DNSimple, Outlook, Zendesk, MessageGears, Microsoft Email Providers, Microsoft Exchange Online, Microsoft 365, Microsoft 365 Apps & Services, Microsoft Exchange, Office365, Microsoft Office 365, Microsoft Azure Hosting, Amazon AWS, Sage Intacct, Azure Active Directory, Eloqua, Greenhouse.io, Microsoft Sharepoint, Google Search Central, 6sense Sales Intelligence, WordPress.org, PrimeNG, Meta Pixel, 6sense Revenue Marketing, reCAPTCHA, Wordpress, CallRail, Facebook Widget, Facebook Conversion Tracking, Elementor, Viewport Meta, Gravity Forms, Google Font API, Facebook Custom Audiences, Google Analytics, Facebook for Business, Google Analytics 4 (GA4), Mobile Friendly, Facebook, Facebook Login (Connect), DoubleClick, Shutterstock, Google Tag Manager, Linkedin Marketing Solutions, Google Search Console, 6sense, Varnish, Meta Ads Manager, QuickBooks, AI, Domo, Sisense, Remote, HTML5 Maker, CSS, Sass, Sajax System, Razorpay, Javascript, Angular, jQuery, Progress Kendo UI, Bootstrap, Microsoft SQL Server Reporting Services, Oracle XML DB, DATAVERSE LTD, WCF, , Git, Dynamics 365 Customer Insights, Microsoft Dynamics 365 Customer Service, .GIS, Microsoft Power Apps, Microsoft Power Automate",45402000,"","","","","","","",false,false,false,false,"","7389, 7372, 7373","54161, 513210, 541512",6a3ae4ca0744f90001577a16,6a3ae4cb0744f90001577acc,6a3ae4ca0744f90001577a16,"","","","","","","","","","","","",http://www.linkedin.com/in/amanda-venturin-0b495783,""
Diane,Martinez,Marketing Director,Grupo Consisa,Grupo Consisa,diane.martinez@consisa.com,Verified,Apollo,Apollo,"",Not Catch-all,2026-06-01T13:14:54+00:00,Director,Marketing,Marketing,chris.mcnulty@synozur.com,"","","",'+503 2505 6000,"",false,Cold,Profile A - ISV Revenue & Marketing Leaders,"",chris.mcnulty@synozur.com,150,information technology & services,"erps microsoft dynamics gp ax, apps moviles, outsourcing para todas las areas de la empresa, crm microsoft dynamics, retail microsoft dynamics rms, herramientas borland, business intelligence, solucion punto de venta retail, microsoft dynamics crm, erp39s microsoft dynamics gp ax nav, outsourcing de personal en ti, head hunter, informatica, embarcadero, herramientas, ax for retail ls retail, erps microsoft dynamics gp ax nav, microsoft sharepoint, it services & it consulting, software implementation, regional support services, retail, regional presence, computer systems design and related services, enterprise software, erp solutions, operational efficiency, retail business automation, technology consulting, regional operations, business growth tools, regional it support, microsoft dynamics erp, retail industry consulting, business process optimization, customer satisfaction, competitive advantage, regional market, information technology and services, software customization, ls retail pos, retail industry, software development, ls retail, it support services, client-centric approach, customer service, data management, it outsourcing, business agility, regional it provider, digital solutions, retail erp, b2b, software integration, it project implementation, digital transformation services, it consulting services, supply chain management, it solutions, retail management software, retail management systems, custom software, regional coverage, retail digital transformation, microsoft dynamics ax, mobile app development, technology partner, it infrastructure, outsourcing, consulting, retail pos solutions, digitalization, regional offices, cybersecurity, retail operations support, microsoft dynamics nav, retail industry expertise, it strategy, business growth, microsoft partner, it solutions provider, retail technology solutions, retail software customization, it industry, business efficiency tools, system integration, government, business efficiency, it services, retail software implementation, regional support, it project management, business intelligence tools, digitalization tools, retail industry solutions, cloud solutions, cloud computing, it support, retail solutions, microsoft dynamics, innovative solutions, technology expertise, managed it services, business process automation, business analytics, client support, retail process optimization, customer relationship management, security solutions, innovation, retail it solutions, microsoft dynamics gp, enterprise resource planning, enterprise software solutions, digital transformation, software solutions, software deployment, business consulting, project management, it innovation, services, it consulting, it strategy consulting, it infrastructure management, data security, industry best practices, distribution, analytics, information technology & services, enterprises, computer software, management consulting, outsourcing/offshoring, logistics & supply chain, crm, sales, productivity, computer & network security",http://www.linkedin.com/in/diane-m-42877640,https://consisa.com,http://www.linkedin.com/company/grupo-consisa,"","","","",El Salvador,"San Salvador, San Salvador, El Salvador, 1101",San Salvador,San Salvador,El Salvador,'+503 2505 6000,"Google Search Console, Enom, Microsoft Email Providers, Microsoft Exchange Online, Outlook, Microsoft 365, Microsoft 365 Apps & Services, Microsoft Exchange, Office365, Microsoft Office 365, Slack, Viewport Meta, Formspree, Mobile Friendly, Google Font API, Android, Gusto, Acumatica","","","","","","","","",false,false,false,false,"",7375,54151,6a3ae4ca0744f90001577a33,6a3ae4cb0744f90001577add,6a3ae4ca0744f90001577a33,"","","","","","","","","","","","",http://www.linkedin.com/in/diane-m-42877640,""
Tracy,Vinson,Marketing Director,Telliant Systems,Telliant,tracy@telliant.net,Verified,Apollo,Apollo,"","",2026-06-04T22:34:32+00:00,Director,Marketing,Marketing,chris.mcnulty@synozur.com,"","","",'+1 678-892-2800,"",false,Cold,Profile A - ISV Revenue & Marketing Leaders,"",chris.mcnulty@synozur.com,140,information technology & services,"telehealth product specialist, iphone, financial product development, it service company, offshore software development, financial software development, gold microsoft partner application development, software development services, android, software development company, java, software testing, php, healthcare software development, microsoft net, software product development, healthcare it product specialist, custom software application development, custom application development, net software development, software development, insurance, security testing, custom software development, supply chain & manufacturing, mobile app development, ecommerce, cloud computing, custom software solutions, services, healthcare data management, retail, media, education, consulting, performance engineering, ai and machine learning, sports tech, enterprise software, automation testing, software development lifecycle, hospitality software, predictive analytics, hospitality, data security, elearning platform development, software modernization, regulatory compliance, e-commerce, finance, iot integration, ai services, data management, logistics, web app development, healthcare, computer systems design and related services, devops, supply chain software, b2b, digital transformation, fintech, api integration, manufacturing, distribution, consumer products & retail, transportation & logistics, ios, mobile, internet, information technology & services, mobile devices, consumer internet, consumers, enterprises, computer software, leisure, travel & tourism, computer & network security, financial services, health care, health, wellness & fitness, hospital & health care, finance technology, mechanical or industrial engineering",http://www.linkedin.com/in/vinsontracy,https://telliant.com,http://www.linkedin.com/company/telliant-systems,https://www.facebook.com/Telliant-Systems-100349482555013,https://twitter.com/telliantsystems,Atlanta,Georgia,United States,"3180 North Point Pkwy, Alpharetta, Georgia, United States, 30005",Alpharetta,Georgia,United States,'+1 678-892-2800,"IONOS, Google Search Console, GoDaddy Domains, Microsoft Exchange Online, Outlook, Microsoft 365, Microsoft 365 Apps & Services, Microsoft Exchange, Office365, Amazon AWS, MailChimp SPF, React, Hubspot, Slack, Wordpress, Google Ads, Viewport Meta, Bootstrap Framework, Bootstrapcdn, Ahrefs, Google Analytics, Mobile Friendly, Bootstrap, AIOSEO, HubSpot Marketing Hub, reCAPTCHA, Linkedin Marketing Solutions, jQuery, WordPress.org, Bing Webmaster Tools, Google Ads Conversion, Apache, Google Tag Manager, CrazyEgg, LinkedIn Ads, Remote, AI, Android, Micro",14500000,"","","","","","","",false,false,false,false,"","7371, 7373","541511, 541512",6a3ae4ca0744f90001577a3d,6a3ae4cb0744f90001577ae5,6a3ae4ca0744f90001577a3d,tracy.vinson@comcast.net,Apollo,Verified,Apollo,"","","","","","","","",http://www.linkedin.com/in/vinsontracy,""
Jenni,Jayne,Marketing Director,ArcTouch,ArcTouch,jenni.jayne@arctouch.com,Verified,Apollo,Apollo,"",Catch-all,2026-06-08T20:39:04+00:00,Director,Marketing,Marketing,chris.mcnulty@synozur.com,"","","",'+1 415-944-2000,"",false,Cold,Profile A - ISV Revenue & Marketing Leaders,"",chris.mcnulty@synozur.com,270,management consulting,"android app development, ux design, chatbots, app store deployment, ui design, xamarin development, blockchain development, ios swift, full stack development, web services, uxui design, ios, android, app design, web app development, ios developers, vr, android kotlin, aws azure, accessibility, aws, html5 web app development, app developers, dapp development, alexa skills, flutter development, apps, connected experiences, iot, iphone app developers, mobile strategy, ipad app development, app ui design, blockchain, app development, ios development, ar, user experience, mobile software development, android developers, api development, aws development, azure development, product management, azure, android app developers, android development, ai, custom software, react, xamarinmaui, iphone app development, blackberry app development, ott, ux ui design, a11y, agile development, websites, ipad app developers, gpt, wcag accessibility, rapid prototyping, flutter, healthcare, enterprise software, medical devices, photo sharing, software, social media, medical, information technology, health care, consumer internet, internet, business consulting & services, connected device software, user engagement, connected experience design, connected product strategy, iot device management, connected experience, information technology and services, voice interface design, connected hardware prototyping, connected products, smart device software, wearable apps, connected ecosystems design, user interface, connected experience automation, technology services, connected product lifecycle, accessibility standards, cloud platforms, connected hardware ux, mobile app development, digital products, mobile apps, app strategy, project management, connected hardware, software development, iot integration, app modernization, cloud integration, enterprise app solutions, government, voice app development, digital transformation, api & web services, ux/ui design, user-centered design, ai & emerging tech, voice assistant apps, digital marketing, cross-platform frameworks, emerging technologies, iot connected experiences, software engineering, startups, iot solutions, mobile ux/ui, digital innovation, services, mobile ux, enterprise apps, connected hardware solutions, voice assistant applications, custom app development, app prototyping, connected device integration, connected experience consulting, multiplatform app development, b2b, cross-platform development, scalable solutions, connected product scalability, connected device security, wearable app development, app design and development, multiplatform apps, connected ecosystems, connected experience analytics, digital product design, boutique agency, emerging tech, computer systems design and related services, iot cloud platforms, custom apps, product strategy, web development, responsive website design, ui/ux design, ios and android apps, cross-platform apps, custom software solutions, headless cms, mach architecture, accessible design practices, user testing, data-driven decision making, cloud service integration, google cloud, digital product strategy, augmented reality, generative ai, software development best practices, project team augmentation, inclusive software design, mobile optimization, qa testing, product innovation, spatial computing, flutter app development, react.js, node.js, next.js, content management system, ecommerce integration, interactive design, iot applications, smart product development, real-time data processing, automated testing, brand identity, customer experience design, creative content, digital solutions, technology strategy, team collaboration, performance analytics, b2c, consumer products & retail, transportation & logistics, mobile, information technology & services, ux, health, wellness & fitness, hospital & health care, enterprises, computer software, consumers, management consulting, productivity, marketing & advertising",http://www.linkedin.com/in/jennijayne,https://arctouch.com,http://www.linkedin.com/company/arctouch,https://facebook.com/arctouch,https://twitter.com/arctouch,Portland,Oregon,United States,"548 Market St, San Francisco, California, United States, 94104-5401",San Francisco,California,United States,'+1 415-944-2000,"Amazon Route 53, Amazon SES, Gmail, Google Apps, MailChimp SPF, Greenhouse.io, Amazon AWS, Jira, Atlassian Confluence, Atlassian Cloud, React Redux, React, Flutter, Slack, Contentful, Google Tag Manager, Google Search Console, Next.js, Mobile Friendly, Vimeo, AWS Elastic Load Balancing, Nginx, Multilingual, Viewport Meta, AI, Kotlin, Jetpack, Android, REST, Git, Angular, VueJS, Flux, Redux, Node.js, go+, Python, AWS Analytics, Azure Analysis Services, Google Cloud, GitHub, GitLab, Microsoft Sql Server, MySQL, MariaDB, MongoDB, Cassandra, SAP, AWS Trusted Advisor, Microsoft Azure Monitor, Figma, GRPC, Tor, AWS SDK for JavaScript, Dart, PostgreSQL, WebRTC, Jest, GitHub Copilot, Cursor, XCUITest, SWIFT, Uikit, Appium, , Cypress, Espresso, Storyboard to SwiftUI Converter, Adobe After Effects",34000000,"",Merger / Acquisition,0,2016-01-01T00:00:00+00:00,Grey (grey.com),Grey (grey.com),"",false,false,false,false,"","7375, 7371","541511, 541490",6a3ae364352e20000c572c92,6a3ae364352e20000c572cbd,6a3ae364352e20000c572c92,jennijayne@rocketmail.com,Apollo,Verified,Apollo,"","","","","","","","",http://www.linkedin.com/in/jennijayne,""
Natalie,Ossa,Partner Marketing Manager,"Sylogist, Ltd.",Sylogist,natalie.ossa@sylogist.com,Verified,Apollo,Apollo,"","",2026-06-12T22:46:31+00:00,Partner,Marketing,Marketing,chris.mcnulty@synozur.com,"","","",'+1 403-266-4808,"",false,Cold,"Profile A - ISV Revenue & Marketing Leaders, Profile B - SI Revenue & Marketing Leaders","",chris.mcnulty@synozur.com,200,information technology & services,"online fundraising, accounting software, crm software, fund accounting, government software, microsoft gold partner, microsoft partner, npo software, nonprofit software, fundraising software, software development, management consulting services, nonprofit financial health, data analytics, research institute management, volunteer management, fund accounting automation, multi-entity support, automated notifications, data & intelligence solutions, ai-driven insights, microsoft dynamics 365, event management, grant tracking, ai and data analytics, ngo donor engagement, government erp, mission-driven technology, grant compliance automation, online donation processing, payroll automation, microsoft power platform, faith-based organization solutions, nonprofits, volunteer deployment system, association management, mobile access, higher education advancement, erp solutions, b2b, customizable dashboards, municipal erp, stakeholder management, multi-organization data sharing, community outreach tools, automated compliance, cloud security, data security and privacy, financial transparency tools, grant management, diocese management software, research project management, automated financial reporting, fundraising automation, member engagement, fundraising management, donor management, public sector saas, cloud-based software, stakeholder engagement, victim services software, research institutes, multi-currency support, crm for nonprofits, real-time reporting, automated workflows, data integration, fundraising analytics, government, event management software, business intelligence, student information systems, school erp, education, saas, nonprofit, healthcare, fundraising, donor_management, public_sector, cloud, microsoft_dynamics, automated_reporting, multi_entity_support, data_security, automations, ai, consulting, services, information technology & services, events services, nonprofit organization management, enterprise software, enterprises, computer software, analytics, health care, health, wellness & fitness, hospital & health care, fund-raising",http://www.linkedin.com/in/natalieossa,https://sylogist.com,http://www.linkedin.com/company/sylogist-ltd,https://www.facebook.com/profile.php,https://twitter.com/SylogistLtd,Toronto,Ontario,Canada,"5 Richard Way Southwest, Calgary, Alberta, Canada, T3E 7M8",Calgary,Alberta,Canada,'+1 403-266-4808,"DNS Made Easy, DNSimple, Outlook, Zendesk, MessageGears, Microsoft Email Providers, Microsoft Exchange Online, Microsoft 365, Microsoft 365 Apps & Services, Microsoft Exchange, Office365, Microsoft Office 365, Microsoft Azure Hosting, Amazon AWS, Sage Intacct, Azure Active Directory, Eloqua, Greenhouse.io, Microsoft Sharepoint, Google Search Central, 6sense Sales Intelligence, WordPress.org, PrimeNG, Meta Pixel, 6sense Revenue Marketing, reCAPTCHA, Wordpress, CallRail, Facebook Widget, Facebook Conversion Tracking, Elementor, Viewport Meta, Gravity Forms, Google Font API, Facebook Custom Audiences, Google Analytics, Facebook for Business, Google Analytics 4 (GA4), Mobile Friendly, Facebook, Facebook Login (Connect), DoubleClick, Shutterstock, Google Tag Manager, Linkedin Marketing Solutions, Google Search Console, 6sense, Varnish, Meta Ads Manager, QuickBooks, AI, Domo, Sisense, Remote, HTML5 Maker, CSS, Sass, Sajax System, Razorpay, Javascript, Angular, jQuery, Progress Kendo UI, Bootstrap, Microsoft SQL Server Reporting Services, Oracle XML DB, DATAVERSE LTD, WCF, , Git, Dynamics 365 Customer Insights, Microsoft Dynamics 365 Customer Service, .GIS, Microsoft Power Apps, Microsoft Power Automate",45402000,"","","","","","","",false,false,false,false,"","7389, 7372, 7373","54161, 513210, 541512",6a3ae4ca0744f90001577a3f,6a3ae4cb0744f90001577acc,6a3ae4ca0744f90001577a3f,"","","","","","","","","","","","",http://www.linkedin.com/in/natalieossa,""
Louis,Graulau,Global VP of Sales,Queue Associates,Queue Associates,lgraulau@queueassoc.com,Verified,Apollo,Apollo,"",Not Catch-all,2026-05-28T11:18:39+00:00,Vp,Sales,Sales,chris.mcnulty@synozur.com,"","","",'+1 212-269-1313,"",false,Cold,Profile A - ISV Revenue & Marketing Leaders,"",chris.mcnulty@synozur.com,82,management consulting,"sales & marketing, business intelligence & reporting, procurement & sourcing, manufacturing, financial management, apparel, government contractors, public sector, distribution, supply chain management, countryspecific capabilities, environmental sustainability, global risk & compliance, retail, project management & accounting, human capital management, business consulting & services, global offices, customer engagement, consulting, industry-specific customization, cloud-based business solutions, operational efficiency, industry-specific solutions, compliance and security, business productivity, industry vertical expertise, dynamics 365, order management, industry-specific dynamics 365 modules, crm solutions, erp solutions, support and training, custom software development, financial planning automation, management consulting, global microsoft partner network, industry verticals, retail digital transformation, computer software, project management tools, project management, supply chain ai optimization, data-driven decision making, public sector cloud solutions, global microsoft partner, microsoft dynamics 365, data integration, support and consulting, enterprise software, microsoft ecosystem integration, global presence, business process optimization, automation tools, digital transformation, ai-enabled dynamics 365, healthcare, security and compliance, healthcare digital solutions, government, ai-enabled enterprise software, digital transformation services, customer success, ai-enabled cloud solutions, azure cloud security, b2b, cloud security, customer relationship management, custom erp solutions for smbs, microsoft azure, customer insights, business intelligence, computer systems design and related services, business analytics, global support network, power platform, business process automation, government sector solutions, business analytics with ai, data analytics, ai-powered customer insights, project management automation, microsoft solutions partner, azure platform, information technology and services, services, seamless microsoft ecosystem integration, cloud migration, cloud security solutions, supply chain and finance management, financial services, automation and ai, technology consulting, finance, transportation & logistics, mechanical or industrial engineering, logistics & supply chain, enterprises, information technology & services, productivity, health care, health, wellness & fitness, hospital & health care, crm, sales, analytics",http://www.linkedin.com/in/louis-graulau-4119bb10,https://queueassoc.com,http://www.linkedin.com/company/queue-associates,https://facebook.com/pages/Queue-Associates-Inc-US/125321424176757,https://twitter.com/queueassociates,New York,New York,United States,"420 Lexington Ave, New York, New York, United States, 10170-0002",New York,New York,United States,'+1 212-269-1313,"Sendgrid, MessageGears, Outlook, Google Cloud Hosting, OneTrust, Microsoft Azure Hosting, Slack, Google Font API, WhatsApp, Yoast, Mobile Friendly, OpenStreetMap, Viewport Meta, TrustArc, YouTube, Facebook Widget, reCAPTCHA, Facebook SDK, accessiBe, WordPress.org, WPML, Facebook Login (Connect), Google Tag Manager, Wordpress, Google Analytics, Google Analytics 4 (GA4), Microsoft Clarity, FlexSlider, Microsoft Dynamics, Leaflet, Micro, Remote, Microsoft Dynamics GP, Microsoft Dynamics 365 Customer Service, Microsoft Dynamics 365",20296000,"","","","","","","",false,false,false,false,"","7375, 7373",541512,6a3ae364352e20000c572c99,6a3ae364352e20000c572cbb,6a3ae364352e20000c572c99,lpgraulau@gmail.com,Apollo,Verified,Apollo,"","","","","","","","",http://www.linkedin.com/in/louis-graulau-4119bb10,""
Jasmin,Sturzebecher,Director of Marketing,"Helient Technologies, LLC",Helient,jsturzebecher@helient.com,Verified,Apollo,Apollo,"","",2026-06-04T15:24:37+00:00,Director,Marketing,Marketing,chris.mcnulty@synozur.com,"","","",'+1 215-298-9400,"",false,Cold,Profile A - ISV Revenue & Marketing Leaders,"",chris.mcnulty@synozur.com,53,information technology & services,"windows 365, vdi, enterprise storage, integration, project management, legal technology, microsoft 365, citrix, virtualization, azure virtual desktop, nerdio, nutanix, telecommunications, legal it, document management, netapp, fortinet, systems engineering, network infrastructure, microsoft azure, cisco, healthcare cloud security, hybrid cloud, data protection, helix desktop management, microsoft licensing, healthcare data analytics, managed services, intune autopilot, legal industry cloud migration strategy, financial services, application lifecycle management, azure cloud services, azure virtual desktop for law firms, 24x7 support, cybersecurity, saas, network security, healthcare, hybrid cloud solutions, services, communication solutions, azure, financial services it, csp reseller, healthcare ai solutions, legal industry cloud solutions, legal tech virtual desktop, networking: on-prem & cloud, healthcare digital pathology, cloud licensing, nutanix infrastructure, microsoft cloud solutions, azure infrastructure, legal industry cloud adoption, consulting, legal tech cloud migration, networking solutions, modern desktop, legal industry security solutions, microsoft 365 licensing, cloud infrastructure, security and compliance, azure infrastructure migration, hybrid infrastructure, legal services, zero trust security, system engineering, security best practices, b2b, legal cloud security best practices, managed security services, imanage cloud, cloud support services, information technology, cloud network design, desktop virtualization, document management migration, cloud security best practices, government, security and identity solutions, security and compliance solutions, security automation, legal and healthcare hybrid cloud, azure migration, network design and implementation, healthcare data compliance, it infrastructure, healthcare data management in azure, healthcare data transfer and storage, ai-powered healthcare solutions, it solutions, security solutions, healthcare cloud solutions, cloud security, microsoft partner, it consulting, digital pathology infrastructure, user experience, virtual desktop infrastructure, digital transformation, custom software development, cloud licensing management, legal document management in azure, legal industry cloud security, computer systems design and related services, healthcare cloud infrastructure, cloud adoption, finance, legal, productivity, information technology & services, computer & network security, computer software, health care, health, wellness & fitness, hospital & health care, enterprise software, enterprises, internet infrastructure, internet, management consulting, ux",http://www.linkedin.com/in/jasminsturzebecher,https://helient.com,http://www.linkedin.com/company/helient,https://facebook.com/Helient,https://twitter.com/Helient,Chicago,Illinois,United States,"56 N Haddon Ave, Haddonfield, New Jersey, United States, 08033-2438",Haddonfield,New Jersey,United States,'+1 215-298-9400,"Azure DNS Zones, Azure DNS, Microsoft Exchange Online, Outlook, Microsoft 365, Microsoft 365 Apps & Services, Microsoft Exchange, Office365, Microsoft Office 365, Autotask, Sophos, Hubspot, Slack, Facebook Widget, Facebook Login (Connect), Google Tag Manager, Mobile Friendly, Linkedin Login, Linkedin Widget, Android, Remote, Citrix NetScaler, VLAN, Infoblox DHCP, Akamai CDN Solutions, Azure Digital Twins, TCP TimeClock Plus, Google Cloud Pub/Sub, Azure Active Directory B2C, Microsoft Advanced Group Policy Management, Microsoft Windows Server 2019, Microsoft Windows Server 2016, Microsoft Windows Server 2008, Microsoft Windows Server 2003, Windows 10 IoT Core Services, Windows 7, Conversant, Amazon Associates, vSphere, Citrix Hypervisor, VMware, Citrix XenClient, Citrix, Microsoft App-V, Remote Desktop Services, VMware Horizon, INAP, Nutanix, NetApp, Dell EqualLogic, Pure Storage, EMC, NetApp iSCSI SAN Storage System, NetApp Common Internet File System (CIFS), SAS Analytics Pro, Opt-Intelligence, Broadcom, LogIC, Microsoft Exchange Server 2003, Microsoft SQL Server Reporting Services, Microsoft-IIS, Azure Analysis Services, Amazon EC2, LogicMonitor, Auvik, Datto RMM",1000000,"",Merger / Acquisition,0,2025-04-01T00:00:00+00:00,Princeton Technologies (getphs.com),Princeton Technologies (getphs.com),"",false,false,false,false,"","7375, 7373",541512,6a3ae364352e20000c572c9c,6a3ae364352e20000c572cc1,6a3ae364352e20000c572c9c,"","","","","","","","","","","","",http://www.linkedin.com/in/jasminsturzebecher,""
George,Hunt,"VP Sales, US",Quadbridge Inc.,Quadbridge,"",Unavailable,"","","","","",Vp,Sales,Sales,chris.mcnulty@synozur.com,"","","",'+1 800-501-6172,"",false,Cold,Profile A - ISV Revenue & Marketing Leaders,"",chris.mcnulty@synozur.com,140,information technology & services,"solutions provider, virtualization, value added reseller, managed service solutions provider, data protection, it assets disposal, data center management, cloud services provider, network security management, networking, data center, it services & it consulting, cloud computing, professional services, it support, managed it services, risk management, cloud services, hyper-converged infrastructure, it project management, data migration, client device management, inventory management, computer hardware and software, data center services, event management, cloud migration, b2b, e-commerce, managed it, it hardware supply, data center design, enterprise storage, computer systems design and related services, system integration, it solutions, it software supply, network infrastructure, vendor partnerships, hyper-converged hardware, cybersecurity, it procurement, cloud infrastructure, shadow it detection, client devices, it infrastructure, consulting, cloud monitoring, microsoft o365, microsoft partner, it asset management, cloud and data center solutions, multi-vendor procurement, it consulting, hardware & software, enterprise storage solutions, it lifecycle management, license management, remote work solutions, cybersecurity solutions, information technology and services, qbzero touch deployment, qbx portal license management, gdpr compliance tools, services, it cost optimization, it support services, non-profit, distribution, internet service providers, information technology & services, enterprise software, enterprises, computer software, professional training & coaching, events services, consumer internet, consumers, internet, computer & network security, internet infrastructure, management consulting, nonprofit organization management",http://www.linkedin.com/in/george-hunt-326b50,https://quadbridge.com,http://www.linkedin.com/company/quadbridge,https://www.facebook.com/Quadbridge/,https://twitter.com/quadbridgeit,"","",United States,"5532 Rue St-Patrick, Montreal, Quebec, Canada, H4E 1A8",Montreal,Quebec,Canada,'+1 800-501-6172,"Google Search Console, NetSuite, Apple Business Manager, Cloudflare DNS, Apple School Manager, Microsoft Exchange Online, Outlook, Microsoft 365, Microsoft 365 Apps & Services, Microsoft Exchange, Office365, Sophos Email, Microsoft Azure Hosting, TikTok, Webflow, Sophos, Hubspot, Slack, Active Campaign, Facebook Login (Connect), Google Tag Manager, Linkedin Marketing Solutions, Bootstrap Framework, Facebook Widget, Facebook Custom Audiences, Google Font API, YouTube, Mobile Friendly, AI, Lytics, Amazon CloudWatch, HubSpot Sales Hub, ZoomInfo, LinkedIn Sales Navigator, Microsoft Azure Monitor, Microsoft Teams Rooms, Microsoft Intune Enterprise Application Management, Copilot, Microsoft Defender for Cloud, Microsoft Entra ID, Micro, Securonix Security Operations and Analytics Platform, Salesforce CRM Analytics, Azure Analysis Services, TUNE, Microsoft Exchange Server 2003, Microsoft Sharepoint, Microsoft OneDrive, Cisco WebEx Teams, Azure Migrate, .NET, Azure ExpressRoute, AWS VPN, Azure Purview, Azure Files, Greenhouse, LinkedIn Recruiter, Indeed, Veeam, NetSuite SuiteScript, NetSuite SuiteFlow, Microsoft Fabric, Databricks, Delta Lake, Databricks Unity Catalog, Azure Data Factory, Power BI Documenter, MySQL, PySpark, Gem",20000000,"","","","","","","",false,false,false,false,"",7375,54151,6a3ae4ca0744f90001577a20,6a3ae4cb0744f90001577ad2,6a3ae4ca0744f90001577a20,"","","","","","","","","","","","",http://www.linkedin.com/in/george-hunt-326b50,""
Drew,Peterson,Chief Revenue Officer (CRO),JourneyTeam,JourneyTeam,drew.peterson@journeyteam.com,Verified,Apollo,Apollo,"","",2026-06-05T15:50:47+00:00,C suite,"C-Suite, Sales","Sales Leader, Revenue Operations",chris.mcnulty@synozur.com,"","","",'+1 800-439-6456,"",false,Cold,Profile A - ISV Revenue & Marketing Leaders,"",chris.mcnulty@synozur.com,170,information technology & services,"sql reporting services, rights management, power bi, sharepoint, dynamics 365 customer engagement, okta, cloud strategy, microsoft dynamics sl, azure, microsoft office 365, cybersecurity, dynamics 365 field service, microsoft dynamics 365, identity management, dynamics 365 business central, microsoft dynamics gp, dynamics 365 supply chain management, amazon web services, microsoft 365, microsoft dynamics crm, dynamics 365 sales, power platform, microsoft power bi, mobile device management, saas, microsoft sharepoint, copilot, dynamics 365 customer service, microsoft fabric, it services & it consulting, impact-driven business solutions, analytics, impact-focused microsoft partner, migration & integration, operational efficiency, microsoft partner, cloud solutions, consulting, services, information technology and services, ai-driven insights, business intelligence, technology consulting, erp & crm implementation, cloud migration, training, data analytics, azure cloud, customer relationship management, dynamics 365 crm, distribution, dynamics 365 erp, b2b, computer systems design and related services, azure copilot, security sherpa program, security & compliance, license management, manufacturing, application development, analytics & reporting, microsoft solutions, ai & copilot, adoption & change management, ai & agi integration, financial services, customer engagement, business process automation, automation, custom software development, business transformation, cloud services, security & threat protection, finance, privacy, computer software, information technology & services, cloud computing, enterprise software, enterprises, management consulting, crm, sales, mechanical or industrial engineering, app development, apps, software development",http://www.linkedin.com/in/drewpetersonut,https://journeyteam.com,http://www.linkedin.com/company/journeyteam,"","",Draper,Utah,United States,"121 W Election Rd, Draper, Utah, United States, 84020-7706",Draper,Utah,United States,'+1 800-439-6456,"Google Search Central, Google Search Console, Apple Business Manager, CloudFlare CDN, Cloudflare DNS, Apple School Manager, ElasticEmail, Mailgun, Rackspace MailGun, Microsoft Email Providers, Microsoft Exchange Online, Outlook, Microsoft 365, Microsoft 365 Apps & Services, Microsoft Exchange, Office365, CloudFlare Hosting, Act-On, Microsoft Office 365, CloudFlare, DigitalOcean, Teachable, React, Slack, Wordpress, Vimeo, Gravity Forms, reCAPTCHA, Google Tag Manager, Viewport Meta, webpack, WordPress.org, Yoast, Wistia, YouTube, Mobile Friendly, Data Analytics, Remote, , Microsoft Azure Monitor, Copilot, Microsoft Entra ID, TUNE, Azure Analysis Services, Microsoft Dynamics 365 Customer Engagement, Microsoft Power Platform, Microsoft Fabric, PowerBI Tiles, Microsoft SQL Server Reporting Services, Tor, SS&C, Microsoft Intune Enterprise Application Management, Azure Sentinel, Microsoft Defender for Cloud, Azure Virtual Machines, Azure Files, Azure Virtual Network, .NET, Azure VPN Gateway, Express, Azure AI Search, Microsoft PowerShell, Security, Azure Service Fabric, Power BI Documenter, Azure AI Studio, Dynamics 365 Customer Insights, Azure Devops, Microsoft Project, Act!, CAT, Microsoft Teams, Azure Data Factory, Databricks, Azure Synapse Analytics, MySQL, Python, Apache Spark, Azure Data Lake Storage, Azure SQL Database, Azure Event Hubs, Azure Stream Analytics, Azure Logic Apps, Azure ExpressRoute, Microsoft Power Apps, Microsoft Power Automate, GitHub Pages",12200000,"","","","","","","",false,false,false,false,"","7375, 7373, 8742","541512, 541611",6a3ae4cb0744f90001577a66,6a3ae4cb0744f90001577af6,6a3ae4cb0744f90001577a66,"","","","","","","","","","","","",http://www.linkedin.com/in/drewpetersonut,""
Wyn,Partington,Chief Revenue Officer (CRO),Enavate,Enavate,wyn.partington@enavate.com,Verified,Apollo,Apollo,"",Not Catch-all,2026-06-08T23:12:20+00:00,C suite,"C-Suite, Sales","Sales Leader, Revenue Operations",chris.mcnulty@synozur.com,"","","",'+1 303-469-2346,"",false,Cold,Profile A - ISV Revenue & Marketing Leaders,"",chris.mcnulty@synozur.com,280,information technology & services,"microsoft dynamics ax, maintenance, cloud, isv, managed services, microsoft dynamics for sales, microsoft dynamics 365 for finance & operations, microsoft dynamics 365 supply chain management, microsoft gold partner, netsuite, wholesale distribution, microsoft dynamics 365 business central, implementation, support, microsoft crm, migration, erp support, microsoft dynamics for finance & operations, microsoft dynamics 365, software development, distributors, global services, distribution software, erp migration, it services & it consulting, workflow automation, aircraft maintenance erp, food & beverage erp, system support, operational efficiency, remote support, wineries management, consulting, services, ai-driven insights, distribution erp, professional services erp, business intelligence, analytics and automation, cloud hosting, cloud migration, healthcare erp, inventory management, food & beverage, batch control and traceability, data analytics, erp implementation, crm integration, erp solutions, distribution, microsoft azure, power bi, b2b, aviation maintenance, custom erp solutions, computer systems design and related services, scalability, manufacturing, regulatory compliance tools, industry-specific erp, support and maintenance, supply chain optimization, power platform, system integration, healthcare, business central, business process automation, customer success, data security, supply chain management, digital transformation, manufacturing erp, ai integration, migration to cloud, saas, finance, transportation & logistics, information technology & services, analytics, cloud computing, enterprise software, enterprises, computer software, consumer goods, consumers, mechanical or industrial engineering, health care, health, wellness & fitness, hospital & health care, computer & network security, logistics & supply chain, financial services",http://www.linkedin.com/in/wyn-partington,https://enavate.com,http://www.linkedin.com/company/enavate,https://www.facebook.com/Enavate/,https://twitter.com/enavate,Tampa,Florida,United States,"1511 N West Shore Blvd, Tampa, Florida, United States, 33607-4502",Tampa,Florida,United States,'+1 303-469-2346,"Dyn Managed DNS, Microsoft Office 365, GoDaddy Domains, Amazon AWS, React, iCIMS, ServiceNow, Slack, Hubspot, Facebook Widget, Google Tag Manager, Linkedin Widget, Facebook Login (Connect), Typekit, Linkedin Login, Mobile Friendly, Remote, Acumatica, Android, Node.js, Microsoft Dynamics, , Microsoft Azure Monitor, SS&C, Microsoft Power Platform, Azure Analysis Services, Copilot, Microsoft Dynamics 365 Customer Engagement, Google AdWords Conversion, Microsoft Dynamics GP, Dynamics 365 Sales, Dynamics 365 Field Service, Microsoft Dynamics 365 Customer Service, Dynamics 365 Customer Insights, Microsoft Power Apps, Microsoft Power Automate, Remote Desktop Services, Microsoft-IIS, Microsoft Active Directory Federation Services, .NET, Azure Virtual Desktop, Microsoft PowerShell, Azure Site Recovery, Microsoft Windows Server 2012, Mode, Microsoft 365, Salesforce CRM Analytics, AppDynamics, Microsoft Dynamics 365",52000000,9500000,Private Equity,"",2025-10-01T00:00:00+00:00,"","","",false,false,false,false,"",7372,54151,6a3ae4cb0744f90001577a71,6a3ae4cb0744f90001577aff,6a3ae4cb0744f90001577a71,"","","","","","","","","","","","",http://www.linkedin.com/in/wyn-partington,""
Jenn,Reichenbacher,Chief Marketing Officer,Stax Payments,Stax Payments,jenn.reichenbacher@staxpayments.com,Verified,Apollo,Apollo,"","",2026-06-19T04:01:36+00:00,C suite,"C-Suite, Marketing","Marketing Executive, Marketing",chris.mcnulty@synozur.com,"","","",'+1 800-635-3545,"",false,Cold,Profile A - ISV Revenue & Marketing Leaders,"",chris.mcnulty@synozur.com,280,financial services,"payment technology, merchant services, recurring billing, enterprise, surcharging, saas, technology, payments, small business growth, payment processor, billing, integrated payments, large business, paymentprocessor, financial, isv, vertical saas, small & medium businesses, surcharging solutions, payment gateway automation, white-label payments, e-commerce payments, retail, payment gateway api, api integration, payment gateway security, operational efficiency, payment gateway, payment gateway management, financial services, embedded payments, payment innovation, surcharging compliance, payment gateway compliance, payment infrastructure, software development, payment ecosystem, payment processing software, payment risk controls, payment integration, pci compliance, payment gateway reporting, risk management, merchant onboarding, financial reporting, services, payment industry, fintech, payment reporting, payment gateway scalability, payment automation, payment data analytics, payment lifecycle management, payment support, payment reconciliation tools, payment security, payment scalability, data analytics, e-commerce, d2c, saas payments, payment compliance, transaction management, fraud prevention, financial transactions processing, reserve, and clearinghouse activities, payment processing, payment reconciliation, payment gateway analytics, b2b, payment analytics, payment gateway support, payment gateway customization, payment platform, payment apis, subscription billing, mobile payments, customer service, merchant accounts, omnichannel payments, multi-channel payments, payment gateway integration, information technology, payment fraud detection, payment solutions, payment orchestration, automated billing, payment gateways, multi-channel payment solutions, saas payment solutions, saas platforms, invoicing solutions, in-person payments, payment optimization, card processing, surcharging programs, transparent pricing, payment integrations, customizable invoices, business management platform, api documentation, compliance solutions, payment history tracking, customer management, smart terminals, payment links and buttons, credit card processing, saas partner programs, risk mitigation, billing automation, customer success, sales support, white label payment solutions, full-service partnerships, payment attach rates, reconciliation tools, financial health monitoring, b2c, healthcare, finance, education, legal, non-profit, consumer products & retail, computer software, information technology & services, finance technology, consumer internet, consumers, internet, mobile, health care, health, wellness & fitness, hospital & health care, nonprofit organization management",http://www.linkedin.com/in/jennreichenbacher,https://staxpayments.com,http://www.linkedin.com/company/staxpayments,https://www.facebook.com/fattmerchant/,https://twitter.com/fattmerchant?ref_src=twsrc%5Egoogle%7Ctwcamp%5Eserp%7Ctwgr%5Eauthor,Boston,Massachusetts,United States,"618 E South St, Orlando, Florida, United States, 32801-2842",Orlando,Florida,United States,'+1 800-635-3545,"Google Search Console, Apple Business Manager, CloudFlare CDN, Cloudflare DNS, Apple School Manager, Amazon SES, Amazon Simple Email Service (Amazon SES), Mailchimp Mandrill, Mailchimp Transactional Email (formerly Mandrill), Microsoft Email Providers, Microsoft Exchange Online, Mimecast, Outlook, Microsoft 365, Microsoft 365 Apps & Services, Microsoft Exchange, Office365, CloudFlare Hosting, Microsoft Office 365, KnowBe4, CloudFlare, Amazon Route 53, React Redux, StackAdapt, Stax, Hubspot, Zendesk, Slack, WP Engine, Atlassian Cloud, Barracuda Networks, DoubleClick, Bing Ads, Linkedin Widget, Wistia, Facebook Login (Connect), Hotjar, Google AdSense, Google Tag Manager, ShareThis, Visual Website Optimizer, Mobile Friendly, Quantcast, Vimeo, AddThis, BuySellAds, Disqus, WordPress.org, Remote, Circle, AI, IoT, Toast, Amazon DynamoDB, Amazon EC2, Amazon GuardDuty, Amazon Kinesis, Amazon QuickSight, Amazon S3, Athena, Aurora, AWS Control Tower, AWS Glue Data Catalog, AWS IAM Identity Center, AWS Security Hub, AWS Transit Gateway, Atlassian Bitbucket, CDK, ConnectWise Control, ECS, GitHub Actions, Google AdWords Conversion, Lambda Cloud, Splunk, Terraform, Tor, Verizon WAF, Cypress, Playwright, Gemini, GitHub Copilot, Anthropic Claude, Datadog, AWS Trusted Advisor, Amazon Simple Queue Service (SQS), Capterra, ZoomInfo, , Kotlin, SWIFT, Kiosked, Android, LEAP, , Netskope, Zscaler, Okta, GitHub Enterprise, Snyk, SonarQube, Security, Jamf, Microsoft Intune, AWS WAF, AWS Shield, Tenable.sc, Qualys Penetration Testing, Anaplan, NetSuite, Vtiger for G Suite",9400000,263150000,Merger / Acquisition,0,2023-10-01T00:00:00+00:00,Stax (fattmerchant.com),Stax (fattmerchant.com),"",false,false,false,false,1,"7389, 7372","522320, 513210",6a3ae364352e20000c572c91,6a3ae364352e20000c572cbc,6a3ae364352e20000c572c91,"","","","","","","","","","","","",http://www.linkedin.com/in/jennreichenbacher,""
Karl,Ufert,Global Chief Marketing Officer (CMO) - Fractional,Queue Associates,Queue Associates,kufert@queueassoc.com,Verified,Apollo,Apollo,"",Not Catch-all,2026-06-15T16:45:28+00:00,C suite,"C-Suite, Marketing","Marketing Executive, Marketing",chris.mcnulty@synozur.com,"","","",'+1 212-269-1313,"",false,Cold,Profile A - ISV Revenue & Marketing Leaders,"",chris.mcnulty@synozur.com,82,management consulting,"sales & marketing, business intelligence & reporting, procurement & sourcing, manufacturing, financial management, apparel, government contractors, public sector, distribution, supply chain management, countryspecific capabilities, environmental sustainability, global risk & compliance, retail, project management & accounting, human capital management, business consulting & services, global offices, customer engagement, consulting, industry-specific customization, cloud-based business solutions, operational efficiency, industry-specific solutions, compliance and security, business productivity, industry vertical expertise, dynamics 365, order management, industry-specific dynamics 365 modules, crm solutions, erp solutions, support and training, custom software development, financial planning automation, management consulting, global microsoft partner network, industry verticals, retail digital transformation, computer software, project management tools, project management, supply chain ai optimization, data-driven decision making, public sector cloud solutions, global microsoft partner, microsoft dynamics 365, data integration, support and consulting, enterprise software, microsoft ecosystem integration, global presence, business process optimization, automation tools, digital transformation, ai-enabled dynamics 365, healthcare, security and compliance, healthcare digital solutions, government, ai-enabled enterprise software, digital transformation services, customer success, ai-enabled cloud solutions, azure cloud security, b2b, cloud security, customer relationship management, custom erp solutions for smbs, microsoft azure, customer insights, business intelligence, computer systems design and related services, business analytics, global support network, power platform, business process automation, government sector solutions, business analytics with ai, data analytics, ai-powered customer insights, project management automation, microsoft solutions partner, azure platform, information technology and services, services, seamless microsoft ecosystem integration, cloud migration, cloud security solutions, supply chain and finance management, financial services, automation and ai, technology consulting, finance, transportation & logistics, mechanical or industrial engineering, logistics & supply chain, enterprises, information technology & services, productivity, health care, health, wellness & fitness, hospital & health care, crm, sales, analytics",http://www.linkedin.com/in/karlufert,https://queueassoc.com,http://www.linkedin.com/company/queue-associates,https://facebook.com/pages/Queue-Associates-Inc-US/125321424176757,https://twitter.com/queueassociates,New York,New York,United States,"420 Lexington Ave, New York, New York, United States, 10170-0002",New York,New York,United States,'+1 212-269-1313,"Sendgrid, MessageGears, Outlook, Google Cloud Hosting, OneTrust, Microsoft Azure Hosting, Slack, Google Font API, WhatsApp, Yoast, Mobile Friendly, OpenStreetMap, Viewport Meta, TrustArc, YouTube, Facebook Widget, reCAPTCHA, Facebook SDK, accessiBe, WordPress.org, WPML, Facebook Login (Connect), Google Tag Manager, Wordpress, Google Analytics, Google Analytics 4 (GA4), Microsoft Clarity, FlexSlider, Microsoft Dynamics, Leaflet, Micro, Remote, Microsoft Dynamics GP, Microsoft Dynamics 365 Customer Service, Microsoft Dynamics 365",20296000,"","","","","","","",false,false,false,false,"","7375, 7373",541512,6a3ae364352e20000c572c90,6a3ae364352e20000c572cbb,6a3ae364352e20000c572c90,karlufert@gmail.com,Apollo,Verified,Apollo,"","","","","","","","",http://www.linkedin.com/in/karlufert,""
Aliza,Sharma,"Director, Partner Marketing",Stax Payments,Stax Payments,aliza.sharma@staxpayments.com,Verified,Apollo,Apollo,"","",2026-06-22T16:36:01+00:00,Partner,Marketing,Marketing,chris.mcnulty@synozur.com,"","","",'+1 800-635-3545,"",false,Cold,Profile A - ISV Revenue & Marketing Leaders,"",chris.mcnulty@synozur.com,280,financial services,"payment technology, merchant services, recurring billing, enterprise, surcharging, saas, technology, payments, small business growth, payment processor, billing, integrated payments, large business, paymentprocessor, financial, isv, vertical saas, small & medium businesses, surcharging solutions, payment gateway automation, white-label payments, e-commerce payments, retail, payment gateway api, api integration, payment gateway security, operational efficiency, payment gateway, payment gateway management, financial services, embedded payments, payment innovation, surcharging compliance, payment gateway compliance, payment infrastructure, software development, payment ecosystem, payment processing software, payment risk controls, payment integration, pci compliance, payment gateway reporting, risk management, merchant onboarding, financial reporting, services, payment industry, fintech, payment reporting, payment gateway scalability, payment automation, payment data analytics, payment lifecycle management, payment support, payment reconciliation tools, payment security, payment scalability, data analytics, e-commerce, d2c, saas payments, payment compliance, transaction management, fraud prevention, financial transactions processing, reserve, and clearinghouse activities, payment processing, payment reconciliation, payment gateway analytics, b2b, payment analytics, payment gateway support, payment gateway customization, payment platform, payment apis, subscription billing, mobile payments, customer service, merchant accounts, omnichannel payments, multi-channel payments, payment gateway integration, information technology, payment fraud detection, payment solutions, payment orchestration, automated billing, payment gateways, multi-channel payment solutions, saas payment solutions, saas platforms, invoicing solutions, in-person payments, payment optimization, card processing, surcharging programs, transparent pricing, payment integrations, customizable invoices, business management platform, api documentation, compliance solutions, payment history tracking, customer management, smart terminals, payment links and buttons, credit card processing, saas partner programs, risk mitigation, billing automation, customer success, sales support, white label payment solutions, full-service partnerships, payment attach rates, reconciliation tools, financial health monitoring, b2c, healthcare, finance, education, legal, non-profit, consumer products & retail, computer software, information technology & services, finance technology, consumer internet, consumers, internet, mobile, health care, health, wellness & fitness, hospital & health care, nonprofit organization management",http://www.linkedin.com/in/aliza-sharma,https://staxpayments.com,http://www.linkedin.com/company/staxpayments,https://www.facebook.com/fattmerchant/,https://twitter.com/fattmerchant?ref_src=twsrc%5Egoogle%7Ctwcamp%5Eserp%7Ctwgr%5Eauthor,Chicago,Illinois,United States,"618 E South St, Orlando, Florida, United States, 32801-2842",Orlando,Florida,United States,'+1 800-635-3545,"Google Search Console, Apple Business Manager, CloudFlare CDN, Cloudflare DNS, Apple School Manager, Amazon SES, Amazon Simple Email Service (Amazon SES), Mailchimp Mandrill, Mailchimp Transactional Email (formerly Mandrill), Microsoft Email Providers, Microsoft Exchange Online, Mimecast, Outlook, Microsoft 365, Microsoft 365 Apps & Services, Microsoft Exchange, Office365, CloudFlare Hosting, Microsoft Office 365, KnowBe4, CloudFlare, Amazon Route 53, React Redux, StackAdapt, Stax, Hubspot, Zendesk, Slack, WP Engine, Atlassian Cloud, Barracuda Networks, DoubleClick, Bing Ads, Linkedin Widget, Wistia, Facebook Login (Connect), Hotjar, Google AdSense, Google Tag Manager, ShareThis, Visual Website Optimizer, Mobile Friendly, Quantcast, Vimeo, AddThis, BuySellAds, Disqus, WordPress.org, Remote, Circle, AI, IoT, Toast, Amazon DynamoDB, Amazon EC2, Amazon GuardDuty, Amazon Kinesis, Amazon QuickSight, Amazon S3, Athena, Aurora, AWS Control Tower, AWS Glue Data Catalog, AWS IAM Identity Center, AWS Security Hub, AWS Transit Gateway, Atlassian Bitbucket, CDK, ConnectWise Control, ECS, GitHub Actions, Google AdWords Conversion, Lambda Cloud, Splunk, Terraform, Tor, Verizon WAF, Cypress, Playwright, Gemini, GitHub Copilot, Anthropic Claude, Datadog, AWS Trusted Advisor, Amazon Simple Queue Service (SQS), Capterra, ZoomInfo, , Kotlin, SWIFT, Kiosked, Android, LEAP, , Netskope, Zscaler, Okta, GitHub Enterprise, Snyk, SonarQube, Security, Jamf, Microsoft Intune, AWS WAF, AWS Shield, Tenable.sc, Qualys Penetration Testing, Anaplan, NetSuite, Vtiger for G Suite",9400000,263150000,Merger / Acquisition,0,2023-10-01T00:00:00+00:00,Stax (fattmerchant.com),Stax (fattmerchant.com),"",false,false,false,false,1,"7389, 7372","522320, 513210",6a3ae4ca0744f90001577a1b,6a3ae364352e20000c572cbc,6a3ae4ca0744f90001577a1b,"","","","","","","","","","","","",http://www.linkedin.com/in/aliza-sharma,""
Paula,Waddell,Director of Marketing,Motifworks Inc. - An Accion Labs Company,Motifworks,"",Unavailable,"","","","","",Director,Marketing,Marketing,chris.mcnulty@synozur.com,"","","",'+1 443-424-2340,"",false,Cold,Profile A - ISV Revenue & Marketing Leaders,"",chris.mcnulty@synozur.com,150,information technology & services,"data analytics, azuresmart, application innovation, cloud infrastructure migration, ios application development, microsoft net technologies, retail analytics, application development, sharepoint, artificial intelligence, azure, windows azure, microsoft partner, devops, cloud application development, sql server technologies, machine learning, gold partner, mobile application development, cloud scale analytics, microservices, azure consulting advisory, microsoft fabric, aks, kubernetes, applications modernization, sre, data engineering, microsoft azure, power bi, datawarehousing, microsoft copilot, android application development, cloud engineering, datalakehouse, containers, data platform modernization, product engineering, azure openai, devsecops, it services & it consulting, enterprise cloud solutions, azure blob storage, cloud governance, cloud security architecture, infra as code, cloud adoption, cloud native development, kubernetes on azure, cloud automation tools, healthcare, azure hybrid cloud, cloud migration, api and digital integration, infrastructure automation, azure multi-cloud strategy, azure cloud migration, big data analytics, cloud security best practices, azure functions, cloud service provider, cloud resource management, azure data lake, data and ai, azure synapse analytics, azure active directory, cloud security compliance, cloud security frameworks, cloud reliability, azure security center, azure policy, azure cost management, ai solutions, cloud migration strategy, azure data share, data strategies, azure backup and site recovery, azure devops, cloud service automation, cloud operations management, azure cloud governance, azure iot hub, cloud security solutions, cloud data platform, cloud migration services, azure purview, cloud monitoring and management, devops automation, azure cloud services, cloud security policies, azure logic apps, cloud consulting services, energy & utilities, azure security and compliance, cloud transformation, logistics, kubernetes consulting, software development, cloud strategy consulting, retail, sre services, cloud scalability solutions, digital transformation, azure arc, cloud automation, cloud operations, cloud cost optimization, consulting, azure monitor, cloud governance frameworks, cloud security tools, manufacturing, azure cloud security, azure resource manager, azure kubernetes service (aks), cloud deployment tools, business intelligence, cloud transformation services, microsoft azure partner, information technology, cloud strategy, application modernization, devops consulting, power bi consulting, azure stream analytics, customer engagement, cloud deployment automation, technology consulting, containerization, cloud security governance, cloud platform modernization, azure data factory, cloud infrastructure, cloud architecture, cloud security, cloud scalability, cloud infrastructure as code, financial services, cloud security assessment, azure virtual machines, azure cloud optimization, cloud cost management, cloud reliability engineering, computer systems design and related services, azure api management, b2b, automation, cloud compliance standards, azure sentinel, cloud performance optimization, azure cloud migration strategy, cloud security monitoring, services, cloud consulting, saas, finance, education, transportation & logistics, app development, apps, information technology & services, mobile app development, health care, health, wellness & fitness, hospital & health care, enterprise software, enterprises, computer software, mechanical or industrial engineering, analytics, management consulting, internet infrastructure, internet",http://www.linkedin.com/in/paulawaddell,https://motifworks.com,http://www.linkedin.com/company/motifworks,https://facebook.com/motifworks/,https://twitter.com/motifworks,Essex,Maryland,United States,"200 W Towsontown Blvd, Towson, Maryland, United States, 21204-5200",Towson,Maryland,United States,'+1 443-424-2340,"GoDaddy Domains, Sendgrid, Microsoft Exchange Online, Outlook, Microsoft 365, Microsoft 365 Apps & Services, Microsoft Exchange, Office365, Microsoft Office 365, Slack, Remote, AI",61000000,"","","","","","","",false,false,false,false,"",7375,54151,6a3ae4ca0744f90001577a53,6a3ae4cb0744f90001577af4,6a3ae4ca0744f90001577a53,"","","","","","","","","","","","",http://www.linkedin.com/in/paulawaddell,""
Stephanie,McColly,CMO & EOS Integrator,Crestwood Associates,Crestwood Associates,smccolly@crestwood.com,Verified,Apollo,Apollo,"","",2026-05-25T11:52:21+00:00,C suite,"C-Suite, Marketing","Marketing Executive, Marketing",chris.mcnulty@synozur.com,"","","",'+1 847-394-8820,"",false,Cold,Profile A - ISV Revenue & Marketing Leaders,"",chris.mcnulty@synozur.com,85,information technology & services,"microsoft dynamics crm, microsoft dynamics sl, acumatica, erp solutions, reporting & analytics, microsoft power platform power automate, microsoft dynamics gp, greentree, application development, scribe integrations, erp advisory & selection support, cloud solutions provider, manufacturing erp & planning, power apps, finance process automation ap, microsoft dynamics 365, construction erp & project accounting, erp support & managed services, integrations & data migration, edi & trading partner automation, close, ecommerce, acumatica the cloud erp, dynamics gp modernization, distribution erp & inventory management, ar, erp implementation & project recovery, erp roi analysis, erp for professional services, cloud erp, erp add-ons, erp consulting, cloud infrastructure, business growth, erp consulting services, e-commerce, scalability, b2b, erp integration, gp modernization, erp for manufacturing, microsoft azure, erp, erp implementation, software development, functionality enhancements, acumatica partner, data security, migrate gp to bc, erp roi, erp for inventory control, automation workflows, real-time analytics, business intelligence, computer systems design and related services, erp support, professional services erp, construction erp, microsoft entra id, microsoft purview, erp for small business, erp for project management, professional services, services, erp training, retail, business process automation, erp for smbs, distribution erp, supply chain management, cloud hosting, cloud erp security, erp for construction, microsoft partner, erp for distribution, erp integrations with ecommerce, manufacturing erp, dynamics 365 bc, consulting, industry-specific erp, erp extended processes, migrate gp to acumatica, predictive analytics, project management, erp for supply chain, erp customization, construction, erp customization services, erp cloud hosting, erp strategy, manufacturing, security & identity, distribution, business automation, erp modernization hub, erp support portal, erp migration, erp modernization, inventory management, app development, apps, information technology & services, consumer internet, consumers, internet, enterprise software, enterprises, computer software, internet infrastructure, computer & network security, analytics, professional training & coaching, logistics & supply chain, cloud computing, productivity, mechanical or industrial engineering",http://www.linkedin.com/in/stephaniemccolly,https://crestwood.com,http://www.linkedin.com/company/crestwood-associates-llc,https://facebook.com/CrestwoodAssoc,https://twitter.com/CrestwoodAssoc,Austin,Texas,United States,"8891 Brighton Ln, Bonita Springs, Florida, United States, 34135-7514",Bonita Springs,Florida,United States,'+1 847-394-8820,"Rackspace MailGun, Outlook, Google Cloud Hosting, DemandBase, Flywheel, React, Slack, Hubspot, Google Identity Services APIs, Google Analytics 4 (GA4), Wordpress, Google Sign-In, HubSpot Marketing Hub, Viewport Meta, Bootstrap Framework, Mobile Friendly, Google Tag Manager, Google Ads, Jetpack, Google Ads Conversion, Google Search Console, WordPress.org, Elementor, Microsoft Sql Server, Remote, Acumatica, Micro, Microsoft 365, REST, LinkedIn Ads, Frame, .NET, Javascript, TypeScript, Visual Studio, Microsoft SQL Server Reporting Services, SS&C, Microsoft Dynamics 365",16100000,"","","","","","","",false,false,false,false,"",7375,54151,6a3ae4cb0744f90001577a63,6a3ae4cb0744f90001577afc,6a3ae4cb0744f90001577a63,"","","","","","","","","","","","",http://www.linkedin.com/in/stephaniemccolly,""
Ellie,Mansour,Director of Marketing,Choice Solutions,Choice Solutions,emansour@choicesolutions.com,Verified,Apollo,Apollo,"",Not Catch-all,2026-06-22T13:39:54+00:00,Director,Marketing,Marketing,chris.mcnulty@synozur.com,"","","",'+1 463-202-7662,"",false,Cold,Profile A - ISV Revenue & Marketing Leaders,"",chris.mcnulty@synozur.com,170,information technology & services,"business process automation, managed security services, managed citrix services, hybrid cloud architectures, nutanix partner, private cloud, enterprise cloud, always on architecture, digital platforms, outsourced monitoring amp support, automated it services & service architecture, microsoft partner, cloud strategy solutions, digital workspace, desktop as a service, hybrid cloud solutions, security, citrix support, managed it services, end user computing, managed cloud services, wireless network, outsourced monitoring support, risk security, citrix services, next generation infrastucture, managed services, human capital management ecosystems, adaptive security architecture, mobile workspace, digital workplace management, professional services, outsourced monitoring & support, cloud computing, advisory services, citrix, business continuity disaster recovery, risk & security, virtualization, enterprise mobility, business continuity storage, security compliance, predictive analytics, automated it services service architecture, digital workplace, microsoft infrastructure, risk amp security, web scale, citrix service provider, automated it services amp service architecture, it services & it consulting, professional training & coaching, enterprise software, enterprises, computer software, information technology & services, b2b",http://www.linkedin.com/in/ellie-mansour-6a081975,https://choicesolutions.com,http://www.linkedin.com/company/choice-solutions,https://facebook.com/choicesolutions,https://twitter.com/choicesolutions,Overland Park,Kansas,United States,"7015 College Boulevard, Leawood, Kansas, United States, 66211",Leawood,Kansas,United States,'+1 463-202-7662,"Google Search Console, GoDaddy Domains, Microsoft Exchange Online, Outlook, Microsoft 365, Microsoft 365 Apps & Services, Microsoft Exchange, Office365, Microsoft Office 365, Proofpoint, Proofpoint Email Security and Protection, Flywheel, Citrix, Hubspot, Slack, ZoomInfo DaaS, HubSpot Marketing Hub, Mobile Friendly, WordPress.org, Akismet, Gravity Forms, Google Tag Manager, YouTube, reCAPTCHA, Viewport Meta, Google Ads, Google Ads Conversion, ZoomInfo Sales, AIOSEO, ZoomInfo, Wordpress, AI, AWS VPN, Route, Onit, UPS, Amazon Linux 2, Nutanix, Gem",35000000,"","","","","","","",false,false,false,false,"","7373, 7379","541512, 541519",6a3ae4cb0744f90001577a6d,6a3ae4cb0744f90001577ad0,6a3ae4cb0744f90001577a6d,"","","","","","","","","","","","",http://www.linkedin.com/in/ellie-mansour-6a081975,""
Peeyush,Srivastava,VP-Sales,Concetto Labs : Microsoft Solutions Partner,Concetto Labs,peeyush@concettolabs.com,Verified,Apollo,Apollo,"","",2026-06-11T09:19:12+00:00,Vp,Sales,Sales,chris.mcnulty@synozur.com,"","","",'+1 903-200-8801,"",false,Cold,Profile A - ISV Revenue & Marketing Leaders,"",chris.mcnulty@synozur.com,75,information technology & services,"mobile app development, laravel development, angularjs development, flutter app development, hire flutter developer, net core development, powerapps development, dynamics 365 development, react js development company, node js development company, android app development company, iphone app development company, power bi development company, power automate agency, aspnet mvc development, software development company, hire qa, dynamics 365 crm, dynamics 365 bc, dynamics nav, dynamics crm, it services & it consulting, ai software development, ai in game development, retail, ai consulting services, powerapps portfolio, ai in content personalization, software development, web apps portfolio, power bi, consulting services, ai in content creation, chatgpt integration, ai in sports, natural language processing, ai in advertising, power automate, computer vision services, ai in music composition, ai in multilingual content, devops services, robotic process automation, information technology and services, erp, microsoft power apps, microsoft dynamics 365 crm, nft portfolio, ai in media, it services, workflow automation, b2b, dynamics 365, .net core development, ai in insurance, azure cloud services, ai in healthcare, ai based ecommerce app, e-commerce, microsoft office add-ins, customer relationship management, ai in video editing, microsoft solutions partner, ai solutions, ai in manufacturing, microsoft azure, d2c, power platform, enterprise software, ai in banking, ai in video streaming, digital transformation, innovation, ai in education, crm, services, custom software development, sharepoint development, consulting, generative ai development, ai agent development, add-ins portfolio, ai and machine learning, ai & ml development, cloud services, computer vision, custom application development, computer systems design and related services, ai in content moderation, ai in media and entertainment, machine learning, web app development, ui/ux design, power bi consulting, software testing services, microsoft dynamics 365, healthcare app development, ecommerce app development, integration services, on-demand service apps, education app development, live streaming app development, ai & ml solutions, react native development, angular development, php development, asp.net development, blockchain development, nft development, generative ai services, automation testing, quality assurance, iot app development, enterprise application development, cross-platform development, azure development, azure devops, web portal development, wordpress development, responsive web design, performance optimization, database management services, security testing services, custom integrations, digital marketing solutions, end-to-end solutions, app maintenance services, code review services, client-centered solutions, quality engineering services, data analytics solutions, game development services, healthcare, finance, education, non-profit, manufacturing, distribution, consumer_products_retail, transportation_logistics, energy_utilities, construction_real_estate, information technology & services, management consulting, artificial intelligence, consumer internet, consumers, internet, sales, enterprises, computer software, cloud computing, web design, design, health care, health, wellness & fitness, hospital & health care, financial services, nonprofit organization management, mechanical or industrial engineering",http://www.linkedin.com/in/peeyush-srivastava-0a79982a,https://concettolabs.com,http://www.linkedin.com/company/concetto-labs-private-limited,https://www.facebook.com/concettolabs/,https://twitter.com/concettolabs,Broomfield,Colorado,United States,"4811 N Harding Ave, Chicago, Illinois, United States, 60625-6209",Chicago,Illinois,United States,'+1 903-200-8801,"Amazon CloudFront, Amazon Route 53, Gmail, Outlook, Google Apps, Amazon AWS, Hubspot, Slack, Ubuntu, Google Tag Manager, YouTube, Mobile Friendly, Facebook Custom Audiences, Bing Ads, reCAPTCHA, WordPress.org, Apache, OpenSSL, Facebook Widget, Android, Remote, AI, Microsoft.NET Core 3.1, ASP.NET, Javascript, jQuery, Bootstrap, FlipHTML5, Frame, SignalR, Postman, Microsoft SQL Server Reporting Services, PostgreSQL, Microsoft Power Apps, Microsoft Power Automate, DATAVERSE LTD, Microsoft Power Platform AI Builder, Microsoft Sharepoint, Dynamics 365 CRM, Microsoft Power Platform, Gem, Mode, SAP, Azure Functions, Azure Logic Apps, GoToAssist, .NET, Blazor, C#, Secured MVC Forum on Windows 2012 R2, MAUI, WCF, Linq, Azure Web Apps, Azure Key Vault, Azure AD Notifications, Azure Devops, Azure OpenAI Service, ChatGPT, SAP Crystal Reports, GitHub, Crossfuze TFS Integration, Apache Subversion (SVN) Server on Ubuntu 18.04 LTS, Jira, Angular, CSS, Progress Kendo UI, Progress Telerik, MongoDB, MySQL, Amazon S3, Amazon EC2, Amazon Simple Email Service (Amazon SES)",310000,"","","","","","","",false,false,false,false,"",7375,54151,6a3ae364352e20000c572c94,6a3ae364352e20000c572cbf,6a3ae364352e20000c572c94,"","","","","","","","","","","","",http://www.linkedin.com/in/peeyush-srivastava-0a79982a,""
Nicole,Pezent,Vice President of Sales,Level Data,Level Data,npezent@leveldata.com,Verified,Apollo,Apollo,"","",2026-06-02T00:14:44+00:00,Vp,Sales,Sales,chris.mcnulty@synozur.com,"","","",'+1 269-488-2050,"",false,Cold,Profile A - ISV Revenue & Marketing Leaders,"",chris.mcnulty@synozur.com,96,education management,"realtime reporting, return on investment, address verification, multifactor authentication, special education compliance tracking, account provisioning, iep alignment, single signon, teacher coaching, state data validation, active directory student sync, powerschool premiere isv partner, k12 data analytics, education, workflow automation, funding maximization, analytics, professional development tools, district resource management, operational efficiency, classroom observation platform, services, data synchronization, talent management, sis data validation, data standardization, data quality improvement, government, teacher coaching platform, real-time error detection, data accuracy, student demographic validation, district-wide data unification, error trend reporting, special education compliance tools, teacher effectiveness analytics, data analytics, teacher professional growth tracking, data validation, return on instruction (roi), educational support services, student information system (sis), b2b, data-driven decision making, data integration, error correction automation, resource allocation analysis, educational analytics, district data management, compliance reporting, system integration, special education management, address validation, risk management, real-time validation, credential and licensing management, data security, compliance monitoring, data management, automated data correction, state reporting compliance, information technology & services, enterprise software, enterprises, computer software, computer & network security",http://www.linkedin.com/in/npezentgk12,https://leveldata.com,http://www.linkedin.com/company/leveldata,https://facebook.com/leveldata,https://twitter.com/level_data,Huntsville,Alabama,United States,"6850 Stadium Dr, Kalamazoo, Michigan, United States, 49009",Kalamazoo,Michigan,United States,'+1 269-488-2050,"Google Search Console, Apple Business Manager, Apple School Manager, Amazon SES, Amazon Simple Email Service (Amazon SES), Sendgrid, Twilio SendGrid Email API, Microsoft Exchange Online, Mimecast, Outlook, Microsoft 365, Microsoft 365 Apps & Services, Microsoft Exchange, Office365, Microsoft Office 365, Zendesk, SMTP.com, Microsoft Email Providers, Amazon AWS, Google Workspace, Amazon Route 53, Amazon Route 53, Gmail, Amazon AWS, Google Apps, Sage Intacct, Hubspot, Slack, Salesforce, Mobile Friendly, WordPress.org, Viewport Meta, Google Font API, HubSpot Marketing Hub, Cloudflare Rocket Loader, Wordpress, Visual Composer, Hotjar, Wistia, Yoast, DoubleClick, Google Tag Manager, Google Analytics, Gong, Remote, Circle, IoT, AI, Android, Node.js, Chili Piper, Pendo., Terminus",12500000,"",Merger / Acquisition,0,2024-11-01T00:00:00+00:00,"","","",false,false,false,false,"",7375,"611710, 513210",6a3ae364352e20000c572c97,6a3ae364352e20000c572cc2,6a3ae364352e20000c572c97,"","","","","","","","","","","","",http://www.linkedin.com/in/npezentgk12,""
Amy,Lascola,"Vice President, Sales and Recruiting",Veridic Solutions,Veridic Solutions,amylascola@veridicsolutions.com,Verified,Apollo,Apollo,"",Not Catch-all,2026-06-15T09:41:23+00:00,Vp,"Human Resources, Sales","Recruiting & Talent Acquisition, Sales",chris.mcnulty@synozur.com,"","","","","",false,Cold,Profile A - ISV Revenue & Marketing Leaders,"",chris.mcnulty@synozur.com,100,information technology & services,"it solutions, data engineering, salesforce, ai, application development, remote infrastructure, application development maintenance, microsoft partner, devops, cloud, dev ops, outsourcing, azure, software product development, gcp, internet technologies, industrial automation, aws, qa testing, microsoft technologies, application development amp maintenance, cybersecurity, it services & it consulting, b2b, information technology and services, it service provider, digital transformation, cloud architecture design, migration planning, it talent sourcing, business analysts, data analytics, cloud engineers, high-demand it skills, aws cloud experts, specialized it staffing, it consulting, cloud migration, quality assurance testers, it workforce management, cloud architects, data engineers, custom software, mvp development, data science, it workforce solutions, enterprise it talent, it project support, ai developers, it immigration support, it project staffing, it talent acquisition, security managers, it skill sets, mobile developers, cloud consulting, ai security specialists, financial services, innovation, telecommunications, devops engineers, it recruitment, complex digital projects, cybersecurity analysts, software engineering, workflow automation, cloud computing, cloud infrastructure, it solutions provider, cloud architecture, azure cloud specialists, managed services, managed services provider, niche it skills, migration services, digital transformation services, business intelligence, services, devops implementation, it staffing, it talent support, healthcare, computer systems design and related services, cloud services, consulting, managed it services, high-demand skills, software architects, data management, enterprise it solutions, foreign worker recruitment, technology, managed it, it staffing solutions, gcp cloud engineers, specialized it talent, technology consulting, data scientists, nlp engineers, devops engineering, cloud development, on-demand talent, aws certification, gcp certification, azure certification, devops expertise, product delivery teams, managed agile teams, outsourced development, minimum viable product, cross-domain expertise, technical talent, agile methodologies, continuous training, security and ip protection, cloud-based solutions, full stack development, java development, technical project management, it governance, employee upskilling, remote work, collaboration tools, hardware integration, real-time data monitoring, data mining, communication skills, java full stack developers, data acquisition platform, ai/ml experts, mobile application integration, saas solutions, multithreaded user interface, it consultancy, project management tools, software design, quality assurance, risk management frameworks, cloud project execution, innovative technology solutions, app development, apps, software development, information technology & services, mechanical or industrial engineering, management consulting, enterprise software, enterprises, computer software, internet infrastructure, internet, analytics, staffing & recruiting, health care, health, wellness & fitness, hospital & health care",http://www.linkedin.com/in/amylascola,https://veridicsolutions.com,http://www.linkedin.com/company/veridic-solutions,https://facebook.com/veridicsolutions,"",Irving,New York,United States,"5600 Tennyson Parkway, Plano, Texas, United States, 75024",Plano,Texas,United States,"","GoDaddy Domains, Microsoft Exchange Online, Outlook, Microsoft 365, Microsoft 365 Apps & Services, Microsoft Exchange, Office365, JobDiva, StackAdapt, Slack, Squarespace ECommerce, Typekit, Google Tag Manager, Mobile Friendly, Docker, Micro, Snowflake, Node.js, Android, Azure Devops, Databricks, React Native, Remote, AI, AWS SDK for JavaScript, C#, IBM Db2 for Linux, UNIX, and Microsoft Windows, Microsoft SQL Server Reporting Services, Microsoft Windows 10, .NET, PostgreSQL, SimCorp Gain, VMware, Windows 11, React, Express, Javascript, TypeScript, MongoDB, AWS Trusted Advisor, Amazon Simple Queue Service (SQS), Amazon Kinesis, REST, Red Hat JBoss Enterprise SOA Platform, Oracle XML DB, Oracle JDBC, MySQL, JWT, Oracle Passlogix, SAM, OpenID, GitHub, Atlassian Bitbucket, Subversion, Jenkins, Amazon CloudWatch, AWS CodeDeploy, MySQL, Datawrapper, Mag+, Oracle Analytics Cloud, Azure Logic Apps, Box, Dropbox, Egnyte, Microsoft Azure Monitor, Microsoft Defender for Identity, Microsoft Graph, Microsoft OneDrive for Business, Microsoft Power Apps, Microsoft PowerShell, Microsoft Purview eDiscovery, Microsoft Teams Rooms, Microsoft Sharepoint","","",Private Equity,"",2021-09-01T00:00:00+00:00,"","","",false,false,false,false,"",7375,"561311, 541512",6a3ae4ca0744f90001577a5d,6a3ae4cb0744f90001577af8,6a3ae4ca0744f90001577a5d,"","","","","","","","","","","","",http://www.linkedin.com/in/amylascola,""
Max,Donaldson,Vice President of Sales,Interlink Cloud Advisors,Interlink Cloud Advisors,maxd@interlink.com,Verified,Apollo,Apollo,"","",2026-05-26T15:18:44+00:00,Vp,Sales,Sales,chris.mcnulty@synozur.com,"","","",'+1 800-900-1150,"",false,Cold,Profile A - ISV Revenue & Marketing Leaders,"",chris.mcnulty@synozur.com,67,information technology & services,"endpoint detection & response, identity, microsoft cloud services, office 365, cloud infrastructure, data management, it support, employee productivity, integration, collaboration, modern workplace, power platform, security, microsoft funding, artificial intelligence, microsoft licensing, low code no code, managed services, microsoft azure, user adoption, microsoft 365, change management, it services & it consulting, cloud migrations, technical deployments, ai integration, microsoft partner, intune, consulting, retail, services, sccm, support & training, azure virtual desktop, incentives management, mobility solutions, education, hybrid cloud, compliance management, non-profit, distribution, csp licensing programs, b2b, bundled offerings, mergers & acquisitions, enterprise security, computer systems design and related services, security & compliance, manufacturing, hybrid use benefit, roi modeling, azure, microsoft funding utilization, security and compliance in projects, information technology, healthcare, defender, employee engagement, roi, office 365 support, azure active directory, financial services, webinars & resources, cost optimization, azure landing zones, sentinel, data security, microsoft licensing rules, productivity tools, finance, enterprise software, enterprises, computer software, information technology & services, internet infrastructure, internet, nonprofit organization management, mechanical or industrial engineering, health care, health, wellness & fitness, hospital & health care, computer & network security",http://www.linkedin.com/in/max-donaldson-41b26a13,https://interlink.com,http://www.linkedin.com/company/interlinkcloudadvisors,https://facebook.com/InterlinkCloudAdvisors,https://twitter.com/interlinkcloud,"","",United States,"3510 Irwin Simpson Rd, Mason, Ohio, United States, 45040",Mason,Ohio,United States,'+1 800-900-1150,"Google Search Console, GoDaddy Domains, Microsoft Exchange Online, Outlook, Microsoft 365, Microsoft 365 Apps & Services, Microsoft Exchange, Office365, Microsoft Email Providers, GoDaddy Hosting, Microsoft Office 365, Amazon AWS, Slack, Salesforce, Hubspot, Google Analytics 4 (GA4), Google Analytics, Mobile Friendly, LinkedIn Ads, Linkedin Marketing Solutions, Google Tag Manager, Viewport Meta, HubSpot Content Hub, Data Analytics, Remote, AI, Microsoft Exchange Server 2003, Microsoft Azure Monitor, Microsoft Defender for Cloud, Azure Sentinel, Azure Information Protection, Azure Active Directory, Micro, Copilot, Lytics, Microsoft Fabric, Databricks, IBM Data Warehouse, Azure Data Factory, Azure Synapse, Databricks, Apache Spark, PySpark, Apache Spark SQL, MySQL, Power BI Documenter, Azure Analysis Services, Microsoft Power Apps, Microsoft Power Automate, GitHub Pages, Azure Functions, Javascript, C#, Excel4Apps, Google AdWords Conversion, Cisco WebEx Teams, Zen Planner, Microsoft PowerPoint",6400000,"",Merger / Acquisition,0,1998-06-01T00:00:00+00:00,"","","",false,false,false,false,"",7375,54151,6a3ae3326b65610018076cbf,6a3ae3336b65610018076cc5,6a3ae3326b65610018076cbf,"","","","","","","","","","","","",http://www.linkedin.com/in/max-donaldson-41b26a13,""
Vicky,Conlee,Vice President -Sales and Distribution,MagTek,MagTek,vicky.conlee@magtek.com,Verified,Apollo,Apollo,"","",2026-06-08T16:13:35+00:00,Vp,"Operations, Sales","Supply Chain, Sales",chris.mcnulty@synozur.com,"","","",'+1 562-546-6400,"",false,Cold,Profile A - ISV Revenue & Marketing Leaders,"",chris.mcnulty@synozur.com,230,mechanical or industrial engineering,"esignature application, mobile card readers, magnetic stripe card readers, software, unattended, credential authentication, pos peripherals, secure card readers, payment gateway, card personalization, contactless payments, emv payments, mpos, mobile payments, ios card readers, magnesafe pos, point of sale, ecommerce, android card readers, check scanners, magneprint, emv card readers, tokenization, pin selection, esignature & pay application, data security, counterfeit detection, selfservice, isv, manufacturing, b2b, ecommerce security, payment processing, retail, fraud detection, government, access control solutions, mobile pos devices, private messaging security, device integration, magnesafe security architecture, customer engagement, access control, tokenization services, oem components and customization, computer and peripheral equipment manufacturing, custom oem solutions, banking, e-commerce, payments, d2c, secure card issuance, hardware manufacturing, secure transaction solutions, card readers and check scanners, emv and nfc technology, oem/manufacturing, payment security, encryption and tokenization, transportation, services, unattended kiosk hardware, healthcare, data encryption, secure payment hardware, oem, payment, security, encryption, pci dss, emv, nfc, contactless, information technology & services, internet, financial services, pos, enterprise software, enterprises, computer software, consumer internet, consumers, computer & network security, mechanical or industrial engineering, health care, health, wellness & fitness, hospital & health care, semiconductors, hardware",http://www.linkedin.com/in/vicky-conlee-a385637,https://magtek.com,http://www.linkedin.com/company/magtek,https://facebook.com/magtekcorp/,https://twitter.com/magtek,Auburn,California,United States,"1710 Apollo Court, Seal Beach, California, United States, 90740",Seal Beach,California,United States,'+1 562-546-6400,"DNS Made Easy, Mimecast, Microsoft Office 365, Brightcove, Hubspot, Slack, Google Analytics, Mobile Friendly, YouTube, reCAPTCHA, Google Analytics 4 (GA4), Google Search Console, Viewport Meta, D3js, Google Tag Manager, HubSpot Marketing Hub, Remote, C#, OrCAD Capture",16600000,"","","","","","","",false,false,false,false,"",3671,"334118, 518210",6a3ae4ca0744f90001577a29,6a3ae4cb0744f90001577acd,6a3ae4ca0744f90001577a29,"","","","","","","","","","","","",http://www.linkedin.com/in/vicky-conlee-a385637,""
Scott,Ender,"Senior Vice President, Sales Revenue & Operations",Stax Payments,Stax Payments,scott.ender@staxpayments.com,Verified,Apollo,Apollo,"","",2026-06-08T14:47:51+00:00,Vp,"Operations, Sales","Operations, Revenue Operations, Sales",chris.mcnulty@synozur.com,"","","",'+1 800-635-3545,"",false,Cold,Profile A - ISV Revenue & Marketing Leaders,"",chris.mcnulty@synozur.com,280,financial services,"payment technology, merchant services, recurring billing, enterprise, surcharging, saas, technology, payments, small business growth, payment processor, billing, integrated payments, large business, paymentprocessor, financial, isv, vertical saas, small & medium businesses, surcharging solutions, payment gateway automation, white-label payments, e-commerce payments, retail, payment gateway api, api integration, payment gateway security, operational efficiency, payment gateway, payment gateway management, financial services, embedded payments, payment innovation, surcharging compliance, payment gateway compliance, payment infrastructure, software development, payment ecosystem, payment processing software, payment risk controls, payment integration, pci compliance, payment gateway reporting, risk management, merchant onboarding, financial reporting, services, payment industry, fintech, payment reporting, payment gateway scalability, payment automation, payment data analytics, payment lifecycle management, payment support, payment reconciliation tools, payment security, payment scalability, data analytics, e-commerce, d2c, saas payments, payment compliance, transaction management, fraud prevention, financial transactions processing, reserve, and clearinghouse activities, payment processing, payment reconciliation, payment gateway analytics, b2b, payment analytics, payment gateway support, payment gateway customization, payment platform, payment apis, subscription billing, mobile payments, customer service, merchant accounts, omnichannel payments, multi-channel payments, payment gateway integration, information technology, payment fraud detection, payment solutions, payment orchestration, automated billing, payment gateways, multi-channel payment solutions, saas payment solutions, saas platforms, invoicing solutions, in-person payments, payment optimization, card processing, surcharging programs, transparent pricing, payment integrations, customizable invoices, business management platform, api documentation, compliance solutions, payment history tracking, customer management, smart terminals, payment links and buttons, credit card processing, saas partner programs, risk mitigation, billing automation, customer success, sales support, white label payment solutions, full-service partnerships, payment attach rates, reconciliation tools, financial health monitoring, b2c, healthcare, finance, education, legal, non-profit, consumer products & retail, computer software, information technology & services, finance technology, consumer internet, consumers, internet, mobile, health care, health, wellness & fitness, hospital & health care, nonprofit organization management",http://www.linkedin.com/in/scott-ender-0ba2672,https://staxpayments.com,http://www.linkedin.com/company/staxpayments,https://www.facebook.com/fattmerchant/,https://twitter.com/fattmerchant?ref_src=twsrc%5Egoogle%7Ctwcamp%5Eserp%7Ctwgr%5Eauthor,Atlanta,Georgia,United States,"618 E South St, Orlando, Florida, United States, 32801-2842",Orlando,Florida,United States,'+1 800-635-3545,"Google Search Console, Apple Business Manager, CloudFlare CDN, Cloudflare DNS, Apple School Manager, Amazon SES, Amazon Simple Email Service (Amazon SES), Mailchimp Mandrill, Mailchimp Transactional Email (formerly Mandrill), Microsoft Email Providers, Microsoft Exchange Online, Mimecast, Outlook, Microsoft 365, Microsoft 365 Apps & Services, Microsoft Exchange, Office365, CloudFlare Hosting, Microsoft Office 365, KnowBe4, CloudFlare, Amazon Route 53, React Redux, StackAdapt, Stax, Hubspot, Zendesk, Slack, WP Engine, Atlassian Cloud, Barracuda Networks, DoubleClick, Bing Ads, Linkedin Widget, Wistia, Facebook Login (Connect), Hotjar, Google AdSense, Google Tag Manager, ShareThis, Visual Website Optimizer, Mobile Friendly, Quantcast, Vimeo, AddThis, BuySellAds, Disqus, WordPress.org, Remote, Circle, AI, IoT, Toast, Amazon DynamoDB, Amazon EC2, Amazon GuardDuty, Amazon Kinesis, Amazon QuickSight, Amazon S3, Athena, Aurora, AWS Control Tower, AWS Glue Data Catalog, AWS IAM Identity Center, AWS Security Hub, AWS Transit Gateway, Atlassian Bitbucket, CDK, ConnectWise Control, ECS, GitHub Actions, Google AdWords Conversion, Lambda Cloud, Splunk, Terraform, Tor, Verizon WAF, Cypress, Playwright, Gemini, GitHub Copilot, Anthropic Claude, Datadog, AWS Trusted Advisor, Amazon Simple Queue Service (SQS), Capterra, ZoomInfo, , Kotlin, SWIFT, Kiosked, Android, LEAP, , Netskope, Zscaler, Okta, GitHub Enterprise, Snyk, SonarQube, Security, Jamf, Microsoft Intune, AWS WAF, AWS Shield, Tenable.sc, Qualys Penetration Testing, Anaplan, NetSuite, Vtiger for G Suite",9400000,263150000,Merger / Acquisition,0,2023-10-01T00:00:00+00:00,Stax (fattmerchant.com),Stax (fattmerchant.com),"",false,false,false,false,1,"7389, 7372","522320, 513210",6a3ae4ca0744f90001577a56,6a3ae364352e20000c572cbc,6a3ae4ca0744f90001577a56,"","","","","","","","","","","","",http://www.linkedin.com/in/scott-ender-0ba2672,""
Dana,Steinlage,Partner / Executive VP Sales,Choice Solutions,Choice Solutions,dsteinlage@choicesolutions.com,Verified,Apollo,Apollo,"",Not Catch-all,2026-06-23T19:55:59+00:00,Partner,Sales,Sales,chris.mcnulty@synozur.com,"","","",'+1 463-202-7662,"",false,Cold,Profile A - ISV Revenue & Marketing Leaders,"",chris.mcnulty@synozur.com,170,information technology & services,"business process automation, managed security services, managed citrix services, hybrid cloud architectures, nutanix partner, private cloud, enterprise cloud, always on architecture, digital platforms, outsourced monitoring amp support, automated it services & service architecture, microsoft partner, cloud strategy solutions, digital workspace, desktop as a service, hybrid cloud solutions, security, citrix support, managed it services, end user computing, managed cloud services, wireless network, outsourced monitoring support, risk security, citrix services, next generation infrastucture, managed services, human capital management ecosystems, adaptive security architecture, mobile workspace, digital workplace management, professional services, outsourced monitoring & support, cloud computing, advisory services, citrix, business continuity disaster recovery, risk & security, virtualization, enterprise mobility, business continuity storage, security compliance, predictive analytics, automated it services service architecture, digital workplace, microsoft infrastructure, risk amp security, web scale, citrix service provider, automated it services amp service architecture, it services & it consulting, professional training & coaching, enterprise software, enterprises, computer software, information technology & services, b2b",http://www.linkedin.com/in/dana-steinlage-9081226,https://choicesolutions.com,http://www.linkedin.com/company/choice-solutions,https://facebook.com/choicesolutions,https://twitter.com/choicesolutions,Leawood,Kansas,United States,"7015 College Boulevard, Leawood, Kansas, United States, 66211",Leawood,Kansas,United States,'+1 463-202-7662,"Google Search Console, GoDaddy Domains, Microsoft Exchange Online, Outlook, Microsoft 365, Microsoft 365 Apps & Services, Microsoft Exchange, Office365, Microsoft Office 365, Proofpoint, Proofpoint Email Security and Protection, Flywheel, Citrix, Hubspot, Slack, ZoomInfo DaaS, HubSpot Marketing Hub, Mobile Friendly, WordPress.org, Akismet, Gravity Forms, Google Tag Manager, YouTube, reCAPTCHA, Viewport Meta, Google Ads, Google Ads Conversion, ZoomInfo Sales, AIOSEO, ZoomInfo, Wordpress, AI, AWS VPN, Route, Onit, UPS, Amazon Linux 2, Nutanix, Gem",35000000,"","","","","","","",false,false,false,false,"","7373, 7379","541512, 541519",6a3ae4ca0744f90001577a1a,6a3ae4cb0744f90001577ad0,6a3ae4ca0744f90001577a1a,"","","","","","","","","","","","",http://www.linkedin.com/in/dana-steinlage-9081226,""
Mingji,Gao,Marketing Manager,MIRACLE GAMES INC,MIRACLE GAMES,"",Unavailable,"","","","","",Manager,Marketing,Marketing,chris.mcnulty@synozur.com,"","","",'+86 10 8589 5781,"",false,Cold,Profile A - ISV Revenue & Marketing Leaders,"",chris.mcnulty@synozur.com,83,computer games,"uwp, payment functions, data analysis, microsoft store publisher, game publishing, sdk, industry report, advertising services, developer tools, windows applications platforms, developer services, game center, promotion resources, multi-platform support, html5 support, gift code distribution, consulting, payment integration, services, cocos2d-x support, microsoft store, advertising platform, game distribution, real-time data, sdk download, social community system, advertising formats, application store, community system, developer cooperation, digital advertising, unity support, big data statistics, mobile app development, data analytics, monetization sdk, exclusive promotion resources, automatic save, sdk platform, intermodal cooperation, b2b, game release, web search portals, libraries, archives, and other information services, customer service, software development, eu qualification certification, payment channels, mediation services, global market analysis, user data statistics, ranking tracking, community building, user portrait, gwgc - global windows game conference, unreal engine, global agent, payment processing, version migration support, advertising monetization, cross-platform support, microsoft isv partner, finance, distribution, marketing & advertising, enterprise software, enterprises, computer software, information technology & services, financial services",http://www.linkedin.com/in/%e9%93%ad%e5%9f%ba-%e9%ab%98-0b5596269,https://mguwp.net,http://www.linkedin.com/company/miracle-games-inc,https://www.facebook.com/MiracleGamesAppStore/,https://twitter.com/mguwp,Columbus,Ohio,United States,"Beijing, Beijing, China",Beijing,Beijing,China,'+86 10 8589 5781,"Slack, Google AdSense, Mobile Friendly, Nginx, Multilingual, Baidu, Baidu Ads, J2EE, Google Tag Manager, Java EE, AI, Unity, Cocos2d, FlipHTML5","",1380000,Series A,1380000,2016-05-01T00:00:00+00:00,"","","",false,false,false,false,"","3571, 7372","519, 51321",6a3ae4ca0744f90001577a4b,6a3ae4cb0744f90001577af0,6a3ae4ca0744f90001577a4b,"","","","","","","","","","","","",http://www.linkedin.com/in/%e9%93%ad%e5%9f%ba-%e9%ab%98-0b5596269,""
Jenny,Morgan,Marketing,Agile Technologies,Agile,"",Unavailable,"","","","","",Entry,Marketing,Marketing,chris.mcnulty@synozur.com,"","","",'+1 949-454-8030,"",false,Cold,Profile A - ISV Revenue & Marketing Leaders,"",chris.mcnulty@synozur.com,55,information technology & services,"devops, microsoft partner, technology solutions, business intelligence, azure services, deloitte partner, alm consulting, crm dynamics, big data, technology consulting, outsystems partner, data analytics, it services & it consulting, analytics, information technology & services, enterprise software, enterprises, computer software, b2b, management consulting",http://www.linkedin.com/in/jenny-morgan-ba9581a,https://agiletech.org,http://www.linkedin.com/company/aconff,"","",New York,New York,United States,"Cairo Governorate, Egypt","",Cairo Governorate,Egypt,'+1 949-454-8030,"Google Workspace, ZoneEdit, Gmail, Google Apps, Google Search Console, ASP.NET, Microsoft-IIS",27431000,"","","","","","","",false,false,false,false,"",3537,"",6a3ae4ca0744f90001577a27,6a3ae4cb0744f90001577ad7,6a3ae4ca0744f90001577a27,"","","","","","","","","","","","",http://www.linkedin.com/in/jenny-morgan-ba9581a,""
Deepak,Das,Senior Vice President of Global Sales,Lumovy Technology Solutions,Lumovy Technology Solutions,deepak.das@lumovy.com,Verified,Apollo,Apollo,"","",2026-06-20T14:39:21+00:00,Vp,Sales,Sales,chris.mcnulty@synozur.com,"","","",'+1 971-800-2378,"",false,Cold,"Profile A - ISV Revenue & Marketing Leaders, Profile B - SI Revenue & Marketing Leaders","",chris.mcnulty@synozur.com,260,information technology & services,"quality engineering, microsoft dynamics 365, azure cloud development, d365 commerce, performance engineering, it services & it consulting, system integration, microsoft partner solutions, digital transformation, real-time data insights, software development, operational efficiency, erp implementation, cloud services, finance solutions, crm for retail, business scalability, power platform, dynamics 365 customization, it project management, information technology and services, it infrastructure, supply chain analytics, cloud migration, cloud security, cloud-native applications, customer engagement, business process reengineering, software testing, custom software, it consulting, customer experience, predictive analytics, financial process automation, cloud computing, customer data platform, microsoft cloud ecosystem, network design, automation testing tools, cybersecurity, azure cloud, technology consulting, system upgrades, it maintenance, it deployment, technology disruption, business analytics, erp, it advisory, digital ecosystem, help desk services, innovation-driven, cloud-based erp, supply chain management, cloud infrastructure management, business intelligence, azure cloud deployment, erp for manufacturing, web application development, data-driven decision making, business automation, microsoft ecosystem, data security, data analytics, seamless integration, computer systems design and related services, technical support, crm, system support, business process automation, hybrid cloud solutions, consulting services, customer journey mapping, remote it management, unified commerce, enterprise resource planning, it modernization, enterprise solutions, customer-centric solutions, system optimization, digital workflow automation, ai integration, b2b, finance, consulting, services, information technology & services, enterprise software, enterprises, computer software, management consulting, logistics & supply chain, analytics, web development, computer & network security, sales, financial services",http://www.linkedin.com/in/deepakdas,https://lumovy.com,http://www.linkedin.com/company/lumovytechnology,"","",New York,New York,United States,"10260 SW Greenburg Rd, Portland, Oregon, United States, 97223-1404",Portland,Oregon,United States,'+1 971-800-2378,"SiteGround, SiteGround DNS, Microsoft Email Providers, Microsoft Exchange Online, Outlook, Microsoft 365, Microsoft 365 Apps & Services, Microsoft Exchange, Office365, Microsoft Office 365, Microsoft Dynamics 365 Finance, Microsoft Dynamics 365 Commerce, Microsoft Dynamics 365 Retail, Postpresso, Microsoft Dynamics 365, Microsoft Word, Microsoft PowerPoint, Visio, Frame, Microsoft.NET Core 3.1, C#, ASP.NET, MySQL, Google AdWords Conversion, Gem, Excel4Apps, Power BI Documenter, MySQL, , Microsoft Power Platform, Microsoft Azure Monitor, Microsoft Power Apps, Microsoft Power Automate, PowerBI Tiles, , Microsoft Sharepoint, ADP Applicant Tracking System, DotNetNuke, Azure Analysis Services, Azure Devops, Azure Functions, Azure AD Notifications, Backblaze Computer Backup, , Git, Microsoft PowerShell, Bash, Microsoft Dynamics 365 Supply Chain Management, Copilot, GitHub Pages, React, Azure Logic Apps, DATAVERSE LTD, Next.js, Azure Data Factory, Azure Synapse Analytics, Databricks, Azure OpenAI Service, Azure AI Search, Visual Composer, Knockout.js, TypeScript, Expo, NeoData, Microsoft Dynamics 365 for Sales, .NET, Tor, Blue Yonder Order Management, Oracle Warehouse Management Cloud, Cisco SD-WAN, Dynamics 365 Customer Insights, Micro, Google Cloud, Kubernetes, Ning, IoT, MercuryGate TMS, Javascript, Microsoft SQL Server Reporting Services, Google Analytics, Microsoft Dynamics 365 CE, .GIS, Jira, FlipHTML5, Nevron Vision for SSRS","","","","","","","","",false,false,false,false,"","7375, 7371, 8742","541512, 541611",6a3ae4ca0744f90001577a3c,6a3ae4cb0744f90001577ae4,6a3ae4ca0744f90001577a3c,007.deepak.das@gmail.com,Apollo,Verified,Apollo,"","","","","","","","",http://www.linkedin.com/in/deepakdas,""
Ryan,Freilino,"Chief Revenue Officer, North America",CloudKeeper,CloudKeeper,ryan.freilino@cloudkeeper.com,Verified,Apollo,Apollo,"",Not Catch-all,2026-05-28T20:07:20+00:00,C suite,"C-Suite, Sales","Sales Leader, Revenue Operations",chris.mcnulty@synozur.com,"","","","","",false,Cold,Profile A - ISV Revenue & Marketing Leaders,"",chris.mcnulty@synozur.com,250,information technology & services,"cloud optimization, cloud cost analytics, ai based cloud optimization, certified cloud experts, finops support services, guaranteed savings on aws, cloud consulting, google cloud, save cloud costs, cloudconsulting, cloudmanagement, aws enterprise discount program, google cloud experts, aws, azure, aws well architected reviews, aws migration, cloud, cloud cost optimization, aws experts, gcp well architected framework reviews, cloud usage optimization, cloudspendmanagement, cloud cost management, devops consulting, gcp migration, 24x7 cloud support, technology, information & internet, cloud cost governance, cloud cost management platform, cloud cost visibility platform, multi-cloud management, cloud spend visibility, cloud cost recommendations, cloud cost solutions, multi-cloud cost management, cloud spend forecasting, cloud spend analytics, cloud resource tagging and chargeback, cloud cost analytics platform, cloud resource tagging, aws cost savings, cloud spend analysis, cloud cost anomaly detection, computer systems design and related services, cloud resource utilization, information technology and services, cloud cost visibility, b2b, cloud resource utilization optimization, cloud cost control solutions, cloud migration planning, cloud modernization strategies, cloud cost control, cloud financial governance, cost anomaly detection, reserved instance management, ai-powered cloud cost optimization, cloud cost transparency, cloud cost management for retail, cloud migration support, cloud cost management for education, cloud cost control tools, cloud cost intelligence platform, cloud cost savings automation, cloud resource right-sizing, cloud support services, finops, automated resource scheduling, cloud cost reduction automation, cloud cost optimization tools, cloud cost management for saas, cloud computing, cloud cost monitoring, cloud savings, cloud cost reduction strategies, cloud cost intelligence, cloud spend optimization, cloud resource optimization, cloud cost efficiency, cloud cost management solutions, cloud cost platform, cloud cost management for enterprise, cloud cost management for fintech, cloud cost reporting tools, cloud cost automation, software as a service, cloud visibility, cloud modernization, cloud cost tools, cloud migration cost optimization, cloud cost automation tools, cloud cost management for media, cloud cost recommendations platform, cloud spend analytics dashboard, cloud spend management, cloud cost reduction, cloud cost management for healthcare, cloud cost reporting, cloud cost monitoring tools, cloud cost management services, services, cloud financial management, consulting, cloud cost strategies, ai-driven optimization, retail, cloud cost visibility tools, finops consulting, cloud management, ai-based reservation management, cloud migration services, devops expertise, resource optimization, custom pricing models, aws edp enhancements, cost allocation solutions, expert cloud guidance, multi-cloud strategies, cloud performance monitoring, savings plans management, aws ri management, usage optimization recommendations, tagging and chargeback, cloud cost forecasting, data transfer optimization, continuous cost auditing, tailored cloud solutions, optimized usage policies, comprehensive cloud analytics, saas and isv support, 24/7 personalized support, cloud visibility tools, well-architected reviews, seamless cloud migration, technology-savvy leadership, automated cost recommendations, group buying benefits, budget monitoring and alerts, cloud resource governance, integrated cost management, predictive cost analysis, automated reporting dashboards, cloud billing partner support, client-centric cost strategies, dynamic resource allocation, cost effective architecture planning, cloud partnership alliances, expert consulting services, e-commerce, healthcare, finance, education, information technology & services, enterprise software, enterprises, computer software, saas, consumer internet, consumers, internet, health care, health, wellness & fitness, hospital & health care, financial services",http://www.linkedin.com/in/ryanfreilino,https://cloudkeeper.com,http://www.linkedin.com/company/cloudkeeper,"","",Pittsburgh,Pennsylvania,United States,"3 Shenton Way, Singapore, Singapore, Singapore, 068805",Singapore,Singapore,Singapore,"","Amazon CloudFront, Amazon Route 53, Amazon SES, Gmail, Google Apps, Microsoft Office 365, Zendesk, Amazon AWS, Google Search Console, Google Workspace, GoDaddy Domains, GoDaddy Hosting, Amazon Simple Email Service (Amazon SES), SendInBlue, Hubspot, Slack, Salesforce, React Redux, Microsoft Advertising, HREF Lang, HubSpot Marketing Hub, Viewport Meta, Nginx, Ubuntu, Mobile Friendly, Google Tag Manager, Taboola, Bing Ads, YouTube, AI, AWS Analytics, IBM ILOG CPLEX Optimization Studio, Azure Analysis Services, Google Cloud, ebs, Angular Material, REST, Backblaze Computer Backup, Microsoft Entra ID, Microsoft Azure Monitor, Azure Log Analytics, Act!, Azure Cost Management, Azure Key Vault, Python, Terraform, Bicep, Microsoft Azure Hosting, LangGraph, Langchain, React, Angular, ember.js, MySQL, MongoDB, Snowflake, Redis, Drools, AWS Trusted Advisor, TypeScript, AWS SDK for JavaScript, Spring Boot, Kubernetes, Amazon EKS Anywhere, IBM Storage Suite for IBM Cloud Paks, Google Kubernetes Engine (GKE), Google, LinkedIn Ads, ZoomInfo, Google Compute Engine, Google Cloud BigQuery, Google Cloud Functions, Google Cloud Run, Google Cloud Deployment Manager, TrakSYS, AWS Fargate, Autopilot, HELM, .NET, SAP, ClickHouse, Apache, NATS, GRPC, Buffer, Amazon EC2, Amazon S3, Amazon CloudWatch, Sage, Microsoft Azure Monitor, BILL, Prometheus, AWS CloudFormation, Frame, Docker, Google Kubernetes Engine (GKE), Oracle Cloud Infrastructure Identity and Access Management, Hibernate, Google Cloud, HTML5 Maker, CSS, Javascript, ADP Applicant Tracking System, Azure Linux Virtual Machines, Azure Virtual Machine Scale Sets, Azure App Service, Azure Virtual Network, AWS Application Load Balancer, Azure Application Gateway, Azure Blob Storage, Azure Files, Azure SQL Database, Azure Active Directory",200000000,"","","","","","","",false,false,false,false,"","7375, 7372, 7371","51321, 541512",6a3ae4ca0744f90001577a4d,6a3ae4cb0744f90001577aea,6a3ae4ca0744f90001577a4d,rfreilino@gmail.com,Apollo,Verified,Apollo,"","","","","","","","",http://www.linkedin.com/in/ryanfreilino,""
Chris,Carter,Executive Vice President of Sales and Marketing,Ciellos,Ciellos,chris.carter@ciellos.com,Verified,Apollo,Apollo,"","",2026-06-06T02:51:26+00:00,Vp,"Marketing, Sales","Marketing, Sales",chris.mcnulty@synozur.com,"","","",'+1 770-799-8565,"",false,Cold,Profile A - ISV Revenue & Marketing Leaders,"",chris.mcnulty@synozur.com,180,information technology & services,"support, development, azure micro services, copilot, systems cloud migration, systems implementation, microsoft appsource readiness, microsoft azure, microsoft sharepoint, business systems consulting, microsoft dynamics ax nav crm, software lifecycle management, dynamics ax nav crm, microsoft dataverse, microsoft dynamics 365, upgrade, azure devops, product builds, microsoft dynamics 365 for financials & operations, ai, machine learning, devops, microsoft dynamics 365 finance & supply chain management, microsoft dynamics 365 customer engagement, power platform, azure logic apps, cloud migrations, azure, microsoft dynamics 365 business central, implementation & support, generative ai, system integration services, erp migration services, ai and data structuring, services, ai builder, dynamics 365 for finance and supply chain, dynamics 365 isv enablement, global project delivery, ai and machine learning, ai accelerators, cloud migration and modernization, ai for dynamics 365, system integration, information technology and services, microsoft ecosystem support, microsoft incentives and recognition, erp implementations, product development, dynamics upgrades, consulting services, azure services, technology consulting, ai-driven product development, b2b, microsoft ai for productivity, microsoft ai accelerators, financial services, ai training and coaching, cloud migration, partner support, project governance and methodology, power bi, microsoft partner support, dynamics 365 customer engagement, erp migration, dynamics 365 for finance and supply chain migration, microsoft partner programs, legacy product modernization, ai strategy and roadmap, dynamics 365 cloud migration, dynamics 365 development center, computer systems design and related services, dynamics 365 for customer engagement, system assessment and planning, dynamics 365 for human resources, azure openai, microsoft isv development, dynamics 365 business central, app development, dynamics 365 consulting, cloud solutions, ai solutions, business intelligence, project management, power apps, microsoft dynamics modernization center, customer engagement, product modernization, microsoft partner incentives, microsoft ecosystem expertise, consulting, ai structuring unstructured data, ai proof of concept, software development, finance, distribution, artificial intelligence, information technology & services, management consulting, apps, cloud computing, enterprise software, enterprises, computer software, analytics, productivity",http://www.linkedin.com/in/chriscarteratl,https://ciellos.com,http://www.linkedin.com/company/ciellos,https://facebook.com/ciellosinc,"",Atlanta,Georgia,United States,"1509 Johnson Ferry Rd, Marietta, Georgia, United States, 30062-8105",Marietta,Georgia,United States,'+1 770-799-8565,"Google Search Console, CloudFlare CDN, Cloudflare DNS, GoDaddy Domains, Microsoft Email Providers, Microsoft Exchange Online, Outlook, Microsoft 365, Microsoft 365 Apps & Services, Microsoft Exchange, Office365, CloudFlare Hosting, GoDaddy Hosting, Microsoft Office 365, CloudFlare, Slack, Viewport Meta, Webflow, Hubspot, Mobile Friendly, Varnish, Google Analytics 4 (GA4), Google Analytics, Webflow Hosting, Wix, Google Tag Manager, Lever, HubSpot Marketing Hub, Amazon CloudFront, , Microsoft Power Platform, Microsoft Azure Monitor, Copilot, AI, Certinia Professional Services Automation, Gem, Netcore Customer Engagement and Experience Platform, , Microsoft Dynamics 365 Finance, X (Twitter), Microsoft Power Automate, Azure Logic Apps, Vonage Conversational Commerce (formerly jumper.ai), GitHub Copilot, SS&C, Microsoft Dynamics 365 Customer Engagement, Azure Analysis Services, CallMiner Eureka, Javascript, .NET, MySQL, Git, Docker, Microsoft PowerShell, Azure Functions, Azure Service Bus, Microsoft Dynamics, Microsoft Dynamics NAV, Azure Devops, , Microsoft Power Apps, Power BI Documenter, DATAVERSE LTD, Azure Service Fabric, Microsoft SQL Server Integration Services, Microsoft Power Platform AI Builder, Azure OpenAI Service, Flow",23000000,"","","","","","","",false,false,false,false,"","7375, 7373, 8742","541512, 541611",6a3ae4ca0744f90001577a54,6a3ae4cb0744f90001577af5,6a3ae4ca0744f90001577a54,"","","","","","","","","","","","",http://www.linkedin.com/in/chriscarteratl,""
Pearl,Cai,Sales and Marketing,LTS,LTS,pearl.cai@leotechnosoft.net,Verified,Apollo,Apollo,"",Not Catch-all,2026-06-03T10:27:51+00:00,Entry,"Marketing, Sales","Marketing, Sales",chris.mcnulty@synozur.com,"","","",'+1 310-291-8788,"",false,Cold,Profile A - ISV Revenue & Marketing Leaders,"",chris.mcnulty@synozur.com,170,information technology & services,"saas product development, custom security solutions, partner product development, saas multi tenant framework, product engineering, net application development, sharepoint development, it services, mobility, angular js, offshore software development, cloud services, saas, internet of things, cloud infrastructure, enterprise software, software, information technology, it services & it consulting, technology, information & internet, custom software development, data security solutions, microsoft cloud, operational efficiency, microsoft technologies, cloud computing, natural language processing, business intelligence platforms, ai and ml models, devops automation, ai lab innovations, mobile app development, industry solutions, data analytics, saas-fication, big data, startups, retail and e-commerce, ui/ux design, app integrations, open source technologies, iot solutions, digital transformation consulting, ai automation, retail, healthcare technology, data security, manufacturing, cyber security solutions, blockchain, app development, healthcare, industry-specific solutions, it automation tools, ai and data science, security monitoring & response, startups support, ai lab, cybersecurity, data science, vapt, automation, rpa workflow management, e-commerce, mobility services, iot mobility, customer engagement, saas enablement, digital transformation, data lake, machine learning, data lake architecture, saas framework, open source, data analytics tools, soc as a service, financial services, security testing, cloud security, consulting, cybersecurity benchmarking, startup mentoring programs, software development, startup accelerator, cloud technologies, app security testing, vapt testing, gamification platforms, iot connectivity, ai for healthcare, services, industry-specific software, data protection, open source data tools, bespoke software solutions, d2c, blockchain development, mobility strategy, data science algorithms, gamification & e-learning, industry-specific saas solutions, security monitoring, devops for saas, custom saas framework, transportation and logistics, real estate, it automation, cyber security frameworks, startup support, security benchmarking, business intelligence, data encryption, blockchain for startups, digital transformation tools, ai and machine learning, it security, information technology and services, blockchain for business, iot mobility solutions, web development, it security audits, cloud migration, ai-driven automation, cyber threat detection, data privacy compliance, gamification in education, technology consulting, computer systems design and related services, iot data analytics, b2b, custom software, devops, it consulting, automation for business processes, cybersecurity solutions, gamification, robotic process automation, rpa solutions, artificial intelligence, cloud solutions, saas development, iot services, gamification strategies, mobile strategy, workflow management, data lake solutions, generative ai, security assessments, end-to-end it solutions, bomt model, digital content solutions, client data protection, managed it services, e-learning platforms, service innovation, application integrations, public and private cloud, blockchain applications, elastic search, apache kafka, healthcare it solutions, retail technology, isv support, multi-tenant saas, incident response, vapt services, enterprise solutions, industry-specific services, client engagement tools, finance, education, non-profit, distribution, consumer_products_retail, transportation_logistics, energy_utilities, construction_real_estate, information technology & services, enterprises, computer software, internet infrastructure, internet, computer & network security, mechanical or industrial engineering, apps, health care, health, wellness & fitness, hospital & health care, consumer internet, consumers, analytics, management consulting, nonprofit organization management",http://www.linkedin.com/in/pearl-cai-64b68138,https://leotechnosoft.net,http://www.linkedin.com/company/leotechnosoft,https://facebook.com/pages/Leo-Technosoft/191017030962646,https://twitter.com/Leo_Technosoft,Princeton,New Jersey,United States,"13547 Ventura Blvd, Los Angeles, California, United States, 91423-3825",Los Angeles,California,United States,'+1 310-291-8788,"GoDaddy Hosting, Google Search Console, Wordpress, Google Font API, YouTube, Google Tag Manager, Apache, Mobile Friendly, Cloudflare Bot Management, Visual Composer, WordPress.org, Bing Webmaster Tools, Elementor, Bootstrap Framework, Viewport Meta, C#, ASP.NET, Secured MVC Forum on Windows 2012 R2, Javascript, jQuery, Microsoft SQL Server Reporting Services, Oracle Analytics Cloud, MySQL, Frame, Linq, Angular, Kubernetes, Azure Service Fabric, Azure Devops, Visual Studio, FlipHTML5, CSS, Sass, .NET, DotNetNuke, C#, Microsoft Entity Framework, HTML5 Maker",21800000,"","","","","","","",false,false,false,false,"",7375,"541511, 541512",6a3ae4ca0744f90001577a5e,6a3ae4cb0744f90001577af9,6a3ae4ca0744f90001577a5e,"","","","","","","","","","","","",http://www.linkedin.com/in/pearl-cai-64b68138,""
Adam,Soyer,"VP of Sales Strategy, Digital Transformation Solutions",Ascend Technologies,Ascend,asoyer@teamascend.com,Verified,Apollo,Apollo,"","",2026-06-03T01:33:36+00:00,Vp,"Engineering & Technical, Information Technology, Operations, Sales","Digital Transformation, IT Strategy, Corporate Strategy, Sales",chris.mcnulty@synozur.com,"","","",'+1 773-241-3007,"",false,Cold,"Profile A - ISV Revenue & Marketing Leaders, Profile B - SI Revenue & Marketing Leaders","",chris.mcnulty@synozur.com,300,information technology & services,"content filtering, ethical hacking, service desk, incident response, data management, o365, manufacturing industry, vpns, managed services, cloud infrastructure management, penetration testing, firewalls, risk assessment, managed security services, social engineering, cybersecurity, azure, intrusion prevention, hubspot partner, fortinet, salesforce management, aws, healthcare industry, salesforce consulting, microsoft security, pci, financial industry, security awareness training, security bundles, vulnerability assessments, application management, private equity industry, mdr, xdr, microsoft partner, salesforce partner, private cloud, project management, small & medium businesses, it services & it consulting, cloud deployment, vulnerability management, mfa solutions, ransomware protection, threat intelligence feeds, cloud security architecture, it consulting, threat hunting, compliance, security monitoring, client success, certifications, cloud solutions, healthcare, security analytics, risk management, cloud migration, security incident management, security compliance frameworks, it support, it solutions, legal, mfa, vciso, partnerships, cloud support, security monitoring tools, security compliance, it optimization, it management, data protection, security policy development, security frameworks, cloud migration services, cybersecurity tools, it strategy, process optimization, enterprise security, vciso services, operational efficiency, phishing prevention, security training, hybrid cloud, zero trust security, cloud computing, cyber threat hunting, digital transformation, salesforce solutions, business continuity, security information and event management, cyber threat detection, managed private data center, compliance audits, enterprise it, consulting, it infrastructure, managed it services, dark web monitoring, application development, identity and access management, network security, it governance, identity management, vcio, security awareness, manufacturing, identity protection, security orchestration, cybersecurity maturity model, security operations center, security automation tools, security policy, information technology, cybersecurity services, security reporting, threat intelligence, security incident response, security operations, threat detection, enterprise software, security risk assessment, managed detection response, technology consulting, it assessment, salesforce services, cloud assessment, compliance management, cloud infrastructure, security assessments, security operations automation, industry awards, cloud security, financial services, endpoint detection and response, it support services, cloud security assessment, endpoint security, incident response planning, computer systems design and related services, it infrastructure management, cybersecurity solutions, b2b, cloud security posture management, cyber resilience, security automation, digital workplace, services, healthcare consulting, microsoft 365 management, 24/7 support desk, compliance solutions, security awareness programs, remote it support, assessment services, managed detection and response, multi-factor authentication, data backup and recovery, infrastructure assessment, it strategy planning, emr support, practice workflow analysis, information blocking assessment, email security, phishing protection, cybersecurity assessments, business continuity planning, privacy compliance, hipaa services, cloud access security broker, data loss prevention, technical support services, client relationship management, strategic it partnership, finance, computer & network security, information technology & services, productivity, management consulting, enterprises, computer software, health care, health, wellness & fitness, hospital & health care, app development, apps, software development, privacy, mechanical or industrial engineering, internet infrastructure, internet",http://www.linkedin.com/in/asoyer,https://teamascend.com,http://www.linkedin.com/company/teamascend,https://facebook.com/Switchfast,https://twitter.com/switchfast,Des Moines,Iowa,United States,"200 W Adams St, Chicago, Illinois, United States, 60606-0001",Chicago,Illinois,United States,'+1 773-241-3007,"Salesforce, Cloudflare DNS, Sendgrid, ExactTarget, Outlook, Microsoft Office 365, CloudFlare Hosting, Sage Intacct, Sophos, Hubspot, Slack, WP Engine, Google Tag Manager, Facebook for Business, Astra WordPress Theme, YouTube, HubSpot Marketing Hub, Facebook Widget, Adobe Fonts, Meta Ads, Wordpress, Facebook Pixel, Meta Ads Manager, WordPress.org, Viewport Meta, Facebook Custom Audiences, Mobile Friendly, Facebook Meta, Cloudflare Rocket Loader, Typekit, Yoast, Facebook Login (Connect), CookieYes, Google Analytics, Google Font API, Nginx, Google Maps, Bootstrap Framework, Remote, IoT, AI, QuickBooks",35000000,"","","","","","","",false,false,false,false,"","7371, 7373, 7379","541512, 541513",6a3ae4ca0744f90001577a34,6a3ae4cb0744f90001577ad9,6a3ae4ca0744f90001577a34,"","","","","","","","","","","","",http://www.linkedin.com/in/asoyer,""
Melissa,Foy,Partner Marketing Manager,Cintra: The Multi-Cloud Database Architects,Cintra,mfoy@cintra.com,Verified,Apollo,Apollo,"",Catch-all,2026-06-01T09:48:08+00:00,Partner,Marketing,Marketing,chris.mcnulty@synozur.com,"","","",'+1 212-481-6501,"",false,Cold,Profile A - ISV Revenue & Marketing Leaders,"",chris.mcnulty@synozur.com,200,information technology & services,"cloud migration, google bigquery, oracle cloud infrastructure, google cloud, microsoft azure, multicloud, bi reporting solutions, rapid discovery, independent software vendor transformation, postgresql, database security, sql server solutions, database architecture services, oracle performanceoptimization, mongodb, aws, oracle cloud, oracle ebusiness suite, managed services, remote dba services, oracle licensing, oracle engineered systems, oracle database, oracle licensing & solutions, microsoft sql server, architecture design, private & hybrid cloud, it services & it consulting, cloud platform support, cloud resource scaling, cloud infrastructure management, cost reduction strategies, cloud security and compliance, cloud platform integration, database cost analysis, database assessment tools, enterprise software, cloud automation platforms, cloud migration support, cloud migration planning, cloud workload migration, database discovery tools, cloud platform migration support, cloud infrastructure, cloud cost savings, performance optimization, cloud cost savings strategies, database modernization, cloud workload assessment, database discovery, database support services, cloud financial modeling, database performance optimization, database licensing optimization, cloud workload management, database support consulting, digital transformation, database licensing, database health and performance monitoring, cloud migration risk mitigation, enterprise workload migration, financial services, cloud support services, computer systems design and related services, business intelligence, multi-cloud licensing support, cloud cost analysis, proactive database management, managed database services, database support, enterprise cloud support, cloud service provider support, data analytics, cloud resource optimization, cloud migration risk management, enterprise cloud transformation, cloud cost tracking, consulting, cloud migration services, enterprise database management, information technology and services, performance tuning in cloud, cloud infrastructure security, database assessment, cloud adoption acceleration, cloud infrastructure optimization, database health monitoring, cloud cost management, b2b, multi-cloud database architecture, cloud security compliance, database exit strategies, cloud cost optimization, services, cloud security, cloud automation, database performance tuning, oracle database migration, database discovery and assessment, cloud automation tools, multi-cloud support, cloud infrastructure support, database exit strategy, database support and maintenance, cloud resource management, project management, enterprise database solutions, cloud infrastructure automation, database support for regulated industries, cloud financial analysis, healthcare, cloud computing, operational efficiency, performance tuning, cost management, database management, application modernization, multi-cloud architecture, legacy systems support, oracle database optimization, cost savings, performance improvement, 24x7 monitoring, proactive maintenance, migration readiness assessment, audit compliance, technical debt reduction, scalable cloud solutions, optimization services, risk mitigation, zero downtime migration, consultative approach, strategic licensing advice, business transformation, technical advisory, seamless integration, customer success stories, best practices in migration, expert database support, cloud optimization, secure database architecture, database scalability, continuous monitoring services, custom discovery tools, modern application architecture, flexibility in cloud choices, migration acceleration, service level agreements, automated database management, business process optimization, saas migration, data integrity assurance, user experience enhancement, performance analytics, client-centric solutions, legacy modernization strategy, data compliance, technology partnerships, strategic risk management, finance, information technology & services, enterprises, computer software, internet infrastructure, internet, analytics, productivity, health care, health, wellness & fitness, hospital & health care",http://www.linkedin.com/in/melissa-foy-25448513,https://cintra.com,http://www.linkedin.com/company/cintra-software-and-services,"",https://twitter.com/cintrasoftware,New York,New York,United States,"3 Park Ave, New York, New York, United States, 10016-0015",New York,New York,United States,'+1 212-481-6501,"Barracuda MSP, Google Search Central, Google Search Console, Atlassian Cloud, Barracuda Spam Firewall, Barracuda Email Security Service, Microsoft Email Providers, Microsoft Exchange Online, Outlook, Atlassian, Microsoft 365, Microsoft 365 Apps & Services, Microsoft Exchange, Office365, Microsoft Office 365, Barracuda Networks, Amazon AWS, WP Engine, Slack, Adobe Fonts, Typekit, Nginx, Viewport Meta, Google Tag Manager, Mobile Friendly, Stitch, Remote, Oracle Analytics Cloud, AWS Trusted Advisor, Microsoft Azure Monitor, Oracle Cloud Infrastructure, Amazon AWS, Amazon SES, Microsoft Excel, OneTrust Tech Risk & Compliance, Google Cloud, Microsoft Sharepoint, Freshservice, TUNE, Apple macOS, AWS Analytics, Amazon Associates, Azure Analysis Services, IBM ILOG CPLEX Optimization Studio, Docker, Kubernetes, Oracle E Business Suite, ebs, Oracle Cloud, ACL, Oracle GoldenGate, Oracle RAC One Node, Oracle Enterprise Manager, Microsoft Sql Server, Microsoft Entra ID, Microsoft OneDrive, Cisco WebEx Teams, Azure Purview, Google Cloud Data Loss Prevention, Taboola Newsroom, Oracle Database, Oracle Real Application Clusters, Oracle Database 19c",45000000,"","","","",Tenzing (tenzing.pe),Tenzing (tenzing.pe),"",false,false,false,false,"","7375, 7371, 8742","541512, 541513, 541611",6a3ae4ca0744f90001577a42,6a3ae4cb0744f90001577ae9,6a3ae4ca0744f90001577a42,"","","","","","","","","","","","",http://www.linkedin.com/in/melissa-foy-25448513,""
Lewis,Coburn,Director of Marketing,Kocho,Kocho,lewis.coburn@kocho.co.uk,Verified,Apollo,Apollo,"","",2026-06-07T02:59:39+00:00,Director,Marketing,Marketing,chris.mcnulty@synozur.com,"","","",'+44 800 044 5009,"",false,Cold,"Profile A - ISV Revenue & Marketing Leaders, Profile B - SI Revenue & Marketing Leaders","",chris.mcnulty@synozur.com,300,information technology & services,"cyber security, enterprise identity, partner identity, security operations, compliance, cybersecurity, governance, azure, managed security operations, detection & response, endpoint security, identity governance, managed services, identity & access, cloud transformation, secure remote working, data security, information protection, business transformation, ai & data analytics, mssp, it consulting, customer identity, msp, device management, microsoft csp, threat protection, identity, it support, microsoft partner, microsoft 365, secops, managed it services, it services & it consulting, education, security solutions, identity data privacy, manufacturing, data protection, ai security, compliance management, microsoft entra id, risk management policies, b2c, multi-factor authentication, identity verification, services, healthcare, user-owned identities, risk-based policies, identity policy enforcement, information technology and services, cloud computing, identity audit trails, retail, single sign-on, identity management, identity risk assessment, security operations center, azure ad, identity analytics, b2b, identity and access management (iam), identity lifecycle management, decentralised identity, computer systems design and related services, identity compliance, legal services, cloud security, threat detection, privileged access management (pam), external user access, identity governance automation, microsoft security, consulting, government, mobile threat defence, blockchain identity, cloud modernization, logistics, financial services, microsoft verified id, finance, legal, non-profit, distribution, transportation & logistics, computer & network security, information technology & services, management consulting, mechanical or industrial engineering, health care, health, wellness & fitness, hospital & health care, enterprise software, enterprises, computer software, privacy, nonprofit organization management",http://www.linkedin.com/in/lewiscoburn,https://kocho.co.uk,http://www.linkedin.com/company/kocho,https://facebook.com/KochoTech/,https://twitter.com/KochoTech,Newport,Rhode Island,United States,"81 High Holborn, London, England, United Kingdom, WC1V 6",London,England,United Kingdom,'+44 800 044 5009,"Google Search Central, Google Search Console, Sage Intacct, CloudFlare CDN, Salesforce, Salesforce Sales Cloud, Cloudflare DNS, Mailchimp Mandrill, Mailchimp Transactional Email (formerly Mandrill), Microsoft Email Providers, Microsoft Exchange Online, Outlook, Microsoft 365, Microsoft 365 Apps & Services, Microsoft Exchange, Office365, CloudFlare Hosting, Microsoft Office 365, CloudFlare, Apple Business Manager, Apple School Manager, Pardot, OneTrust, BambooHR, Hubspot, WP Engine, Cloudflare Rocket Loader, Wordpress, webpack, Viewport Meta, Yoast, YouTube, Typekit, Adobe Fonts, Google Tag Manager, WordPress.org, Mobile Friendly, PrimeNG, Remote, AI, Microsoft Windows Server 2012, Azure Linux Virtual Machines, Unix, SolarWinds RMM, Micro, Azure Logic Apps, Azure Functions, Microsoft Entra, Ning, Workday, SAP, Microsoft Power Automate, Microsoft PowerShell, Gem, Flow, Reviews, ServiceNow, SAP SuccessFactors Learning, Microsoft Identity Manager, Sage, Excel4Apps, Microsoft Entra ID, Azure Virtual Machines, Azure Virtual Desktop, Azure Key Vault, Azure Bastion, Azure Policy, Azure Storage Explorer, Azure Active Directory, Azure Multi-Factor Authentication, Azure Load Balancer, Azure Application Gateway, Azure Backup, CAT, Microsoft Active Directory Federation Services, Microsoft Intune Enterprise Application Management, Microsoft Entra External ID","","",Merger / Acquisition,0,2022-10-01T00:00:00+00:00,"","","",false,false,false,false,"",7375,"541512, 541513",6a3ae4ca0744f90001577a51,6a3ae4cb0744f90001577af3,6a3ae4ca0744f90001577a51,lewiscoburn@hotmail.com,Apollo,Verified,Apollo,"","","","","","","","",http://www.linkedin.com/in/lewiscoburn,""
Alain,Laurent,Director of Sales and Marketing,ACD,ACD,"",Unavailable,"","","","","",Director,"Marketing, Sales","Marketing, Sales",chris.mcnulty@synozur.com,"","","",'+33 4 42 97 96 00,"",false,Cold,Profile A - ISV Revenue & Marketing Leaders,"",chris.mcnulty@synozur.com,300,information technology & services,"expert comptable, paie, ged, production, gestion, saas, services web, comptabilite, collaboratif, dematerialisation, grc, logiciels de gestion et de production, software development, overseas operations, software deployment, cloud computing, professional services, client relationship tools, user interface design, regulatory compliance, digital signature solutions, cloud-based fiscal management, white-label accounting software, collaborative software, software performance, financial data security, software support, customer relationship management, customizable software, sustainable business practices, custom module development, workflow optimization in accounting, client data management, integrated document archiving, digital transformation, financial management, compliance tracking software, third-party integrations, workflow management, integrated tax management, software reliability, social management, compliance management, social obligations management, software testing, user training, tax and fiscal software, user-friendly interface, agency network, automated reconciliation, french tech company, environmental sustainability, software validation, diversity and inclusion, real-time collaboration tools, digital document workflow, modular software, multi-platform software, software for professional accountants, automated document processing, software integration, business intelligence, digital workflow enhancement, expert accountant solutions, business process optimization, accounting management, software publishing, software suite, client file security, consulting, digital document classification, multi-device access, software security, online courses, data security, social management software, software maintenance, real-time data exchange, multi-client management, white-label solutions, mobile accounting app, client engagement tools, tax and social production, enterprise software, software updates, employee development culture, client data security, electronic document management, innovation, automated tax filing, social and fiscal reporting, enterprise resource planning (erp) for accounting, social reporting, digital document management, regulatory compliance solutions, digital transformation tools, b2b, over 40 years of experience, social media tools, accounting software, web-based software, cloud accounting, social and fiscal compliance, expert accountant tools, data backup, powerful management tools, csr initiatives, independent software vendor, software for accounting experts, online training, modular software solutions, customizable modules, automated social declarations, client service improvement, api integration, client portal, cloud accounting software, software publishers, accounting firms, collaborative platform, innovative digital tools, tax compliance, digital signature, workflow automation, integrated financial management, information technology and services, cloud hosting, services, software scalability, multi-user collaboration, digital transformation for accountants, secure file transfer, customer support, secure data exchange, regulatory reporting tools, software flexibility, automated reporting, real-time file sharing, digital workflow automation, cloud security standards, client relationship management, accounting workflow, software interoperability, multi-user access, document sharing, social media marketing, white-label software, digital signature integration, data analytics, third-party integration, secure data exchange protocols, cloud infrastructure for accounting, financial reporting, client collaboration, client data encryption, partner consultants, cloud-based accounting, regulatory compliance support, accounting automation, data encryption, software licensing, customizable user dashboards, expert-accountant tools, client file management, social obligations reporting, client communication platforms, accounting services, retail, secure client portals, french software publisher, social reporting automation, software customization, software for experts, expert-comptable, gestion de la relation client, gestion électronique de documents, production comptable, production fiscale, production sociale, gestion interne, comptabilité en ligne, suivi des affectations bancaires, suivi des comptes, suivi des factures, dépôts de documents, accès permanent aux documents, établissement des paies, espace salarié, solution collaborative, outil de gestion de projet, digitalisation, automatisation des processus, intégration de logiciels, formation en ligne, support technique, service client, accompagnement personnalisé, optimisation des processus, solutions marketing, conformité rgpd, intelligence artificielle en comptabilité, tableaux de bord, gestion des ressources humaines, audit et révision, numérisation de documents, identité numérique, signature électronique, services d'accompagnement, informatiques adaptées aux entreprises, plateforme de dématérialisation, assistance et maintenance, solutions sur mesure, interopérabilité des systèmes, performance opérationnelle, analyse de données professionnelles, finance, legal, non-profit, computer software, information technology & services, enterprises, professional training & coaching, crm, sales, analytics, computer & network security, consumer internet, consumers, internet, marketing & advertising, financial services, nonprofit organization management",http://www.linkedin.com/in/alain-laurent-b35a3415b,https://acd-groupe.fr,http://www.linkedin.com/company/acd-groupe,https://facebook.com/Logiciels.ACD.GROUPE,https://twitter.com/ACD_Groupe,Fort Lauderdale,Florida,United States,"18 Rue de la Milletiere, Tours, Centre-Val de Loire, France, 37100",Tours,Centre-Val de Loire,France,'+33 4 42 97 96 00,"OVHcloud, Mailgun, Rackspace MailGun, Microsoft Exchange Online, Outlook, Microsoft 365, Microsoft 365 Apps & Services, Microsoft Exchange, Office365, Zendesk, Microsoft Email Providers, OVH, OVH Hosting, Microsoft Office 365, Wordpress, Google Font API, reCAPTCHA, Vimeo, Visual Composer, Google Tag Manager, Viewport Meta, WordPress.org, Google Search Console, CookieYes, Mobile Friendly, Flatchr, MariaDB, MySQL",41000000,"",Merger / Acquisition,"",2026-04-01T00:00:00+00:00,"","","",false,false,false,false,"",7375,513210,6a3ae4ca0744f90001577a60,6a3ae4cb0744f90001577afa,6a3ae4ca0744f90001577a60,"","","","","","","","","","","","",http://www.linkedin.com/in/alain-laurent-b35a3415b,""
Patrick,Wilson,Marketing Manager,Shaligram Infotech,Shaligram Infotech,"",Unavailable,"","","","","",Manager,Marketing,Marketing,chris.mcnulty@synozur.com,"","","",'+91 96012 61243,"",false,Cold,"Profile A - ISV Revenue & Marketing Leaders, Profile B - SI Revenue & Marketing Leaders","",chris.mcnulty@synozur.com,280,information technology & services,"biztalk, alfresco, dynamics365, java, erp, dynamics 365, liferay, open source, cnn, full stack, ai agent, mobile app development, responsive website development, python, business central, power apps, fo, nlp, shopify, phone app development, aspnet, cnet, flutter, aiml, kmeans, rnn, web app developement, android app development, windows phone app development, sharepoint, vbnet, dynamics 365 crm, ann, wpf, react native, wordpress, ecommerce, web development, ios app development, crm, aspnet mvc, android, wcf, angular js, net core, mern stack, ios, xamarin, umbraco, html5, field service, pca, chat bot, mean stack, custom software development, usa, uk golf market (united kingdom), indian real estate, it services & it consulting, project management, real estate software, software engineering, it services, predictive analytics, app migration services, consulting, microservices, software architecture, software projects, software deployment, custom application, software testing, industry-specific software, devops, it outsourcing, software maintenance, services, digital transformation, software support, app migration, business process automation, financial services, agile development, software development lifecycle, information technology, fintech software, crm solutions, computer systems design and related services, cloud computing, software development company, enterprise software, software services, healthcare software, microsoft dynamics 365, product development, startups, full-stack development, app modernization, custom crm development, software development team, dynamics 365 business central, software solutions india, software consulting, cloud solutions, healthcare, cloud-native applications, custom software, software security, business consulting, erp development, retail ecommerce solutions, digital workplace solutions, software integration, cloud infrastructure, software consulting india, software testing automation, legacy system modernization, microsoft partner, iot integration, software performance, software modernization, software scalability, software project delivery, custom erp solutions, financial software, mobile solutions, retail & e-commerce, manufacturing automation, software solutions, it consulting, software design, cloud services, innovation, software support services, real estate, enterprise resource planning, software quality assurance, web solutions, b2b, manufacturing, dynamics 365 bc, software customization, software development, microsoft gold partner, web application development, microsoft dynamics 365 development, crm development, mobile application development, application support, it infrastructure services, quality assurance, field services, finance & operations, custom software solutions, enterprise resource planning (erp), custom crm solutions, data management, application maintenance, bespoke software solutions, client collaboration, support and maintenance, digital solutions, business intelligence, user experience design, legacy software modernization, scalable solutions, reporting and analytics, customized development, end-to-end services, industry-specific solutions, supply chain management, sales process integration, automated workflows, enhanced security solutions, client management solutions, service order management, dynamic resource scheduling, real-time insights, customer relationship management, flexible integration, customer engagement solutions, service delivery optimization, data-driven decision making, cloud-based solutions, e-commerce, finance, consumer products & retail, construction & real estate, computer software, information technology & services, natural language processing, artificial intelligence, consumer internet, consumers, internet, sales, enterprises, mobile, productivity, outsourcing/offshoring, health care, health, wellness & fitness, hospital & health care, management consulting, internet infrastructure, mechanical or industrial engineering, analytics, design, logistics & supply chain",http://www.linkedin.com/in/patrick-wilson-621b49122,https://shaligraminfotech.com,http://www.linkedin.com/company/shaligram-infotech,https://www.facebook.com/shaligraminfotech,https://twitter.com/shaligram_it,Frisco,Texas,United States,"Ahmedabad, Gujarat, India, 380058",Ahmedabad,Gujarat,India,'+91 96012 61243,"Cloudflare DNS, Outlook, Zoho Email, Oracle Cloud, Slack, Mobile Friendly, Bootstrap Framework, WordPress.org, Google Font API, reCAPTCHA, Nginx, Google Tag Manager, Android, AI",44700000,"","","","","","","",false,false,false,false,"",7375,54151,6a3ae4ca0744f90001577a19,6a3ae4cb0744f90001577acf,6a3ae4ca0744f90001577a19,"","","","","","","","","","","","",http://www.linkedin.com/in/patrick-wilson-621b49122,""
Jeff,Cox,Marketing,Acumen IT,Acumen IT,"",Unavailable,"","","","","",Entry,Marketing,Marketing,chris.mcnulty@synozur.com,"","","",'+1 864-271-9000,"",false,Cold,Profile A - ISV Revenue & Marketing Leaders,"",chris.mcnulty@synozur.com,55,information technology & services,"fortinet platinum partner, microsoft partner, managed it services, datto data security blue partner, fortinet network security, datto, backup solutions, cloud solutions, vcio, secaas, cyber security, staff augmentation, it department support, saas, hitachi secure data storage, it services & it consulting, automation analysis, remote monitoring, it security awareness training, it cost savings, it cost optimization, lean manufacturing, six sigma it solutions, it assessment, it strategy, cost reduction, distribution, industrial it support, manufacturing, it security awareness, distribution & warehousing, it consulting, industrial cybersecurity, strategic it consulting, revenue growth, digital transformation, six sigma, six sigma & lean manufacturing, manufacturing digital tools, automation analysis tools, industrial it consulting, it support portal, manufacturing digital transformation, cybersecurity, business intelligence reporting, recurring labor analysis, business intelligence, application development, it support services, it cost reduction strategies, recurring bill analysis, operational efficiency, it project management, manufacturing it solutions, cloud hosting, it solutions, it security training, cloud migration for manufacturing, disaster recovery, automation, b2b, warehousing, professional services related to industry, managed it, business process automation, revenue increase, lean manufacturing it, it spend analytics, it support, it consulting for manufacturing, it support for distribution centers, recurring bill reduction, it roadmap, labor analysis, it support for industrial, computer systems design and related services, professional services, technology enablement, it security, data backup, it incident response, manufacturing it support, application development for manufacturing, data backup and disaster recovery, it infrastructure, it support for manufacturing, disaster recovery planning, legal, services, consulting, cloud computing, enterprise software, enterprises, computer software, information technology & services, computer & network security, mechanical or industrial engineering, management consulting, analytics, app development, apps, software development, professional training & coaching",http://www.linkedin.com/in/jeff-cox-a826376,https://acumenit.com,http://www.linkedin.com/company/acumenit,https://facebook.com/acumenit,https://twitter.com/AcumenIT,"","",United States,"3620 Pelham Rd, Greenville, South Carolina, United States, 29615-5001",Greenville,South Carolina,United States,'+1 864-271-9000,"Google Search Console, Amazon AWS, Harmony Email & Collaboration, Amazon Route 53, Amazon Route 53, Microsoft Email Providers, Microsoft Exchange Online, Outlook, Avanan, Microsoft 365, Microsoft 365 Apps & Services, Microsoft Exchange, Office365, Amazon AWS, Microsoft Office 365, Google Cloud Hosting, Zoho SalesIQ, ConnectWise, Slack, Hotjar, Google Frontend (Webserver), Google Cloud, Mobile Friendly, Google Tag Manager, Linkedin Marketing Solutions, Nginx, WordPress.org, Viewport Meta, YouTube, Google Font API, Remote","","","","","","","","",false,false,false,false,"","7371, 7373","541512, 541513",6a3ae4ca0744f90001577a3e,6a3ae4cb0744f90001577ae6,6a3ae4ca0744f90001577a3e,"","","","","","","","","","","","",http://www.linkedin.com/in/jeff-cox-a826376,""
Ramon,Rautenstrauch,Chief Marketing Officer,DQS,DQS,r.rautenstrauch@dqsconsulting.com,Verified,Apollo,Apollo,"","",2026-06-08T11:19:21+00:00,C suite,"C-Suite, Marketing","Marketing Executive, Marketing",chris.mcnulty@synozur.com,"","","",'+34 937 68 87 66,"",false,Cold,Profile A - ISV Revenue & Marketing Leaders,"",chris.mcnulty@synozur.com,140,information technology & services,"azure, dynamics 365 fo, erp, cuadro de mando, dynamics 365, ax, crm, office 365, inteligencia artificial, powerbi, power bi, infraestructuras, it services & it consulting, digital signature platforms, ocr technology, content digitalization, azure data factory, content management systems, windows 365, supply chain management, business intelligence, content management automation, distribution, azure openai, content automation tools, content workflow automation, content automation platforms, security copilot, power automate, content digitalization solutions, azure data lake, ai-powered data analysis, workplace modernization, power virtual agents, grc solutions, content security policies, data quality, power platform, data governance frameworks, business process automation, hybrid cloud, services, content collaboration, erp implementation, ai in business, digital signature, ocr, microsoft 365, microsoft solutions, digital signature solutions, b2b, software development, business services, information technology and services, microsoft partner, outsourcing, machine learning, digital transformation, data security, it consulting, customer engagement, business solutions, customer relationship management, consulting, computer systems design and related services, financial services, grc frameworks, content security, process automation, consulting services, neo4j, data management, digital strategy, ocr document processing, crm solutions, content workflow management, data-driven decision making, content automation, content collaboration tools, data governance, azure data lake storage, data analysis, power apps, system integration, azure openai service, azure cloud, cloud migration, content workflow, azure blob storage, low code development, business intelligence tools, hybrid cloud security, azure machine learning, business analytics, data security management, dataiku, cloud solutions, managed services, ai integration, cybersecurity, azure synapse analytics, content management, finance automation, security automation, soc 247, retail, finance, non-profit, sales, enterprise software, enterprises, computer software, information technology & services, logistics & supply chain, analytics, artificial intelligence, computer & network security, management consulting, marketing, marketing & advertising, data analytics, cloud computing, nonprofit organization management",http://www.linkedin.com/in/ramonrautenstrauch,https://dqsconsulting.com,http://www.linkedin.com/company/dqsconsulting,"","",Orlando,Florida,United States,"133 Gran Via de les Corts Catalanes, Barcelona, Catalonia, Spain, 08014",Barcelona,Catalonia,Spain,'+34 937 68 87 66,"Google Search Central, Google Search Console, MailChimp, Microsoft Email Providers, Microsoft Exchange Online, Outlook, Microsoft 365, Microsoft 365 Apps & Services, Microsoft Exchange, Office365, Intuit Mailchimp All-in-One Marketing Platform, MailChimp SPF, Microsoft Office 365, Atlassian Cloud, Slack, Google Font API, Mobile Friendly, Google Tag Manager, YouTube, WordPress.org, Android, Microsoft Dynamics 365 CE, Microsoft Power Apps, Microsoft Power Automate, GitHub Pages, C#, .NET, Javascript, Azure Analysis Services, Azure Logic Apps, Azure Functions, Azure Devops, REST, GoDataFeed, DATAVERSE LTD, , Cisco WebEx Teams, Microsoft Dynamics 365 for Sales, Microsoft Dynamics 365 Finance, Linkedin Marketing Solutions, Dynamics 365 Customer Insights, Microsoft Teams Rooms, Gem, Microsoft Power Platform, Power BI Documenter, Azure Service Fabric, Google Cloud APIs, Frame, , Microsoft Dynamics 365 Supply Chain Management, Microsoft AdCenter, SS&C",12000000,"","","","","","","",false,false,false,false,"",7375,54151,6a3ae4ca0744f90001577a49,6a3ae4cb0744f90001577aef,6a3ae4ca0744f90001577a49,"","","","","","","","","","","","",http://www.linkedin.com/in/ramonrautenstrauch,""
Stephen,Petchel,Chief Revenue Officer,Plumlogix (MBE Salesforce Partner),Plumlogix,"",Unavailable,"","","","","",C suite,"C-Suite, Sales","Sales Leader, Revenue Operations",chris.mcnulty@synozur.com,"","","",'+1 888-318-8883,"",false,Cold,Profile A - ISV Revenue & Marketing Leaders,"",chris.mcnulty@synozur.com,71,information technology & services,"financial services cloud, salesforce cpq, public government, manufacturing, salesforce ux design, mobile app development, digital transformation, lightning, salesforce implementation, salesforce integration, marketing cloud, nonprofit cloud, community cloud, education, nonprofit, retailecommerce, devops, staff augmentation, heathcare cloud, service cloud, sales cloud, salesforce managed services, education cloud, commerce cloud, agentforce, lightning web components, salesforce devops, salesforce advisory, travel hospitality, ai, it services & it consulting, salesforce appexchange solutions, salesforce system health check, industry cloud implementation, app modernization, impact accelerator partner, salesforce isv r&d, ai automation tools, impact-driven salesforce solutions, api development for salesforce, user experience design, user experience, custom ai roadmaps, data solutions, healthcare, business process automation, salesforce devops assessment, workflow automation, ai-powered automation, ai services, services, generative ai, customer journey mapping, healthcare solutions, platform optimization, operational efficiency, data analytics, api integration, system administration, data sharing, travel & hospitality solutions, digital strategy development, ai and data analytics for nonprofits, industry cloud solutions, impact-focused digital transformation, retail cloud, b2b, cloud infrastructure, software development, salesforce integration with external systems, information technology and services, salesforce consulting, salesforce user experience design, industry-specific salesforce cloud, devops for salesforce, ai-driven customer insights, platform cleanup, customer engagement, salesforce platform optimization, predictive analytics, crm customization, government, consulting, computer systems design and related services, government cloud, lightning conversion, financial services, salesforce crm, operational ai, customer engagement tools, retail and e-commerce, data management, nonprofit organizations, travel and hospitality, it infrastructure, future-ready technology, ai and data analytics for education, d2c, manufacturing cloud, app development, data-driven decision making, ai automation, customer success, system integration, management consulting, devops solutions, cloud migration, salesforce lightning migration, user experience enhancement, salesforce data sharing, salesforce staff augmentation, lightning app development, business scalability, scalability solutions, managed services, impact accelerator, e-commerce, salesforce impact partner, ml & ai models, lightning conversion services, salesforce integrations, retail, staff training, salesforce partner, salesforce clouds, experience cloud, data cloud, digital strategy, devops assessment, employee engagement, community engagement, higher education solutions, business growth, crm consulting, relationship management, customer satisfaction, client retention, consulting services, market trends, business efficiency, operational excellence, automation solutions, non-profit solutions, retail & ecommerce solutions, generative ai solutions, digital success stories, case management solutions, it and app modernization, saas, finance, non-profit, consumer products & retail, transportation & logistics, mechanical or industrial engineering, information technology & services, ux, health care, health, wellness & fitness, hospital & health care, enterprise software, enterprises, computer software, internet infrastructure, internet, apps, consumer internet, consumers, marketing, marketing & advertising, analytics, nonprofit organization management",http://www.linkedin.com/in/stephen-petchel-0266934,https://plumlogix.com,http://www.linkedin.com/company/plumlogix,https://www.facebook.com/plumlogix/,https://twitter.com/plumlogix,Nether Providence Township,Pennsylvania,United States,"11921 Freedom Dr, Reston, Virginia, United States, 20190",Reston,Virginia,United States,'+1 888-318-8883,"Gmail, Google Apps, Salesforce, InMotion Hosting DNS, Hubspot, Slack, Google Analytics, Bootstrap Framework, Calendly for Sales, Amazon CloudFront, Viewport Meta, Google Search Console, Elementor, reCAPTCHA, Google Tag Manager, Wordpress, Calendly, Mobile Friendly, Google Font API, Yoast, Microsoft Clarity, Visual Composer, Tawk.to, WordPress.org, Woo Commerce, Apollo.io, Google Analytics 4 (GA4), AI, Salesforce Marketing Cloud, Amazon SES, Ribbon, Microsoft Teams, Cisco Unified Communications Manager (CallManager), Genesys SIP, JTL-Shop 3, ACL, Kronos, LinkedIn Ads, Sales Cloud Einstein, Salesforce Service Cloud, Khoros for SAP Customer Experience Cloud, Salesforce Marketing Cloud Intelligence (formerly Datorama), Salesforce CPQ, Apache JMeter, Gatling, BlazeMeter, ReadyAPI, HCL Commerce Cloud, Salesforce Revenue Cloud, Salesforce Platform, Oracle Fusion Middleware, dbt Cloud, Databricks, Delta Lake, Azure Data Factory, PySpark, Python, MySQL, Deltek Cobra, Smart AdServer, Dash, Facebook, Instagram, Salesforce Lightning Web Components, Apex, Amazon Managed Workflows for Apache Airflow (MWAA), Git, Salesforce Lightning, MySQL, PL/SQL",3000000,"","","","","","","",false,false,false,false,"","7375, 7373, 7371","541512, 541511",6a3ae4cb0744f90001577a65,6a3ae4cb0744f90001577afe,6a3ae4cb0744f90001577a65,"","","","","","","","","","","","",http://www.linkedin.com/in/stephen-petchel-0266934,""
Livy,Traczyk,Marketing Director,Level Data,Level Data,livy.traczyk@leveldata.com,Verified,Apollo,Apollo,"","",2026-05-25T11:49:27+00:00,Director,Marketing,Marketing,chris.mcnulty@synozur.com,"","","",'+1 269-488-2050,"",false,Cold,Profile A - ISV Revenue & Marketing Leaders,"",chris.mcnulty@synozur.com,96,education management,"realtime reporting, return on investment, address verification, multifactor authentication, special education compliance tracking, account provisioning, iep alignment, single signon, teacher coaching, state data validation, active directory student sync, powerschool premiere isv partner, k12 data analytics, education, workflow automation, funding maximization, analytics, professional development tools, district resource management, operational efficiency, classroom observation platform, services, data synchronization, talent management, sis data validation, data standardization, data quality improvement, government, teacher coaching platform, real-time error detection, data accuracy, student demographic validation, district-wide data unification, error trend reporting, special education compliance tools, teacher effectiveness analytics, data analytics, teacher professional growth tracking, data validation, return on instruction (roi), educational support services, student information system (sis), b2b, data-driven decision making, data integration, error correction automation, resource allocation analysis, educational analytics, district data management, compliance reporting, system integration, special education management, address validation, risk management, real-time validation, credential and licensing management, data security, compliance monitoring, data management, automated data correction, state reporting compliance, information technology & services, enterprise software, enterprises, computer software, computer & network security",http://www.linkedin.com/in/livy-traczyk-3a8b2155,https://leveldata.com,http://www.linkedin.com/company/leveldata,https://facebook.com/leveldata,https://twitter.com/level_data,Minnetonka,Minnesota,United States,"6850 Stadium Dr, Kalamazoo, Michigan, United States, 49009",Kalamazoo,Michigan,United States,'+1 269-488-2050,"Google Search Console, Apple Business Manager, Apple School Manager, Amazon SES, Amazon Simple Email Service (Amazon SES), Sendgrid, Twilio SendGrid Email API, Microsoft Exchange Online, Mimecast, Outlook, Microsoft 365, Microsoft 365 Apps & Services, Microsoft Exchange, Office365, Microsoft Office 365, Zendesk, SMTP.com, Microsoft Email Providers, Amazon AWS, Google Workspace, Amazon Route 53, Amazon Route 53, Gmail, Amazon AWS, Google Apps, Sage Intacct, Hubspot, Slack, Salesforce, Mobile Friendly, WordPress.org, Viewport Meta, Google Font API, HubSpot Marketing Hub, Cloudflare Rocket Loader, Wordpress, Visual Composer, Hotjar, Wistia, Yoast, DoubleClick, Google Tag Manager, Google Analytics, Gong, Remote, Circle, IoT, AI, Android, Node.js, Chili Piper, Pendo., Terminus",12500000,"",Merger / Acquisition,0,2024-11-01T00:00:00+00:00,"","","",false,false,false,false,"",7375,"611710, 513210",6a3ae4ca0744f90001577a21,6a3ae364352e20000c572cc2,6a3ae4ca0744f90001577a21,"","","","","","","","","","","","",http://www.linkedin.com/in/livy-traczyk-3a8b2155,""
Laurie,Dieball,Director of Marketing,Aktion Associates,Aktion Associates,ldieball@aktion.com,Verified,Apollo,Apollo,"",Not Catch-all,2026-06-22T12:11:21+00:00,Director,Marketing,Marketing,chris.mcnulty@synozur.com,"","","",'+1 888-865-9425,"",false,Cold,Profile A - ISV Revenue & Marketing Leaders,"",chris.mcnulty@synozur.com,220,information technology & services,"sage construction amp real estate applications, sage 300cre erp, cybersecurity, security, it advisor, networkapplication engineering, infor distribution erp, viewpoint vista amp spectrum for construction, acumatica construction edition erp, infor distribution a, erp cloud hosting services, acumatica distribution edition erp, infor cloudsuite distribution, application consulting, it infrastructure provider for ibmhplenovociscovmwaremicrosoft, website designdevelopmenthosting, distribution amp manufacturing industries, industry consulting, managed services, infor distribution sxe, deltek vision erp, software engineering, disaster recoverybackup, application amp network engineering, it services, cloud amp managed services, cloud amp managed services for construction, cloud managed services for construction, sage estimating, cloud hosting, network operations center, web site designdevelopment, systemsstoragesecurity, it modernization, acumatica manufacturing edition erp, sage construction real estate applications, application network engineering, it adviser amp system integrator, sage intacct erp, application hosting, viewpoint vista spectrum for construction, it adviser system integrator, distribution manufacturing industries, infor distribution facts, sage intacct, industry applications, projectcentric solutions, cloud managed services, network engineering, acumatica cloud erp, disaster recoverybackup services in aktionowned data centers, sage 100 contractor erp, independent software vendor solutions, deltek vantagepoint erp, industryapplication consulting, it services & it consulting, industry-specific application support, cybersecurity risk management, it infrastructure, predictive analytics, industry-specific erp solutions, cloud solutions, consulting, services, erp software reseller, it security, acumatica, business intelligence, construction, end-to-end digital transformation, sage, cloud & managed services, cloud migration, software support, deltek var, construction management, data analytics, disaster recovery, hybrid cloud infrastructure, construction industry software, network design, distribution, software support for aec, b2b, computer systems design and related services, it solutions, it infrastructure provider, manufacturing, it support, industry-specific software, architectural engineering erp, manufacturing erp systems, distribution erp solutions, erp software, real estate, industry verticals, it strategy, business process consulting, lean implementation process, cloud services, data security, supply chain management, digital transformation, architectural engineering & construction, information technology & services, cloud computing, enterprise software, enterprises, computer software, computer & network security, analytics, mechanical or industrial engineering, logistics & supply chain",http://www.linkedin.com/in/lauriedieball,https://aktion.com,http://www.linkedin.com/company/aktion-associates-inc-,"",https://twitter.com/AktionFigures,Maumee,Ohio,United States,"1687 Woodlands Drive, Maumee, Ohio, United States, 43537",Maumee,Ohio,United States,'+1 888-865-9425,"Outlook, Microsoft Office 365, Sage Intacct, Workable, Hubspot, Slack, Nginx, Gravity Forms, Google Tag Manager, Cloudflare Rocket Loader, Mobile Friendly, Wistia, Typekit, Akismet, Yoast, Viewport Meta, HubSpot Marketing Hub, Google Font API, WPML, Bing Webmaster Tools, Google Search Console, Webex, Elementor, Wordpress, Bootstrap Framework, YouTube, HREF Lang, WordPress.org, Remote, Acumatica","","","","","","","","",false,false,false,false,"",7372,54151,6a3ae4cb0744f90001577a6f,6a3ae4cb0744f90001577b01,6a3ae4cb0744f90001577a6f,"","","","","","","","","","","","",http://www.linkedin.com/in/lauriedieball,""
Vaughn,Mordecai,Chief Revenue Officer (CRO),Mindmatrix Inc.,Mindmatrix,vaughn.mordecai@mindmatrix.net,Verified,Apollo,Apollo,"",Catch-all,2026-06-08T18:44:44+00:00,C suite,"C-Suite, Sales","Sales Leader, Revenue Operations",chris.mcnulty@synozur.com,"","","",'+1 412-381-0230,"",false,Cold,Profile A - ISV Revenue & Marketing Leaders,"",chris.mcnulty@synozur.com,190,information technology & services,"social media marketing, channel marketing automation, partner marketing automation, throughchannel marketing automation, mdf partner fund management, lead nurturing, lead generation, channel sales enablement, partner ecosystem orchestration, cosell multipartner collaboration, multivendor solution marketplaces, channel operations management, brand management, asset management, deal registration, enterprise partner platforms, msp enablement, franchise sales support & enablement, partner management platforms, alliance isv management, partner locators, tcma, marketing automation, channel marketing, corporate marketing, playbooks, prm, partner enablement platforms, partner program governance, email marketing, lead scoring, channel operations next gen prm, partner relationship management, ecosystem gtm strategy, sales enablement, lead prospecting, quality lead generation, aipowered partner enablement, it services & it consulting, software development, partner marketing playbooks, partner data analytics, partner content personalization, partner lifecycle management, partner collaboration forums, partner account mapping, partner marketing campaigns, partner program management, partner ecosystem management, b2b, partner training, computer systems design and related services, partner recruitment, partner engagement ai insights, software publishing, referral program automation, channel ecosystem enablement, marketing and advertising, partner co-innovation, ai as a service (aiaas), consulting, multi-vendor solution bundling, partner data security & privacy, partner enablement, partner collaboration tools, partner co-selling tools, ai-powered partner support, partner solution marketplace, partner marketing roi measurement, partner program customization, partner incentive management, partner activity monitoring, partner performance tracking, content management, partner onboarding, partner performance dashboards, co-marketing automation, partner portal, information technology and services, business process automation, lead management, partner content syndication, services, prm software, partner engagement, consumer internet, consumers, internet, information technology & services, marketing & advertising, sales, saas, computer software, enterprise software, enterprises",http://www.linkedin.com/in/vaughnmordecai,https://mindmatrix.net,http://www.linkedin.com/company/mindmatrix-inc,https://www.facebook.com/mindmatrix.inc,https://twitter.com/MindMatrix,"",Arizona,United States,"2403 Sidney St, Pittsburgh, Pennsylvania, United States, 15203-2152",Pittsburgh,Pennsylvania,United States,'+1 412-381-0230,"Gmail, Google Apps, Microsoft Office 365, Hubspot, Linkedin Marketing Solutions, Bootstrap Framework, Google Tag Manager, Google Font API, ZoomInfo DaaS, Hotjar, ZoomInfo Sales, ZoomInfo, reCAPTCHA, LinkedIn Ads, Apache, Mobile Friendly, VisiStat, Nginx, WordPress.org, Viewport Meta, YouTube, Hotjar, Remote, AI, Android, Salesforce",18600000,"","","","","","","",false,false,false,false,"",7375,54151,6a3ae4ca0744f90001577a38,6a3ae4cb0744f90001577ae0,6a3ae4ca0744f90001577a38,"","","","","","","","","","","","",http://www.linkedin.com/in/vaughnmordecai,""
Terrin,Williams,Director of Marketing,Interlink Cloud Advisors,Interlink Cloud Advisors,terrinw@interlink.com,Verified,Apollo,Apollo,"","",2026-06-03T13:08:08+00:00,Director,Marketing,Marketing,chris.mcnulty@synozur.com,"","","",'+1 800-900-1150,"",false,Cold,Profile A - ISV Revenue & Marketing Leaders,"",chris.mcnulty@synozur.com,67,information technology & services,"endpoint detection & response, identity, microsoft cloud services, office 365, cloud infrastructure, data management, it support, employee productivity, integration, collaboration, modern workplace, power platform, security, microsoft funding, artificial intelligence, microsoft licensing, low code no code, managed services, microsoft azure, user adoption, microsoft 365, change management, it services & it consulting, cloud migrations, technical deployments, ai integration, microsoft partner, intune, consulting, retail, services, sccm, support & training, azure virtual desktop, incentives management, mobility solutions, education, hybrid cloud, compliance management, non-profit, distribution, csp licensing programs, b2b, bundled offerings, mergers & acquisitions, enterprise security, computer systems design and related services, security & compliance, manufacturing, hybrid use benefit, roi modeling, azure, microsoft funding utilization, security and compliance in projects, information technology, healthcare, defender, employee engagement, roi, office 365 support, azure active directory, financial services, webinars & resources, cost optimization, azure landing zones, sentinel, data security, microsoft licensing rules, productivity tools, finance, enterprise software, enterprises, computer software, information technology & services, internet infrastructure, internet, nonprofit organization management, mechanical or industrial engineering, health care, health, wellness & fitness, hospital & health care, computer & network security",http://www.linkedin.com/in/terrin-williams,https://interlink.com,http://www.linkedin.com/company/interlinkcloudadvisors,https://facebook.com/InterlinkCloudAdvisors,https://twitter.com/interlinkcloud,Cincinnati,Ohio,United States,"3510 Irwin Simpson Rd, Mason, Ohio, United States, 45040",Mason,Ohio,United States,'+1 800-900-1150,"Google Search Console, GoDaddy Domains, Microsoft Exchange Online, Outlook, Microsoft 365, Microsoft 365 Apps & Services, Microsoft Exchange, Office365, Microsoft Email Providers, GoDaddy Hosting, Microsoft Office 365, Amazon AWS, Slack, Salesforce, Hubspot, Google Analytics 4 (GA4), Google Analytics, Mobile Friendly, LinkedIn Ads, Linkedin Marketing Solutions, Google Tag Manager, Viewport Meta, HubSpot Content Hub, Data Analytics, Remote, AI, Microsoft Exchange Server 2003, Microsoft Azure Monitor, Microsoft Defender for Cloud, Azure Sentinel, Azure Information Protection, Azure Active Directory, Micro, Copilot, Lytics, Microsoft Fabric, Databricks, IBM Data Warehouse, Azure Data Factory, Azure Synapse, Databricks, Apache Spark, PySpark, Apache Spark SQL, MySQL, Power BI Documenter, Azure Analysis Services, Microsoft Power Apps, Microsoft Power Automate, GitHub Pages, Azure Functions, Javascript, C#, Excel4Apps, Google AdWords Conversion, Cisco WebEx Teams, Zen Planner, Microsoft PowerPoint",6400000,"",Merger / Acquisition,0,1998-06-01T00:00:00+00:00,"","","",false,false,false,false,"",7375,54151,6a3ae4ca0744f90001577a5f,6a3ae3336b65610018076cc5,6a3ae4ca0744f90001577a5f,terrinw2004@yahoo.com,Apollo,Verified,Apollo,"","","","","","","","","",""
Neal,Butler,Growth Marketing Manager,Mesh Systems,Mesh,neal.butler@meshsystems.com,Verified,Apollo,Apollo,"","",2026-06-22T17:54:10+00:00,Manager,Marketing,"Demand Generation, Marketing",chris.mcnulty@synozur.com,"","","",'+1 317-661-4800,"",false,Cold,Profile A - ISV Revenue & Marketing Leaders,"",chris.mcnulty@synozur.com,70,information technology & services,"wireless hardware design & manufacturing, embedded software applications, solutions integrator, wireless sensor networks, isv, connected products, iot internet of things, si, software, information technology, software development, iot security, iot device prototyping, iot consulting, device firmware, enterprise iot security, iot lifecycle management, device engineering, iot partner ecosystem, iot management, energy efficiency, predictive maintenance, regulatory compliance, transportation & logistics, iot integration, iot innovation, iot data visualization, iot partner, product development, iot platform, enterprise iot, iot cloud services, customer experience, industrial iot, cloud data management, iot solution support, iot device firmware updates, remote monitoring, predictive maintenance solutions, cloud infrastructure, iot security solutions, application development, iot solution scalability, iot lifecycle, iot software, connected product lifecycle management, iot device scaling manufacturing, iot cloud platform integration, consumer products & retail, enterprise iot solutions, iot in industrial automation, machine learning, business intelligence, data security, energy & utilities, security protocols, sensor integration, wireless communications, iot deployment, services, connected device firmware, manufacturing, iot platform migration, iot analytics, digital transformation, iot hardware, data analytics, distribution, consulting, device management, iot solutions, scalable iot, iot device scaling, smart device over-the-air updates, iot data standardization, remote asset management, firmware development, b2b, cloud services, market research, iot hardware design, data ingestion, iot data management, cloud connectivity, iot api integration, iot security best practices, platform migration, computer systems design and related services, iot prototyping, iot data insights, edge computing, consumer_products_retail, transportation_logistics, energy_utilities, saas, information technology & services, environmental services, renewables & environment, enterprise software, enterprises, computer software, internet infrastructure, internet, app development, apps, artificial intelligence, analytics, computer & network security, mechanical or industrial engineering, cloud computing",http://www.linkedin.com/in/neal-butler66,https://meshsystems.com,http://www.linkedin.com/company/meshsystems,http://www.facebook.com/pages/Mesh-Systems/125534064186988,http://www.twitter.com/mesh_systems,Avon,Indiana,United States,"801 Congressional Blvd, Carmel, Indiana, United States, 46032-5646",Carmel,Indiana,United States,'+1 317-661-4800,"Outlook, Workable, Slack, Hubspot, IoT, Remote, Circle, Azure Devops, Azure IoT Hub, Visio, Azure Event Hubs, C#, Microsoft Azure Monitor, .NET, Xamarin, MAUI, Azure Event Grid, C/C++, React, TypeScript, Azure Container Apps, Docker, Azure Pipelines, LinkedIn Ads, Google Ads, Bevywise MQTT Broker, REST, AppDynamics, Azure Service Bus, Azure SQL, Azure Cosmos DB, Azure Key Vault",8500000,2700000,Series B,2500000,2011-05-27T00:00:00+00:00,"","","",false,false,false,false,"","3661, 7371, 7372, 3679","541512, 511210, 334418",6a3ae4cb0744f90001577a62,6a3ae364352e20000c572cc8,6a3ae4cb0744f90001577a62,"","","","","","","","","","","","",http://www.linkedin.com/in/neal-butler66,""
Michael,Plumer,Vice President of Sales,Altigen Technologies,Altigen,mplumer@altigen.com,Verified,Apollo,Apollo,"","",2026-06-03T12:50:10+00:00,Vp,Sales,Sales,chris.mcnulty@synozur.com,"","","",'+1 408-597-9000,"",false,Cold,Profile A - ISV Revenue & Marketing Leaders,"",chris.mcnulty@synozur.com,51,telecommunications,"cloud pbx, technology consulting, financial services, contact center, cloud contact center, business, azure, skype for business, microsoft teams, united states, b2b, cloud solutions, microsoft 365, telecommunications, microsoft partner, united kingdom, teams phone system, call center, fintech, office 365, regulatory compliance in call recording, sip trunking, teams phone, microsoft-certified services, ai-powered chatbots for customer support, customer engagement, ucaas solutions, teams contact center, secure call logging, cloud communications, omni-channel contact center within teams, direct routing, secure enterprise voice solutions, secure enterprise voice, self-service virtual assistants, ai analytics and insights, regulation-compliant call logging, global support services, microsoft teams integration, azure ai-powered automation, unified communications, hybrid cloud communication solutions, ai enterprise applications, direct routing for teams, enterprise collaboration tools, ai-powered chatbots, custom ai enterprise applications, business process automation, ai solutions, software development, services, computer systems design and related services, migration to teams, omni-channel support, multi-channel customer support, scalable cloud infrastructure, digital transformation, customer support automation, crm integration, business continuity, call recording compliance, fintech solutions, cloud-based communication platforms, unified communications as a service (ucaas), omni-channel customer engagement, remote work enablement, microsoft 365 integration, contact center solutions, unified customer interaction management, voice over ip (voip), contact center automation, information technology and services, ai-driven kpi dashboards, ai ivr self-service, scalable ai solutions, business communication solutions, cloud migration services, consulting, sip trunk services, real-time analytics, finance, management consulting, cloud computing, enterprise software, enterprises, computer software, information technology & services, finance technology, it services & computer repair, local services",http://www.linkedin.com/in/michael-plumer-14975422,https://altigen.com,http://www.linkedin.com/company/altigen-technologies,https://facebook.com/AltiGen-Communications-Inc-117970908231440/,https://twitter.com/altigen,"","",United States,"39899 Balentine Dr, Newark, California, United States, 94560-5303",Newark,California,United States,'+1 408-597-9000,"Google Search Console, DNS Made Easy, Mimecast, Microsoft Office 365, GoDaddy Hosting, Atlassian Cloud, Zoho CRM, Leadfeeder, Barracuda Networks, Slack, reCAPTCHA, Apache, WordPress.org, Visual Visitor, Gravity Forms, YouTube, Mobile Friendly, Google Tag Manager, Remote, AI",13867000,"","","","","","","",false,false,false,false,"",7375,54151,6a3ae364352e20000c572c9e,6a3ae364352e20000c572cc6,6a3ae364352e20000c572c9e,"","","","","","","","","","","","",http://www.linkedin.com/in/michael-plumer-14975422,""
Ram,"",Marketing and Operations Head,Halcyon Technologies,Halcyon,"",Unavailable,"","","","","",Head,"Marketing, Operations","Marketing, Marketing Operations, Operations",chris.mcnulty@synozur.com,"","","","","",false,Cold,Profile A - ISV Revenue & Marketing Leaders,"",chris.mcnulty@synozur.com,160,information technology & services,"crm, scm erp, web application development, angularjs, digital marketing, mobile application development, java application development, nodejs, recruitment services, ios apps development, net, big data solutions, android apps development, progressive web apps, outsourcing, php, mobile solutions, cloud computing, reactjs, python, healthcare it, custom software development, affiliate marketing, retail, b2b, utilities, microsoft partner, erp, computer systems design and related services, automotive retail solutions, application development, enterprise application integration, automation, erp solutions, device-agnostic applications, business intelligence, energy management, social media marketing, supply chain management, sap, software as a service, technology consulting, crm solutions, google cloud partner, secure cloud infrastructure, quality assurance, utilities energy efficiency, data analytics, healthcare, healthcare it solutions, search engine optimization, hipaa compliance, business consulting, aws, information technology and services, platform-agnostic frameworks, data analytics services, software development, healthcare technology, digital marketing services, industry-specific solutions, services, consulting, it consulting, big data, cmmi level 3, regulatory compliance, email marketing, automotive, consumer_products_retail, energy_utilities, sales, enterprise software, enterprises, computer software, information technology & services, web development, marketing & advertising, mobile app development, app development, apps, analytics, oil & energy, consumer internet, consumers, internet, logistics & supply chain, saas, management consulting, health care, health, wellness & fitness, hospital & health care, seo, search marketing, marketing",http://www.linkedin.com/in/ram-43570488,https://halcyontek.com,http://www.linkedin.com/company/halcyon-technologies,https://facebook.com/pages/Halcyon-Technologies/521967071184061,https://twitter.com/ceo_9729539262,"","",United States,"8600 Freeport Pkwy S, Irving, Texas, United States, 75063-2575",Irving,Texas,United States,"","Cloudflare DNS, Gmail, Google Apps, CloudFlare Hosting, JQuery 2.1.1, Zoho SalesIQ, Slack, Google Tag Manager, Mobile Friendly, jQuery, OpenStreetMap, Viewport Meta, Cloudflare Rocket Loader, Google Analytics 4 (GA4), Cloudflare Insights, Bootstrap, reCAPTCHA, Three.js, Bootstrap Framework, Leaflet, Google Analytics, Three.js, Android",5277000,"","","","","","","",false,false,false,false,"",7375,54151,6a3ae4ca0744f90001577a2b,6a3ae4cb0744f90001577ad4,6a3ae4ca0744f90001577a2b,"","","","","","","","","","","","","",""
Andy,Deo,VP Marketing,Saratech,Saratech,adeo@saratech.com,Verified,Apollo,Apollo,"",Catch-all,2026-06-13T14:02:24+00:00,Vp,Marketing,Marketing,chris.mcnulty@synozur.com,"","","",'+1 949-481-3267,"",false,Cold,Profile A - ISV Revenue & Marketing Leaders,"",chris.mcnulty@synozur.com,180,machinery,"structural analysis, engineering consulting, 3d printing solutions, engineering data management, plm software, cfd analysis, product development, technical training, cad data conversion, engineering project management, consulting, engineering services, industrial machinery manufacturing, engineering data conversion, data management, cnc programming, process improvement, manufacturing process improvement, simulation process assessment, transportation & logistics, process optimization, bigrep 3d printers, project management, industrial equipment, design analysis, product development services, automotive, siemens nx cad, siemens teamcenter, system integration, siemens solution center, workflow automation, manufacturing, b2b, product configuration management, energy & utilities, defense, cfd & fea services, digital twin enablement, product development process assessment, fibersim plm, additive manufacturing, markforged 3d printers, datalift data migration, product lifecycle management, distribution, cad and cam software, startup services for product development, data migration, services, plm support, workflow automation tools, product data management, change management in plm, nx cam software, cae consulting, teamcenter on the cloud, consumer goods & retail, manufacturing solutions, aerospace, bom management, simcenter simulation tools, environmental compliance in plm, model-based systems engineering (mbse), cnc isv kits, cae services, consumer products & retail, information technology & services, productivity, mechanical or industrial engineering",http://www.linkedin.com/in/andydeo,https://saratech.com,http://www.linkedin.com/company/saratech-inc,https://facebook.com/Saratech/,https://twitter.com/Saratech/,Lake Forest,California,United States,"26054 Acero, Mission Viejo, California, United States, 92691",Mission Viejo,California,United States,'+1 949-481-3267,"Salesforce, Outlook, Marketo, Pardot, MailChimp SPF, GoDaddy Domains, Microsoft Exchange Online, Microsoft 365, Microsoft 365 Apps & Services, Microsoft Exchange, Office365, Amazon AWS, Google Search Console, Barracuda Spam Firewall, Barracuda Email Security Service, Microsoft Office 365, GoDaddy Hosting, Leadfeeder, Barracuda Networks, Slack, Brightcove, Wordpress, Bing Webmaster Tools, Viewport Meta, Yoast, YouTube, HREF Lang, Mobile Friendly, Visual Website Optimizer, Woo Commerce, Google Tag Manager, WordPress.org, Remote, AI, Android, Sigma, Brocade Switches, SessionCam, CAESAR II, Siemens PLM, Teamcenter, FreeCAD, Elementor, Simcenter STAR-CCM+, Astra, EFI",15800000,"","","","","","","",false,false,false,false,"","8711, 7373","541330, 541512",6a3ae3326b65610018076cbe,6a3ae3336b65610018076cc4,6a3ae3326b65610018076cbe,"","","","","","","","","","","","",http://www.linkedin.com/in/andydeo,""
John,Macdonald,"Group Chief Sales Officer and Regional President, North America",ExpandIT,ExpandIT,jm@expandit.com,Verified,Apollo,Apollo,"",Not Catch-all,2026-06-22T08:45:05+00:00,C suite,"C-Suite, Sales","Sales Leader, Sales",chris.mcnulty@synozur.com,"","","",'+1 617-366-2852,"",false,Cold,Profile A - ISV Revenue & Marketing Leaders,"",chris.mcnulty@synozur.com,52,information technology & services,"mobile service management, dynamics nav utilities, microsoft dynamics isv, b2b ecommerce, software development, work order tracking, push notifications, time and material tracking, resource planning, transportation & logistics, inventory management, automated data synchronization, offline capabilities, industrial equipment, risk management, mobile field service, real-time updates, offline mobile app, invoicing automation, integrated content management system, work order management, scheduling software, digital workflow, b2b, engineering services, photo documentation, job dispatching, customer relationship management, operational efficiency, utilities, customer self-service portal, service history access, microsoft dynamics integration, services, checklists, customer communication portal, service reports, customer communication, erp integration, customer portal, construction, field service management, real-time dispatching, business intelligence, job location services, information technology & services, crm, sales, enterprise software, enterprises, computer software, analytics",http://www.linkedin.com/in/johnmacdonald,https://expandit.com,http://www.linkedin.com/company/expandit-solutions-as,"","",Toronto,Ontario,Canada,"317 Adelaide St W, Toronto, Ontario, Canada, M5V 1P8",Toronto,Ontario,Canada,'+1 617-366-2852,"Constant Contact, Outlook, Microsoft Office 365, Gmail, Google Apps, Slack, Microsoft-IIS, Mobile Friendly, LinkedIn Ads, reCAPTCHA, Google Tag Manager, YouTube, HREF Lang, Linkedin Marketing Solutions, Viewport Meta","","","","","","","","",false,false,false,false,"","7375, 7372","54133, 513210",6a3ae4ca0744f90001577a39,6a3ae4cb0744f90001577ae1,6a3ae4ca0744f90001577a39,"","","","","","","","","","","","",http://www.linkedin.com/in/johnmacdonald,""
Marcel,Narish,Chief Marketing Officer,JourneyTeam,JourneyTeam,marcel.narish@journeyteam.com,Verified,Apollo,Apollo,"","",2026-05-31T17:02:51+00:00,C suite,"C-Suite, Marketing","Marketing Executive, Marketing",chris.mcnulty@synozur.com,"","","",'+1 800-439-6456,"",false,Cold,Profile A - ISV Revenue & Marketing Leaders,"",chris.mcnulty@synozur.com,170,information technology & services,"sql reporting services, rights management, power bi, sharepoint, dynamics 365 customer engagement, okta, cloud strategy, microsoft dynamics sl, azure, microsoft office 365, cybersecurity, dynamics 365 field service, microsoft dynamics 365, identity management, dynamics 365 business central, microsoft dynamics gp, dynamics 365 supply chain management, amazon web services, microsoft 365, microsoft dynamics crm, dynamics 365 sales, power platform, microsoft power bi, mobile device management, saas, microsoft sharepoint, copilot, dynamics 365 customer service, microsoft fabric, it services & it consulting, impact-driven business solutions, analytics, impact-focused microsoft partner, migration & integration, operational efficiency, microsoft partner, cloud solutions, consulting, services, information technology and services, ai-driven insights, business intelligence, technology consulting, erp & crm implementation, cloud migration, training, data analytics, azure cloud, customer relationship management, dynamics 365 crm, distribution, dynamics 365 erp, b2b, computer systems design and related services, azure copilot, security sherpa program, security & compliance, license management, manufacturing, application development, analytics & reporting, microsoft solutions, ai & copilot, adoption & change management, ai & agi integration, financial services, customer engagement, business process automation, automation, custom software development, business transformation, cloud services, security & threat protection, finance, privacy, computer software, information technology & services, cloud computing, enterprise software, enterprises, management consulting, crm, sales, mechanical or industrial engineering, app development, apps, software development",http://www.linkedin.com/in/marcelnarish,https://journeyteam.com,http://www.linkedin.com/company/journeyteam,"","","",Florida,United States,"121 W Election Rd, Draper, Utah, United States, 84020-7706",Draper,Utah,United States,'+1 800-439-6456,"Google Search Central, Google Search Console, Apple Business Manager, CloudFlare CDN, Cloudflare DNS, Apple School Manager, ElasticEmail, Mailgun, Rackspace MailGun, Microsoft Email Providers, Microsoft Exchange Online, Outlook, Microsoft 365, Microsoft 365 Apps & Services, Microsoft Exchange, Office365, CloudFlare Hosting, Act-On, Microsoft Office 365, CloudFlare, DigitalOcean, Teachable, React, Slack, Wordpress, Vimeo, Gravity Forms, reCAPTCHA, Google Tag Manager, Viewport Meta, webpack, WordPress.org, Yoast, Wistia, YouTube, Mobile Friendly, Data Analytics, Remote, , Microsoft Azure Monitor, Copilot, Microsoft Entra ID, TUNE, Azure Analysis Services, Microsoft Dynamics 365 Customer Engagement, Microsoft Power Platform, Microsoft Fabric, PowerBI Tiles, Microsoft SQL Server Reporting Services, Tor, SS&C, Microsoft Intune Enterprise Application Management, Azure Sentinel, Microsoft Defender for Cloud, Azure Virtual Machines, Azure Files, Azure Virtual Network, .NET, Azure VPN Gateway, Express, Azure AI Search, Microsoft PowerShell, Security, Azure Service Fabric, Power BI Documenter, Azure AI Studio, Dynamics 365 Customer Insights, Azure Devops, Microsoft Project, Act!, CAT, Microsoft Teams, Azure Data Factory, Databricks, Azure Synapse Analytics, MySQL, Python, Apache Spark, Azure Data Lake Storage, Azure SQL Database, Azure Event Hubs, Azure Stream Analytics, Azure Logic Apps, Azure ExpressRoute, Microsoft Power Apps, Microsoft Power Automate, GitHub Pages",12200000,"","","","","","","",false,false,false,false,"","7375, 7373, 8742","541512, 541611",6a3ae4ca0744f90001577a57,6a3ae4cb0744f90001577af6,6a3ae4ca0744f90001577a57,"","","","","","","","","","","","",http://www.linkedin.com/in/marcelnarish,""
Grant,McLarnon,Chief Revenue Officer (CRO),"Sylogist, Ltd.",Sylogist,grant.mclarnon@sylogist.com,Verified,Apollo,Apollo,"","",2026-06-01T12:21:24+00:00,C suite,"C-Suite, Sales","Sales Leader, Revenue Operations",chris.mcnulty@synozur.com,"","","",'+1 403-266-4808,"",false,Cold,"Profile A - ISV Revenue & Marketing Leaders, Profile B - SI Revenue & Marketing Leaders","",chris.mcnulty@synozur.com,200,information technology & services,"online fundraising, accounting software, crm software, fund accounting, government software, microsoft gold partner, microsoft partner, npo software, nonprofit software, fundraising software, software development, management consulting services, nonprofit financial health, data analytics, research institute management, volunteer management, fund accounting automation, multi-entity support, automated notifications, data & intelligence solutions, ai-driven insights, microsoft dynamics 365, event management, grant tracking, ai and data analytics, ngo donor engagement, government erp, mission-driven technology, grant compliance automation, online donation processing, payroll automation, microsoft power platform, faith-based organization solutions, nonprofits, volunteer deployment system, association management, mobile access, higher education advancement, erp solutions, b2b, customizable dashboards, municipal erp, stakeholder management, multi-organization data sharing, community outreach tools, automated compliance, cloud security, data security and privacy, financial transparency tools, grant management, diocese management software, research project management, automated financial reporting, fundraising automation, member engagement, fundraising management, donor management, public sector saas, cloud-based software, stakeholder engagement, victim services software, research institutes, multi-currency support, crm for nonprofits, real-time reporting, automated workflows, data integration, fundraising analytics, government, event management software, business intelligence, student information systems, school erp, education, saas, nonprofit, healthcare, fundraising, donor_management, public_sector, cloud, microsoft_dynamics, automated_reporting, multi_entity_support, data_security, automations, ai, consulting, services, information technology & services, events services, nonprofit organization management, enterprise software, enterprises, computer software, analytics, health care, health, wellness & fitness, hospital & health care, fund-raising",http://www.linkedin.com/in/grantmclarnon,https://sylogist.com,http://www.linkedin.com/company/sylogist-ltd,https://www.facebook.com/profile.php,https://twitter.com/SylogistLtd,Calgary,Alberta,Canada,"5 Richard Way Southwest, Calgary, Alberta, Canada, T3E 7M8",Calgary,Alberta,Canada,'+1 403-266-4808,"DNS Made Easy, DNSimple, Outlook, Zendesk, MessageGears, Microsoft Email Providers, Microsoft Exchange Online, Microsoft 365, Microsoft 365 Apps & Services, Microsoft Exchange, Office365, Microsoft Office 365, Microsoft Azure Hosting, Amazon AWS, Sage Intacct, Azure Active Directory, Eloqua, Greenhouse.io, Microsoft Sharepoint, Google Search Central, 6sense Sales Intelligence, WordPress.org, PrimeNG, Meta Pixel, 6sense Revenue Marketing, reCAPTCHA, Wordpress, CallRail, Facebook Widget, Facebook Conversion Tracking, Elementor, Viewport Meta, Gravity Forms, Google Font API, Facebook Custom Audiences, Google Analytics, Facebook for Business, Google Analytics 4 (GA4), Mobile Friendly, Facebook, Facebook Login (Connect), DoubleClick, Shutterstock, Google Tag Manager, Linkedin Marketing Solutions, Google Search Console, 6sense, Varnish, Meta Ads Manager, QuickBooks, AI, Domo, Sisense, Remote, HTML5 Maker, CSS, Sass, Sajax System, Razorpay, Javascript, Angular, jQuery, Progress Kendo UI, Bootstrap, Microsoft SQL Server Reporting Services, Oracle XML DB, DATAVERSE LTD, WCF, , Git, Dynamics 365 Customer Insights, Microsoft Dynamics 365 Customer Service, .GIS, Microsoft Power Apps, Microsoft Power Automate",45402000,"","","","","","","",false,false,false,false,"","7389, 7372, 7373","54161, 513210, 541512",6a3ae4ca0744f90001577a5c,6a3ae4cb0744f90001577acc,6a3ae4ca0744f90001577a5c,"","","","","","","","","","","","",http://www.linkedin.com/in/grantmclarnon,""
Erick,Lozano Maillard,Sales Marketing Manager,Tech Consulting,Tech Consulting,erick.maillard@techconsulting.net,Verified,Apollo,Apollo,"","",2026-06-23T19:55:57+00:00,Manager,"Marketing, Sales","Marketing, Sales",chris.mcnulty@synozur.com,"","","",'+1 770-573-4356,"",false,Cold,Profile A - ISV Revenue & Marketing Leaders,"",chris.mcnulty@synozur.com,160,information technology & services,"mobile development, aws developmenet, it project placement, nationwide consulting, azure development, office 365, big data, data science, staff augmentation, it services & it consulting, publishing services, publishing solutions, training services, career development, graphic design, banking sector it, color proofing, career growth opportunities, live projects, financial services, innovation, sme consulting, business consulting, technology consulting, backup systems, job placement programs, technology integration, it consulting, networking solutions, sme services, it infrastructure, publishing workflows, banking industry, small team, career advisory services, supportive work environment, automation, storage, office in mason ohio, information technology and services, career advisory, tech consulting academy, office in spain and usa, ad sales databases, hardware and software services, server and storage solutions, digital transformation, project management, color printing, annual revenue $500k-$1m, client support, job placement, monitor provision, servers, training and workforce development, employee support, graphic design services, client-focused consulting, computer systems design and related services, live project exposure, small and medium-sized enterprises, operational efficiency, graphic design solutions, page layout applications, h-1b visa filings, healthcare it, technology solutions, workforce training, b2b, finance, education, enterprise software, enterprises, computer software, information technology & services, management consulting, productivity",http://www.linkedin.com/in/ericklozanomaillard,https://techconsulting.net,http://www.linkedin.com/company/techconsultingusa,"","",Mexico City,Mexico City,Mexico,"1785 The Exchange SE, Atlanta, Georgia, United States, 30339-2047",Atlanta,Georgia,United States,'+1 770-573-4356,"Google Search Console, Microsoft Email Providers, Microsoft Exchange Online, Outlook, Microsoft 365, Microsoft 365 Apps & Services, Microsoft Exchange, Office365, Microsoft Office 365, Google Cloud Hosting, React Native, Android, Remote, ebs, Microsoft Azure Hosting, Google Cloud, Apache Spark, Amazon Managed Streaming for Apache Kafka (Amazon MSK), Python, MySQL, PySpark, Databricks, Airflow, AWS Analytics, Amazon S3, Lambda Cloud, Amazon EC2, Amazon SageMaker, Google Cloud Vertex AI, Docker, Git, GitLab, scikit-learn, PyTorch, TensorFlow, GitHub Copilot, ChatBot, Zoho CRM, AWS SDK for JavaScript, Azure Analysis Services, Kiosked, Domino Data Science Platform, Microsoft Exchange Server 2003, AlienVault USM (from AT&T Cybersecurity), LinkedIn Ads, Microsoft Azure Hosting, Splunk, Micro, ELK Stack, Microsoft PowerShell, MySQL, SWIFT, Kotlin, Copilot, Anthropic Claude, Jira, Storyboard to SwiftUI Converter, Jetpack, Azure Virtual Machines, REST, Azure Virtual Network, Azure Active Directory, Microsoft Azure Monitor, Azure Linux Virtual Machines, Bash",15700000,"","","","","","","",false,false,false,false,"",7379,54151,6a3ae4cb0744f90001577a73,6a3ae4cb0744f90001577b03,6a3ae4cb0744f90001577a73,"","","","","","","","","","","","",http://www.linkedin.com/in/ericklozanomaillard,""
Jennifer,Tomlinson,EVP Marketing | Experienced B2B Tech Marketer | Board Member | Microsoft Alum,QorusDocs,QorusDocs,jtomlinson@qorusdocs.com,Verified,Apollo,Apollo,"","",2026-06-18T16:51:23+00:00,Vp,Marketing,Marketing,chris.mcnulty@synozur.com,"","","",'+1 844-516-8000,"",false,Cold,Profile A - ISV Revenue & Marketing Leaders,"",chris.mcnulty@synozur.com,65,information technology & services,"microsoft azure, proposal management, rfps, ms partner, presentation software, office 365, bid management, rfp collaboration, legal proposal software, microsoft partner, document generation, legal services, pitch books, proposal management software, sharepoint, cloud services, sales enablement, pitches, proposals, professional services, ai, rfp, gen ai, generative ai, health care information technology, information technology, consulting, legal tech, staffing firms, health care, software development, security and privacy, rfp response software, services, government, legal, crm integration, content reuse, ai content generation, content library, collaboration tools, b2b, computer systems design and related services, content personalization, manufacturing, smart layouts, ai-powered prompts, content analytics, healthcare, microsoft 365 integration, proposal creation, proposal insights, proposal workflows, proposal templates, proposal automation, ai proposal management, natural language processing, content automation, aec, content governance, managed it services, cloud computing, enterprise software, enterprises, computer software, information technology & services, professional training & coaching, health, wellness & fitness, hospital & health care, staffing & recruiting, mechanical or industrial engineering, artificial intelligence",http://www.linkedin.com/in/jennifersiddalltomlinson,https://qorusdocs.com,http://www.linkedin.com/company/qorusdocs,https://www.facebook.com/qorusdocs,https://twitter.com/qorusdocs,Seattle,Washington,United States,"3120 139th Ave SE, Bellevue, Washington, United States, 98005",Bellevue,Washington,United States,'+1 844-516-8000,"Salesforce, Sendgrid, Outlook, Recurly, Zendesk, Microsoft Azure Hosting, GoDaddy Domains, Twilio SendGrid Email API, Twilio SendGrid Email Marketing Campaigns, GoDaddy Hosting, Hubspot, Microsoft Office 365, Rackspace, Microsoft Azure Hosting, Slack, Google Analytics, HubSpot Marketing Hub, Google Search Central, Google Analytics 4 (GA4), Twitter Sharing, Facebook Widget, Viewport Meta, Facebook Meta, Bing, HubSpot Content Hub, Facebook Login (Connect), Twitter Widgets, X (Twitter), GSAP, Google Tag Manager, Webflow Hosting, GreenSock Animation Platform, Facebook Social Plugins, Linkedin Login, Google Maps, Facebook SDK, Mobile Friendly, Google Maps (Non Paid Users), Facebook, Google Search Console, Linkedin Widget, Bing Webmaster Tools, Remote, Circle, AI",12300000,15000000,Private Equity,10000000,2022-10-01T00:00:00+00:00,"","","",false,false,false,false,"","7375, 7372","54151, 51321",6a3ae364352e20000c572c93,6a3ae364352e20000c572cbe,6a3ae364352e20000c572c93,"","","","","","","","","","","","",http://www.linkedin.com/in/jennifersiddalltomlinson,""
Geoff,Daniel,Chief Revenue Officer,Adwerx,Adwerx,gdaniel@adwerx.com,Verified,Apollo,Apollo,"",Catch-all,2026-06-16T06:03:52+00:00,C suite,"C-Suite, Sales","Sales Leader, Revenue Operations",chris.mcnulty@synozur.com,"","","",'+1 888-746-5678,"",false,Cold,Profile A - ISV Revenue & Marketing Leaders,"",chris.mcnulty@synozur.com,63,marketing & advertising,"isv advertising, enterprise solutions, online marketing, mortgage advertising, branding, advertising technology, digital marketing, marketing platform, online advertising, real estate advertising, wealth management advertising, enterprise marketing, real estate marketing, technology, awareness marketing, insurance advertising, advertising services, website visitor targeting, brand building, streaming tv commercials, automated advertising, local audience targeting, retargeting at scale, services, digital branding for real estate, listing promotion, ad campaign customization, ad campaign optimization, multi-channel marketing, custom audience targeting, ad automation, brand recognition, customer relationship management, local advertising, mortgage, b2b, digital advertising, ad performance reports, ad design templates, advertising agencies, video marketing, personalized ads, property listing ads, hyper-local advertising, digital signage advertising, retargeting campaigns, streaming tv ads, high-priority listing promotion, sphere of influence ads, digital out-of-home displays, brand awareness, regulatory compliance, real estate, multi-platform ad delivery, zip code targeting, marketing services, scalable marketing solutions, listing ad automation, video ad campaigns, content marketing, campaign management, social media ads, targeted advertising, b2c, finance, saas, marketing & advertising, crm, sales, enterprise software, enterprises, computer software, information technology & services, financial services",http://www.linkedin.com/in/geoff-daniel,https://adwerx.com,http://www.linkedin.com/company/adwerx,https://www.facebook.com/Adwerx/,https://twitter.com/Adwerx,"",North Carolina,United States,"324 Blackwell St, Durham, North Carolina, United States, 27701-3600",Durham,North Carolina,United States,'+1 888-746-5678,"Google Search Console, Amazon AWS, Apple Business Manager, Salesforce, Amazon Route 53, Cloudflare DNS, Amazon Route 53, Apple School Manager, Postmark, Sendgrid, Twilio SendGrid Email API, SendInBlue, Gmail, Google Apps, Microsoft Office 365, Mixpanel, Backbone JS Library, Atlassian Cloud, GitHub Hosting, Salesforce Service Cloud, Webflow, Marketo, Slack, Hubspot, Google Maps, Google Tag Manager, Typekit, Webflow Hosting, Google Maps Platform, Adobe Fonts, Viewport Meta, HubSpot Marketing Hub, YouTube, Google Maps (Non Paid Users), Mobile Friendly, Remote",35400000,30536683,Venture (Round not Specified),0,2024-01-01T00:00:00+00:00,Imaginuity (imaginuity.com),Imaginuity (imaginuity.com),"",false,false,false,false,"","7311, 7372","54181, 541890, 513210",6a3ae364352e20000c572c9f,6a3ae364352e20000c572cc7,6a3ae364352e20000c572c9f,"","","","","","","","","","","","",http://www.linkedin.com/in/geoff-daniel,""
Mario,Q.,Director of Marketing,"US Alliance Group, Inc",US Alliance Group,mario.quintana@usag-inc.com,Verified,Apollo,Apollo,"","",2026-06-19T15:48:33+00:00,Director,Marketing,Marketing,chris.mcnulty@synozur.com,"","","",'+1 949-888-4408,"",false,Cold,Profile A - ISV Revenue & Marketing Leaders,"",chris.mcnulty@synozur.com,62,consumer services,"sales, processing payments, intigration, technology, lending, financial technology, growth strategies, reseller programs, merchant services, b2b, fintech, data security, pci security standards council, api integration, digital payments, merchant relationships, pci compliance, financial services, merchant support, access control, bill pay, gift cards, customer service, payment processing solutions, cost-effective solutions, industry awards, financial transactions processing, reserve, and clearinghouse activities, mobile payments, payment security, security partnerships, complex business solutions, services, multi-channel payments, omni-channel, merchant onboarding support, payment technology, growth and innovation, bill payment, api sdks, low to medium-risk merchants, retail, isv partnerships, payment solutions, ach processing, reseller partnerships, merchant onboarding, data analytics, card security, merchant lending, merchant lending opportunities, omni-channel payments, customer support, sdks, industry recognition, secure tokenization, atm solutions, electronic checks, payment processing, business solutions, e-commerce, security and compliance, transaction monitoring, risk management, atm services, online payments, payment infrastructure, payment gateway, tokenization, finance, consumer products & retail, finance technology, information technology & services, computer & network security, internet, consumer internet, consumers",http://www.linkedin.com/in/mario-q-153023245,https://usag-inc.com,http://www.linkedin.com/company/us-alliance-group-inc,https://facebook.com/usalliancegroup/,https://twitter.com/usalliancegroup,Los Angeles,California,United States,"29883 Santa Margarita Pkwy, Rancho Santa Margarita, California, United States, 92688",Rancho Santa Margarita,California,United States,'+1 949-888-4408,"Google Search Console, Apple Business Manager, Apple School Manager, Microsoft Exchange Online, Outlook, Microsoft 365, Microsoft 365 Apps & Services, Microsoft Exchange, Office365, KnowBe4, Circle, Remote, Salesforce CRM Analytics, Postpresso",8751000,"","","","","","","",false,false,false,false,"",7389,"522320, 541512",6a3ae4ca0744f90001577a2d,6a3ae364352e20000c572cb9,6a3ae4ca0744f90001577a2d,"","","","","","","","","","","","",http://www.linkedin.com/in/mario-q-153023245,""
Covenant,Partners,Marketing Manager,Covenant Technology Partners,Covenant Technology,"",Unavailable,"","","","","",Manager,Marketing,Marketing,chris.mcnulty@synozur.com,"","","",'+1 314-391-4844,"",false,Cold,Profile A - ISV Revenue & Marketing Leaders,"",chris.mcnulty@synozur.com,68,information technology & services,"training, single signon, net development, corporate communication technology, csp, data center migration, data migration, proof of concept, application development, mobile, multifactor authentication, manufacturing, crm, dynamics 365, azure, managed services, ai, it strategy amp planning, teams, software, finance & operations, dark to cloud, cloud, data visualization, office 365, sharepoint, digital transformation, intranet, sql, business analytics, saas, healthcare, microsoft licensing, copilot, dynamics business central, it roadmapping, security, modern workplace, 247 support, microsoft 365, data analytics, portals, proactive services, power bi, it strategy, dynamics crm, it strategy planning, it planning, agents, it services & it consulting, healthcare it, b2b, microsoft licensing management, saas solutions, hybrid cloud, microsoft csp program, manufacturing it, sustainable growth support, cloud scalability, cloud licensing, services, retail it, data and device security, computer systems design and related services, it project management, identity management, microsoft support access, hybrid cloud solutions, it infrastructure, it support services, technology planning, security and compliance, microsoft gold partner, it strategy consulting, business intelligence, business growth support, hybrid environments, project management, government, supply chain management, data security, azure cloud, customer engagement, microsoft technologies, microsoft 365 security, business continuity planning, it infrastructure support, retail, security solutions, consulting, microsoft support, cloud migration services, microsoft ecosystem integration, cloud services, financial services it, microsoft azure, microsoft dynamics 365, cloud solutions, cost-effective it, financial services, client-specific solutions, data protection, it project delivery, industry-specific it, business process optimization, microsoft product support, it consulting, scalable solutions, technology investments, industry-specific it solutions, construction, business process automation, operational cost reduction, custom it solutions, identity protection, analytics, information technology, dynamics 365 implementation, microsoft partner, business central, data & ai, ai-powered solutions, power platform, hr onboarding application, security & infrastructure, supply chain optimization, financial management, inventory management, vendor collaboration, procurement processes, real-time insights, data governance, custom workflows, employee engagement, azure solutions, csp program, financial consolidation, budget planning, data-driven decision making, manufacturing solutions, resource management, real-time analytics, scalability solutions, customer experience, operational efficiency, software implementation, technology integration, continuous improvement, market insights, innovative software, client support, automation solutions, industry-specific solutions, finance, consumer_products_retail, app development, apps, software development, information technology & services, internet, mechanical or industrial engineering, sales, enterprise software, enterprises, computer software, health care, health, wellness & fitness, hospital & health care, privacy, productivity, logistics & supply chain, computer & network security, cloud computing, management consulting",http://www.linkedin.com/in/covenant-technology-partners-66b53a17b,https://covenanttechnologypartners.com,http://www.linkedin.com/company/covenant-technology-partners,https://facebook.com/pages/Covenant-Technology-Partners/204406369599913,https://twitter.com/CovTechPartner,Chesterfield,Missouri,United States,"9621 Olive Blvd, St. Louis, Missouri, United States, 63132-3016",St. Louis,Missouri,United States,'+1 314-391-4844,"Outlook, Microsoft Office 365, Flywheel, Viewport Meta, Linkedin Marketing Solutions, Google Tag Manager, WordPress.org, Google Font API, Bing Ads, reCAPTCHA, Mobile Friendly, Visual Visitor",4283000,"","","","","","","",false,false,false,false,"",7375,54151,6a3ae4ca0744f90001577a50,6a3ae4cb0744f90001577ad6,6a3ae4ca0744f90001577a50,"","","","","","","","","","","","",http://www.linkedin.com/in/covenant-technology-partners-66b53a17b,""
Jenny,Donaldson,Marketing & Training Manager,Saratech,Saratech,jenny.donaldson@saratech.com,Verified,Apollo,Apollo,"",Catch-all,2026-06-02T03:39:05+00:00,Manager,"Human Resources, Marketing","Learning & Development, Marketing",chris.mcnulty@synozur.com,"","","",'+1 949-481-3267,"",false,Cold,Profile A - ISV Revenue & Marketing Leaders,"",chris.mcnulty@synozur.com,180,machinery,"structural analysis, engineering consulting, 3d printing solutions, engineering data management, plm software, cfd analysis, product development, technical training, cad data conversion, engineering project management, consulting, engineering services, industrial machinery manufacturing, engineering data conversion, data management, cnc programming, process improvement, manufacturing process improvement, simulation process assessment, transportation & logistics, process optimization, bigrep 3d printers, project management, industrial equipment, design analysis, product development services, automotive, siemens nx cad, siemens teamcenter, system integration, siemens solution center, workflow automation, manufacturing, b2b, product configuration management, energy & utilities, defense, cfd & fea services, digital twin enablement, product development process assessment, fibersim plm, additive manufacturing, markforged 3d printers, datalift data migration, product lifecycle management, distribution, cad and cam software, startup services for product development, data migration, services, plm support, workflow automation tools, product data management, change management in plm, nx cam software, cae consulting, teamcenter on the cloud, consumer goods & retail, manufacturing solutions, aerospace, bom management, simcenter simulation tools, environmental compliance in plm, model-based systems engineering (mbse), cnc isv kits, cae services, consumer products & retail, information technology & services, productivity, mechanical or industrial engineering",http://www.linkedin.com/in/jenny-donaldson-b463b6107,https://saratech.com,http://www.linkedin.com/company/saratech-inc,https://facebook.com/Saratech/,https://twitter.com/Saratech/,"",California,United States,"26054 Acero, Mission Viejo, California, United States, 92691",Mission Viejo,California,United States,'+1 949-481-3267,"Salesforce, Outlook, Marketo, Pardot, MailChimp SPF, GoDaddy Domains, Microsoft Exchange Online, Microsoft 365, Microsoft 365 Apps & Services, Microsoft Exchange, Office365, Amazon AWS, Google Search Console, Barracuda Spam Firewall, Barracuda Email Security Service, Microsoft Office 365, GoDaddy Hosting, Leadfeeder, Barracuda Networks, Slack, Brightcove, Wordpress, Bing Webmaster Tools, Viewport Meta, Yoast, YouTube, HREF Lang, Mobile Friendly, Visual Website Optimizer, Woo Commerce, Google Tag Manager, WordPress.org, Remote, AI, Android, Sigma, Brocade Switches, SessionCam, CAESAR II, Siemens PLM, Teamcenter, FreeCAD, Elementor, Simcenter STAR-CCM+, Astra, EFI",15800000,"","","","","","","",false,false,false,false,"","8711, 7373","541330, 541512",6a3ae364352e20000c572c8e,6a3ae3336b65610018076cc4,6a3ae364352e20000c572c8e,"","","","","","","","","","","","",http://www.linkedin.com/in/jenny-donaldson-b463b6107,""
Saratech,Marketing,Marketing,Saratech,Saratech,smarketing@saratech.com,Verified,Apollo,Apollo,"",Catch-all,2026-05-24T21:23:55+00:00,Entry,Marketing,Marketing,chris.mcnulty@synozur.com,"","","",'+1 949-481-3267,"",false,Cold,Profile A - ISV Revenue & Marketing Leaders,"",chris.mcnulty@synozur.com,180,machinery,"structural analysis, engineering consulting, 3d printing solutions, engineering data management, plm software, cfd analysis, product development, technical training, cad data conversion, engineering project management, consulting, engineering services, industrial machinery manufacturing, engineering data conversion, data management, cnc programming, process improvement, manufacturing process improvement, simulation process assessment, transportation & logistics, process optimization, bigrep 3d printers, project management, industrial equipment, design analysis, product development services, automotive, siemens nx cad, siemens teamcenter, system integration, siemens solution center, workflow automation, manufacturing, b2b, product configuration management, energy & utilities, defense, cfd & fea services, digital twin enablement, product development process assessment, fibersim plm, additive manufacturing, markforged 3d printers, datalift data migration, product lifecycle management, distribution, cad and cam software, startup services for product development, data migration, services, plm support, workflow automation tools, product data management, change management in plm, nx cam software, cae consulting, teamcenter on the cloud, consumer goods & retail, manufacturing solutions, aerospace, bom management, simcenter simulation tools, environmental compliance in plm, model-based systems engineering (mbse), cnc isv kits, cae services, consumer products & retail, information technology & services, productivity, mechanical or industrial engineering",http://www.linkedin.com/in/saratech-marketing-022195214,https://saratech.com,http://www.linkedin.com/company/saratech-inc,https://facebook.com/Saratech/,https://twitter.com/Saratech/,Mission Viejo,California,United States,"26054 Acero, Mission Viejo, California, United States, 92691",Mission Viejo,California,United States,'+1 949-481-3267,"Salesforce, Outlook, Marketo, Pardot, MailChimp SPF, GoDaddy Domains, Microsoft Exchange Online, Microsoft 365, Microsoft 365 Apps & Services, Microsoft Exchange, Office365, Amazon AWS, Google Search Console, Barracuda Spam Firewall, Barracuda Email Security Service, Microsoft Office 365, GoDaddy Hosting, Leadfeeder, Barracuda Networks, Slack, Brightcove, Wordpress, Bing Webmaster Tools, Viewport Meta, Yoast, YouTube, HREF Lang, Mobile Friendly, Visual Website Optimizer, Woo Commerce, Google Tag Manager, WordPress.org, Remote, AI, Android, Sigma, Brocade Switches, SessionCam, CAESAR II, Siemens PLM, Teamcenter, FreeCAD, Elementor, Simcenter STAR-CCM+, Astra, EFI",15800000,"","","","","","","",false,false,false,false,"","8711, 7373","541330, 541512",6a3ae4ca0744f90001577a1c,6a3ae3336b65610018076cc4,6a3ae4ca0744f90001577a1c,"","","","","","","","","","","","",http://www.linkedin.com/in/saratech-marketing-022195214,""
Mike,Porter,Vice President Sales Strategy,MagTek,MagTek,mike.porter@magtek.com,Verified,Apollo,Apollo,"","",2026-06-23T10:52:46+00:00,Vp,"Operations, Sales","Corporate Strategy, Sales",chris.mcnulty@synozur.com,"","","",'+1 562-546-6400,"",false,Cold,Profile A - ISV Revenue & Marketing Leaders,"",chris.mcnulty@synozur.com,230,mechanical or industrial engineering,"esignature application, mobile card readers, magnetic stripe card readers, software, unattended, credential authentication, pos peripherals, secure card readers, payment gateway, card personalization, contactless payments, emv payments, mpos, mobile payments, ios card readers, magnesafe pos, point of sale, ecommerce, android card readers, check scanners, magneprint, emv card readers, tokenization, pin selection, esignature & pay application, data security, counterfeit detection, selfservice, isv, manufacturing, b2b, ecommerce security, payment processing, retail, fraud detection, government, access control solutions, mobile pos devices, private messaging security, device integration, magnesafe security architecture, customer engagement, access control, tokenization services, oem components and customization, computer and peripheral equipment manufacturing, custom oem solutions, banking, e-commerce, payments, d2c, secure card issuance, hardware manufacturing, secure transaction solutions, card readers and check scanners, emv and nfc technology, oem/manufacturing, payment security, encryption and tokenization, transportation, services, unattended kiosk hardware, healthcare, data encryption, secure payment hardware, oem, payment, security, encryption, pci dss, emv, nfc, contactless, information technology & services, internet, financial services, pos, enterprise software, enterprises, computer software, consumer internet, consumers, computer & network security, mechanical or industrial engineering, health care, health, wellness & fitness, hospital & health care, semiconductors, hardware",http://www.linkedin.com/in/mike-r-porter,https://magtek.com,http://www.linkedin.com/company/magtek,https://facebook.com/magtekcorp/,https://twitter.com/magtek,Englewood,Colorado,United States,"1710 Apollo Court, Seal Beach, California, United States, 90740",Seal Beach,California,United States,'+1 562-546-6400,"DNS Made Easy, Mimecast, Microsoft Office 365, Brightcove, Hubspot, Slack, Google Analytics, Mobile Friendly, YouTube, reCAPTCHA, Google Analytics 4 (GA4), Google Search Console, Viewport Meta, D3js, Google Tag Manager, HubSpot Marketing Hub, Remote, C#, OrCAD Capture",16600000,"","","","","","","",false,false,false,false,"",3671,"334118, 518210",6a3ae4ca0744f90001577a23,6a3ae4cb0744f90001577acd,6a3ae4ca0744f90001577a23,"","","","","","","","","","","","",http://www.linkedin.com/in/mike-r-porter,""
Patrick,Garcia,Marketing,"FSi Strategies, Inc.",FSi Strategies,pgarcia@fsistrategies.com,Verified,Apollo,Apollo,"",Not Catch-all,2026-06-23T19:55:58+00:00,Entry,Marketing,Marketing,chris.mcnulty@synozur.com,"","","",'+1 202-730-9701,"",false,Cold,Profile A - ISV Revenue & Marketing Leaders,"",chris.mcnulty@synozur.com,62,information technology & services,"it maintenance & support, it management consulting, 247 monitoring, it service provider, it management amp consulting, it services & it consulting, device management, network monitoring, application modernization, windows 365, microsoft teams management, security incident response, it strategy, azure autopilot, copilot for d365, cybersecurity monitoring, server management, threat detection, phishing simulation & training, security workshops, healthcare, threat response, workplace modernization, azure power platform, it support, modern work accelerator, azure virtual desktop, power platform, business process automation, threat disruption, services, microsoft solutions partner, security awareness training, cloud computing, data analytics, security and compliance strategy, b2b, cloud infrastructure, hybrid cloud migration, phishing training, microsoft partner, it consulting, viva employee engagement, computer software, viva and copilot, consulting, remote workforce enablement, computer systems design and related services, d365 application modernization, copilot for m365, microsoft 365 readiness, phishing simulations, security incident management, managed it services, data management, sharepoint management, azure ai, managed it, workforce enablement, azure data accelerator, workplace collaboration, remote work enablement, it infrastructure, construction, workforce productivity tools, azure cloud migration, application modernization strategy, financial & professional services, security posture, security solutions, nonprofits & associations, microsoft azure, application development, cloud solutions, managed services, remote work support, cybersecurity, identity and data security, fabric for m365, vendor management, business continuity, microsoft 365 management, security automation, network management, business process automation with azure, finance, non-profit, information technology & services, health care, health, wellness & fitness, hospital & health care, enterprise software, enterprises, internet infrastructure, internet, management consulting, app development, apps, software development, financial services, nonprofit organization management",http://www.linkedin.com/in/thepatrickgarcia,https://fsistrategies.com,http://www.linkedin.com/company/fsistrategies,https://facebook.com/FSiStrategies,https://twitter.com/FSiStrategies,Washington,District of Columbia,United States,"1595 Spring Hill Rd, Vienna, Virginia, United States, 22182-2216",Vienna,Virginia,United States,'+1 202-730-9701,"Cloudflare DNS, Rackspace MailGun, Outlook, Microsoft Office 365, Google Cloud Hosting, Android, Data Analytics, Remote","","","","","","","","",false,false,false,false,"",7375,54151,6a3ae4ca0744f90001577a2a,6a3ae4cb0744f90001577ad1,6a3ae4ca0744f90001577a2a,"","","","","","","","","","","","",http://www.linkedin.com/in/thepatrickgarcia,""
Thierry,Durand,Senior Vice-President Sales and Customer Success,Exeevo,Exeevo,thierry.durand@exeevo.com,Verified,Apollo,Apollo,"","",2026-05-26T21:45:34+00:00,Vp,Sales,"Customer Success, Sales",chris.mcnulty@synozur.com,"","","",'+1 212-876-5373,"",false,Cold,Profile A - ISV Revenue & Marketing Leaders,"",chris.mcnulty@synozur.com,110,information technology & services,"territory alignment, chemical, technology, microsoft partner, marketing automation, medical devices, biotech, master data management, consumer goods, cloud platforms for life sciences, animal health, next generation technologies, crm for life sciences, c, omnichannel crm, crm & life sciences, customer engagement, life sciences, events management, patient experience, generative ai, crm, omnichannel campaigns, biotechnology, content metadata management, content tagging, content lifecycle automation, customer engagement platform, regulatory compliance, sales enablement, event management, content distribution, b2b, customer insights, content workflows, life sciences crm, generative ai for content, ai in medical content creation, content templates, content analytics dashboards, content personalization, ai-powered crm, customer relationship management, computer systems design and related services, content reporting, lead generation, content security, ai for scientific content review, content lifecycle management, content version control, content automation, ai-driven insights, content creation automation, content approval workflows, content archiving, content reuse, ai for regulatory content validation, healthcare, content collaboration tools, content compliance checks, unified data model, content performance metrics, customer retention, microsoft integration, content management, content collaboration, content search and retrieval, ai-driven content suggestions, content analytics, content editing tools, pharmaceuticals, services, content upload and import, marketing & advertising, saas, computer software, information technology & services, enterprise software, enterprises, hospital & health care, consumers, events services, sales, health care, health, wellness & fitness, medical",http://www.linkedin.com/in/thierrydurand1,https://exeevo.com,http://www.linkedin.com/company/exeevo,"",https://twitter.com/exeevo_com,"",Florida,United States,"7400 Route Transcanadienne, Montreal, Quebec, Canada, H4T 1A5",Montreal,Quebec,Canada,'+1 212-876-5373,"Google Search Console, Azure DNS Zones, Azure DNS, Microsoft Exchange Online, Outlook, Microsoft 365, Microsoft 365 Apps & Services, Microsoft Exchange, Office365, Microsoft Office 365, GoDaddy Hosting, Microsoft Dynamics 365 Marketing, Atlassian Cloud, Microsoft Azure Hosting, Slack, Google Play, Viewport Meta, Linkedin Marketing Solutions, Yoast, CookieYes, Google Analytics 4 (GA4), WordPress.org, Gravity Forms, LinkedIn Ads, Mobile Friendly, Wordpress, YouTube, Google Tag Manager, Remote, AI, , Microsoft Power Automate, Microsoft Power Apps, Copilot, ASP.NET, .NET, C#, Javascript, REST, Red Hat JBoss Enterprise SOA Platform, NeoData, Azure Service Bus, Microsoft SQL Server Reporting Services, Git, Azure Devops, Microsoft Azure Monitor, Microsoft Power Platform, Dynamics 365 CRM, Microsoft Dynamics, Zapier, Make, Dynamics 365 Customer Insights, Microsoft Dynamics 365",10000000,20000000,Venture (Round not Specified),20000000,2020-01-01T00:00:00+00:00,Valsoft Corporation (valsoftcorp.com),Valsoft Corporation (valsoftcorp.com),"",false,false,false,false,"","7375, 7372","54151, 51321",6a3ae4cb0744f90001577a6e,6a3ae4cb0744f90001577b02,6a3ae4cb0744f90001577a6e,thierry.durand@msn.com,Apollo,Verified,Apollo,"","","","","","","","",http://www.linkedin.com/in/thierrydurand1,""
Cahty,Laflamme,Senior Vice President of Sales,Henson Group,Henson Group,"",Unavailable,"","","","","",Vp,Sales,Sales,chris.mcnulty@synozur.com,"","","",'+1 800-980-1130,"",false,Cold,Profile A - ISV Revenue & Marketing Leaders,"",chris.mcnulty@synozur.com,190,information technology & services,"microsoft azure, powerbi, cosmos db, iaas, managed services, business intelligence, azure, migrations, data, cloud licensing, system management, unified communications, amazon web services, it recruitment staff augmentation, cloud solutions, ai, artificial intelligence, ems, aws, michine learning, microsoft copilot, virtualization, cloud solutions unified communications business intelligence virtualization system management managed, gcp, oms, big data, 24x7x365 support, data security, intune, office 365, 247365 support, paas, microsoft modern workplace, it services & it consulting, hybrid cloud, azure arc, azure ai for healthcare, azure active directory, azure ai for government, azure disaster recovery, azure iot hub, cost optimization, azure devops pipelines, azure copilot, cybersecurity services, azure security tools, sap on azure, azure ai for education, azure synapse, azure devsecops, azure fabric deployment, customer relationship management, computer systems design and related services, cloud security management, azure ai for retail, finance, financial services, azure compliance standards, azure management tools, azure data lake storage, azure iot solutions, hybrid cloud architecture, services, azure fabric, ai integration, cloud governance, azure stack hci, azure governance, healthcare, azure data governance, azure blockchain service, multicloud architecture, b2b, enterprise cloud, azure digital twins, consulting, hybrid cloud management, managed cloud services, azure governance policies, microsoft partner, generative ai, azure industry 4.0, azure data explorer, non-profit, azure cognitive services, azure sphere, healthcare it, azure stack, cloud modernization, multicloud strategies, data modernization, azure data share, cloud security, azure ai services, government, azure machine learning, azure backup, data platform, education, azure ai for finance, data & ai, data analytics, azure cloud consulting, data governance, customer experience, ai frameworks, ai-driven insights, azure sap integration, ai solutions, cloud migration, azure cost management, azure monitoring, business cloud applications, azure openai integration, multicloud security, azure backup and recovery, azure services, azure cloud support, security operations, azure security compliance, azure infrastructure, azure confidential computing, azure purview, professional services, digital transformation, data platforms, cloud consulting, azure openai, azure arc-enabled data services, cybersecurity, azure synapse analytics, security compliance, hybrid cloud solutions, ai-powered automation, data analytics tools, azure ai tools, azure migration, multicloud management, azure ai models, azure data lake, azure purview data governance, azure synapse spark, azure security center, retail, cloud strategy, azure copilot automation, azure data factory, azure devops, cloud security monitoring, application development, azure quantum, cloud cost management, azure sentinel, azure cloud deployment, azure enterprise solutions, business growth, sap integration, automation solutions, azure solutions, microsoft 365, dynamics 365 licensing, managed services provider, azure expert msp, cloud it management, cloud optimization, data-driven monitoring, compliance support, customer support, 24/7 support, cost savings, technology infrastructure, intelligent managed services, microsoft assessments, application performance monitoring, agile methodologies, cloud adoption framework, devops solutions, infrastructure as code, it advisory, strategic consulting, public sector solutions, non-profit technology, healthcare cloud services, financial services cloud solutions, customer-centric approach, team collaboration tools, remote work solutions, sustainability practices, corporate social responsibility, analytics, information technology & services, cloud computing, enterprise software, enterprises, computer software, computer & network security, crm, sales, health care, health, wellness & fitness, hospital & health care, nonprofit organization management, professional training & coaching, app development, apps, software development, management consulting",http://www.linkedin.com/in/cahty-laflamme-08b5518,https://hensongroup.com,http://www.linkedin.com/company/the-henson-group,https://www.facebook.com/aliandoglobal/,https://twitter.com/thehensongroup,West Windsor Township,New Jersey,United States,"6060 N Central Expy, Dallas, Texas, United States, 75206-5200",Dallas,Texas,United States,'+1 800-980-1130,"Cloudflare DNS, Mailchimp Mandrill, Outlook, Microsoft Office 365, Autotask, CloudFlare Hosting, accessiBe, Hubspot, Slack, Salesforce, Zendesk, Drupal, YouTube, Linkedin Login, Google Tag Manager, LinkedIn Ads, Microsoft Clarity, Linkedin Widget, Linkedin Marketing Solutions, HubSpot Content Hub, HREF Lang, Viewport Meta, Facebook Widget, Mobile Friendly, Facebook Login (Connect), WordPress.org, Facebook, Facebook SDK, Twitter Sharing, X (Twitter), Wordpress, Twitter Widgets, Calendly, Calendly for Sales, Microsoft Sql Server, IoT, AI",40200000,"","","","",myCloudDoor (myclouddoor.com),myCloudDoor (myclouddoor.com),"",false,false,false,false,"","7375, 7373, 7379","541512, 541519",6a3ae4ca0744f90001577a22,6a3ae4cb0744f90001577ad3,6a3ae4ca0744f90001577a22,"","","","","","","","","","","","",http://www.linkedin.com/in/cahty-laflamme-08b5518,""
Valeria,Barcelo,Marketing Manager,Soltum Tecnología,Soltum Tecnología,valeria.barcelo@soltum.com.mx,Verified,Apollo,Apollo,"",Not Catch-all,2026-05-26T22:31:41+00:00,Manager,Marketing,Marketing,chris.mcnulty@synozur.com,"","","",'+52 81 2512 0175,"",false,Cold,Profile A - ISV Revenue & Marketing Leaders,"",chris.mcnulty@synozur.com,73,information technology & services,"portal de pago a proveedores, comercio exterior, contabilidad electronica, nomina integral, auditoria electronica fiscal, control de repse, facturacion electronica, software development, cloud saas, ai in finance, workflow automation, custom platform development, saas, digital payroll, erp integration, software integration, computer systems design and related services, business intelligence, electronic document validation, ai solutions, security standards, real-time fiscal monitoring, automated auditing, data security, iso 27001, microsoft partner, information technology and services, b2b, cloud solutions, digital document management, electronic invoicing, financial technology, cybersecurity, government, business continuity, tax reform support, cloud computing, fiscal compliance, cloud security, custom software, data analytics, sat compliance, cloud infrastructure, services, digital transformation, microsoft azure, high availability, data protection, iso 22301, tax audit tools, risk management, regulatory compliance, tax regulation, big data, document validation, fiscal automation, software as a service, consulting, iso certifications, digital signature, support 24/7, regulatory technology, finance, legal, information technology & services, computer software, analytics, computer & network security, enterprise software, enterprises, finance technology, financial services, internet infrastructure, internet",http://www.linkedin.com/in/valeria-barcelo,https://soltum.com.mx,http://www.linkedin.com/company/soltumtecnologia,https://www.facebook.com/SoltumTecnologia,https://twitter.com/SoltumMX,Guadalajara,Jalisco,Mexico,"San Pedro Garza Garcia, Nuevo Leon, Mexico, 66268",San Pedro Garza Garcia,Nuevo Leon,Mexico,'+52 81 2512 0175,"Outlook, Microsoft Office 365, Zendesk, Microsoft Azure Hosting, Hubspot, Google Tag Manager, WordPress.org, LiveChat, Mobile Friendly, Vimeo, Vzaar, Apache, YouTube, Google Font API, AI","","","","","","","","",false,false,false,false,"","7375, 7372","54151, 513210",6a3ae4ca0744f90001577a28,6a3ae4cb0744f90001577ad8,6a3ae4ca0744f90001577a28,"","","","","","","","","","","","",http://www.linkedin.com/in/valeria-barcelo,""
Josh,Stateler,VP of National Sales,TSG,TSG,josh.stateler@tsg.com,Extrapolated,Apollo,Apollo,0.7,"","",Vp,Sales,Sales,chris.mcnulty@synozur.com,"","","",'+44 333 220 0777,"",false,Cold,"Profile A - ISV Revenue & Marketing Leaders, Profile B - SI Revenue & Marketing Leaders","",chris.mcnulty@synozur.com,280,information technology & services,"sage & pegasus business software, telecoms, it network configuration, virtualisation, sage, erp, telephony, hardware provider, cloud computing, it support, cyber security, business software, automation, office 365, crm, microsoft, it systems deployment, digital transformation, it & business software support, it services, pegasus, server support & security, data cabling, it services & it consulting, security incident response, azure, managed cloud services, meta data filtering, cloud services, computer systems design and related services, software publishing, data analytics, business process automation, managed it, cybersecurity, security operations center, document management, microsoft partner, consulting, data migration services, brand strategy, security advisory, business automation, edrm solutions, business support services, security compliance, microsoft dynamics 365, customer success, data security, microsoft dynamics 365 business central, real-time collaboration, information technology and services, it consulting, customer relationship management, information governance, sage partner, sage intacct, it infrastructure support, security monitoring, automated document tagging, pegasus opera 3, cloud solutions, cloud migration, government, operational efficiency, sharepoint integration, data governance, crm solutions, incident response planning, power platform, b2b, microsoft 365, document classification, power bi, services, gdpr compliance, cloud provisioning, tsg mosaic, cyber threat detection, managed it services, innovation, data retention policies, azure virtual desktop, cloud security, scalable storage, microsoft fabric, workflow automation, business growth support, access control, azure cloud services, erp implementation, support and training, business intelligence, sharepoint, incident response, system integration, on-premises infrastructure support, business process optimization, cybersecurity services, remote document access, workflow automation tools, managed security services, compliance management, managed services, azure cloud, business applications, application support, data & analytics, cybersecurity advisory, enterprise resource planning, application migration, electronic document management, automated workflows, virtual desktop infrastructure, data compliance, security operations centre, disaster recovery, iot integration, user training, custom integration, remote work support, it consultation, scalable solutions, cloud storage, networking solutions, business intelligence tools, team collaboration tools, technical support, client success management, performance optimization, it strategy, cloud adoption, virtualization, telecommunications, enterprise software, enterprises, computer software, information technology & services, computer & network security, sales, management consulting, analytics",http://www.linkedin.com/in/joshstateler,https://tsg.com,http://www.linkedin.com/company/tsg,"",https://twitter.com/TSGltd,Arlington,Texas,United States,"Gateshead, England, United Kingdom",Gateshead,England,United Kingdom,'+44 333 220 0777,"Google Search Console, Apple Business Manager, Apple School Manager, Postmark, Sendgrid, Twilio SendGrid Email API, Mimecast, Microsoft Office 365, Atlassian Cloud, Hubspot, Drupal, Slack, Salesforce, Viewport Meta, HubSpot Content Hub, Mobile Friendly, Google Tag Manager, Remote, .NET, C#, Microsoft SQL Server Reporting Services, Acronis True Image, ISO+™, Azure Analysis Services, Microsoft 365, Microsoft PowerPoint, Camtasia, Microsoft Teams, Dynamics 365 Customer Insights, Cisco WebEx Teams, Salesforce CRM Analytics, Dynamics 365 CRM, Microsoft Power Platform, Microsoft Power Apps, Microsoft Power Automate, PowerBI Tiles, Azure Logic Apps, Azure Functions, Azure Devops, Git, Visual Studio, Box, Copilot, Javascript, HTML Pro, CSS, MySQL, Microsoft Dynamics 365 CE, Microsoft Azure Monitor, Sage, SS&C, Microsoft Dynamics NAV, Microsoft Exchange Server 2003, Office365, , Microsoft Sharepoint, HaloITSM, Azure AI Studio, Dell EMC Navisphere, Power BI Documenter, Gem, Act!, Star, Sage 200, Micro, Horizon, Cisco Unified Intelligence Center, Sophos MDR, McAfee Total Protection for Data Loss (DLP)",42159000,"",Merger / Acquisition,0,2024-07-01T00:00:00+00:00,Pictet Group (pictet.com),Pictet Group (pictet.com),"",false,false,false,false,"","7375, 7373, 7379","541512, 541513",6a3ae4cb0744f90001577a72,6a3ae4cb0744f90001577adc,6a3ae4cb0744f90001577a72,"","","","","","","","","","","","",http://www.linkedin.com/in/joshstateler,""
